"county_fips","per_asthma","pred_outcome"
"01001",10,10.0030918121338
"01003",9.7,9.5694580078125
"01005",11.2,10.5947952270508
"01007",10.7,10.4722309112549
"01009",10.5,10.3423671722412
"01011",11.9,11.4869470596313
"01013",11.2,10.716570854187
"01015",10.2,10.3038644790649
"01017",11.4,10.724757194519
"01019",10,10.2701168060303
"01021",10.1,10.19189453125
"01023",11.3,10.6957235336304
"01025",11.5,10.8234691619873
"01027",11,10.165114402771
"01029",10.7,10.1831855773926
"01031",10,10.082368850708
"01033",10.4,10.5970115661621
"01035",11,11.0350875854492
"01037",10.6,10.4279155731201
"01039",10.4,10.2552833557129
"01041",10.7,10.3198223114014
"01043",10.6,10.1741914749146
"01045",10.7,10.3446073532104
"01047",11.7,11.6748809814453
"01049",11.2,10.8853321075439
"01051",10.3,10.2628583908081
"01053",11.2,10.8139419555664
"01055",10.9,10.4113140106201
"01057",11.1,10.4931602478027
"01059",10.6,10.1969633102417
"01061",10.5,10.627555847168
"01063",12.4,12.0970039367676
"01065",11.5,11.0898656845093
"01067",11.2,10.1865329742432
"01069",11,10.3309755325317
"01071",10.9,10.3744840621948
"01073",10.5,9.95420742034912
"01075",10.4,10.0797214508057
"01077",10.1,9.78202247619629
"01079",11.2,10.549898147583
"01081",10.1,10.0660638809204
"01083",10.1,9.93442535400391
"01085",12,11.4098892211914
"01087",12.1,11.6966934204102
"01089",9.9,9.12110042572021
"01091",11.3,10.9923295974731
"01093",10.7,10.3937740325928
"01095",10.4,10.003267288208
"01097",10.9,10.4173107147217
"01099",11.3,10.6909637451172
"01101",11.4,10.7692213058472
"01103",10.3,9.9783239364624
"01105",12.2,11.9483919143677
"01107",11,10.8600845336914
"01109",10.7,10.8076543807983
"01111",10.8,10.6629400253296
"01113",11.6,10.8457365036011
"01115",9.9,10.2738914489746
"01117",9.5,9.59226894378662
"01119",12.1,12.1922597885132
"01121",11.4,10.6172647476196
"01123",10.7,10.5770931243896
"01125",10.8,10.6797122955322
"01127",11,10.3077440261841
"01129",11,10.4890632629395
"01131",12.4,11.7945966720581
"01133",10.1,10.2840633392334
"04001",15.1,12.3574333190918
"04003",10.3,9.99053764343262
"04005",11.1,9.82151222229004
"04007",11.3,10.8865394592285
"04009",10.8,10.1639499664307
"04011",10,10.0135231018066
"04012",11,10.3606328964233
"04013",10.2,9.29355907440186
"04015",10.8,10.4179630279541
"04017",12.9,11.3544521331787
"04019",10.2,9.36105918884277
"04021",11,9.66944694519043
"04023",9.7,10.5923776626587
"04025",11.1,9.85540008544922
"04027",9.8,10.188494682312
"05001",11.5,10.4034223556519
"05003",11.4,10.7021074295044
"05005",10.6,10.6428499221802
"05007",9.8,9.18459510803223
"05009",11,10.4236078262329
"05011",11.5,10.678240776062
"05013",10.9,10.1741752624512
"05015",10.4,9.97863006591797
"05017",11.7,11.103196144104
"05019",11.6,10.1511402130127
"05021",11.3,10.5990676879883
"05023",10.8,10.4305953979492
"05025",11.4,10.3354110717773
"05027",11.2,10.6913909912109
"05029",11.4,10.8227806091309
"05031",11.2,10.5529108047485
"05033",10.8,10.2990236282349
"05035",12.4,10.9898681640625
"05037",11.4,10.4975442886353
"05039",11.3,10.0190305709839
"05041",12.7,11.4272041320801
"05043",11.3,11.121374130249
"05045",10.5,10.1169023513794
"05047",11.1,10.3903093338013
"05049",11.8,10.3891735076904
"05051",10.6,9.6285514831543
"05053",10.7,10.2954025268555
"05055",11.2,10.3563470840454
"05057",11.6,10.5224351882935
"05059",10.8,10.4013996124268
"05061",10.9,10.6589345932007
"05063",11.1,10.6064443588257
"05065",10.6,11.0088920593262
"05067",11.6,10.6635866165161
"05069",11.8,11.0610914230347
"05071",11.3,10.6734371185303
"05073",12,10.8370132446289
"05075",11.6,10.792329788208
"05077",11.6,10.9037094116211
"05079",10.8,9.38408946990967
"05081",10.9,10.1068363189697
"05083",11.4,10.4322166442871
"05085",10.9,10.2995023727417
"05087",10.9,10.388840675354
"05089",10.9,10.6349048614502
"05091",11.6,10.5378885269165
"05093",12.1,10.6148262023926
"05095",11.9,10.8988637924194
"05097",11,10.1648960113525
"05099",11.6,11.4452724456787
"05101",11,10.5048179626465
"05103",11.5,10.4563484191895
"05105",10.9,10.673433303833
"05107",12.8,11.4849967956543
"05109",10.9,10.0507965087891
"05111",12.1,10.6740074157715
"05113",10.9,10.5677852630615
"05115",11.1,10.5231027603149
"05117",11.4,9.80536651611328
"05119",10.8,9.88384914398193
"05121",11.4,10.4598093032837
"05123",12,10.9221477508545
"05125",10,9.87000751495361
"05127",11.1,10.1773471832275
"05129",11.5,10.7694664001465
"05131",11.5,10.1364822387695
"05133",10.9,10.8351554870605
"05135",11.1,10.7153091430664
"05137",11.2,10.3271751403809
"05139",10.8,10.6648693084717
"05141",11.3,10.4481449127197
"05143",10.8,9.70204257965088
"05145",11.3,10.1902027130127
"05147",11.6,10.671835899353
"05149",11,10.2936353683472
"06001",8.9,8.40668296813965
"06003",10.3,9.88759517669678
"06005",10.5,9.26055908203125
"06007",10.7,10.7601289749146
"06009",10.6,10.4414291381836
"06011",10.6,10.0819673538208
"06013",9.5,8.53236198425293
"06015",11.6,10.2559947967529
"06017",9.8,9.86458587646484
"06019",10.8,10.5539598464966
"06021",10.8,10.0099306106567
"06023",11.6,10.8849573135376
"06025",10.2,10.470157623291
"06027",10.4,9.96448802947998
"06029",10.4,10.6058626174927
"06031",10.5,9.58039283752441
"06033",10.8,10.7636823654175
"06035",10.7,9.38277816772461
"06037",9.1,8.88043594360352
"06039",10.9,10.8112602233887
"06041",9.3,9.07405090332031
"06043",11.1,10.4568824768066
"06045",10.7,10.0900602340698
"06047",11.1,10.522801399231
"06049",10.9,9.86255931854248
"06051",10.2,9.24035358428955
"06053",10.5,9.56313800811768
"06055",10,9.28019428253174
"06057",10.9,10.2688570022583
"06059",9,8.65771198272705
"06061",10.1,9.80410861968994
"06063",10.4,10.0960006713867
"06065",10,9.76841831207275
"06067",10.9,9.78580856323242
"06069",9.8,9.51286029815674
"06071",10.4,9.73605251312256
"06073",9.3,8.81058216094971
"06075",8.5,8.5406379699707
"06077",10.1,9.89537906646729
"06079",10.2,9.70423126220703
"06081",8.6,8.1668004989624
"06083",9.9,9.06324672698975
"06085",8.5,8.20471096038818
"06087",10.2,9.48526000976562
"06089",11.1,10.0959739685059
"06091",10.5,9.54206466674805
"06093",11.1,10.5685939788818
"06095",10,9.67788028717041
"06097",10.2,9.58243751525879
"06099",10.6,10.2202491760254
"06101",10.5,10.1359596252441
"06103",11,10.6606330871582
"06105",10.8,10.0647602081299
"06107",10.6,10.1881465911865
"06109",10.5,9.81736373901367
"06111",9.8,9.40709495544434
"06113",10.6,10.4765243530273
"06115",11.1,10.5194711685181
"08001",11.3,9.62381553649902
"08003",11.5,10.5897521972656
"08005",10.6,8.9886646270752
"08007",10.5,9.46514225006104
"08009",12.3,10.6003770828247
"08011",10.6,10.2733812332153
"08013",10.2,9.70195198059082
"08014",10.1,8.84198379516602
"08015",10.9,9.44241905212402
"08017",10.6,9.67828845977783
"08019",10.2,9.46289730072021
"08021",11,9.94767475128174
"08023",10.9,10.0463962554932
"08025",10.3,9.47709941864014
"08027",10.8,9.43335247039795
"08029",11.1,10.1741790771484
"08031",10.8,9.04975891113281
"08033",10.6,10.0604553222656
"08035",10.3,9.01154899597168
"08037",10.4,9.30965995788574
"08039",11.1,9.74136829376221
"08041",11,9.04831600189209
"08043",10.7,10.1311902999878
"08045",10.8,9.48756408691406
"08047",10.8,9.90348148345947
"08049",10.4,9.59737777709961
"08051",10.4,9.86277389526367
"08053",10.4,9.37230777740479
"08055",11,10.3645696640015
"08057",11.6,10.1698198318481
"08059",10.8,9.46103858947754
"08061",11.7,10.4080543518066
"08063",10.9,9.90561962127686
"08065",9.8,9.40913581848145
"08067",10.9,9.85577487945557
"08069",10.4,9.94607067108154
"08071",11,11.1273670196533
"08073",10.7,9.79033851623535
"08075",11.2,9.89702701568604
"08077",11,9.92894458770752
"08079",10.9,9.54876518249512
"08081",11.5,9.93103122711182
"08083",11.8,9.87535762786865
"08085",10.9,9.57570457458496
"08087",10.9,9.80287265777588
"08089",11.8,10.9754600524902
"08091",10.6,9.67699241638184
"08093",10.7,9.92669200897217
"08095",11.4,10.0689105987549
"08097",9.8,9.10959434509277
"08099",11.8,10.5178079605103
"08101",11.1,10.5727405548096
"08103",11.2,10.0996885299683
"08105",10.5,9.66434001922607
"08107",10.5,9.51981639862061
"08109",11.3,9.91018009185791
"08111",10.5,9.94917106628418
"08113",10.3,9.46042442321777
"08115",11.7,9.39540100097656
"08117",10.4,9.23007774353027
"08119",10.7,10.0175514221191
"08121",10.9,9.57095813751221
"08123",11.1,9.90134143829346
"08125",11.4,9.99856281280518
"10001",11.9,10.2663745880127
"10003",10.8,9.75560855865479
"10005",10.4,10.0932188034058
"11001",10.4,10.8190441131592
"12001",9.8,10.2371435165405
"12003",10.1,10.0029935836792
"12005",10.1,9.45201015472412
"12007",10.6,10.2248592376709
"12009",9.5,9.5970287322998
"12011",9.7,9.08201503753662
"12013",10.3,10.2368221282959
"12015",9.4,10.0829172134399
"12017",9.6,9.93576717376709
"12019",9.6,9.73529720306396
"12021",8.9,9.01312255859375
"12023",10.9,10.2910537719727
"12027",10.3,10.7589845657349
"12029",10.6,9.8631763458252
"12031",10,10.0526351928711
"12033",10.4,10.0420141220093
"12035",9.3,9.58043766021729
"12037",10,9.97891426086426
"12039",11.1,11.0469875335693
"12041",10.3,9.689772605896
"12043",10.2,10.7674055099487
"12045",10,9.98655700683594
"12047",10.9,10.5625047683716
"12049",10.3,10.9518690109253
"12051",10,10.1564836502075
"12053",10,9.62326717376709
"12055",9.8,10.4796171188354
"12057",9.9,9.41646289825439
"12059",10.3,10.0426225662231
"12061",9.5,9.57968425750732
"12063",10.8,10.4402523040771
"12065",10.1,10.6369829177856
"12067",10.3,9.60549068450928
"12069",10.1,9.4765453338623
"12071",9.2,9.26031398773193
"12073",11,10.2166042327881
"12075",10.3,10.2638149261475
"12077",10.2,10.1606845855713
"12079",11.1,10.7580146789551
"12081",9.4,9.38611030578613
"12083",9.9,9.69640159606934
"12085",9.4,9.64863681793213
"12086",9,10.268271446228
"12087",8.9,9.05279159545898
"12089",9.1,9.93382453918457
"12091",9.6,9.50398349761963
"12093",10.4,10.1228332519531
"12095",9.9,9.21767997741699
"12097",9.3,9.85949516296387
"12099",9.3,9.04122734069824
"12101",9.6,9.77803897857666
"12103",9.7,9.36834049224854
"12105",10.2,10.0070962905884
"12107",10.7,10.9800662994385
"12109",8.6,9.5668773651123
"12111",10.1,9.60673236846924
"12113",9.6,9.70652103424072
"12115",8.8,9.49300575256348
"12117",9.3,9.21525764465332
"12119",8.5,10.1088962554932
"12121",10.5,10.2028923034668
"12123",10.3,10.0727281570435
"12125",9.9,9.61286735534668
"12127",9.5,9.63631248474121
"12129",9.8,9.25614166259766
"12131",9.7,9.54433631896973
"12133",10.4,10.4422702789307
"13001",10.8,11.2278232574463
"13003",11.2,11.2705011367798
"13005",11.6,10.6454906463623
"13007",11.2,10.6746025085449
"13009",11.2,10.777081489563
"13011",11.1,9.90670967102051
"13013",10.2,9.46454334259033
"13015",10.5,9.74122333526611
"13017",11.9,11.4276027679443
"13019",11.2,10.4508171081543
"13021",11.6,11.343074798584
"13023",10.8,10.4028377532959
"13025",11,10.3145408630371
"13027",11.4,11.5261354446411
"13029",10,9.66332340240479
"13031",10.9,10.801965713501
"13033",11.3,10.55348777771
"13035",10.5,10.2666730880737
"13037",11.1,10.4839677810669
"13039",10.7,10.0854263305664
"13043",11.5,10.7827625274658
"13045",10.2,10.2303161621094
"13047",10.1,9.60379314422607
"13049",10.3,10.4737253189087
"13051",10.4,9.91201210021973
"13053",10,9.82386016845703
"13055",11.1,10.7623157501221
"13057",9.9,9.02897548675537
"13059",10.7,10.8892793655396
"13061",11.1,11.1192216873169
"13063",11.5,11.8244857788086
"13065",12.1,11.6904582977295
"13067",9.3,8.54633331298828
"13069",11,10.7051067352295
"13071",11.1,11.2910108566284
"13073",10.2,9.42561149597168
"13075",11.4,10.9911508560181
"13077",9.9,9.50806713104248
"13079",10.7,10.4626388549805
"13081",11.3,11.2099943161011
"13083",9.8,9.85613918304443
"13085",9.5,9.94948387145996
"13087",11.3,10.8871564865112
"13089",10.6,9.58582305908203
"13091",10.7,10.6348962783813
"13093",10.6,11.098069190979
"13095",12.4,11.9642648696899
"13097",10.9,10.2948598861694
"13099",11.6,10.9523591995239
"13101",10.3,9.97115135192871
"13103",10.3,10.0155429840088
"13105",11.1,10.4846220016479
"13107",11.5,11.2727212905884
"13109",11.6,11.1758089065552
"13111",10.4,8.85609245300293
"13113",9.5,8.79276657104492
"13115",10.9,10.3392505645752
"13117",8.6,8.9152660369873
"13119",11.1,10.7935152053833
"13121",9.5,8.97054386138916
"13123",9.8,9.98421573638916
"13125",10.8,10.2257146835327
"13127",10.2,9.85142803192139
"13129",11,10.2436952590942
"13131",11.6,10.716347694397
"13133",10.1,9.665358543396
"13135",9.5,8.98604583740234
"13137",10.7,10.0657777786255
"13139",10.2,9.73961734771729
"13141",11.5,11.4334211349487
"13143",10.4,10.111985206604
"13145",10.1,9.9668493270874
"13147",10.2,10.1201190948486
"13149",11,10.4635782241821
"13151",10.8,9.94909858703613
"13153",10.1,10.0194234848022
"13155",11.1,10.6543264389038
"13157",10.2,10.0203247070312
"13159",10.7,10.3554077148438
"13161",11.7,11.2728939056396
"13163",12.3,10.9433813095093
"13165",11.6,11.7301158905029
"13167",10.9,10.2385873794556
"13169",10.9,10.3379974365234
"13171",11.1,10.4048671722412
"13173",11.5,11.2225875854492
"13175",11.6,11.0552864074707
"13177",10.2,9.79329490661621
"13179",11.2,10.4665966033936
"13181",10.6,10.7033472061157
"13183",10.9,10.4991731643677
"13185",11,10.4960088729858
"13187",10.2,10.3116216659546
"13189",11.2,10.4962301254272
"13191",11,10.3305578231812
"13193",11.9,11.6000804901123
"13195",10.7,11.0238494873047
"13197",11.4,10.1728763580322
"13199",11.6,11.0896606445312
"13201",11.3,10.5678329467773
"13205",11.8,11.6388988494873
"13207",10.4,9.96158981323242
"13209",11.2,10.4274063110352
"13211",10,9.79149532318115
"13213",10.6,10.3315238952637
"13215",10.8,10.7765998840332
"13217",11.4,10.4118518829346
"13219",9.2,8.9414234161377
"13221",10.5,9.81425476074219
"13223",11.1,10.0005435943604
"13225",11.2,10.6961402893066
"13227",10.2,9.87985420227051
"13229",10.7,10.2968988418579
"13231",10.2,9.82164287567139
"13233",10.7,10.565318107605
"13235",11.7,10.9658107757568
"13237",10.7,10.2141933441162
"13239",11.3,9.7443790435791
"13241",10.2,9.73525142669678
"13243",12.5,11.8627090454102
"13245",11.6,10.8906831741333
"13247",11.3,9.99246692657471
"13249",10.8,10.4288749694824
"13251",11.6,10.5062255859375
"13253",11.1,11.1109323501587
"13255",11.1,10.6264219284058
"13257",11,9.87539863586426
"13259",10.1,10.1244897842407
"13261",11.5,10.9259424209595
"13263",11.3,11.0949087142944
"13265",11.1,10.9025583267212
"13267",10.6,10.057168006897
"13269",12.1,10.8749771118164
"13271",10.4,10.6246433258057
"13273",11.9,11.8631029129028
"13275",11,10.304407119751
"13277",11,10.7607192993164
"13279",11,11.0239858627319
"13281",9.7,9.75027942657471
"13283",11.4,11.1027936935425
"13285",10.9,10.4079189300537
"13287",11.9,11.1788692474365
"13289",11,10.5888185501099
"13291",10.3,9.74003791809082
"13293",11.5,10.7473917007446
"13295",11.3,9.95114707946777
"13297",10.8,9.98407363891602
"13299",11.4,10.9108810424805
"13301",11.4,11.238471031189
"13303",11.3,10.8129777908325
"13305",11.2,10.8819427490234
"13307",11.3,11.3708944320679
"13309",10.8,10.2856340408325
"13311",10.1,10.1122226715088
"13313",10.4,9.6925106048584
"13315",10.2,10.2609720230103
"13317",10.7,10.7598876953125
"13319",11.2,10.7921237945557
"13321",10.9,10.5673408508301
"16001",10,9.79061603546143
"16003",10.8,9.61767101287842
"16005",11.1,9.58269786834717
"16007",10.9,9.26794052124023
"16009",11.5,10.0743074417114
"16011",11.2,10.307071685791
"16013",9.8,9.16561412811279
"16015",10.5,9.02902793884277
"16017",10.8,10.1403560638428
"16019",10.9,9.74771308898926
"16021",11,10.8283605575562
"16023",11.4,10.4546422958374
"16025",10.3,9.90253639221191
"16027",11.5,9.97053146362305
"16029",10.5,10.0449390411377
"16031",10.6,10.1353702545166
"16033",10.8,9.20194149017334
"16035",10.6,9.71438789367676
"16037",10.5,9.57609367370605
"16039",10.8,9.80416965484619
"16041",10.9,9.75180244445801
"16043",10.7,9.14339351654053
"16045",10.8,9.62924289703369
"16047",11.2,9.99714183807373
"16049",11,9.5755090713501
"16051",10.9,9.85447120666504
"16053",10.9,10.1468820571899
"16055",11.2,9.87994194030762
"16057",10.6,10.0595855712891
"16059",10.8,10.3106174468994
"16061",11.1,10.026198387146
"16063",11,9.87999439239502
"16065",12.2,11.7509450912476
"16067",10.8,10.1994256973267
"16069",11,10.0205612182617
"16071",10.4,10.0463218688965
"16073",10.9,10.0926523208618
"16075",11.3,10.2020788192749
"16077",10.9,10.1316919326782
"16079",12.4,10.2129926681519
"16081",10.2,10.0504293441772
"16083",10.8,9.71315479278564
"16085",11,9.80541610717773
"16087",11.2,10.3462820053101
"17001",10,9.94380664825439
"17003",11.3,10.7975101470947
"17005",10.8,10.7481412887573
"17007",10.2,9.85043239593506
"17009",9.8,9.5234546661377
"17011",10.4,9.96669578552246
"17013",9.3,8.99627590179443
"17015",9.4,10.1646299362183
"17017",10,10.2431230545044
"17019",9.9,10.6016998291016
"17021",9.8,9.64506816864014
"17023",9.8,9.73076438903809
"17025",10.7,10.5890283584595
"17027",9.8,9.71715259552002
"17029",10.7,10.3460445404053
"17031",9.2,8.93579196929932
"17033",10.2,9.55212593078613
"17035",10.2,9.13653659820557
"17037",10.1,10.665132522583
"17039",10.1,9.51233863830566
"17041",10.3,9.334397315979
"17043",8.5,8.51719093322754
"17045",10.3,9.92486763000488
"17047",10.2,10.5865020751953
"17049",9.6,9.56299686431885
"17051",9.9,10.26296043396
"17053",10.3,10.0712385177612
"17055",10.6,10.9437446594238
"17057",10.5,10.2565126419067
"17059",10.6,10.5352725982666
"17061",10.6,10.2280197143555
"17063",9.7,8.91095638275146
"17065",10.6,10.3470849990845
"17067",9.8,10.1712884902954
"17069",10.3,9.80990123748779
"17071",9.8,9.31345558166504
"17073",9.7,9.56479549407959
"17075",10.1,9.73735809326172
"17077",10.7,10.7729978561401
"17079",9.9,9.25432872772217
"17081",10.4,10.20103931427
"17083",10.1,9.5348949432373
"17085",9.4,9.81514453887939
"17087",9.6,10.2980823516846
"17089",9.1,9.11056709289551
"17091",10.3,10.4591798782349
"17093",9.3,9.32708168029785
"17095",10.4,10.0070314407349
"17097",9.1,8.75370502471924
"17099",10.1,10.1628112792969
"17101",10.5,9.90955066680908
"17103",10.2,9.49701023101807
"17105",10.2,9.79636478424072
"17107",10.4,10.0603933334351
"17109",10.7,11.0505094528198
"17111",9.5,9.48500061035156
"17113",10.1,10.14963722229
"17115",10.4,10.5666265487671
"17117",10.3,10.29456615448
"17119",10.1,10.1432285308838
"17121",10.8,10.6132726669312
"17123",10.3,9.87872886657715
"17125",10.1,10.252293586731
"17127",10.6,10.3965015411377
"17129",10.2,9.18249988555908
"17131",9.9,9.22867679595947
"17133",9.5,9.00972366333008
"17135",9.8,10.5539531707764
"17137",10.4,10.0067443847656
"17139",10.2,9.6194019317627
"17141",10.4,10.0351638793945
"17143",10.3,10.4040336608887
"17145",10.6,10.1457681655884
"17147",9.6,9.93053817749023
"17149",10.1,10.4695672988892
"17151",9.9,10.9143438339233
"17153",11.2,10.7276487350464
"17155",9.5,8.91621685028076
"17157",10,9.74205017089844
"17159",10.1,10.2385778427124
"17161",10,10.7551460266113
"17163",10.5,10.4062213897705
"17165",10.9,10.8445196151733
"17167",10.3,10.3819494247437
"17169",9.9,10.7503309249878
"17171",9.8,9.36167907714844
"17173",10.4,9.94959831237793
"17175",10.2,9.65348720550537
"17177",10.5,10.2358121871948
"17179",9.9,9.83875942230225
"17181",10,10.5891609191895
"17183",10.6,10.4092607498169
"17185",10.3,10.6111888885498
"17187",10.4,10.3508653640747
"17189",9.5,9.09301090240479
"17191",10.3,9.97046279907227
"17193",10.9,10.6166296005249
"17195",9.8,9.99112510681152
"17197",9.3,9.26815605163574
"17199",10.2,9.98168087005615
"17201",10.9,10.4990253448486
"17203",10.3,10.3026151657104
"18001",11.9,9.98898315429688
"18003",10.8,10.0575399398804
"18005",10.6,10.324559211731
"18007",11.5,10.2381954193115
"18009",11.3,10.7293663024902
"18011",10.2,9.57549285888672
"18013",10.8,8.91788387298584
"18015",11,10.0495100021362
"18017",11.3,10.1305894851685
"18019",11.3,10.142728805542
"18021",11.1,10.2911834716797
"18023",10.6,10.046236038208
"18025",11.6,11.1653966903687
"18027",11.7,9.62740707397461
"18029",10.2,9.60616683959961
"18031",11,9.68301868438721
"18033",10.8,9.78261947631836
"18035",12.3,10.7271070480347
"18037",10.6,9.79397678375244
"18039",10.8,10.1134719848633
"18041",11.8,10.4903478622437
"18043",10.9,10.149022102356
"18045",11.1,10.35533618927
"18047",10.6,9.46896743774414
"18049",11.5,10.0508260726929
"18051",12,10.1771411895752
"18053",11.7,10.9896154403687
"18055",11.5,10.4116773605347
"18057",9.7,8.88279342651367
"18059",11,9.39743518829346
"18061",11,9.96565341949463
"18063",10.2,9.49055671691895
"18065",11.5,10.1645011901855
"18067",11.4,10.3910484313965
"18069",10.9,9.8435583114624
"18071",11.4,10.2946815490723
"18073",10.7,9.65736389160156
"18075",11.6,10.3807525634766
"18077",11.7,10.3782587051392
"18079",11.1,10.1606225967407
"18081",10.9,10.3169574737549
"18083",10.9,10.1315383911133
"18085",10.5,9.98072528839111
"18087",12.1,10.5695648193359
"18089",10.5,10.6183090209961
"18091",10.9,9.79181671142578
"18093",11.6,9.7388973236084
"18095",11.6,10.0692682266235
"18097",11.9,10.1339015960693
"18099",10.8,9.66323947906494
"18101",11.4,10.4254732131958
"18103",11.1,10.3014678955078
"18105",11,10.7162752151489
"18107",11.3,9.88694190979004
"18109",11.3,9.56893062591553
"18111",11.2,10.2182807922363
"18113",10.8,9.581711769104
"18115",10.9,9.78012466430664
"18117",11.4,10.4939279556274
"18119",11.2,9.7775707244873
"18121",11.5,10.4225873947144
"18123",10.6,10.2365856170654
"18125",11.1,10.0949182510376
"18127",10.9,9.97333717346191
"18129",10.5,9.62428188323975
"18131",11.2,10.4452590942383
"18133",10.9,9.89701747894287
"18135",11.5,10.4214468002319
"18137",11.2,9.87452030181885
"18139",11,10.3848752975464
"18141",11.3,10.624698638916
"18143",12.1,11.3953418731689
"18145",11.5,10.4240074157715
"18147",10.7,9.37283992767334
"18149",11.2,10.294095993042
"18151",10.5,9.53531360626221
"18153",11.1,10.5281419754028
"18155",10.8,10.460277557373
"18157",10.4,10.3812198638916
"18159",10.6,10.1059284210205
"18161",11.5,9.21868419647217
"18163",11.2,10.4834270477295
"18165",11.6,10.6910800933838
"18167",11.2,10.4323530197144
"18169",10.9,9.79818916320801
"18171",10.8,10.146333694458
"18173",10.2,9.72715282440186
"18175",11.5,10.6979598999023
"18177",11.9,10.5378875732422
"18179",11.1,9.5137767791748
"18181",11.2,9.81484985351562
"18183",10.7,9.60721874237061
"19001",9.6,9.36976528167725
"19003",9.8,8.76377582550049
"19005",9.7,10.0039501190186
"19007",9.9,10.5584449768066
"19009",9.9,9.5753870010376
"19011",10.2,9.39079856872559
"19013",10.7,10.71799659729
"19015",9.8,8.98240852355957
"19017",9.4,9.79608249664307
"19019",9.7,9.32126140594482
"19021",9.3,9.76837730407715
"19023",9.5,9.95767784118652
"19025",9.8,8.64577293395996
"19027",9.8,9.18805980682373
"19029",10.4,10.2830619812012
"19031",9.6,9.68802547454834
"19033",9.7,9.74786472320557
"19035",9.6,10.1531543731689
"19037",9.7,9.32942771911621
"19039",10,9.95787811279297
"19041",9.6,9.75648307800293
"19043",9.5,10.1941347122192
"19045",10.2,9.89954662322998
"19047",9.5,10.3590183258057
"19049",9.2,9.14402866363525
"19051",10.2,9.69812679290771
"19053",10.3,9.83864688873291
"19055",9.4,9.343505859375
"19057",10.1,10.3339414596558
"19059",9.6,9.79706287384033
"19061",10.2,9.9908618927002
"19063",9.8,10.2745141983032
"19065",10,9.80751514434814
"19067",9.8,9.85242557525635
"19069",9.7,9.9903564453125
"19071",9.6,9.13704586029053
"19073",9.7,9.29116249084473
"19075",9.4,8.77335453033447
"19077",9.5,9.04459381103516
"19079",9.4,9.28322792053223
"19081",9.7,9.63510131835938
"19083",10.2,9.5008716583252
"19085",10.3,9.66687107086182
"19087",9.7,9.78574085235596
"19089",9.8,9.72793292999268
"19091",9.9,10.3968896865845
"19093",9.5,9.31438827514648
"19095",9.3,9.45376491546631
"19097",10.1,9.86882209777832
"19099",9.6,9.17265510559082
"19101",9.3,9.52963638305664
"19103",9.3,10.1657381057739
"19105",9.3,9.71271800994873
"19107",9.8,9.62610816955566
"19109",9.7,9.64667129516602
"19111",10.2,10.0595436096191
"19113",10.1,10.1337242126465
"19115",10.4,10.0295667648315
"19117",10.3,10.6180648803711
"19119",9.4,8.65603351593018
"19121",9.2,9.16316986083984
"19123",9.8,9.89049816131592
"19125",9.4,9.65755081176758
"19127",9.6,9.97723007202148
"19129",9.6,9.34014892578125
"19131",9.7,9.05363082885742
"19133",10.2,9.95592880249023
"19135",9.6,10.2610120773315
"19137",10,10.4841680526733
"19139",9.7,10.1123218536377
"19141",9.7,10.1747703552246
"19143",10.1,9.86576843261719
"19145",9.6,10.4579219818115
"19147",9.7,9.51860904693604
"19149",9.6,9.2744197845459
"19151",9.5,9.1461820602417
"19153",10.1,10.0723638534546
"19155",10.2,9.76753902435303
"19157",9.7,9.93461608886719
"19159",10,8.79929256439209
"19161",9.6,8.84884452819824
"19163",9.8,10.2889728546143
"19165",9.9,9.40496730804443
"19167",9.2,9.30069065093994
"19169",9.4,10.2342672348022
"19171",10.1,10.6348247528076
"19173",9.7,9.53405475616455
"19175",10.1,9.62888240814209
"19177",10,9.18256664276123
"19179",10.2,10.3506336212158
"19181",9.9,9.43521213531494
"19183",9.8,9.71447086334229
"19185",10.5,9.6964282989502
"19187",9.5,9.55754852294922
"19189",9.2,9.43808364868164
"19191",9,9.88089370727539
"19193",10,10.386176109314
"19195",9.7,9.11781024932861
"19197",9.8,10.0010557174683
"20001",11.3,10.2334222793579
"20003",11.2,9.98609924316406
"20005",11,10.385440826416
"20007",10.7,10.4866094589233
"20009",10.5,9.62248039245605
"20011",11.4,10.3809490203857
"20013",10.6,10.1401500701904
"20015",10.4,9.780029296875
"20017",10.4,9.33402919769287
"20019",11,10.1450128555298
"20021",11,10.009913444519
"20023",10.5,9.65733909606934
"20025",10.3,9.88115215301514
"20027",10.6,9.29495906829834
"20029",10.7,9.16919708251953
"20031",11.2,9.90212535858154
"20033",10.1,8.9220666885376
"20035",11.1,9.72628784179688
"20037",11,10.085786819458
"20039",10.3,9.48942852020264
"20041",10.6,9.54087448120117
"20043",11,9.93755340576172
"20045",10.8,9.92335414886475
"20047",10.5,9.59641742706299
"20049",11.3,10.2762832641602
"20051",10.7,10.4842872619629
"20053",10.2,9.13504981994629
"20055",10.9,10.1905784606934
"20057",10.7,9.83330535888672
"20059",10.5,9.70606231689453
"20061",11,10.6195192337036
"20063",10.4,8.93284511566162
"20065",10.3,9.5448112487793
"20067",10.2,8.86229515075684
"20069",10.5,9.02734184265137
"20071",9.9,9.33632755279541
"20073",11,10.6814069747925
"20075",10.1,9.3300838470459
"20077",11.3,10.2976264953613
"20079",10.5,9.65967273712158
"20081",10.6,9.95825576782227
"20083",9.9,9.23190879821777
"20085",10.8,9.99626636505127
"20087",10.2,9.17095375061035
"20089",10.2,10.5417575836182
"20091",9.4,9.09749126434326
"20093",10.6,10.3435029983521
"20095",10.6,9.37526607513428
"20097",10,8.66260433197021
"20099",10.8,10.0361242294312
"20101",10.6,8.78213119506836
"20103",10.1,9.93037509918213
"20105",10.6,9.62440490722656
"20107",10.8,9.59619140625
"20109",10.8,9.00377464294434
"20111",10.7,9.91254138946533
"20113",10.3,9.72546863555908
"20115",10.3,9.45470428466797
"20117",10.8,9.55581092834473
"20119",10.7,10.0859603881836
"20121",10.2,9.57993507385254
"20123",10.9,10.0319499969482
"20125",11.3,10.1882638931274
"20127",10.4,9.33296966552734
"20129",10.4,9.98366355895996
"20131",10.1,9.16366195678711
"20133",10.5,9.78322219848633
"20135",10.6,9.88088798522949
"20137",10.2,8.87317657470703
"20139",10.5,9.95991992950439
"20141",10.4,9.86482620239258
"20143",10.5,9.27822589874268
"20145",10.1,9.73208808898926
"20147",10.6,10.0328321456909
"20149",10,10.0871419906616
"20151",10.4,9.8045768737793
"20153",10.4,9.6617546081543
"20155",11,9.91046905517578
"20157",10.4,9.17875099182129
"20159",10.5,9.92889499664307
"20161",11,10.2133102416992
"20163",10.3,8.92149543762207
"20165",10.7,10.1174459457397
"20167",10.4,10.1298217773438
"20169",10.5,10.0716819763184
"20171",10.8,9.43615818023682
"20173",10.3,9.96941566467285
"20175",10.2,9.73527145385742
"20177",11.4,10.3167600631714
"20179",9.8,9.21245002746582
"20181",10.9,9.5963773727417
"20183",10.3,9.12305164337158
"20185",10.6,9.50734901428223
"20187",10.6,9.55776786804199
"20189",10.5,10.2609777450562
"20191",10.6,10.0759544372559
"20193",10.4,9.39555835723877
"20195",10.1,8.85253429412842
"20197",10.2,9.17500400543213
"20199",10.1,9.92508316040039
"20201",10.2,9.19395160675049
"20203",9.9,9.83835887908936
"20205",10.6,10.5766181945801
"20207",10.9,9.9896183013916
"20209",10.9,9.87814235687256
"21001",11.1,10.699686050415
"21003",11.3,10.9573831558228
"21005",11.2,9.58590602874756
"21007",11.5,9.90687274932861
"21009",11.3,10.6392021179199
"21011",11.1,11.3433713912964
"21013",12,12.0714988708496
"21015",10.3,9.39321994781494
"21017",11.2,11.2535123825073
"21019",11,10.5842132568359
"21021",11,9.61597728729248
"21023",11.4,10.7058973312378
"21025",12.1,12.2508535385132
"21027",11.7,11.1844892501831
"21029",11,9.52426910400391
"21031",11.6,10.7452144622803
"21033",11,10.2861347198486
"21035",11.1,11.0543231964111
"21037",10.4,10.3719511032104
"21039",11.3,10.9029855728149
"21041",11.5,10.7316970825195
"21043",11.6,11.4587526321411
"21045",12.4,11.2725791931152
"21047",11.5,10.4418363571167
"21049",11.2,10.8939895629883
"21051",12.2,12.103777885437
"21053",12.1,10.9076843261719
"21055",11.2,10.3122749328613
"21057",11.7,10.5141181945801
"21059",10.9,10.4349527359009
"21061",11.3,10.5844440460205
"21063",11.4,10.6243886947632
"21065",11.8,12.0080194473267
"21067",10.7,9.97949028015137
"21069",11.7,11.1095352172852
"21071",11.9,12.7894878387451
"21073",10.7,10.5638980865479
"21075",12.5,11.3515710830688
"21077",11.2,10.3431491851807
"21079",11.6,10.8544101715088
"21081",11.4,10.6160001754761
"21083",11.1,10.8910789489746
"21085",11.6,11.382794380188
"21087",11.7,11.2781753540039
"21089",11.5,10.9620428085327
"21091",10.8,10.8073043823242
"21093",11,10.5583009719849
"21095",12.7,12.5863151550293
"21097",10.9,11.1907052993774
"21099",12.1,10.8584299087524
"21101",10.8,11.0104398727417
"21103",11.2,10.4751214981079
"21105",11.1,10.3275852203369
"21107",11.7,10.9530773162842
"21109",12.4,12.2046251296997
"21111",10.8,10.2855339050293
"21113",10.5,9.85372447967529
"21115",12.2,11.68088722229
"21117",10.6,10.2753219604492
"21119",12.7,11.5232439041138
"21121",12.2,12.1434345245361
"21123",12,11.003475189209
"21125",11.4,11.1716356277466
"21127",11.7,12.250039100647
"21129",12.1,11.5997772216797
"21131",12,12.761775970459
"21133",11.6,12.5835905075073
"21135",12.1,12.3660926818848
"21137",11.6,10.7669801712036
"21139",10.9,10.9002180099487
"21141",11.2,10.4113426208496
"21143",10.1,10.0921144485474
"21145",11.3,10.5914011001587
"21147",12.2,12.2345552444458
"21149",10.9,9.33026790618896
"21151",11.1,10.5127601623535
"21153",12.3,12.6691064834595
"21155",11.6,11.0739068984985
"21157",11,9.96619129180908
"21159",12.3,10.7707233428955
"21161",11.6,11.223388671875
"21163",10.9,10.6907196044922
"21165",11.8,12.2834339141846
"21167",11,10.1646289825439
"21169",11.5,11.3235025405884
"21171",11.2,11.2007188796997
"21173",11.8,10.9705085754395
"21175",11.6,10.3310012817383
"21177",11.4,11.004734992981
"21179",10.7,9.96095752716064
"21181",11.5,11.1263074874878
"21183",11.5,10.3766984939575
"21185",9.6,9.20434188842773
"21187",11.2,9.99515914916992
"21189",11.7,11.7477216720581
"21191",11.3,10.8684320449829
"21193",12,11.7989263534546
"21195",11.9,11.7771482467651
"21197",11.5,11.4478406906128
"21199",11.6,11.1922073364258
"21201",11.8,12.1115636825562
"21203",12.1,12.1364459991455
"21205",11.7,11.7122859954834
"21207",12.5,10.7132434844971
"21209",10.6,10.1635084152222
"21211",10.4,9.87006092071533
"21213",11.2,10.419638633728
"21215",11,9.38392925262451
"21217",11.2,10.9037322998047
"21219",11.8,9.91393852233887
"21221",11.5,10.1400356292725
"21223",10.9,10.4857244491577
"21225",11.5,11.223876953125
"21227",10.8,10.4520626068115
"21229",10.9,9.88120460510254
"21231",12,11.3610248565674
"21233",11.3,11.0706472396851
"21235",11.9,11.221076965332
"21237",13.1,12.6164808273315
"21239",10.2,10.5401182174683
"22001",10.9,10.5895748138428
"22003",10.5,10.1740064620972
"22005",9.9,10.0022649765015
"22007",11.2,10.5935983657837
"22009",11.7,11.2866592407227
"22011",10.6,10.3264303207397
"22013",11.5,11.207218170166
"22015",10.4,10.2349605560303
"22017",10.6,11.2248830795288
"22019",10.6,10.4557838439941
"22021",10.7,10.6054096221924
"22023",10.4,10.0535745620728
"22025",10.6,10.3294792175293
"22027",11.5,11.4862051010132
"22029",11.4,11.2270927429199
"22031",10.9,10.7781867980957
"22033",10.4,10.4240093231201
"22035",12,12.0880680084229
"22037",10.1,10.2178087234497
"22039",11.6,11.3557367324829
"22041",11.4,10.7329320907593
"22043",10.3,10.2144813537598
"22045",11.4,10.7026062011719
"22047",11,10.6754055023193
"22049",11,11.2298517227173
"22051",10.4,10.0739946365356
"22053",10.6,10.366415977478
"22055",10.2,10.3431625366211
"22057",10.7,10.8049583435059
"22059",10.1,10.9263048171997
"22061",11.3,11.5234041213989
"22063",10,10.4480390548706
"22065",12.2,11.5698070526123
"22067",12,11.4687643051147
"22069",11.3,11.1558599472046
"22071",10.9,10.9053611755371
"22073",11.1,10.8696117401123
"22075",10.2,10.1391324996948
"22077",11.1,10.6783790588379
"22079",10.8,10.4626226425171
"22081",11.4,10.9666147232056
"22083",11.2,10.7724437713623
"22085",11.3,10.8651142120361
"22087",11.3,10.5634536743164
"22089",10.4,10.1696796417236
"22091",11.2,11.1138401031494
"22093",10.8,10.1386785507202
"22095",11.3,10.6041507720947
"22097",11.3,11.1502380371094
"22099",10.6,10.0509328842163
"22101",11.4,10.901008605957
"22103",9.8,10.3675107955933
"22105",10.9,10.4845304489136
"22107",12,11.2186870574951
"22109",10.6,10.4227437973022
"22111",10.9,10.9368953704834
"22113",10.4,10.4736566543579
"22115",10.3,10.5582466125488
"22117",11,10.8789072036743
"22119",11.4,11.1125068664551
"22121",10.7,10.3275146484375
"22123",11,10.3399000167847
"22125",9.3,9.57357978820801
"22127",10.6,10.4956150054932
"23001",12.3,10.2803077697754
"23003",12.9,10.399055480957
"23005",11.7,9.99326610565186
"23007",11.8,9.99166679382324
"23009",11.5,10.1709775924683
"23011",12.2,10.4343194961548
"23013",11.2,10.2470474243164
"23015",11.6,9.66378116607666
"23017",12.6,10.53000831604
"23019",13.5,10.2915525436401
"23021",12.3,9.87873268127441
"23023",11.4,10.5941867828369
"23025",12.4,11.0145273208618
"23027",11.8,10.3290128707886
"23029",12.9,10.1437225341797
"23031",11.8,9.82909393310547
"24001",12.1,9.99199771881104
"24003",10.4,8.93706893920898
"24005",11.3,9.71503925323486
"24009",10.6,9.31688690185547
"24011",12,10.2430143356323
"24013",10.2,9.57924652099609
"24015",11.5,10.0273952484131
"24017",12,10.1002063751221
"24019",12.1,10.7162704467773
"24021",9.6,9.24369144439697
"24023",11.1,9.75775337219238
"24025",10.5,9.93005752563477
"24027",9.7,8.31708145141602
"24029",10.8,10.1163272857666
"24031",9.4,8.39059543609619
"24033",10.7,10.2553844451904
"24035",10.8,9.8935604095459
"24037",11,9.73708057403564
"24039",12.5,10.5845727920532
"24041",10.9,9.67208576202393
"24043",12.2,10.2253379821777
"24045",11.9,10.4317798614502
"24047",10.7,9.90725612640381
"24510",12.3,11.4595546722412
"25001",11,10.4047822952271
"25003",11.5,10.7641973495483
"25005",12.3,11.225022315979
"25007",11.4,9.53794479370117
"25009",11.1,10.3911428451538
"25011",10.8,10.3463268280029
"25013",12.9,11.5347566604614
"25015",12,11.0805072784424
"25017",10.8,9.33426094055176
"25019",10.5,8.95096206665039
"25021",11.3,9.41109657287598
"25023",11.7,10.0314502716064
"25025",11.8,10.4688892364502
"25027",12.2,10.8699245452881
"26001",11.4,10.5045518875122
"26003",11,9.84969329833984
"26005",11.1,9.889892578125
"26007",11.4,10.902871131897
"26009",10.7,10.1635580062866
"26011",11.9,10.247184753418
"26013",11.4,10.3003177642822
"26015",10.7,9.56847858428955
"26017",10.8,10.4667739868164
"26019",11.1,10.218391418457
"26021",11.3,10.5195846557617
"26023",11.6,10.1890382766724
"26025",11.8,10.4808149337769
"26027",11.4,9.93835163116455
"26029",11.2,10.3056449890137
"26031",11.5,10.2036066055298
"26033",12,10.6412992477417
"26035",11.8,10.3636236190796
"26037",10.6,9.93054580688477
"26039",11.9,10.8139705657959
"26041",11.2,10.2994737625122
"26043",10.6,9.32137870788574
"26045",10.7,9.95516109466553
"26047",10.7,10.3357963562012
"26049",11.5,10.5637302398682
"26051",11.5,10.3887872695923
"26053",11.6,10.3282451629639
"26055",10.5,10.3533487319946
"26057",10.8,10.6482553482056
"26059",11.3,10.5124607086182
"26061",10.7,10.6207227706909
"26063",11.3,9.85888385772705
"26065",11.7,10.3516464233398
"26067",11.1,10.4281711578369
"26069",11.5,10.7443790435791
"26071",11.6,10.3224096298218
"26073",12.2,10.5999307632446
"26075",11.7,10.1923904418945
"26077",11.9,10.1684675216675
"26079",12,10.4396343231201
"26081",11.2,10.337571144104
"26083",10.3,9.86304569244385
"26085",11.8,10.4251527786255
"26087",11.7,10.2173719406128
"26089",10.1,9.95228576660156
"26091",11.6,9.91876602172852
"26093",10.6,9.59093284606934
"26095",11.5,10.6575908660889
"26097",11.5,10.4312372207642
"26099",11.7,10.0634126663208
"26101",10.9,10.02223777771
"26103",11.3,10.177360534668
"26105",11,10.5135097503662
"26107",11.8,10.558256149292
"26109",11.5,10.2030363082886
"26111",10.7,10.491265296936
"26113",11.6,9.88891410827637
"26115",11.5,9.92309379577637
"26117",11.2,10.3507804870605
"26119",11.3,10.9377861022949
"26121",11.9,10.1388864517212
"26123",11.4,10.5740747451782
"26125",10.3,9.27045822143555
"26127",10.8,10.3271236419678
"26129",11.6,10.5620145797729
"26131",11.4,10.4320039749146
"26133",11.8,10.4786186218262
"26135",11.8,10.0410346984863
"26137",11.7,9.36684036254883
"26139",10.2,10.225001335144
"26141",11.2,9.9192943572998
"26143",11.3,10.7533845901489
"26145",11.9,10.7991533279419
"26147",11.6,9.86338233947754
"26149",12.3,9.91763210296631
"26151",11.9,10.6373872756958
"26153",12.2,10.5352249145508
"26155",11.8,9.90067958831787
"26157",11.9,10.0691566467285
"26159",12.2,10.288272857666
"26161",10.8,10.1379346847534
"26163",12.5,11.0772800445557
"26165",11.4,10.2965955734253
"27001",9.9,10.1727657318115
"27003",9.8,9.66064929962158
"27005",9.6,9.66553688049316
"27007",11.4,10.4543333053589
"27009",10,9.80488109588623
"27011",10.3,9.66227912902832
"27013",11.2,10.5969543457031
"27015",10.2,9.28903198242188
"27017",10.1,10.3397884368896
"27019",9.3,9.09744262695312
"27021",10.1,9.92528629302979
"27023",10,9.69819355010986
"27025",9.6,9.65966033935547
"27027",10.4,10.3796844482422
"27029",10.3,9.69924736022949
"27031",9.7,10.0817708969116
"27033",10.2,10.2565565109253
"27035",10,10.00537109375
"27037",9.7,9.19401931762695
"27039",9.7,9.41488170623779
"27041",10.2,9.60970306396484
"27043",10,9.94410228729248
"27045",10.4,9.4104642868042
"27047",10.2,9.74072265625
"27049",9.8,9.6265287399292
"27051",10.1,9.86863803863525
"27053",10.1,9.2817211151123
"27055",10,9.1033182144165
"27057",10,10.4413366317749
"27059",10,9.57537937164307
"27061",10.3,10.0479431152344
"27063",9.4,10.1502475738525
"27065",10.3,9.81627655029297
"27067",10.2,9.41323566436768
"27069",10.3,9.42867565155029
"27071",10.4,10.1502742767334
"27073",10.1,8.53175640106201
"27075",9.9,9.24086093902588
"27077",10.2,9.78448295593262
"27079",10.2,9.46964740753174
"27081",10,8.8901424407959
"27083",10.1,9.86427593231201
"27085",10.3,9.64942169189453
"27087",12.7,10.859845161438
"27089",9.8,9.24465656280518
"27091",10.1,9.90038585662842
"27093",9.6,9.85281944274902
"27095",10.7,10.1502952575684
"27097",10,9.88021373748779
"27099",10.2,10.2410459518433
"27101",10.2,9.2756814956665
"27103",9.8,10.1171770095825
"27105",10,10.3253355026245
"27107",10,9.10916614532471
"27109",9.7,9.8451042175293
"27111",10.6,9.46200180053711
"27113",10,9.09630680084229
"27115",10.2,10.1233081817627
"27117",10.1,10.0731372833252
"27119",10,10.1505432128906
"27121",10.3,8.78633308410645
"27123",9.7,9.54373741149902
"27125",10,9.0952091217041
"27127",10.1,10.0753574371338
"27129",10.4,9.77504253387451
"27131",9.7,9.81437301635742
"27133",10.1,9.70169639587402
"27135",9.6,10.1504955291748
"27137",10.4,9.94063282012939
"27139",9.8,9.14221477508545
"27141",10,9.16073513031006
"27143",9.8,9.15794658660889
"27145",10.5,9.94880294799805
"27147",9.7,9.73380184173584
"27149",9.8,10.3783721923828
"27151",10,9.99004745483398
"27153",10.4,10.2210159301758
"27155",9.9,9.29130458831787
"27157",9.7,9.30115795135498
"27159",10.5,10.101634979248
"27161",10.1,9.86425685882568
"27163",9.4,9.35123634338379
"27165",9.9,9.9964599609375
"27167",10.3,10.2406425476074
"27169",10,10.3089389801025
"27171",9.7,9.13114929199219
"27173",10.1,9.60216617584229
"28001",10.6,10.9589023590088
"28003",10.2,10.4408378601074
"28005",10.7,10.8323278427124
"28007",10.9,10.7734880447388
"28009",10.7,10.6600713729858
"28011",10.8,11.9497089385986
"28013",11,10.7307281494141
"28015",10.7,10.7168588638306
"28017",10.9,11.2001819610596
"28019",10,10.7099905014038
"28021",11.9,12.8281307220459
"28023",10.4,10.8019504547119
"28025",11.2,10.8507127761841
"28027",12.2,11.9545955657959
"28029",10.7,11.0169477462769
"28031",10.9,10.7680025100708
"28033",9.9,9.72525596618652
"28035",10.4,10.6278076171875
"28037",10.4,10.6018619537354
"28039",10.4,10.6683378219604
"28041",9.6,10.0472316741943
"28043",10.8,10.7060966491699
"28045",10.2,9.77382850646973
"28047",9.9,10.4206495285034
"28049",11.7,11.1706838607788
"28051",12.1,12.4637851715088
"28053",12.3,12.0171632766724
"28055",10.1,10.4788866043091
"28057",10.1,10.2406177520752
"28059",9.7,9.96969318389893
"28061",10.5,10.7634601593018
"28063",11.6,12.1194362640381
"28065",10.9,10.9518775939941
"28067",10,10.67320728302
"28069",10.4,10.7202243804932
"28071",10.2,10.1423740386963
"28073",9.8,10.2105340957642
"28075",10.5,10.7913675308228
"28077",11,10.8973798751831
"28079",11,10.9323034286499
"28081",10.2,9.97341060638428
"28083",12.3,11.7316417694092
"28085",10.5,10.4080238342285
"28087",10.2,10.3846473693848
"28089",9.8,9.14459228515625
"28091",11,10.6396713256836
"28093",10.7,10.7433195114136
"28095",10.4,10.1981220245361
"28097",11.3,10.9330730438232
"28099",11.2,10.9797534942627
"28101",10.9,10.7449989318848
"28103",11.5,11.7528581619263
"28105",10.5,10.7598304748535
"28107",11.2,10.9515533447266
"28109",9.9,10.3163738250732
"28111",10.9,10.9946308135986
"28113",11.5,11.2222442626953
"28115",10,10.4639472961426
"28117",10.6,10.4498224258423
"28119",12,11.6994352340698
"28121",9.7,9.3500394821167
"28123",11.2,10.7472066879272
"28125",12,11.3308944702148
"28127",10.7,10.7670822143555
"28129",10.4,10.6027221679688
"28131",10.6,10.6677150726318
"28133",11.1,11.2890729904175
"28135",10.5,11.0264854431152
"28137",10.2,10.4365205764771
"28139",10.4,10.4825267791748
"28141",10.1,10.3224563598633
"28143",12.3,11.9898633956909
"28145",10.1,10.2352905273438
"28147",10.8,10.5364923477173
"28149",10.5,10.2490730285645
"28151",11.1,11.787989616394
"28153",10.5,11.0192413330078
"28155",10.2,10.4583158493042
"28157",10.8,11.0732574462891
"28159",10.8,11.0112638473511
"28161",10.7,10.7100553512573
"28163",10.6,10.8007154464722
"29001",10.7,10.4113025665283
"29003",9.9,9.31347274780273
"29005",10.4,8.91689682006836
"29007",11.6,10.5762519836426
"29009",10.6,10.4114227294922
"29011",11.4,10.4205207824707
"29013",10.6,10.3256254196167
"29015",10.7,10.3193473815918
"29017",11.5,10.292013168335
"29019",9.8,10.3754272460938
"29021",11,10.0763673782349
"29023",11.1,10.8182420730591
"29025",10.7,10.1048421859741
"29027",10.7,9.68931293487549
"29029",10.3,9.81802845001221
"29031",10.6,10.0791397094727
"29033",10.5,9.46833992004395
"29035",11.3,10.2917442321777
"29037",10,9.88187599182129
"29039",11.2,10.4405651092529
"29041",9.9,10.1128377914429
"29043",10.3,9.82113552093506
"29045",11.1,9.99665832519531
"29047",9.9,9.39986133575439
"29049",10.3,10.3199081420898
"29051",10.1,10.0659446716309
"29053",10.4,9.69792652130127
"29055",11.1,10.1060409545898
"29057",11.2,10.4812421798706
"29059",11.1,10.44557762146
"29061",11.1,9.76568603515625
"29063",10,9.79504585266113
"29065",11.3,10.1327962875366
"29067",10.6,10.6520738601685
"29069",11.3,11.0842180252075
"29071",10.4,9.63131523132324
"29073",10.3,9.98602104187012
"29075",10.8,10.2198600769043
"29077",10.5,9.99473094940186
"29079",10.9,9.93205451965332
"29081",10.6,10.6767454147339
"29083",10.7,10.218111038208
"29085",11.3,10.5326461791992
"29087",10.9,9.12180805206299
"29089",10.5,9.60633277893066
"29091",11.4,10.3203563690186
"29093",11,10.4126482009888
"29095",10.6,9.80799198150635
"29097",10.8,10.2549505233765
"29099",10.4,9.09188461303711
"29101",10.9,9.74936103820801
"29103",11.2,9.34865283966064
"29105",11.2,10.4367504119873
"29107",10.7,9.60909175872803
"29109",10.7,10.0164575576782
"29111",11,10.5834512710571
"29113",10.4,10.4833087921143
"29115",11,10.7721605300903
"29117",10.7,10.0355758666992
"29119",11.6,10.5665702819824
"29121",10.4,9.72202396392822
"29123",10.5,9.97532272338867
"29125",11.2,10.3697652816772
"29127",10.5,10.5004739761353
"29129",10.7,9.8352746963501
"29131",10.5,10.3756542205811
"29133",11.9,10.6300935745239
"29135",10.7,9.97922992706299
"29137",10.5,10.1544618606567
"29139",10.9,10.4183225631714
"29141",10.9,10.0918216705322
"29143",11.5,10.9808864593506
"29145",10.4,10.3068943023682
"29147",11,10.5792951583862
"29149",11,10.4991178512573
"29151",10,8.92056465148926
"29153",11.5,9.96280002593994
"29155",12,11.4046077728271
"29157",10.4,10.1572389602661
"29159",10.8,10.0385427474976
"29161",10.6,10.0995435714722
"29163",10.4,10.0953197479248
"29165",10.4,9.49214935302734
"29167",11.3,10.3509225845337
"29169",10,9.35678577423096
"29171",10.1,9.52064800262451
"29173",10.5,9.89684963226318
"29175",10.5,10.2243356704712
"29177",10.8,10.0341596603394
"29179",11.3,10.3106250762939
"29181",11.5,10.4264116287231
"29183",10.2,9.1380090713501
"29185",10.9,10.3177356719971
"29186",10.5,9.79746341705322
"29187",10.5,10.1401796340942
"29189",10.4,9.53909587860107
"29195",10.5,10.2296686172485
"29197",10.3,9.89798069000244
"29199",10.9,10.2204475402832
"29201",11.1,9.92282295227051
"29203",11.4,10.1123638153076
"29205",10.8,10.2334957122803
"29207",11.2,10.1864185333252
"29209",10.4,9.77910327911377
"29211",10.6,10.368182182312
"29213",10.6,9.65065670013428
"29215",10.7,10.1463222503662
"29217",11,10.2560033798218
"29219",10.5,10.07017993927
"29221",11.1,10.5414733886719
"29223",10.7,10.3765153884888
"29225",10.5,10.3593330383301
"29227",10.4,10.6977195739746
"29229",11.2,10.5946416854858
"29510",11.6,10.5706272125244
"30001",10.9,10.3380556106567
"30003",13.5,11.3637180328369
"30005",12.3,10.9403514862061
"30007",10.9,9.42999839782715
"30009",10.5,9.6894474029541
"30011",10.8,9.6696081161499
"30013",11.9,10.2353248596191
"30015",11.3,10.2596998214722
"30017",10.9,9.73937225341797
"30019",10.7,9.77468776702881
"30021",11,9.28479385375977
"30023",10.8,10.6011877059937
"30025",10.8,10.0818672180176
"30027",10.4,9.65315628051758
"30029",10.3,9.76200389862061
"30031",10.2,9.84401416778564
"30033",11.3,8.83117866516113
"30035",14.8,12.6900491714478
"30037",12,9.46373176574707
"30039",10.7,10.3757696151733
"30041",11.9,10.7968425750732
"30043",10.9,9.3499174118042
"30045",10.8,10.0999402999878
"30047",12.1,10.5018453598022
"30049",10.6,10.0063133239746
"30051",12.6,11.0014877319336
"30053",11.1,10.1553134918213
"30055",10.1,8.56100654602051
"30057",10.5,9.84584903717041
"30059",10.4,9.99708557128906
"30061",10.9,9.52510452270508
"30063",10.8,10.2727718353271
"30065",11.1,9.89842128753662
"30067",10.3,9.58958435058594
"30069",10.4,8.21702098846436
"30071",11.2,9.70076274871826
"30073",11.5,10.56285572052
"30075",11.2,9.62479877471924
"30077",10.5,8.97656631469727
"30079",11.8,10.2026309967041
"30081",10.7,9.96781539916992
"30083",10.9,9.63436317443848
"30085",14.4,12.2623462677002
"30087",12.6,10.5683526992798
"30089",11,9.95540904998779
"30091",10.5,9.10893440246582
"30093",10.7,10.3510522842407
"30095",10,8.94001960754395
"30097",10.1,8.99294948577881
"30099",10.9,9.72383975982666
"30101",10.8,9.80331420898438
"30103",10.4,9.69843196868896
"30105",11,10.0818367004395
"30107",11.2,9.32123756408691
"30109",10.9,10.1097278594971
"30111",11.7,10.2524890899658
"31001",9.4,10.1321506500244
"31003",9,9.12676620483398
"31005",9.4,9.27689170837402
"31007",9,9.93752384185791
"31009",9.8,9.12313556671143
"31011",9.3,9.22369194030762
"31013",9.3,10.0394020080566
"31015",8.9,10.1810665130615
"31017",9.4,8.77656936645508
"31019",9.9,10.0822601318359
"31021",9.2,9.55859470367432
"31023",8.7,9.26174068450928
"31025",9.1,9.39023494720459
"31027",8.7,8.22219276428223
"31029",9.5,8.93552684783936
"31031",10,9.57820320129395
"31033",9.2,9.85470485687256
"31035",9.4,9.1286563873291
"31037",9.3,10.043231010437
"31039",9.2,9.59364223480225
"31041",9.2,9.4924373626709
"31043",9.4,9.98490047454834
"31045",9.8,9.91321086883545
"31047",9.2,9.83124923706055
"31049",9,9.21718788146973
"31051",9.4,9.37967205047607
"31053",9.2,9.69363021850586
"31055",9.1,8.94015598297119
"31057",9.5,8.91145992279053
"31059",9.3,8.77745819091797
"31061",9.5,10.1101036071777
"31063",9.6,9.65729331970215
"31065",9.5,9.07526969909668
"31067",9.6,9.87818717956543
"31069",9.6,8.56768417358398
"31071",8.8,9.38858795166016
"31073",9.1,9.34428882598877
"31075",8.8,9.32062149047852
"31077",9.1,9.72689437866211
"31079",9.3,9.8314733505249
"31081",9.3,8.90150260925293
"31083",9,8.99869823455811
"31085",9.5,10.1500024795532
"31087",9.5,9.79506301879883
"31089",9.1,9.17312908172607
"31091",9.2,9.25379085540771
"31093",9,9.01443862915039
"31095",9.4,9.53308391571045
"31097",8.4,8.58077144622803
"31099",9.5,10.0692777633667
"31101",9,9.8381462097168
"31103",8.8,8.8960428237915
"31105",9.6,9.76731777191162
"31107",9.6,9.69376754760742
"31109",9.2,9.67740535736084
"31111",10,9.90328311920166
"31113",8.6,9.41981506347656
"31115",9.1,9.15864849090576
"31117",9.7,8.36271858215332
"31119",9.6,9.6309814453125
"31121",9.5,9.9070348739624
"31123",9.1,9.28608322143555
"31125",9.4,9.83595180511475
"31127",9.5,9.91288185119629
"31129",8.9,9.43632125854492
"31131",9.4,9.64719200134277
"31133",9.7,9.32980346679688
"31135",9.5,8.74972343444824
"31137",9,9.65059757232666
"31139",9.2,8.79022121429443
"31141",9.1,9.34252738952637
"31143",9.2,9.50482177734375
"31145",9.3,9.81321907043457
"31147",10.1,9.45367050170898
"31149",9.1,9.03001594543457
"31151",9.4,10.1988658905029
"31153",8.6,8.85906791687012
"31155",9.2,9.48042678833008
"31157",9.3,9.78230571746826
"31159",8.8,9.63570117950439
"31161",9.1,9.79900074005127
"31163",9.4,9.48980808258057
"31165",9.6,10.3477516174316
"31167",9.1,9.65573596954346
"31169",9.5,8.87953948974609
"31171",9.1,9.6511058807373
"31173",11.8,10.8785209655762
"31175",9,8.91451835632324
"31177",8.9,9.95938491821289
"31179",9.1,10.5184564590454
"31181",9.5,8.59231376647949
"31183",9.1,9.58103942871094
"31185",9.2,9.28867435455322
"32001",11,9.73952484130859
"32003",10.4,9.62366199493408
"32005",10.3,9.98531246185303
"32007",10.7,10.2745962142944
"32009",11.1,10.0214405059814
"32011",10.9,10.721381187439
"32013",11.2,10.0250854492188
"32015",11.1,10.2849311828613
"32017",11,9.7789888381958
"32019",11.2,9.94029808044434
"32021",11.8,10.4948654174805
"32023",11.2,10.1451253890991
"32027",10.1,9.19036960601807
"32029",10.4,10.1599836349487
"32031",10.9,9.62261199951172
"32033",10.9,9.53519821166992
"32510",11.1,9.63291549682617
"33001",11.6,10.2177171707153
"33003",11.1,10.2035179138184
"33005",11.3,10.6220817565918
"33007",11.5,10.0910015106201
"33009",11.5,10.1695575714111
"33011",11.4,9.76321792602539
"33013",11.5,10.0217924118042
"33015",11.1,9.43595218658447
"33017",11.6,10.29176902771
"33019",11.9,10.252495765686
"34001",9.9,10.2679014205933
"34003",8.2,8.47057247161865
"34005",9.9,9.40089321136475
"34007",10,9.9187536239624
"34009",9.8,9.89273548126221
"34011",10.6,10.3125410079956
"34013",10.1,9.78343677520752
"34015",10.1,9.99038219451904
"34017",9,9.4754695892334
"34019",9.3,9.04796409606934
"34021",9.4,9.21099090576172
"34023",8.2,8.40153884887695
"34025",9.5,9.04599761962891
"34027",8.5,8.86880016326904
"34029",9.5,10.1533250808716
"34031",9.6,9.48688125610352
"34033",10.1,10.5602941513062
"34035",8.3,8.38982582092285
"34037",9.8,9.44730281829834
"34039",9,8.56704902648926
"34041",9.5,10.1446170806885
"35001",10.4,9.98462677001953
"35003",11.2,10.7615776062012
"35005",10.9,10.6921672821045
"35006",12.6,11.2294912338257
"35007",10.5,10.1669921875
"35009",10.9,10.1832704544067
"35011",10.8,10.4987840652466
"35013",10.6,10.3959035873413
"35015",10.9,10.2387142181396
"35017",10.5,10.4967489242554
"35019",9.8,10.4215259552002
"35021",10.5,10.0442523956299
"35023",10.6,10.4833917617798
"35025",11.2,10.3442840576172
"35027",10.7,9.79628086090088
"35028",9.3,8.9876651763916
"35029",11.4,10.6755657196045
"35031",15.2,13.2305088043213
"35033",10.1,10.2316865921021
"35035",11.4,10.4597434997559
"35037",11.2,10.7916774749756
"35039",11.1,10.8540554046631
"35041",11,10.6636295318604
"35043",11.3,9.8287353515625
"35045",13.4,11.231053352356
"35047",10.2,10.3116617202759
"35049",10,8.86158275604248
"35051",11.1,10.8478126525879
"35053",11.5,11.1144180297852
"35055",10.2,10.141697883606
"35057",11.3,10.7736730575562
"35059",11,10.2777471542358
"35061",10.3,10.101902961731
"36001",10.3,10.5153799057007
"36003",10.9,11.3001337051392
"36005",12,12.4485034942627
"36007",10.9,10.9708490371704
"36009",11.5,10.4990377426147
"36011",11.7,10.4258060455322
"36013",11,10.5637559890747
"36015",11.3,11.0287504196167
"36017",11,9.976731300354
"36019",11.3,10.6795272827148
"36021",10.3,10.6426696777344
"36023",11.2,10.1574296951294
"36025",10.7,10.6536226272583
"36027",10.9,10.0237512588501
"36029",10.9,11.5228776931763
"36031",10.8,10.6970901489258
"36033",11.5,10.8668613433838
"36035",12,9.78936386108398
"36037",11,10.0238237380981
"36039",10.6,10.0309085845947
"36041",11.3,9.74455738067627
"36043",10.8,10.0766563415527
"36045",11.2,10.3284101486206
"36047",10.2,10.6922225952148
"36049",10.9,10.3413009643555
"36051",10.9,10.1397094726562
"36053",10.9,10.0383243560791
"36055",10.6,10.9615020751953
"36057",11.8,10.7457904815674
"36059",8.9,8.67545890808105
"36061",9.4,9.92867469787598
"36063",11.1,11.010929107666
"36065",11,10.7171068191528
"36067",11.5,10.8672981262207
"36069",10.9,10.3235330581665
"36071",10.4,10.5583419799805
"36073",10.8,10.1538705825806
"36075",11.2,11.1740503311157
"36077",11.2,10.5024194717407
"36079",10,9.76152896881104
"36081",8.6,9.24116134643555
"36083",10.8,10.6884355545044
"36085",9.5,10.0572986602783
"36087",10.4,10.4601745605469
"36089",11.2,11.0862903594971
"36091",9.9,9.71169090270996
"36093",10.7,10.2870407104492
"36095",11.5,9.75736522674561
"36097",11.3,10.8460302352905
"36099",10.9,10.0045032501221
"36101",10.8,10.0834197998047
"36103",9.9,9.56348705291748
"36105",10.8,10.7310676574707
"36107",10.3,9.75557613372803
"36109",10.6,11.1927576065063
"36111",10.5,10.2874116897583
"36113",11.2,10.2319707870483
"36115",10.6,9.98459911346436
"36117",10.9,9.75942897796631
"36119",9.3,8.68380928039551
"36121",10.5,10.227518081665
"36123",11.1,10.3631134033203
"37001",10.2,10.0686206817627
"37003",10.1,9.74980735778809
"37005",10.2,9.60045433044434
"37007",10.9,10.9104900360107
"37009",9.9,9.73965835571289
"37011",9.8,9.19214630126953
"37013",10.7,10.1230764389038
"37015",11.1,10.9562692642212
"37017",10.6,10.757137298584
"37019",9.8,9.25426197052002
"37021",9.4,9.14631652832031
"37023",10.1,10.0795526504517
"37025",9.7,9.36962413787842
"37027",10.2,9.97205066680908
"37029",9.8,9.87333202362061
"37031",9.9,9.73069667816162
"37033",10.5,10.3131256103516
"37035",9.8,9.77877140045166
"37037",9.5,9.65484809875488
"37039",10.4,9.71708583831787
"37041",10.6,10.5700988769531
"37043",10,9.29511547088623
"37045",10.7,10.3046865463257
"37047",11.3,10.9382696151733
"37049",10.5,9.83944034576416
"37051",10,10.3185548782349
"37053",9.7,9.42621994018555
"37055",9.1,9.00478935241699
"37057",10,10.1119794845581
"37059",10,9.91970539093018
"37061",10.5,10.9760818481445
"37063",9.5,8.89673709869385
"37065",11.1,10.9285945892334
"37067",10.1,10.0121784210205
"37069",10.2,10.294095993042
"37071",10.5,9.92813396453857
"37073",10.4,10.2936677932739
"37075",10.5,10.0283336639404
"37077",10.3,10.252589225769
"37079",10.6,10.4863805770874
"37081",10.5,9.89189147949219
"37083",11.4,10.9107818603516
"37085",10.4,10.2434892654419
"37087",9.5,9.69638061523438
"37089",9.4,9.27502059936523
"37091",11.2,10.4473361968994
"37093",11,10.567421913147
"37095",10.6,11.0409641265869
"37097",9.9,9.46487617492676
"37099",10.3,10.1656627655029
"37101",10.1,10.0267629623413
"37103",10.8,10.5058422088623
"37105",10.6,10.2978000640869
"37107",11,10.6128587722778
"37109",10.2,9.67566967010498
"37111",11,9.83335208892822
"37113",9.5,9.85915851593018
"37115",9.9,10.1576776504517
"37117",11.2,11.2634172439575
"37119",9.9,9.18515300750732
"37121",9.9,9.89949131011963
"37123",10.1,10.4612636566162
"37125",9.4,9.20118713378906
"37127",10.6,10.6180982589722
"37129",9.6,9.48524570465088
"37131",10.9,10.5450687408447
"37133",9.7,9.64150905609131
"37135",8.9,9.43300342559814
"37137",9.8,9.93790531158447
"37139",10.3,10.1306676864624
"37141",10,9.93894004821777
"37143",10,9.79788017272949
"37145",10.8,10.473837852478
"37147",10.4,10.2766370773315
"37149",8.9,9.61549854278564
"37151",10.6,10.3975028991699
"37153",10.7,10.7520751953125
"37155",12.3,11.8323068618774
"37157",10.7,10.4982757568359
"37159",10,10.1150302886963
"37161",10.6,10.0546684265137
"37163",10.6,10.9033994674683
"37165",11.4,11.4655904769897
"37167",10,9.92537021636963
"37169",10.2,10.1469411849976
"37171",10.5,10.2653160095215
"37173",11.5,11.2125129699707
"37175",9.2,9.23131084442139
"37177",10,10.5899133682251
"37179",9.3,9.10337924957275
"37181",11.1,11.0131874084473
"37183",8.8,8.76326370239258
"37185",11,10.7303733825684
"37187",11.3,10.8921966552734
"37189",9.9,10.4208860397339
"37191",10.4,10.4099769592285
"37193",10.6,10.083028793335
"37195",11.1,10.5816860198975
"37197",10.3,9.87900352478027
"37199",9.8,9.92914962768555
"38001",10.5,9.69463634490967
"38003",10.3,10.1614904403687
"38005",13.1,10.8923063278198
"38007",9.8,8.75401973724365
"38009",10.5,9.05909824371338
"38011",10.8,9.56195640563965
"38013",9.9,8.82361030578613
"38015",10.2,9.91952800750732
"38017",10.6,9.38699722290039
"38019",10,9.29383754730225
"38021",10.5,8.90991115570068
"38023",10.3,9.23088836669922
"38025",10.5,9.1723108291626
"38027",11,9.67725086212158
"38029",10.2,9.53060913085938
"38031",10.3,8.79909420013428
"38033",10.6,9.84904766082764
"38035",10.9,10.1080389022827
"38037",10.7,10.1302614212036
"38039",10,8.79171752929688
"38041",10.9,9.81113624572754
"38043",10.3,9.86488246917725
"38045",9.7,9.37990951538086
"38047",10.9,8.4223165512085
"38049",10.2,10.0157346725464
"38051",10.9,10.198371887207
"38053",11.2,9.25460815429688
"38055",10.3,8.89681816101074
"38057",10.6,9.5602855682373
"38059",10.7,9.52615070343018
"38061",11.4,10.2776460647583
"38063",10.1,9.66702079772949
"38065",10.3,10.0202331542969
"38067",10.3,9.07409286499023
"38069",10.3,9.84313488006592
"38071",10.4,9.74084568023682
"38073",10.1,9.47210693359375
"38075",10.3,8.35264682769775
"38077",10.6,9.64153957366943
"38079",14.2,12.0963802337646
"38081",10.3,8.9982271194458
"38083",10.1,10.0380735397339
"38085",15.8,12.9043521881104
"38087",9.8,9.0941686630249
"38089",10.4,9.55272102355957
"38091",10,9.77305221557617
"38093",10.6,9.96436214447021
"38095",11.1,9.89656543731689
"38097",10.3,9.03481674194336
"38099",10.5,9.64628028869629
"38101",10.4,9.46320247650146
"38103",10.1,9.10138511657715
"38105",10.6,9.50741195678711
"39001",11.9,11.1144008636475
"39003",11.6,10.0462713241577
"39005",11.1,10.3791875839233
"39007",11.8,10.2296266555786
"39009",11.1,10.7309036254883
"39011",10.5,9.56575298309326
"39013",11.4,10.1718416213989
"39015",11.6,10.8088102340698
"39017",11.4,10.4240942001343
"39019",11.2,10.0701751708984
"39021",11.3,10.0365381240845
"39023",11.5,10.8142709732056
"39025",10.5,9.28323650360107
"39027",11.6,10.7076597213745
"39029",11,10.3040037155151
"39031",11.5,10.4859933853149
"39033",11.8,10.3290147781372
"39035",11.8,10.4974575042725
"39037",11.1,10.1714296340942
"39039",11.1,10.1543102264404
"39041",9.3,9.16797161102295
"39043",10.6,9.66157817840576
"39045",11.3,10.0091905593872
"39047",11.9,10.5313367843628
"39049",10.4,9.95458602905273
"39051",11.1,9.44799041748047
"39053",11.4,10.3033609390259
"39055",10.3,9.71140480041504
"39057",10.8,9.93703746795654
"39059",11.6,10.5898580551147
"39061",12,10.0386905670166
"39063",10.3,9.8517894744873
"39065",11.9,10.5754985809326
"39067",11.6,10.3353986740112
"39069",10.8,9.96974849700928
"39071",11.7,10.2575244903564
"39073",11.9,10.8108901977539
"39075",12.3,11.252028465271
"39077",10.7,10.3135900497437
"39079",12,10.6978759765625
"39081",11.3,10.7489814758301
"39083",10.7,10.4266090393066
"39085",10.9,10.0990982055664
"39087",12,11.1275234222412
"39089",11.1,9.8439359664917
"39091",11.1,9.85888862609863
"39093",11,10.5417242050171
"39095",11.5,10.9431915283203
"39097",11.3,9.9443883895874
"39099",11.3,10.2854242324829
"39101",11.5,10.4465618133545
"39103",10.5,10.0232715606689
"39105",11.9,11.3774557113647
"39107",10.8,9.18061447143555
"39109",10.7,9.52811908721924
"39111",11.5,10.4597949981689
"39113",11.1,10.8079214096069
"39115",11.4,10.5745153427124
"39117",11.8,10.2029237747192
"39119",11.1,10.933557510376
"39121",10.4,10.1180515289307
"39123",10.1,9.65996551513672
"39125",11.5,10.0469131469727
"39127",11.4,10.7755088806152
"39129",10.9,10.5923805236816
"39131",12.4,11.2184143066406
"39133",10.8,10.3711757659912
"39135",11.2,10.1305847167969
"39137",10.4,9.53385257720947
"39139",11.3,9.95624923706055
"39141",11.7,10.6644411087036
"39143",10.9,10.4115476608276
"39145",11.9,11.1568851470947
"39147",11.4,10.2034759521484
"39149",11.3,9.9259614944458
"39151",10.7,10.2554473876953
"39153",11,10.2406597137451
"39155",12,10.5484991073608
"39157",11.6,10.0410299301147
"39159",10.1,9.7259578704834
"39161",10.9,9.71649074554443
"39163",12.1,10.6143407821655
"39165",9.9,9.07867240905762
"39167",10.8,9.94421863555908
"39169",11,9.26650047302246
"39171",11.2,10.2554683685303
"39173",11.2,10.4700765609741
"39175",10.6,9.17938995361328
"40001",14.3,11.4687242507935
"40003",10.8,9.65559482574463
"40005",12.5,10.6044015884399
"40007",11.1,9.60873126983643
"40009",11.8,10.1970062255859
"40011",12.3,9.76199531555176
"40013",12.7,10.8193607330322
"40015",12.4,11.0619115829468
"40017",11.2,9.84021854400635
"40019",12.3,10.1697101593018
"40021",13.5,11.21266746521
"40023",13.1,11.0621967315674
"40025",10.7,9.66302299499512
"40027",11.6,9.66108131408691
"40029",13.3,11.2271356582642
"40031",12.2,10.3157262802124
"40033",12.7,10.6747751235962
"40035",13.7,11.2537851333618
"40037",12,10.1819801330566
"40039",12,10.1157064437866
"40041",13.1,11.2742595672607
"40043",11.9,10.1729106903076
"40045",11.4,9.76568603515625
"40047",11.9,10.0736255645752
"40049",12.3,10.2056112289429
"40051",11.9,10.0230884552002
"40053",12.3,9.62054824829102
"40055",11.7,10.2773132324219
"40057",11.5,10.6582098007202
"40059",11.1,10.0832386016846
"40061",13.2,11.984169960022
"40063",12.9,11.3945960998535
"40065",11.5,10.0602569580078
"40067",12.4,10.6474456787109
"40069",13,10.6576528549194
"40071",11.8,10.868950843811
"40073",11.8,10.2479667663574
"40075",12.5,10.6930122375488
"40077",13.3,10.8512630462646
"40079",13.2,11.319091796875
"40081",12.3,10.3280239105225
"40083",12,9.91372489929199
"40085",11.8,10.1540603637695
"40087",12,10.125433921814
"40089",13.7,11.2311000823975
"40091",13.1,11.6060075759888
"40093",11.5,9.9439058303833
"40095",12.3,11.1914672851562
"40097",13.1,10.5731515884399
"40099",12,9.9986457824707
"40101",12.8,10.729736328125
"40103",12.1,10.1055212020874
"40105",12.9,10.8699750900269
"40107",13,10.9801559448242
"40109",12.4,9.69220161437988
"40111",13.1,10.9762926101685
"40113",12.3,10.0365943908691
"40115",13.3,11.559100151062
"40117",12,10.4839239120483
"40119",12.6,10.5354280471802
"40121",12.9,10.7792768478394
"40123",13,10.4432849884033
"40125",12.9,10.3720388412476
"40127",12.9,11.0012903213501
"40129",11.9,9.45238304138184
"40131",11.5,10.0610198974609
"40133",13.2,11.3694334030151
"40135",13.4,11.1340589523315
"40137",12.2,10.1386480331421
"40139",11.3,10.4792785644531
"40141",12,10.5025482177734
"40143",11.5,9.8134937286377
"40145",11.9,9.8760814666748
"40147",12.4,9.940016746521
"40149",12,9.91622734069824
"40151",11.3,10.3384160995483
"40153",11.7,9.96593284606934
"41001",11.8,10.1779079437256
"41003",11.2,10.5360870361328
"41005",10.5,9.85358905792236
"41007",11.1,9.98999214172363
"41009",11.9,9.88975524902344
"41011",11.4,10.1058597564697
"41013",11.5,9.6137580871582
"41015",11.8,10.6477718353271
"41017",10.6,9.88750648498535
"41019",11.8,11.0001344680786
"41021",11.3,9.37163352966309
"41023",11.7,10.203031539917
"41025",11.9,10.1109619140625
"41027",10.5,9.43120288848877
"41029",11.9,10.533275604248
"41031",11.5,10.2779388427734
"41033",11.9,10.842041015625
"41035",12,10.5020618438721
"41037",11.6,11.140456199646
"41039",12.3,10.3060178756714
"41041",11.9,9.69134616851807
"41043",11.5,9.91200542449951
"41045",12,10.3717622756958
"41047",12.1,10.1299200057983
"41049",11.6,10.4012479782104
"41051",10.9,9.52943897247314
"41053",11.6,10.611364364624
"41055",11.7,10.4369602203369
"41057",11.4,10.4280605316162
"41059",11.4,10.0295133590698
"41061",12,10.6202535629272
"41063",10.8,9.47311782836914
"41065",11.5,9.76710987091064
"41067",10.1,9.2189416885376
"41069",11.8,9.58047485351562
"41071",11.1,10.0476779937744
"42001",10.3,9.60151863098145
"42003",10.5,10.3540086746216
"42005",10.9,9.8205099105835
"42007",10.6,9.99221992492676
"42009",10.6,10.3731498718262
"42011",10.4,10.2368402481079
"42013",11.2,10.2251539230347
"42015",10.7,10.3101100921631
"42017",10.2,9.55115413665771
"42019",10,9.95798206329346
"42021",10.7,10.0944967269897
"42023",11,10.2045698165894
"42025",10.5,9.98640537261963
"42027",10.3,10.4239025115967
"42029",9.7,9.17311859130859
"42031",11,10.5203437805176
"42033",10.9,10.4253168106079
"42035",11.2,9.97498798370361
"42037",11.1,10.8596725463867
"42039",11,10.0955066680908
"42041",10.3,10.2006521224976
"42043",11,10.0167827606201
"42045",10.3,9.44982433319092
"42047",10.6,9.32875728607178
"42049",10.7,10.8998041152954
"42051",11.3,10.5757360458374
"42053",10.1,9.5963830947876
"42055",10.4,9.92559146881104
"42057",10.4,9.65193176269531
"42059",10.9,10.4602909088135
"42061",10.4,10.0242881774902
"42063",11.1,10.2986612319946
"42065",11,10.3355722427368
"42067",10.8,9.77406787872314
"42069",10.4,10.4120979309082
"42071",10.6,9.86598205566406
"42073",10.7,10.2254581451416
"42075",10.4,9.81014251708984
"42077",10.6,10.0618085861206
"42079",11.1,10.4005832672119
"42081",10.4,10.1312494277954
"42083",10.7,10.4912347793579
"42085",11.2,10.4261960983276
"42087",11.2,10.3014039993286
"42089",10.6,9.82183265686035
"42091",9.9,9.14467144012451
"42093",10.7,10.3125104904175
"42095",10.2,10.1125545501709
"42097",10.7,9.72219562530518
"42099",10.6,9.57207489013672
"42101",11.6,11.3403291702271
"42103",10.1,9.9784049987793
"42105",10.5,9.85283088684082
"42107",10.9,9.92866134643555
"42109",10.4,9.40989971160889
"42111",10.4,9.91376113891602
"42113",11.3,9.71203708648682
"42115",10,9.58261680603027
"42117",11.1,9.89395141601562
"42119",10.6,9.71685600280762
"42121",10.8,10.0423927307129
"42123",10.7,9.60139942169189
"42125",11.1,9.97694396972656
"42127",10.7,9.86844539642334
"42129",10.2,10.2127952575684
"42131",11,9.80860424041748
"42133",10.4,9.77916431427002
"44001",11.6,10.0180606842041
"44003",11.8,10.4748249053955
"44005",10.7,9.71709632873535
"44007",12.6,10.3721218109131
"44009",11.5,10.6151742935181
"45001",10.2,10.5288600921631
"45003",10.4,9.79861736297607
"45005",11.3,11.3187808990479
"45007",10.2,9.90847969055176
"45009",11.2,11.1738195419312
"45011",11.1,10.7704000473022
"45013",9,9.02547931671143
"45015",9.9,10.0150833129883
"45017",10.6,10.8732719421387
"45019",8.9,9.20266723632812
"45021",10.7,10.4262237548828
"45023",10.9,10.5193357467651
"45025",10.5,10.5628566741943
"45027",10.8,11.0101842880249
"45029",10.9,10.3309688568115
"45031",10.8,10.5659513473511
"45033",12.4,11.2393054962158
"45035",9.9,9.82916355133057
"45037",10.8,10.1135063171387
"45039",11.5,10.8988265991211
"45041",10.4,10.2838439941406
"45043",10.2,9.77509117126465
"45045",9.1,9.5082483291626
"45047",10.6,10.3796195983887
"45049",11,10.5988054275513
"45051",9.5,9.40481662750244
"45053",10.1,10.6154804229736
"45055",10.2,10.3798494338989
"45057",9.8,9.77354621887207
"45059",10.5,10.6016874313354
"45061",11.7,11.0192651748657
"45063",9.5,9.74660682678223
"45065",9.6,10.0874671936035
"45067",11.8,11.4261121749878
"45069",11.3,11.3048648834229
"45071",10.1,10.3421678543091
"45073",9.6,10.0215673446655
"45075",11.3,10.9798641204834
"45077",10.5,9.91161632537842
"45079",10.7,10.1494665145874
"45081",10,10.5388612747192
"45083",9.9,10.0498523712158
"45085",10.3,10.6299600601196
"45087",11.4,10.3419704437256
"45089",11.1,10.9516315460205
"45091",10,9.4645938873291
"46003",9.1,9.37164974212646
"46005",9.7,10.0192737579346
"46007",11.9,11.6953544616699
"46009",8.9,9.32888984680176
"46011",9.3,9.89284420013428
"46013",8.9,10.0200805664062
"46015",10,9.87896728515625
"46017",13.6,12.1726207733154
"46019",9.5,9.90899467468262
"46021",8.9,8.403151512146
"46023",10.4,10.821141242981
"46025",9.2,9.3806676864624
"46027",10.5,10.1456832885742
"46029",9.2,9.60477256774902
"46031",12.4,11.7751388549805
"46033",9.1,9.55380344390869
"46035",9.9,10.3363523483276
"46037",9.5,10.0034637451172
"46039",9.5,8.84343814849854
"46041",13,12.0227184295654
"46043",9.6,9.28598403930664
"46045",9.4,8.8598108291626
"46047",9.9,10.1935396194458
"46049",9.5,10.9005508422852
"46051",9.2,9.56111240386963
"46053",10.1,10.2135362625122
"46055",9.4,9.68885707855225
"46057",8.9,9.37783145904541
"46059",9.2,9.00210380554199
"46061",9.7,9.34246063232422
"46063",9,9.01157569885254
"46065",9.3,10.4762125015259
"46067",9.3,9.39571666717529
"46069",9.9,9.21134757995605
"46071",12.3,12.0649576187134
"46073",9.3,9.7205924987793
"46075",9,9.97666549682617
"46077",9,9.11107540130615
"46079",8.9,9.92819023132324
"46081",9.5,9.29240894317627
"46083",8.8,9.49145698547363
"46085",11.1,10.8587789535522
"46087",9.2,9.39664173126221
"46089",9.1,10.0356674194336
"46091",9,9.22703838348389
"46093",9.3,9.06936168670654
"46095",12.3,12.8386087417603
"46097",9.1,9.73405361175537
"46099",9.2,9.65110301971436
"46101",9.3,9.49879360198975
"46103",9.2,9.56941223144531
"46105",8.9,9.88118076324463
"46107",9.1,9.33957099914551
"46109",10.8,10.8819561004639
"46111",9.2,9.24514007568359
"46115",9.4,9.17734909057617
"46117",9.2,8.51791763305664
"46119",9,9.41515731811523
"46121",14.8,13.1547069549561
"46123",10.5,10.3754329681396
"46125",9.3,8.79285335540771
"46127",8.9,9.7859582901001
"46129",9.5,9.67733192443848
"46135",9.1,9.30872821807861
"46137",12.9,12.6965703964233
"47001",11.1,10.0120449066162
"47003",11.5,10.2497911453247
"47005",11.6,10.3993635177612
"47007",11.6,10.0859842300415
"47009",11.7,9.49534511566162
"47011",11.4,10.0398273468018
"47013",11.8,10.873553276062
"47015",11.8,10.3755035400391
"47017",12.2,10.1374588012695
"47019",11.9,10.1087808609009
"47021",10.8,10.1336612701416
"47023",12.3,10.3821287155151
"47025",12,10.5546388626099
"47027",11.5,10.4374589920044
"47029",12.2,10.3426942825317
"47031",12.2,10.3343458175659
"47033",12,10.2865314483643
"47035",11.2,10.2407274246216
"47037",11.4,9.79751110076904
"47039",11.8,10.3906669616699
"47041",12.3,10.6891136169434
"47043",11.5,10.0495729446411
"47045",11.9,10.2997541427612
"47047",11.3,10.1909637451172
"47049",12.1,10.4715251922607
"47051",11.8,10.0830230712891
"47053",12,10.302996635437
"47055",11.5,10.208251953125
"47057",12.4,10.279522895813
"47059",11.9,10.3101739883423
"47061",11.6,10.2745018005371
"47063",11.3,10.6345281600952
"47065",11,9.607421875
"47067",13.1,11.0891151428223
"47069",11.7,10.6789255142212
"47071",11.3,10.2984170913696
"47073",11.7,10.4246292114258
"47075",12.8,11.0060272216797
"47077",11.7,10.231297492981
"47079",12,10.1801834106445
"47081",11.6,10.1816692352295
"47083",11.6,10.1349210739136
"47085",12.2,9.99073505401611
"47087",12,10.2801237106323
"47089",11.2,10.2381172180176
"47091",11.4,10.3802824020386
"47093",11.1,9.82944202423096
"47095",11.8,9.74015808105469
"47097",12.4,10.6636581420898
"47099",12.1,10.4687070846558
"47101",12.4,10.3822860717773
"47103",11.4,10.2614860534668
"47105",11,10.0025224685669
"47107",11.2,9.8859691619873
"47109",12.2,10.425856590271
"47111",11.8,10.5921573638916
"47113",11.7,10.3755493164062
"47115",11.7,10.4420738220215
"47117",11.9,10.7994108200073
"47119",11,9.66971874237061
"47121",11.4,9.99002361297607
"47123",12,10.3431577682495
"47125",11.6,10.2282285690308
"47127",11.1,9.38023090362549
"47129",11.8,10.4689121246338
"47131",11.7,10.4723520278931
"47133",11.5,10.8519058227539
"47135",11.8,10.1732730865479
"47137",12.2,10.779149055481
"47139",11.8,10.0524005889893
"47141",11.7,10.0747785568237
"47143",12.1,10.2460889816284
"47145",11.3,10.1460342407227
"47147",11.6,10.401683807373
"47149",11.8,9.59046936035156
"47151",11.9,11.1380996704102
"47153",12.1,10.6439352035522
"47155",10.8,9.99104499816895
"47157",12.4,10.8187093734741
"47159",11.7,10.3212270736694
"47161",11.2,9.75478458404541
"47163",11.4,9.9605712890625
"47165",10.8,9.51267623901367
"47167",11.7,10.2482004165649
"47169",11,9.39616394042969
"47171",11.8,10.5468368530273
"47173",11.7,10.8050193786621
"47175",11.7,10.1577711105347
"47177",12.3,10.5790395736694
"47179",12.1,10.2980928421021
"47181",11.6,10.2137908935547
"47183",11.8,10.3738117218018
"47185",12,10.1967039108276
"47187",9.8,8.86212635040283
"47189",10.6,9.94399547576904
"48001",9.6,9.9010124206543
"48003",9.9,9.63011264801025
"48005",11,10.1272459030151
"48007",9.9,9.61942100524902
"48009",9.9,9.52467918395996
"48011",9.7,9.05051708221436
"48013",9.2,9.81609630584717
"48015",9.9,9.77963829040527
"48017",9.1,9.90183734893799
"48019",9.4,9.42413902282715
"48021",9.5,10.0186367034912
"48023",9.6,9.20452880859375
"48025",9.2,9.78988265991211
"48027",10.2,10.0301084518433
"48029",9.8,9.71524429321289
"48031",9.8,9.36722660064697
"48033",8.5,9.60036754608154
"48035",10.4,9.91522216796875
"48037",10.3,10.3095951080322
"48039",9.1,9.60878372192383
"48041",9.5,10.408350944519
"48043",8.8,9.27002429962158
"48045",10.6,9.9941873550415
"48047",9.3,11.2586317062378
"48049",10,9.8670482635498
"48051",10.1,9.88593578338623
"48053",9.7,9.35674285888672
"48055",9.8,9.84801864624023
"48057",8.9,9.87529468536377
"48059",9.9,9.26741313934326
"48061",9.6,10.6822528839111
"48063",10.5,11.2884578704834
"48065",9.5,9.82665252685547
"48067",10.8,10.3593397140503
"48069",9.3,9.83828544616699
"48071",9.9,9.60540676116943
"48073",10.4,10.3011131286621
"48075",9.6,8.98257350921631
"48077",9.6,8.89596843719482
"48079",10.7,10.9717302322388
"48081",10.4,9.90567779541016
"48083",10,9.81336498260498
"48085",8.5,8.57407093048096
"48087",10.3,11.1466302871704
"48089",9.8,9.73402214050293
"48091",9.4,8.99799346923828
"48093",10.1,10.1044597625732
"48095",10.4,10.636547088623
"48097",9.9,10.3186063766479
"48099",10.6,9.85249710083008
"48101",10.8,10.7183961868286
"48103",9.4,8.85335254669189
"48105",9.3,9.17596340179443
"48107",10,11.0812921524048
"48109",9.7,10.3511343002319
"48111",9.7,9.01497364044189
"48113",8.9,9.26898097991943
"48115",9.8,10.1493577957153
"48117",10.4,9.81198215484619
"48119",10,10.0256471633911
"48121",8.8,8.94477272033691
"48123",9.6,10.66721534729
"48125",9.8,9.16893768310547
"48127",10.2,12.0037088394165
"48129",10.5,10.0246076583862
"48131",9.2,10.7566995620728
"48133",10,9.86214160919189
"48135",9.6,9.82562351226807
"48137",10.3,9.56370449066162
"48139",9.9,9.86171913146973
"48141",9.4,10.4072008132935
"48143",10.2,10.0094909667969
"48145",10.9,10.5853796005249
"48147",9.9,9.87772560119629
"48149",9.2,9.90257835388184
"48151",9.8,9.95510292053223
"48153",10.1,10.1922788619995
"48155",10.6,10.0610446929932
"48157",8.6,8.56127643585205
"48159",9.2,9.4064416885376
"48161",10.1,9.9974536895752
"48163",9.2,9.90494441986084
"48165",9.9,9.7973690032959
"48167",9.7,9.33065605163574
"48169",8.7,9.39833545684814
"48171",9.5,9.06806945800781
"48173",8.7,9.51923179626465
"48175",9.5,9.83101081848145
"48177",9.9,9.93579483032227
"48179",10,9.67899990081787
"48181",10.6,9.84604740142822
"48183",10.6,10.3899526596069
"48185",10,9.89683246612549
"48187",9.3,9.53011703491211
"48189",9.9,10.0967855453491
"48191",9.9,10.9080257415771
"48193",10.1,10.110767364502
"48195",9.5,9.11743831634521
"48197",10.3,9.45279598236084
"48199",10.2,10.1253776550293
"48201",9.1,9.82255077362061
"48203",10.5,10.6686105728149
"48205",8.8,9.15276145935059
"48207",10,9.38587856292725
"48209",9.4,9.09817981719971
"48211",9.4,8.60508060455322
"48213",10.5,9.93986797332764
"48215",9.8,11.3259592056274
"48217",10.4,9.81956100463867
"48219",10,10.202748298645
"48221",9.4,9.22134685516357
"48223",10.1,9.94135475158691
"48225",10.2,10.4139890670776
"48227",9.4,9.16118812561035
"48229",9.6,10.5114822387695
"48231",10.2,10.1325998306274
"48233",9.9,9.5396614074707
"48235",9.7,10.069016456604
"48237",9.7,9.57022285461426
"48239",10,10.1950645446777
"48241",10.9,10.8161277770996
"48243",9.6,9.74385738372803
"48245",10.4,10.19455909729
"48247",9.1,10.6455020904541
"48249",9.4,10.3313999176025
"48251",10.1,9.49216175079346
"48253",9.6,9.29221057891846
"48255",9.2,9.85023975372314
"48257",10.4,9.87904262542725
"48259",8.8,8.96547985076904
"48261",11.3,8.879150390625
"48263",9.5,9.61363124847412
"48265",9.7,9.27192211151123
"48267",9.8,9.54970455169678
"48269",10.5,10.9412832260132
"48271",9,9.26128959655762
"48273",9.5,10.6567945480347
"48275",9.9,10.2064714431763
"48277",10.9,10.2288589477539
"48279",10.1,10.6063585281372
"48281",10.1,9.63967609405518
"48283",9.4,10.2311906814575
"48285",10,10.1164846420288
"48287",10.3,10.1111164093018
"48289",10.3,9.87669467926025
"48291",11,10.2760610580444
"48293",10.7,11.3409757614136
"48295",9.9,9.83581733703613
"48297",9.5,10.5429925918579
"48299",9.6,9.25577640533447
"48301",7.7,9.11454010009766
"48303",10.1,10.2617845535278
"48305",10.2,10.6475248336792
"48307",10,9.7991247177124
"48309",10.3,10.3260536193848
"48311",9.8,10.1300649642944
"48313",9.8,9.75322818756104
"48315",10.4,10.2436895370483
"48317",9.8,10.0050268173218
"48319",9.3,9.53851985931396
"48321",10.3,10.6002979278564
"48323",9.7,10.6136503219604
"48325",9.2,9.85581207275391
"48327",9.2,9.85865020751953
"48329",9.1,9.50781154632568
"48331",9.9,10.5218534469604
"48333",9.5,9.47534561157227
"48335",9.3,9.20060539245605
"48337",9.9,9.73298168182373
"48339",9.9,9.31489276885986
"48341",10.1,9.23092555999756
"48343",10.7,10.5506963729858
"48345",9.3,8.83062171936035
"48347",10.7,10.4549713134766
"48349",10.4,10.5817451477051
"48351",11.2,10.7135496139526
"48353",10.2,10.3752565383911
"48355",9.6,10.1983222961426
"48357",9.6,9.54878807067871
"48359",10.1,9.86734294891357
"48361",10.2,10.0934028625488
"48363",10,10.1122102737427
"48365",10.7,9.93572521209717
"48367",9.5,9.65699195861816
"48369",9.9,9.65788555145264
"48371",8.9,10.3712863922119
"48373",10,10.1612396240234
"48375",10.4,10.2739238739014
"48377",9.9,11.7985782623291
"48379",10,9.38418579101562
"48381",9.5,9.64468955993652
"48383",8.8,8.91178894042969
"48385",10.5,9.49129867553711
"48387",10.4,10.5465908050537
"48389",9.3,9.41626071929932
"48391",9.5,10.1001243591309
"48393",9.5,9.69778537750244
"48395",10,10.2672233581543
"48397",9.4,8.69139766693115
"48399",9.7,9.7029857635498
"48401",9.9,9.63087463378906
"48403",10.4,9.81774711608887
"48405",11.1,10.6825609207153
"48407",10.2,10.3078298568726
"48409",9.5,9.98183059692383
"48411",9.3,9.49304103851318
"48413",9.6,10.2858219146729
"48415",9.9,9.69004249572754
"48417",10.1,9.5789794921875
"48419",11,11.5079641342163
"48421",9.6,9.32013607025146
"48423",10.5,9.67104625701904
"48425",9.2,9.76385879516602
"48427",10.1,11.3593635559082
"48429",9.7,9.85991859436035
"48431",9.3,9.09266185760498
"48433",9.9,9.54230117797852
"48435",9.5,10.1508016586304
"48437",9.8,10.0527315139771
"48439",9.4,9.17555332183838
"48441",10.2,9.95887851715088
"48443",8.1,9.71303462982178
"48445",10.1,10.1116247177124
"48447",9.8,9.17273902893066
"48449",10.2,10.7857999801636
"48451",9.8,9.90347862243652
"48453",9.5,8.98071575164795
"48455",10.1,10.3736448287964
"48457",10.1,10.0232172012329
"48459",11,10.2273664474487
"48461",10,10.6853609085083
"48463",9.5,10.2720336914062
"48465",9.2,9.66706371307373
"48467",10.8,9.79206466674805
"48469",10,10.2541475296021
"48471",10.2,9.85692882537842
"48473",10,10.2188816070557
"48475",9.8,9.96733093261719
"48477",9.9,9.57115077972412
"48479",8.8,10.4708156585693
"48481",10.1,10.1953477859497
"48483",10.1,10.162654876709
"48485",10,9.8359260559082
"48487",10.6,10.5743217468262
"48489",9.1,10.7039432525635
"48491",9,8.77054500579834
"48493",9.4,10.1035747528076
"48495",9.7,9.19072437286377
"48497",10,9.51580142974854
"48499",9.8,9.8609504699707
"48501",10.1,9.85452747344971
"48503",10.1,9.57015991210938
"48505",10.4,11.7250862121582
"48507",9.9,10.8977661132812
"49001",10.9,9.62228012084961
"49003",11.4,9.23470783233643
"49005",11.5,9.71906471252441
"49007",12.3,10.549090385437
"49009",11,9.2968168258667
"49011",10.8,9.66084575653076
"49013",11.9,9.71209335327148
"49015",12,10.154182434082
"49017",11,9.91674041748047
"49019",11.3,10.0357265472412
"49021",11.1,10.0754241943359
"49023",11.3,9.01121139526367
"49025",11.2,10.2696208953857
"49027",11.5,9.82202053070068
"49029",10.8,9.46547412872314
"49031",11.9,10.0298824310303
"49033",11,8.93827152252197
"49035",11,9.159010887146
"49037",13.3,11.1436395645142
"49039",11.7,10.0305185317993
"49041",11.8,10.2975826263428
"49043",10.4,9.32385444641113
"49045",11.1,9.42107486724854
"49047",11.9,9.91870975494385
"49049",10.4,9.78451538085938
"49051",9.9,9.42240333557129
"49053",10.8,9.46326446533203
"49055",11.3,9.09748458862305
"49057",11.4,9.75038528442383
"50001",11.1,10.2365217208862
"50003",12,10.587119102478
"50005",12.3,10.2977809906006
"50007",11.9,10.7966938018799
"50009",12.4,9.71704864501953
"50011",12.1,10.2499885559082
"50013",11.5,10.0793142318726
"50015",12.3,10.0000257492065
"50017",11.9,10.332576751709
"50019",12.1,9.72723388671875
"50021",13,10.3321266174316
"50023",12.2,10.2283773422241
"50025",12,10.5879316329956
"50027",11.4,10.2533979415894
"51001",11.2,10.023138999939
"51003",9.3,9.40876865386963
"51005",10.5,10.6104354858398
"51007",10.7,9.93070507049561
"51009",10.8,10.1092739105225
"51011",11.3,10.0357370376587
"51013",9,8.78783321380615
"51015",9.8,9.33721828460693
"51017",10.6,10.1212520599365
"51019",10,10.3144512176514
"51021",9.8,9.70300102233887
"51023",10.3,9.90973472595215
"51025",11.1,10.8981409072876
"51027",11.6,11.4275360107422
"51029",10.9,10.1386384963989
"51031",10.7,9.95499897003174
"51033",11,10.638744354248
"51035",10.8,10.3236494064331
"51036",11.4,10.0644311904907
"51037",11.5,10.5021085739136
"51041",10,9.10159111022949
"51043",9.7,9.82721614837646
"51045",10.7,9.64334487915039
"51047",10.4,10.0946683883667
"51049",10.9,9.91145801544189
"51051",11,11.6703338623047
"51053",10.9,9.95719432830811
"51057",11.7,11.0106506347656
"51059",8.3,8.29278469085693
"51061",9.8,9.72439193725586
"51063",10.1,8.68167209625244
"51065",10.8,9.78241157531738
"51067",10,10.4558973312378
"51069",10.4,9.56529903411865
"51071",10.4,9.56536960601807
"51073",10.3,9.74860668182373
"51075",9.6,9.17594242095947
"51077",11,10.5638017654419
"51079",10.3,10.2631616592407
"51081",10.7,10.1651020050049
"51083",11.2,10.7475824356079
"51085",10.1,9.44224071502686
"51087",10.2,9.31533050537109
"51089",11.1,10.8476839065552
"51091",9.2,9.81945419311523
"51093",10.4,10.1013097763062
"51095",9.6,9.21548843383789
"51097",11.1,10.4220733642578
"51099",10.2,10.0843639373779
"51101",10.7,10.1431493759155
"51103",10.1,10.1953048706055
"51105",10.9,10.7027215957642
"51107",8.7,8.61868381500244
"51109",10.4,9.87189292907715
"51111",11,10.1564855575562
"51113",10.4,9.33666324615479
"51115",9.8,9.92298412322998
"51117",11.2,10.6101055145264
"51119",10.4,10.278769493103
"51121",10.4,10.7547578811646
"51125",10.3,10.0926942825317
"51127",9.7,9.17938899993896
"51131",10.7,10.0979890823364
"51133",10.1,9.87612152099609
"51135",11.5,10.8490161895752
"51137",10.4,10.2595491409302
"51139",10.5,10.3198976516724
"51141",10.8,9.76516056060791
"51143",11.2,10.7821054458618
"51145",9.8,9.29056739807129
"51147",11,10.9207277297974
"51149",10.4,9.69128513336182
"51153",9.4,8.72717761993408
"51155",10.6,9.94887542724609
"51157",10.2,9.75386142730713
"51159",10.9,9.41009998321533
"51161",9.8,9.64676475524902
"51163",10.1,10.0559406280518
"51165",10.1,9.88395214080811
"51167",11,11.272837638855
"51169",11.1,11.1788244247437
"51171",10.5,10.1580648422241
"51173",11.2,10.9100189208984
"51175",10.3,9.58529186248779
"51177",10.2,9.66595077514648
"51179",10,9.18111705780029
"51181",11,10.415018081665
"51183",10.7,10.3463382720947
"51185",10.4,10.7770528793335
"51187",10.5,10.2485961914062
"51191",10.5,9.73674583435059
"51193",11,10.8676471710205
"51195",11,10.7430744171143
"51197",10.6,10.6170616149902
"51199",9.3,8.82770919799805
"51510",9.1,8.67038249969482
"51520",11,10.3993301391602
"51530",11.6,11.4415168762207
"51540",10.9,10.4368963241577
"51550",10.6,9.28059387207031
"51570",10.4,10.7359657287598
"51580",11.1,11.3155069351196
"51590",12.3,12.3299655914307
"51595",12.4,12.0573177337646
"51600",9,8.67586326599121
"51610",8.9,8.80689716339111
"51620",11.8,11.7574033737183
"51630",10.8,10.9135522842407
"51640",11.6,11.1505432128906
"51650",10.9,11.0167379379272
"51660",11,11.5322103500366
"51670",12.4,11.8567342758179
"51678",10,10.1482448577881
"51680",10.7,11.083625793457
"51683",9.4,8.92945575714111
"51685",9.7,9.47767353057861
"51690",12,11.8238620758057
"51700",11.1,10.5064401626587
"51710",10.9,10.3247451782227
"51720",11.3,11.2483444213867
"51730",12.1,12.4568977355957
"51735",9.4,9.59710502624512
"51740",11.3,11.7285528182983
"51750",11.6,11.8807373046875
"51760",11.3,10.2094440460205
"51770",11.3,11.1322078704834
"51775",10,10.1571159362793
"51790",10.8,10.3727369308472
"51800",10.4,10.2195377349854
"51810",9.5,9.16475677490234
"51820",10.5,10.2535419464111
"51830",10.9,9.93887996673584
"51840",10.4,10.287467956543
"53001",11.7,10.7436571121216
"53003",12.3,10.2560596466064
"53005",11.9,9.70890617370605
"53007",11.3,9.41465663909912
"53009",12,10.0506496429443
"53011",11.5,10.2641324996948
"53013",11.9,9.75050735473633
"53015",12.8,10.0398101806641
"53017",11.2,9.56892204284668
"53019",12.9,10.4766368865967
"53021",12,10.2380781173706
"53023",11.7,9.70453453063965
"53025",12.2,10.3552846908569
"53027",12.1,10.8122730255127
"53029",11.1,9.49168682098389
"53031",11.2,10.4439935684204
"53033",9.3,8.54706764221191
"53035",11.2,9.80999946594238
"53037",11.9,10.6765413284302
"53039",11.9,10.4641094207764
"53041",12.3,10.0278396606445
"53043",11.9,9.50916576385498
"53045",11.9,10.0929670333862
"53047",12.2,10.926661491394
"53049",11.9,10.5986909866333
"53051",12,9.95761585235596
"53053",12.3,9.67860412597656
"53055",10.8,10.0230197906494
"53057",11.3,10.2212448120117
"53059",11.7,9.12118721008301
"53061",11,9.42247295379639
"53063",12.5,10.377158164978
"53065",11.7,10.4542627334595
"53067",11.6,10.4862880706787
"53069",11.9,10.1638250350952
"53071",12.2,10.1776723861694
"53073",12.1,10.4419002532959
"53075",12.7,10.5123710632324
"53077",12.3,10.3607406616211
"54001",12.3,11.6114940643311
"54003",11.3,10.0150775909424
"54005",12.5,11.3726406097412
"54007",12.3,10.4626054763794
"54009",11.7,9.44930171966553
"54011",13,11.022723197937
"54013",12.6,11.113151550293
"54015",13.1,11.7918386459351
"54017",11.7,10.3574934005737
"54019",12.5,10.6925182342529
"54021",11.2,9.6122989654541
"54023",12.2,10.592830657959
"54025",12.4,10.7718267440796
"54027",12.3,10.0873517990112
"54029",12.1,9.78747081756592
"54031",12.2,11.0241689682007
"54033",11.8,10.5307207107544
"54035",12,10.974326133728
"54037",11.7,10.3524026870728
"54039",12,10.6584033966064
"54041",12.4,10.6520366668701
"54043",13,11.8372354507446
"54045",13.1,11.4642314910889
"54047",13.4,11.6435861587524
"54049",11.9,10.3092479705811
"54051",12.2,10.1150007247925
"54053",12.5,10.7039699554443
"54055",12.5,10.6392850875854
"54057",11.6,10.4166202545166
"54059",13,12.4542627334595
"54061",12.1,10.6260175704956
"54063",12,10.3129100799561
"54065",11.5,9.52398014068604
"54067",12.1,10.9712762832642
"54069",11.2,10.3356256484985
"54071",11.9,10.4324026107788
"54073",12,9.96459007263184
"54075",11.9,10.7176389694214
"54077",12.6,10.3662042617798
"54079",11.5,9.50889205932617
"54081",13.2,10.6559047698975
"54083",11.7,10.4642601013184
"54085",12.9,11.3745002746582
"54087",12.9,11.4850149154663
"54089",12.7,10.8357181549072
"54091",12.6,10.9890956878662
"54093",11.8,8.95914840698242
"54095",12.1,10.0225858688354
"54097",12.4,10.757025718689
"54099",12.9,10.7972078323364
"54101",12.5,10.6179466247559
"54103",12.6,10.8505220413208
"54105",12.7,10.9756336212158
"54107",12.2,10.2047824859619
"54109",12.9,12.0433082580566
"55001",10.6,10.0561742782593
"55003",11.7,10.2257318496704
"55005",11.2,9.99284362792969
"55007",10.9,10.2704629898071
"55009",10.9,10.2652931213379
"55011",10.5,8.49070453643799
"55013",11,9.9670877456665
"55015",10.4,9.20341205596924
"55017",10.6,9.35347938537598
"55019",11.3,10.2434415817261
"55021",10.7,9.68886089324951
"55023",11.2,9.92164516448975
"55025",10.2,10.1177501678467
"55027",10.7,9.39077949523926
"55029",10.7,10.5979928970337
"55031",10.8,9.75869464874268
"55033",11,9.93930339813232
"55035",11,10.5931081771851
"55037",11.4,8.92322158813477
"55039",10.9,9.72200489044189
"55041",11.5,9.95794677734375
"55043",10.9,10.52942943573
"55045",10.8,9.3826961517334
"55047",11.6,10.1538591384888
"55049",10.5,9.36796283721924
"55051",10.4,10.1177644729614
"55053",10.9,9.89080238342285
"55055",10.4,9.58029747009277
"55057",11.2,10.4320993423462
"55059",11.7,10.2286605834961
"55061",10.5,9.37695693969727
"55063",10.7,10.6537761688232
"55065",10.7,9.60151672363281
"55067",11.2,9.96910762786865
"55069",11.1,9.76730918884277
"55071",10.4,9.55245780944824
"55073",10.3,9.39094352722168
"55075",11.3,9.55101585388184
"55077",11.4,10.3014583587646
"55078",14.2,11.6102056503296
"55079",11.7,10.8925867080688
"55081",10.9,10.2651119232178
"55083",11,9.45002174377441
"55085",10.4,9.74538993835449
"55087",10.8,9.83460330963135
"55089",10.1,9.3540678024292
"55091",10.8,8.94919204711914
"55093",11,10.1870393753052
"55095",11.1,9.21243190765381
"55097",10.9,10.1328592300415
"55099",11,10.1940689086914
"55101",11.6,10.4931898117065
"55103",10.8,9.79691696166992
"55105",11.3,9.81850910186768
"55107",11,9.9472017288208
"55109",10.4,9.71358489990234
"55111",11.3,9.47884559631348
"55113",11.1,10.2730293273926
"55115",10.7,9.84852886199951
"55117",10.3,9.54678535461426
"55119",11,10.0596876144409
"55121",10.5,9.80528354644775
"55123",11.2,9.99046421051025
"55125",10.8,9.87598133087158
"55127",10.3,9.96845054626465
"55129",11.1,10.0347213745117
"55131",10.8,9.66570472717285
"55133",10,9.65079689025879
"55135",10.5,9.37061214447021
"55137",10.7,10.5294589996338
"55139",11,10.2187805175781
"55141",10.6,9.71231746673584
"56001",10.8,10.1121997833252
"56003",10.4,9.20866775512695
"56005",10.5,9.21657562255859
"56007",10.2,9.71410942077637
"56009",10.6,9.65340518951416
"56011",10.2,8.84064102172852
"56013",10.9,10.0791606903076
"56015",10.4,9.32714080810547
"56017",10.7,9.60535621643066
"56019",10,9.86214923858643
"56021",10.9,9.77485656738281
"56023",10.1,9.6000394821167
"56025",10.8,9.18767261505127
"56027",11.4,10.4087610244751
"56029",9.9,9.01056098937988
"56031",10.7,9.50406360626221
"56033",10.1,9.39484310150146
"56035",9.9,8.70633697509766
"56037",10.6,9.79617404937744
"56039",8.9,9.01685523986816
"56041",10.6,9.72543525695801
"56043",10.7,9.21066665649414
"56045",10.1,9.35547828674316
