"county_fips","per_stroke","pred_outcome"
"01001",3.7,3.34110403060913
"01003",3.8,3.53065991401672
"01005",5.8,5.1748480796814
"01007",4.7,4.31796026229858
"01009",4.1,3.84293437004089
"01011",7.3,5.80225515365601
"01013",5.5,5.31040334701538
"01015",4.2,3.97815775871277
"01017",5.2,4.8078088760376
"01019",4.8,4.37220764160156
"01021",4,3.84677076339722
"01023",6,5.59442615509033
"01025",5.3,5.15496635437012
"01027",4.9,4.33100748062134
"01029",4.3,3.91237378120422
"01031",4.2,3.86931419372559
"01033",4.3,4.05786180496216
"01035",6.7,6.1355094909668
"01037",5.5,4.77591180801392
"01039",4.9,4.32346487045288
"01041",4.8,4.57964515686035
"01043",4,3.76974558830261
"01045",4.4,4.19209289550781
"01047",6.6,6.30861330032349
"01049",4.6,4.31625127792358
"01051",3.7,3.4901659488678
"01053",5.5,4.80005979537964
"01055",4.5,4.21123743057251
"01057",5,4.42277097702026
"01059",4.7,4.11383676528931
"01061",4.9,4.49789237976074
"01063",8.4,7.09574842453003
"01065",5.8,5.44530391693115
"01067",4.9,4.60108518600464
"01069",4.5,4.02171850204468
"01071",4.7,4.20141363143921
"01073",4.1,3.66414523124695
"01075",5.1,4.42677545547485
"01077",3.9,3.54350090026855
"01079",4.6,4.0997633934021
"01081",3.2,2.84191727638245
"01083",3.4,3.13927030563354
"01085",7.2,6.4057297706604
"01087",5.7,5.50351047515869
"01089",3.2,2.84371662139893
"01091",5.5,4.94826936721802
"01093",4.8,4.26882743835449
"01095",4,3.72093558311462
"01097",4.3,3.95303392410278
"01099",5.9,5.50289964675903
"01101",4.5,3.96892261505127
"01103",4,3.64846563339233
"01105",7.4,6.59552145004272
"01107",5.2,4.98348712921143
"01109",4,3.82502436637878
"01111",4.7,4.40037250518799
"01113",4.8,4.59690237045288
"01115",3.7,3.55766296386719
"01117",3,2.80331540107727
"01119",5.8,5.89099407196045
"01121",4.8,4.53422403335571
"01123",4.9,4.59427833557129
"01125",3.4,3.37625193595886
"01127",4.4,4.13496065139771
"01129",4.9,4.7632040977478
"01131",7.3,6.54988527297974
"01133",5,4.46890115737915
"04001",6,5.52909088134766
"04003",4.3,4.22469663619995
"04005",3.1,3.00445604324341
"04007",5.2,4.87325429916382
"04009",3.6,3.61141109466553
"04011",2.9,3.33204936981201
"04012",6.8,5.61673927307129
"04013",3,3.00940203666687
"04015",5.2,4.94052886962891
"04017",5.2,5.13464879989624
"04019",3.6,3.52268123626709
"04021",3.8,3.95415878295898
"04023",4.1,4.57404518127441
"04025",4.5,4.53331327438354
"04027",4.2,4.41129398345947
"05001",4.7,4.27161455154419
"05003",5.7,4.85700130462646
"05005",5.2,4.71274328231812
"05007",2.8,2.75722765922546
"05009",4.1,3.97036910057068
"05011",5.3,4.5922679901123
"05013",4.6,4.18945503234863
"05015",4.7,4.5787501335144
"05017",6.3,5.60320234298706
"05019",3.9,3.71518349647522
"05021",4.6,4.14796209335327
"05023",5,4.51835775375366
"05025",4.7,4.24722814559937
"05027",4.4,4.36404275894165
"05029",4.8,4.16578197479248
"05031",3.5,3.31665921211243
"05033",4,3.77083683013916
"05035",4.9,4.74538660049438
"05037",5,4.4465274810791
"05039",5.3,4.70420026779175
"05041",6.7,5.84012079238892
"05043",4.7,4.08524513244629
"05045",3.1,2.95612764358521
"05047",4.7,4.32610511779785
"05049",5.7,4.54251670837402
"05051",4.5,4.05800771713257
"05053",3.7,3.48040962219238
"05055",4,3.6879403591156
"05057",5,4.75311946868896
"05059",4.4,3.95720887184143
"05061",4.6,4.48392248153687
"05063",4.2,3.96924519538879
"05065",5.3,4.49090337753296
"05067",4.8,4.32181310653687
"05069",5.2,4.4147744178772
"05071",4.4,3.91043639183044
"05073",6.7,6.07175159454346
"05075",4.7,4.09917497634888
"05077",6.3,5.80781698226929
"05079",4.2,4.09728479385376
"05081",4.9,4.43482160568237
"05083",4.5,4.00395774841309
"05085",3.3,3.23794102668762
"05087",4.4,4.42469310760498
"05089",5.4,4.84991359710693
"05091",4.7,4.24505805969238
"05093",4.6,4.45339107513428
"05095",6.1,5.61278486251831
"05097",5.4,4.89700651168823
"05099",5.9,5.42768478393555
"05101",5,4.65203094482422
"05103",5.4,4.90578413009644
"05105",4.5,3.98898148536682
"05107",6.9,6.11960077285767
"05109",4.5,4.23917198181152
"05111",4.7,4.32473993301392
"05113",4.9,4.42189168930054
"05115",3.9,3.41778802871704
"05117",4.8,4.05353689193726
"05119",3.9,3.48023962974548
"05121",4.7,4.11540746688843
"05123",5.7,5.42703151702881
"05125",3.5,3.30339074134827
"05127",4.7,4.19284105300903
"05129",5.8,5.08958148956299
"05131",3.9,3.56082463264465
"05133",4.4,4.2445273399353
"05135",5.3,4.7715311050415
"05137",5.7,4.98830699920654
"05139",4.9,4.49924898147583
"05141",5.4,4.75670289993286
"05143",2.9,2.78183317184448
"05145",4,3.65585613250732
"05147",6,5.17355489730835
"05149",4.3,3.83889603614807
"06001",2.8,2.58526039123535
"06003",3.8,3.44245862960815
"06005",4,4.13414430618286
"06007",3.5,3.34717631340027
"06009",4.5,4.46386003494263
"06011",3.7,3.64385509490967
"06013",3,2.79094314575195
"06015",4.1,3.87321209907532
"06017",3.4,3.29692578315735
"06019",3.4,3.55094957351685
"06021",3.8,3.82292604446411
"06023",3.7,3.39773678779602
"06025",3.7,4.04617881774902
"06027",3.9,3.9191198348999
"06029",3.5,3.2775719165802
"06031",3.3,3.04973483085632
"06033",4.7,4.49799633026123
"06035",3.8,3.76614546775818
"06037",3.2,3.07128381729126
"06039",3.9,4.29795217514038
"06041",3.2,3.17014718055725
"06043",4.6,4.17032384872437
"06045",4.4,4.28789615631104
"06047",3.4,3.33117365837097
"06049",5.2,4.743896484375
"06051",3.2,2.91564869880676
"06053",3.4,3.21140456199646
"06055",3.4,3.27965712547302
"06057",4,3.80723237991333
"06059",2.9,2.76052522659302
"06061",3.1,3.09361100196838
"06063",4.6,4.29984092712402
"06065",3.3,3.26361656188965
"06067",3.2,3.02995586395264
"06069",2.9,3.24473261833191
"06071",3.2,3.14298057556152
"06073",2.8,2.75648927688599
"06075",2.6,2.54641366004944
"06077",3.3,3.33951687812805
"06079",3.3,3.27874970436096
"06081",2.7,2.6421639919281
"06083",3.2,3.00507569313049
"06085",2.4,2.54307126998901
"06087",3.1,3.09833788871765
"06089",3.9,3.67658185958862
"06091",5.2,4.72775983810425
"06093",4.7,4.4444146156311
"06095",3.3,3.20464491844177
"06097",3.3,3.31092357635498
"06099",3.4,3.21778178215027
"06101",3.7,3.54126811027527
"06103",4.3,4.20589590072632
"06105",5.7,4.89388704299927
"06107",3.4,3.30990767478943
"06109",4.1,4.25214004516602
"06111",3.1,3.02769875526428
"06113",2.7,2.81477880477905
"06115",3.4,3.48194885253906
"08001",2.6,2.81748652458191
"08003",3.4,3.34432148933411
"08005",2.7,2.56569004058838
"08007",3.9,3.6763322353363
"08009",5,4.39053964614868
"08011",4.9,4.59505319595337
"08013",2.5,2.38782286643982
"08014",2.3,2.32332348823547
"08015",3.6,3.29386305809021
"08017",3.9,3.71629190444946
"08019",3,3.09022974967957
"08021",3.9,4.23101425170898
"08023",4.8,4.7333664894104
"08025",3.5,3.506187915802
"08027",4.4,3.64292597770691
"08029",4.5,4.22990608215332
"08031",2.3,2.24476861953735
"08033",4.1,5.11695051193237
"08035",2.2,2.19830679893494
"08037",2.6,2.42444705963135
"08039",3,3.00766634941101
"08041",2.7,2.62085461616516
"08043",3.9,3.76996898651123
"08045",2.9,2.99480295181274
"08047",3.1,2.88377547264099
"08049",3.1,3.19836354255676
"08051",2.3,2.36521363258362
"08053",3.5,3.83022379875183
"08055",4.6,4.33163738250732
"08057",4.9,4.48781442642212
"08059",2.6,2.52874326705933
"08061",4.4,3.73489856719971
"08063",4,3.6332426071167
"08065",2.5,2.59951543807983
"08067",3.2,2.99801540374756
"08069",2.6,2.53963875770569
"08071",4.4,4.54254055023193
"08073",3.8,3.29598879814148
"08075",4,3.57256078720093
"08077",3.5,3.3067569732666
"08079",3.6,3.40241551399231
"08081",3.7,3.30749845504761
"08083",4.1,3.92255473136902
"08085",4.1,3.9509699344635
"08087",3.5,3.57269096374512
"08089",4.6,4.46948480606079
"08091",3.4,3.68044805526733
"08093",3.3,3.3458206653595
"08095",4.2,3.74753522872925
"08097",2.8,2.87878632545471
"08099",4,4.03625154495239
"08101",3.7,3.60318326950073
"08103",3.3,3.26516628265381
"08105",3.8,3.77290678024292
"08107",2.8,2.60001587867737
"08109",4.7,4.39433765411377
"08111",3.4,3.3328230381012
"08113",2.8,2.35769271850586
"08115",4.7,4.12999105453491
"08117",2.5,2.43330574035645
"08119",3.5,3.51604723930359
"08121",3.8,3.7535514831543
"08123",2.7,2.75904512405396
"08125",3.8,3.5285177230835
"10001",3.8,3.70266962051392
"10003",3.4,3.13203597068787
"10005",4.4,3.95555806159973
"11001",2.8,2.65215063095093
"12001",3,2.90803861618042
"12003",3.6,3.54871487617493
"12005",3.7,3.39571905136108
"12007",4.6,4.17399835586548
"12009",3.9,3.61204981803894
"12011",3.7,3.3333306312561
"12013",4.8,4.3429217338562
"12015",5,4.69479370117188
"12017",5.3,5.14563179016113
"12019",3.4,3.12861371040344
"12021",4.4,3.99208378791809
"12023",4.6,4.43528366088867
"12027",5.5,5.19341850280762
"12029",5.3,4.72824048995972
"12031",3.5,3.22539949417114
"12033",3.8,3.53622198104858
"12035",4.4,4.11254835128784
"12037",4.9,4.31615591049194
"12039",5.9,5.25817012786865
"12041",4.2,3.98640012741089
"12043",5.5,5.37338590621948
"12045",4.2,3.93826794624329
"12047",5.5,5.26996898651123
"12049",4.4,4.59577798843384
"12051",4.2,4.1544976234436
"12053",4.4,4.24504280090332
"12055",5.6,5.09338808059692
"12057",3.2,3.01176047325134
"12059",4.6,4.19302272796631
"12061",4.6,4.3963942527771
"12063",5,4.58151531219482
"12065",5.2,4.95499420166016
"12067",4.5,4.15387344360352
"12069",4.2,4.04046773910522
"12071",4.3,4.00319051742554
"12073",3,2.9613721370697
"12075",5,4.98546934127808
"12077",4.3,3.80774450302124
"12079",5.5,5.35097312927246
"12081",4.2,3.87809205055237
"12083",4.8,4.55804252624512
"12085",4.4,3.7711820602417
"12086",3.6,3.47939109802246
"12087",3.7,3.56821703910828
"12089",3.6,3.55617547035217
"12091",3.1,2.95794892311096
"12093",4.7,4.40584087371826
"12095",3,2.97330665588379
"12097",3.1,3.19222974777222
"12099",4,3.79792618751526
"12101",3.8,3.64896607398987
"12103",4,3.77516794204712
"12105",4,3.94557547569275
"12107",5.7,5.26794958114624
"12109",3.1,3.10397744178772
"12111",4.3,4.08401298522949
"12113",3.2,3.01829981803894
"12115",4.4,4.33056354522705
"12117",3,2.96555876731873
"12119",5.5,4.26870250701904
"12121",4.7,4.29712820053101
"12123",5.1,4.36583614349365
"12125",4.5,3.88734292984009
"12127",4.1,3.95593285560608
"12129",3.5,3.3086850643158
"12131",3.6,3.32396054267883
"12133",4.6,4.32954502105713
"13001",5.2,4.76175594329834
"13003",5.1,4.22114992141724
"13005",4.4,4.43930673599243
"13007",6.9,6.09353685379028
"13009",4.4,3.98936653137207
"13011",4,3.66996741294861
"13013",3.2,3.10961294174194
"13015",3.4,3.27259755134583
"13017",5.6,5.07940244674683
"13019",4.8,4.40931415557861
"13021",4.8,4.51553535461426
"13023",4.3,4.29511404037476
"13025",4.4,3.97164463996887
"13027",5.9,5.30385398864746
"13029",2.6,2.61130881309509
"13031",3.3,3.1756284236908
"13033",5.2,4.7203197479248
"13035",4,3.88610410690308
"13037",5.4,5.2042818069458
"13039",3.5,3.42745876312256
"13043",4.9,4.51722431182861
"13045",3.5,3.4864387512207
"13047",3.6,3.27195286750793
"13049",4.5,4.5156946182251
"13051",3.7,3.37803292274475
"13053",2,2.35892295837402
"13055",4.9,4.38524580001831
"13057",2.9,2.87879729270935
"13059",3,2.90636968612671
"13061",6.6,5.36944913864136
"13063",4.3,4.03336048126221
"13065",5.2,4.61159372329712
"13067",2.8,2.55945444107056
"13069",4.7,4.19636535644531
"13071",4.7,4.46844863891602
"13073",3,2.97938370704651
"13075",4.9,4.29137754440308
"13077",3.2,3.02552962303162
"13079",4.5,4.35162830352783
"13081",5.7,4.95423460006714
"13083",3.8,3.61290383338928
"13085",3.3,3.15281772613525
"13087",5.2,4.96858882904053
"13089",3.5,3.1595561504364
"13091",5,4.66387796401978
"13093",5.3,5.29023408889771
"13095",5.5,5.10582447052002
"13097",3.5,3.57065439224243
"13099",5.6,5.1971378326416
"13101",3.6,3.38506627082825
"13103",3,2.84638667106628
"13105",4.9,4.88021564483643
"13107",4.8,4.67479515075684
"13109",4.8,4.48236799240112
"13111",5,4.32699871063232
"13113",3.3,3.18027281761169
"13115",3.9,3.6435227394104
"13117",2.4,2.37736511230469
"13119",4.4,4.20995759963989
"13121",2.9,2.63492178916931
"13123",4.5,4.27629137039185
"13125",4.3,4.14047765731812
"13127",4.4,4.11011028289795
"13129",3.9,3.52965211868286
"13131",5,4.69477462768555
"13133",4.6,3.96454262733459
"13135",3,2.97031402587891
"13137",3.8,3.83203053474426
"13139",3.5,3.39671659469604
"13141",7,6.96843099594116
"13143",3.7,3.61374974250793
"13145",3.5,3.15450167655945
"13147",4.5,4.27701425552368
"13149",4.2,4.36955213546753
"13151",3.5,3.51850938796997
"13153",3.3,3.13175797462463
"13155",4.8,4.19377565383911
"13157",3.2,2.98327827453613
"13159",4.2,3.91409111022949
"13161",4.8,4.66516923904419
"13163",5.5,5.19494342803955
"13165",5.5,5.35637140274048
"13167",5.4,4.85174036026001
"13169",4.2,3.95600008964539
"13171",3.9,3.70348906517029
"13173",4.6,4.09535360336304
"13175",4.9,4.5494122505188
"13177",3.2,2.93038249015808
"13179",3.1,3.18899416923523
"13181",5.5,5.06953620910645
"13183",3.3,3.35766816139221
"13185",3.7,3.59174704551697
"13187",3.3,3.37489581108093
"13189",4.9,4.61094188690186
"13191",6.4,4.96933364868164
"13193",6.3,5.54727745056152
"13195",4.3,4.15109014511108
"13197",5.5,5.02352571487427
"13199",5.2,5.14190196990967
"13201",5.5,4.40428590774536
"13205",5.3,5.21950006484985
"13207",3.8,3.53974914550781
"13209",4.4,4.18081331253052
"13211",3.7,3.44348406791687
"13213",3.7,3.52801871299744
"13215",4.1,3.76325583457947
"13217",3.8,3.83804655075073
"13219",2.7,2.62061595916748
"13221",4.1,3.74539041519165
"13223",2.9,2.90852236747742
"13225",4.1,3.96087980270386
"13227",4,3.85195970535278
"13229",4.2,3.72359776496887
"13231",3.4,3.39455723762512
"13233",4.1,4.01477861404419
"13235",5.1,5.29004955291748
"13237",4.9,4.41160869598389
"13239",7.3,5.29004430770874
"13241",4.6,4.27812242507935
"13243",7.9,6.03526639938354
"13245",4.4,4.39558744430542
"13247",4.4,3.81503582000732
"13249",4.4,3.72972297668457
"13251",5.2,4.8942551612854
"13253",5.4,5.20966005325317
"13255",4.6,4.61686277389526
"13257",4.5,4.20485687255859
"13259",5.2,4.86172866821289
"13261",4.8,4.72785806655884
"13263",6.6,5.98167610168457
"13265",6.6,6.34599447250366
"13267",4.6,4.29186344146729
"13269",6.3,5.38528394699097
"13271",6.1,5.26524066925049
"13273",6.4,6.29048347473145
"13275",4.6,4.17662191390991
"13277",4.4,4.24381589889526
"13279",4.5,4.17035961151123
"13281",4.9,4.39981174468994
"13283",5.5,5.00751161575317
"13285",4.3,3.93114137649536
"13287",5.6,4.95534467697144
"13289",5.7,5.27173614501953
"13291",4.8,4.57269620895386
"13293",4.7,4.48063278198242
"13295",4,3.82222390174866
"13297",3.7,3.45765352249146
"13299",4.9,4.38706350326538
"13301",6.1,6.1069188117981
"13303",5.4,4.41177415847778
"13305",4.6,4.27820777893066
"13307",6.4,5.48816871643066
"13309",4.8,3.76329612731934
"13311",4,3.88394212722778
"13313",3.7,3.51844692230225
"13315",5.3,4.73428678512573
"13317",5.6,5.13760137557983
"13319",5.2,5.22043895721436
"13321",5,4.74180841445923
"16001",2.8,2.65353465080261
"16003",4.9,4.51493072509766
"16005",3.1,2.90287470817566
"16007",3.9,3.67664790153503
"16009",4.8,4.16104602813721
"16011",3.4,3.28375720977783
"16013",3.3,3.11662364006042
"16015",4,3.91588354110718
"16017",4.2,3.98492980003357
"16019",3,2.75076580047607
"16021",4.4,4.33450746536255
"16023",5.4,4.26451110839844
"16025",4,3.34266090393066
"16027",3.2,3.14162611961365
"16029",3.6,3.40338468551636
"16031",3.4,3.3256676197052
"16033",4.3,3.51415538787842
"16035",4.7,4.45009899139404
"16037",4.7,4.52712297439575
"16039",3.3,3.25692510604858
"16041",3.2,2.98562026023865
"16043",3.4,3.31313943862915
"16045",3.9,3.91148543357849
"16047",4.2,4.18243980407715
"16049",4.6,4.26656293869019
"16051",2.9,2.69170260429382
"16053",3.8,3.45762634277344
"16055",3.5,3.29260158538818
"16057",2.7,2.64594197273254
"16059",4.7,4.3371262550354
"16061",5.3,4.61072444915771
"16063",3.5,3.79900336265564
"16065",1.7,2.19131016731262
"16067",3.7,3.71056079864502
"16069",3.9,3.40429973602295
"16071",3.6,3.46474575996399
"16073",4.4,4.14448022842407
"16075",4,3.64565777778625
"16077",3.9,3.57528924942017
"16079",4.6,4.28906202316284
"16081",2.7,2.60758256912231
"16083",3.5,3.27819204330444
"16085",4.3,3.43828344345093
"16087",4.9,4.24395179748535
"17001",3.7,3.44448041915894
"17003",6,5.39004278182983
"17005",3.6,3.38725161552429
"17007",3.5,3.33185696601868
"17009",3.5,3.28590083122253
"17011",4.1,3.89451861381531
"17013",3.7,3.68438053131104
"17015",4.1,4.28644466400146
"17017",3.9,3.70646142959595
"17019",2.7,2.58298182487488
"17021",3.8,3.6879870891571
"17023",3.7,3.33211588859558
"17025",4.4,4.00807285308838
"17027",3.4,3.26948857307434
"17029",3.6,3.32066369056702
"17031",3.2,3.05709099769592
"17033",3.7,3.49785542488098
"17035",3.7,3.63806223869324
"17037",2.9,2.79814577102661
"17039",3.7,3.42578911781311
"17041",3.5,3.51969456672668
"17043",2.7,2.4866943359375
"17045",4.4,3.87991976737976
"17047",4.5,4.20526647567749
"17049",3.5,3.24369144439697
"17051",4,3.76086068153381
"17053",3.8,3.62618708610535
"17055",4.4,3.9510817527771
"17057",4.1,3.71547961235046
"17059",4.8,4.54220628738403
"17061",4.1,3.82659983634949
"17063",3,2.87092685699463
"17065",4.4,3.87651991844177
"17067",4.1,3.89482045173645
"17069",4.7,4.8014063835144
"17071",4.5,3.96878719329834
"17073",3.6,3.51470875740051
"17075",4.3,4.00856161117554
"17077",3.5,3.21861934661865
"17079",3.7,3.4322202205658
"17081",4,3.82272100448608
"17083",3.6,3.5774188041687
"17085",4.2,3.94853329658508
"17087",4,3.95257830619812
"17089",3,2.82778120040894
"17091",3.8,3.62529158592224
"17093",2.4,2.5039370059967
"17095",4.3,3.98897790908813
"17097",2.9,2.6325740814209
"17099",3.7,3.67913031578064
"17101",4,3.66421484947205
"17103",3.9,3.648766040802
"17105",3.8,3.63880777359009
"17107",3.6,3.54879331588745
"17109",3.5,3.32574009895325
"17111",2.9,2.86989855766296
"17113",2.7,2.64674711227417
"17115",4.1,3.8784921169281
"17117",4,3.83789539337158
"17119",3.4,3.18224954605103
"17121",4.1,3.90253973007202
"17123",4.1,3.80045509338379
"17125",4.2,4.04682731628418
"17127",4.4,4.1321439743042
"17129",3.6,3.31778454780579
"17131",3.9,3.62950563430786
"17133",3,2.93228697776794
"17135",3.9,3.80439233779907
"17137",3.9,3.63850879669189
"17139",3.7,3.64141082763672
"17141",3.6,3.34231615066528
"17143",3.7,3.31786179542542
"17145",4.2,3.93149209022522
"17147",3.3,3.15749979019165
"17149",4.2,3.89248704910278
"17151",4.7,4.22826242446899
"17153",5.7,5.70827913284302
"17155",3.7,3.79741263389587
"17157",4,3.85082817077637
"17159",4,3.69224309921265
"17161",3.9,3.71642017364502
"17163",3.8,3.43712568283081
"17165",4.3,3.97671437263489
"17167",3.5,3.21584916114807
"17169",4.5,4.56026172637939
"17171",3.8,3.51163363456726
"17173",4.1,3.89976358413696
"17175",4,3.82131958007812
"17177",4.3,4.13342523574829
"17179",3.4,3.15416288375854
"17181",4.4,4.09108400344849
"17183",4.4,4.10121440887451
"17185",4.2,3.87573719024658
"17187",3.7,3.61498260498047
"17189",3.6,3.44481730461121
"17191",4.3,4.00071620941162
"17193",4.7,4.30440139770508
"17195",3.8,3.76406669616699
"17197",2.9,2.75366973876953
"17199",3.7,3.36983418464661
"17201",4,3.78560185432434
"17203",3.2,2.94611048698425
"18001",4.1,3.7761549949646
"18003",3.4,3.07335209846497
"18005",3.3,2.91999793052673
"18007",4,3.47508215904236
"18009",4.8,4.24065399169922
"18011",2.6,2.47316813468933
"18013",4.1,3.87672924995422
"18015",3.9,3.79812383651733
"18017",4.1,3.70868992805481
"18019",3.4,3.2005181312561
"18021",3.8,3.58779120445251
"18023",3.6,3.36132335662842
"18025",5.2,4.70662403106689
"18027",3.9,3.69256663322449
"18029",3.5,3.21207880973816
"18031",3.5,3.33077692985535
"18033",3.5,3.3397045135498
"18035",3.7,3.5238139629364
"18037",3.6,3.19592428207397
"18039",3.7,3.46413016319275
"18041",4.4,3.95320153236389
"18043",3.3,3.09235715866089
"18045",4,3.77665948867798
"18047",3.7,3.53785300254822
"18049",4.2,3.884033203125
"18051",3.7,3.34581780433655
"18053",4.1,3.8988254070282
"18055",4.2,3.84909868240356
"18057",2.3,2.19588041305542
"18059",3,2.92313551902771
"18061",3.6,3.29216265678406
"18063",2.8,2.70320105552673
"18065",3.9,3.7179594039917
"18067",4,3.65794014930725
"18069",3.6,3.35562038421631
"18071",3.6,3.3752748966217
"18073",3.5,3.42005491256714
"18075",4.3,3.80995655059814
"18077",3.7,3.63033938407898
"18079",3.9,3.56611704826355
"18081",2.9,2.805100440979
"18083",3.8,3.55407023429871
"18085",3.5,3.2850706577301
"18087",3.6,3.58436989784241
"18089",4,3.80766248703003
"18091",3.9,3.69569063186646
"18093",3.9,3.58891177177429
"18095",3.8,3.61876916885376
"18097",3.5,3.16153764724731
"18099",3.9,3.54834675788879
"18101",4.2,4.22848510742188
"18103",4,3.66301274299622
"18105",2.7,2.52232098579407
"18107",3.9,3.60442590713501
"18109",3.5,3.27743816375732
"18111",4.1,3.92774891853333
"18113",3.6,3.29969000816345
"18115",4.1,3.73705124855042
"18117",4.2,3.92672967910767
"18119",4.1,3.86419010162354
"18121",4.5,4.10205125808716
"18123",3.8,3.69496607780457
"18125",4.1,3.87109184265137
"18127",3.2,3.10553073883057
"18129",3.6,3.37874698638916
"18131",4.2,3.95595240592957
"18133",3.4,3.1872832775116
"18135",4.2,3.94491147994995
"18137",3.6,3.47324180603027
"18139",4,3.69743609428406
"18141",3.4,3.28158855438232
"18143",3.9,3.82390451431274
"18145",3.7,3.44704437255859
"18147",3.6,3.39339399337769
"18149",4.3,4.08574771881104
"18151",3.7,3.55087947845459
"18153",4,3.73231291770935
"18155",4.3,3.97236251831055
"18157",2.7,2.51847124099731
"18159",3.8,3.65566730499268
"18161",3.6,3.61594581604004
"18163",3.7,3.47630453109741
"18165",4,3.72286939620972
"18167",3.8,3.34669160842896
"18169",4,3.73474407196045
"18171",4,3.82699990272522
"18173",3.1,2.93018746376038
"18175",4.1,3.92008113861084
"18177",4.2,3.84439516067505
"18179",3.5,3.46524524688721
"18181",4,3.75025510787964
"18183",3.5,3.47257995605469
"19001",4.1,3.73695421218872
"19003",4.1,3.81547331809998
"19005",4.1,3.91505932807922
"19007",4.8,4.20507383346558
"19009",4.3,3.86134791374207
"19011",3.4,3.22441720962524
"19013",3.3,3.20636987686157
"19015",3.3,3.15619778633118
"19017",3.1,2.96959447860718
"19019",3.3,3.25871109962463
"19021",3.6,3.45901942253113
"19023",4,3.73477602005005
"19025",3.8,3.67085409164429
"19027",3.7,3.37676787376404
"19029",4.3,3.98259115219116
"19031",3.6,3.39255833625793
"19033",3.9,3.65058565139771
"19035",4.3,4.17193746566772
"19037",3.9,3.58566784858704
"19039",4.3,3.85557961463928
"19041",3.8,3.53172969818115
"19043",4.5,4.14579916000366
"19045",3.9,3.63359498977661
"19047",4,4.0029182434082
"19049",2.3,2.32809448242188
"19051",3.8,3.70772266387939
"19053",3.9,3.7076301574707
"19055",3.9,3.52434659004211
"19057",3.8,3.66198229789734
"19059",3.8,3.67707276344299
"19061",3.3,3.03702807426453
"19063",4,4.00019550323486
"19065",4.1,3.89253282546997
"19067",4,3.91431832313538
"19069",4.2,4.02806520462036
"19071",3.9,3.67178511619568
"19073",4.1,3.83565378189087
"19075",3.4,3.40865635871887
"19077",3.8,3.71418833732605
"19079",3.6,3.56227326393127
"19081",3.9,3.87621259689331
"19083",4,3.72394561767578
"19085",3.7,3.37911081314087
"19087",3.7,3.51040267944336
"19089",3.8,3.50758218765259
"19091",4.1,3.81702852249146
"19093",3.9,3.76009750366211
"19095",3.5,3.26289486885071
"19097",3.9,3.79213929176331
"19099",3.6,3.3470025062561
"19101",4,3.53641557693481
"19103",2.5,2.42140412330627
"19105",3.7,3.5977885723114
"19107",4.1,3.82327604293823
"19109",4.1,3.81649446487427
"19111",4,3.76519989967346
"19113",3.1,2.8950617313385
"19115",3.7,3.85938668251038
"19117",4.3,4.07528781890869
"19119",3.5,3.29845523834229
"19121",3.1,3.10643935203552
"19123",3.6,3.44922828674316
"19125",3.2,2.93856596946716
"19127",3.6,3.63540720939636
"19129",3.3,3.04462051391602
"19131",3.8,3.53512787818909
"19133",4.1,3.88163566589355
"19135",3.6,3.35462307929993
"19137",4.1,3.78835415840149
"19139",3.5,3.34414029121399
"19141",3.9,3.66015577316284
"19143",4.4,4.01703834533691
"19145",4.3,3.956627368927
"19147",3.8,3.74121165275574
"19149",3.3,3.36326217651367
"19151",4.2,3.89746022224426
"19153",2.8,2.66850304603577
"19155",3.6,3.34800720214844
"19157",3.6,3.51436614990234
"19159",3.8,3.74074244499207
"19161",3.9,3.69280195236206
"19163",3.3,2.94626092910767
"19165",3.9,3.58843803405762
"19167",2.9,2.88558149337769
"19169",2.3,2.27489137649536
"19171",4.1,3.96842169761658
"19173",4,4.04081439971924
"19175",3.7,3.55402970314026
"19177",4.4,3.89448809623718
"19179",3.9,3.70483326911926
"19181",2.8,2.81291913986206
"19183",3.6,3.466952085495
"19185",4.3,4.23902654647827
"19187",3.6,3.49313831329346
"19189",3.6,3.56485772132874
"19191",3.4,3.36985492706299
"19193",3.4,3.28250074386597
"19195",3.8,3.71733236312866
"19197",4.2,3.89662408828735
"20001",3.9,3.81608772277832
"20003",4.2,3.89541125297546
"20005",3.4,3.4553062915802
"20007",4.3,3.90972518920898
"20009",4,3.85930943489075
"20011",4,3.55054616928101
"20013",4.2,4.09128761291504
"20015",3.1,2.87607097625732
"20017",4.3,3.96234250068665
"20019",5,4.39201784133911
"20021",4.3,3.79010772705078
"20023",4.7,4.21944713592529
"20025",3.7,3.78702163696289
"20027",4.1,3.98925995826721
"20029",3.8,3.72154402732849
"20031",3.9,3.72067213058472
"20033",4.2,4.28643321990967
"20035",3.7,3.62855553627014
"20037",3.5,2.99439358711243
"20039",4.2,4.12479448318481
"20041",3.7,3.58899855613708
"20043",3.5,3.49697279930115
"20045",2.5,2.4339075088501
"20047",4.2,4.13219690322876
"20049",5,4.47212886810303
"20051",3,2.72421932220459
"20053",3.7,3.76884818077087
"20055",3.2,3.04246091842651
"20057",3.3,3.12570452690125
"20059",3.5,3.24244332313538
"20061",2.7,2.74459075927734
"20063",3.9,3.6665952205658
"20065",4.6,3.92866015434265
"20067",2.9,2.98403215408325
"20069",3.4,3.17024397850037
"20071",3.4,3.43903231620789
"20073",4.5,4.20681238174438
"20075",3.2,3.47342610359192
"20077",4.7,3.98321390151978
"20079",3.5,3.35961747169495
"20081",3.7,3.6992609500885
"20083",3.5,3.52330446243286
"20085",3.7,3.55765223503113
"20087",3.4,3.29659843444824
"20089",5.1,4.52508115768433
"20091",2.5,2.46180772781372
"20093",3.6,3.56448817253113
"20095",3.7,3.43994307518005
"20097",3.7,3.94424915313721
"20099",4.3,3.94852876663208
"20101",4,3.83030652999878
"20103",3,2.80063104629517
"20105",4.5,3.97871494293213
"20107",3.9,3.86656165122986
"20109",3.9,3.74814200401306
"20111",3.3,3.32339954376221
"20113",3.3,3.15713882446289
"20115",3.9,3.74149179458618
"20117",4.2,3.72329759597778
"20119",3.7,3.36771059036255
"20121",3.2,2.97100925445557
"20123",3.9,3.81461668014526
"20125",4.3,3.95238041877747
"20127",4.2,3.94330883026123
"20129",4.2,4.34298372268677
"20131",3.6,3.1505389213562
"20133",4,3.77978777885437
"20135",4.1,4.10034132003784
"20137",3.9,3.48872542381287
"20139",3.8,3.6539192199707
"20141",4.4,3.96383547782898
"20143",3.8,3.66985893249512
"20145",3.9,3.85778164863586
"20147",4.3,4.0727367401123
"20149",2.9,2.67824029922485
"20151",3.7,3.51155281066895
"20153",4.7,4.17421627044678
"20155",3.9,3.66752624511719
"20157",4.6,4.11488008499146
"20159",3.5,3.43497586250305
"20161",2.2,2.18524169921875
"20163",3.8,3.71109676361084
"20165",4.4,3.90055990219116
"20167",4.5,4.42359209060669
"20169",3.6,3.31048631668091
"20171",3.4,3.25605463981628
"20173",3.4,3.15207052230835
"20175",3.2,3.11755990982056
"20177",3.5,3.30841326713562
"20179",3.7,3.81651926040649
"20181",3.7,3.40496158599854
"20183",4.3,4.0117826461792
"20185",4,3.74415135383606
"20187",4.1,3.52266931533813
"20189",4.2,4.01770639419556
"20191",3.8,3.32031464576721
"20193",3.1,3.03650212287903
"20195",3.8,3.660325050354
"20197",3.5,3.62528300285339
"20199",4.3,4.06605100631714
"20201",3.8,3.7574508190155
"20203",4.2,4.52072906494141
"20205",4.3,3.94938969612122
"20207",4.3,4.06458806991577
"20209",3.8,3.70119881629944
"21001",NA,3.85628151893616
"21003",NA,3.7687714099884
"21005",NA,3.05421471595764
"21007",NA,3.931156873703
"21009",NA,3.98282122612
"21011",NA,4.21065664291382
"21013",NA,4.65391445159912
"21015",NA,2.70555996894836
"21017",NA,3.40122222900391
"21019",NA,3.82078194618225
"21021",NA,3.37724947929382
"21023",NA,4.03309917449951
"21025",NA,4.40506649017334
"21027",NA,4.34857511520386
"21029",NA,3.21528172492981
"21031",NA,4.28764152526855
"21033",NA,3.97579026222229
"21035",NA,3.17842674255371
"21037",NA,2.77487969398499
"21039",NA,3.96697402000427
"21041",NA,4.14093637466431
"21043",NA,4.26156806945801
"21045",NA,4.72796010971069
"21047",NA,3.30038094520569
"21049",NA,3.43452048301697
"21051",NA,4.3080735206604
"21053",NA,4.17273187637329
"21055",NA,4.25236034393311
"21057",NA,4.94655513763428
"21059",NA,3.52849650382996
"21061",NA,4.33060550689697
"21063",NA,4.47813272476196
"21065",NA,4.30273008346558
"21067",NA,2.73819756507874
"21069",NA,4.10219192504883
"21071",NA,4.44546270370483
"21073",NA,3.42888879776001
"21075",NA,4.76869535446167
"21077",NA,3.73696684837341
"21079",NA,3.794193983078
"21081",NA,3.22091937065125
"21083",NA,4.0166335105896
"21085",NA,4.01549386978149
"21087",NA,4.45667028427124
"21089",NA,3.96998119354248
"21091",NA,3.77897477149963
"21093",NA,3.26175260543823
"21095",NA,4.8432674407959
"21097",NA,3.62340307235718
"21099",NA,4.10047626495361
"21101",NA,3.74571657180786
"21103",NA,3.87868714332581
"21105",NA,5.05461597442627
"21107",NA,4.01662921905518
"21109",NA,4.34430646896362
"21111",NA,3.23682904243469
"21113",NA,2.97441935539246
"21115",NA,4.13188743591309
"21117",NA,2.74112749099731
"21119",NA,4.22285938262939
"21121",NA,4.89947509765625
"21123",NA,3.92628693580627
"21125",NA,3.97085905075073
"21127",NA,4.34291315078735
"21129",NA,4.82343435287476
"21131",NA,4.63533687591553
"21133",NA,4.75985193252563
"21135",NA,4.47592544555664
"21137",NA,4.18796014785767
"21139",NA,4.25852203369141
"21141",NA,3.82641696929932
"21143",NA,4.07299900054932
"21145",NA,3.67053174972534
"21147",NA,4.7362699508667
"21149",NA,3.58120775222778
"21151",NA,2.93141627311707
"21153",NA,5.12592267990112
"21155",NA,3.83339238166809
"21157",NA,3.80544471740723
"21159",NA,4.58852195739746
"21161",NA,3.80027484893799
"21163",NA,3.32573270797729
"21165",NA,4.93072605133057
"21167",NA,3.53445172309875
"21169",NA,4.55915784835815
"21171",NA,4.21524906158447
"21173",NA,3.5064160823822
"21175",NA,3.71957588195801
"21177",NA,4.06784343719482
"21179",NA,3.25588154792786
"21181",NA,4.11981868743896
"21183",NA,3.66424155235291
"21185",NA,2.54731416702271
"21187",NA,3.94026923179626
"21189",NA,4.84895753860474
"21191",NA,3.62938952445984
"21193",NA,4.22605323791504
"21195",NA,4.40000677108765
"21197",NA,3.70156455039978
"21199",NA,3.91271257400513
"21201",NA,4.78007078170776
"21203",NA,4.58771276473999
"21205",NA,3.2873740196228
"21207",NA,4.36575841903687
"21209",NA,2.708735704422
"21211",NA,3.02653574943542
"21213",NA,3.65452456474304
"21215",NA,3.02535080909729
"21217",NA,3.48384952545166
"21219",NA,4.1540093421936
"21221",NA,4.29447317123413
"21223",NA,3.71934938430786
"21225",NA,4.06111288070679
"21227",NA,2.91792440414429
"21229",NA,3.80536913871765
"21231",NA,4.51667737960815
"21233",NA,3.77962112426758
"21235",NA,3.88845324516296
"21237",NA,5.18897104263306
"21239",NA,3.15195274353027
"22001",4.9,4.3818793296814
"22003",4.5,3.87392044067383
"22005",3.3,3.01531744003296
"22007",5.1,4.46382856369019
"22009",5.5,5.03205013275146
"22011",4,3.58979821205139
"22013",6.8,5.95535659790039
"22015",3.8,3.34267568588257
"22017",5.1,4.53305864334106
"22019",4,3.67064356803894
"22021",5.2,4.55136775970459
"22023",4,3.41412591934204
"22025",5.3,4.81968688964844
"22027",7.1,6.42016172409058
"22029",6,5.24151420593262
"22031",5.3,4.64849328994751
"22033",3.8,3.45138478279114
"22035",6.8,6.42244720458984
"22037",4.7,4.584801197052
"22039",5,4.49896955490112
"22041",5.7,4.74472999572754
"22043",4,3.86706209182739
"22045",4.9,4.46986627578735
"22047",4.7,4.45207214355469
"22049",5.4,4.98904705047607
"22051",4.1,3.69437003135681
"22053",4.4,3.87036037445068
"22055",3.6,3.25292110443115
"22057",4.2,3.6810736656189
"22059",3.8,3.47833752632141
"22061",4,3.51769590377808
"22063",3.4,3.14794564247131
"22065",7,6.38559818267822
"22067",6.2,5.80470085144043
"22069",4.6,3.89271664619446
"22071",4.5,3.70437264442444
"22073",4.4,3.75860619544983
"22075",3.8,3.4009530544281
"22077",5.2,4.73305368423462
"22079",4.5,4.02085638046265
"22081",6,5.78318023681641
"22083",5.3,4.50931453704834
"22085",5.3,4.94562292098999
"22087",4.2,3.71845102310181
"22089",3.6,3.0742175579071
"22091",6.1,5.98234796524048
"22093",4.8,4.11225652694702
"22095",4.6,3.79414963722229
"22097",5.5,4.7642126083374
"22099",4.6,4.1456036567688
"22101",5.4,4.83263826370239
"22103",3.6,3.12460112571716
"22105",4.1,3.90988612174988
"22107",7.9,6.84724378585815
"22109",4.2,3.86620163917542
"22111",5.6,5.21536684036255
"22113",4.4,4.06272029876709
"22115",3.7,3.36000394821167
"22117",5.3,4.82071304321289
"22119",6,5.34531497955322
"22121",3.9,3.64789056777954
"22123",5.1,4.27787923812866
"22125",4,3.4789354801178
"22127",5,4.55960083007812
"23001",3.7,3.5369553565979
"23003",4.5,4.13857841491699
"23005",2.9,2.86021280288696
"23007",3.9,3.70150113105774
"23009",3.8,3.55833315849304
"23011",3.6,3.44053196907043
"23013",3.9,3.55535244941711
"23015",3.9,3.63827776908875
"23017",4.4,3.98683452606201
"23019",3.6,3.35151124000549
"23021",4.7,4.33401107788086
"23023",3.6,3.56188011169434
"23025",4.4,4.09167051315308
"23027",3.8,3.59976077079773
"23029",4.6,4.26999855041504
"23031",3.4,3.2917218208313
"24001",4.2,3.85050225257874
"24003",2.9,2.7319176197052
"24005",3.5,3.1831362247467
"24009",3,2.88593173027039
"24011",4.3,3.76423621177673
"24013",2.9,2.80970692634583
"24015",3.5,3.20590043067932
"24017",3.4,3.43827629089355
"24019",4.9,4.67687320709229
"24021",2.8,2.70640873908997
"24023",4.2,3.7808940410614
"24025",3.1,2.89113163948059
"24027",2.6,2.48721623420715
"24029",4.2,3.79707431793213
"24031",2.9,2.70549893379211
"24033",3.9,3.34456539154053
"24035",3.4,3.20721054077148
"24037",3,2.81556558609009
"24039",4.3,4.1445255279541
"24041",4.3,3.80451130867004
"24043",3.8,3.47114038467407
"24045",3.7,3.54554033279419
"24047",4.2,3.82156896591187
"24510",4.4,3.58164215087891
"25001",3.8,3.68672847747803
"25003",3.7,3.5322208404541
"25005",3.5,3.13731932640076
"25007",3.5,3.40270137786865
"25009",3.1,2.9211106300354
"25011",3.6,3.51721596717834
"25013",3.7,3.45593976974487
"25015",2.7,2.77229046821594
"25017",2.5,2.47568106651306
"25019",2.5,2.52288937568665
"25021",2.7,2.56605124473572
"25023",3.2,2.95768404006958
"25025",2.8,2.64012217521667
"25027",3.1,2.87903428077698
"26001",5.2,5.04302310943604
"26003",4.3,4.1165337562561
"26005",3.5,3.16032028198242
"26007",4.6,4.28629159927368
"26009",4,3.65251612663269
"26011",4.7,4.3891863822937
"26013",4.6,4.43914794921875
"26015",3.5,3.32467079162598
"26017",3.9,3.75256490707397
"26019",4.1,3.60673570632935
"26021",4.2,3.66725754737854
"26023",4.2,3.8047878742218
"26025",4,3.75595569610596
"26027",4.2,3.89913654327393
"26029",3.9,3.67966365814209
"26031",4.6,4.37379121780396
"26033",4,4.00422143936157
"26035",5.1,4.87330770492554
"26037",3.2,3.03289079666138
"26039",4.8,4.23730611801147
"26041",4.4,4.13121175765991
"26043",4,3.6781222820282
"26045",3.4,3.13834118843079
"26047",3.6,3.57633590698242
"26049",4.2,3.87070822715759
"26051",4.9,4.5291485786438
"26053",4.9,4.42316961288452
"26055",3.3,3.22498846054077
"26057",3.7,3.4470739364624
"26059",4.2,3.85723900794983
"26061",3.2,3.00188064575195
"26063",4.6,4.25741624832153
"26065",2.9,2.86601376533508
"26067",3.4,3.23930668830872
"26069",5.3,4.51669836044312
"26071",5,4.49222135543823
"26073",3.2,3.02743029594421
"26075",3.7,3.56720280647278
"26077",3.1,2.87360143661499
"26079",4.3,3.89385771751404
"26081",2.9,2.74020314216614
"26083",4.3,3.79134774208069
"26085",5.6,5.03292512893677
"26087",3.7,3.55998778343201
"26089",3.8,3.66609621047974
"26091",3.8,3.65822124481201
"26093",3,2.8809449672699
"26095",4.5,4.25771045684814
"26097",5.2,4.67339944839478
"26099",3.5,3.28807067871094
"26101",4.4,4.08424615859985
"26103",3.3,3.18982100486755
"26105",4.4,4.02533864974976
"26107",4.1,3.93953967094421
"26109",4.5,4.1601676940918
"26111",3.4,3.13355350494385
"26113",4.2,3.91220164299011
"26115",3.6,3.41694259643555
"26117",3.8,3.60111236572266
"26119",5.4,4.8781909942627
"26121",3.9,3.54745745658875
"26123",4.2,3.88189172744751
"26125",3,2.58950042724609
"26127",4.3,3.86048412322998
"26129",4.9,4.72085857391357
"26131",5.5,5.19638061523438
"26133",4.4,4.12710046768188
"26135",5.5,5.00035238265991
"26137",3.8,3.51169610023499
"26139",2.9,2.76391863822937
"26141",5.1,4.60754442214966
"26143",5.1,4.92335653305054
"26145",4.3,3.95379710197449
"26147",3.8,3.57385277748108
"26149",3.9,3.71085333824158
"26151",4.4,4.03294849395752
"26153",5.1,4.4945240020752
"26155",3.8,3.54466533660889
"26157",4.2,3.85607004165649
"26159",4,3.68721747398376
"26161",2.7,2.45992755889893
"26163",4.4,3.7701210975647
"26165",4.1,3.65204930305481
"27001",5,4.78775691986084
"27003",3,2.84756684303284
"27005",3.9,3.81620693206787
"27007",3.7,3.28567910194397
"27009",3.1,2.96694946289062
"27011",4.4,3.9350426197052
"27013",2.9,2.78671026229858
"27015",3.7,3.49903130531311
"27017",3.5,3.38706111907959
"27019",2.5,2.35538506507874
"27021",4.4,4.30581665039062
"27023",4.1,3.96343374252319
"27025",3.1,3.12127113342285
"27027",2.8,2.63082218170166
"27029",4.3,4.02988576889038
"27031",4,3.5541079044342
"27033",4.2,3.93397927284241
"27035",3.8,3.7404727935791
"27037",2.7,2.67625045776367
"27039",2.9,2.80106139183044
"27041",3.7,3.60959720611572
"27043",4.2,3.8525071144104
"27045",3.8,3.5822811126709
"27047",4.1,3.93175983428955
"27049",3.5,3.3183217048645
"27051",4.1,3.80934906005859
"27053",2.8,2.49074077606201
"27055",3.6,3.48557567596436
"27057",4.1,3.83437728881836
"27059",3.3,3.23040270805359
"27061",4.1,3.93478512763977
"27063",3.8,3.63648653030396
"27065",4,3.81427431106567
"27067",3.7,3.41914391517639
"27069",4,3.87623810768127
"27071",4.3,4.18659782409668
"27073",4,3.91701316833496
"27075",4.2,3.83312034606934
"27077",4,3.96720385551453
"27079",3.3,3.26323318481445
"27081",4,3.78178691864014
"27083",3.4,3.26809692382812
"27085",3.5,3.52299451828003
"27087",5.3,4.87543153762817
"27089",3.9,3.65656495094299
"27091",4.1,3.81958699226379
"27093",3.7,3.65829944610596
"27095",3.7,3.52968215942383
"27097",3.8,3.54741621017456
"27099",3.7,3.54421067237854
"27101",4.1,3.8571629524231
"27103",3.1,2.87556529045105
"27105",4,3.91195225715637
"27107",4,3.81230068206787
"27109",2.8,2.6945788860321
"27111",4,3.83464169502258
"27113",3.5,3.41245913505554
"27115",4.1,3.8690938949585
"27117",4.1,3.71995234489441
"27119",3.6,3.31261301040649
"27121",4,3.83127641677856
"27123",3,2.70500993728638
"27125",3.8,3.66997408866882
"27127",4.1,3.90191411972046
"27129",4,3.83044505119324
"27131",3.1,3.0159969329834
"27133",3.7,3.36816477775574
"27135",3.7,3.421311378479
"27137",3.5,3.32649374008179
"27139",2.5,2.49860715866089
"27141",2.6,2.64058375358582
"27143",3.6,3.53327465057373
"27145",3.2,3.06863737106323
"27147",3.4,3.07976317405701
"27149",3,3.04164052009583
"27151",4.3,3.8610360622406
"27153",4.4,4.03523063659668
"27155",4.4,4.0228214263916
"27157",3.7,3.45952272415161
"27159",4.1,3.76511859893799
"27161",3.5,3.37324094772339
"27163",2.7,2.62431716918945
"27165",3.9,4.00294637680054
"27167",3.9,3.55644226074219
"27169",3.1,3.18174743652344
"27171",2.7,2.6555163860321
"27173",3.9,3.63984155654907
"28001",6.3,5.13848543167114
"28003",4.5,4.05366516113281
"28005",6.5,5.94568681716919
"28007",5.3,4.98014783859253
"28009",5.2,4.97504663467407
"28011",6.1,4.9444146156311
"28013",5.6,4.91136312484741
"28015",5.9,4.99735975265503
"28017",5.6,5.1401948928833
"28019",5.2,4.73691320419312
"28021",6.1,5.69651794433594
"28023",5.5,4.91323375701904
"28025",5.8,5.26810646057129
"28027",6.5,6.04984188079834
"28029",5.4,4.95610857009888
"28031",4.7,4.54795598983765
"28033",3.4,3.27414655685425
"28035",3.8,3.59896278381348
"28037",5.7,4.90555334091187
"28039",3.9,3.77671480178833
"28041",4.2,4.01384592056274
"28043",5.3,4.27615880966187
"28045",4.3,3.80106115341187
"28047",4,3.73315000534058
"28049",4.9,4.29025888442993
"28051",7,6.31256008148193
"28053",7.7,5.51955842971802
"28055",5.1,4.42744874954224
"28057",3.7,3.76725196838379
"28059",4,3.51100397109985
"28061",5.8,5.40224504470825
"28063",7.2,5.70197105407715
"28065",6.8,6.21808290481567
"28067",4.7,4.33151149749756
"28069",5.7,5.73170518875122
"28071",3.1,2.9000084400177
"28073",3.6,3.36712884902954
"28075",5.2,4.58882141113281
"28077",5.8,4.7717490196228
"28079",5.1,4.89155101776123
"28081",3.8,3.56338691711426
"28083",6.2,5.45486354827881
"28085",4.6,4.36743068695068
"28087",4.5,3.90802836418152
"28089",3.4,2.86168050765991
"28091",5.3,4.70385599136353
"28093",5.6,5.09321784973145
"28095",5.1,4.53687143325806
"28097",6.1,4.92382335662842
"28099",4.9,4.63674783706665
"28101",4.8,4.58758592605591
"28103",6.5,5.68498182296753
"28105",3.2,2.88647627830505
"28107",5.5,4.7550802230835
"28109",4.4,4.16444158554077
"28111",4.9,4.55593967437744
"28113",5.7,5.40989303588867
"28115",4,3.78357338905334
"28117",4.2,3.78119397163391
"28119",7,6.17891311645508
"28121",3.4,3.25101280212402
"28123",5.4,4.76027488708496
"28125",7.8,5.77632713317871
"28127",4.9,4.69648265838623
"28129",5.3,4.71574592590332
"28131",4.1,4.16842889785767
"28133",5.8,5.32106971740723
"28135",5.7,5.31301212310791
"28137",4.1,3.94992685317993
"28139",4.6,4.2063889503479
"28141",4.7,4.35511112213135
"28143",6.3,5.7417516708374
"28145",4.3,3.88659811019897
"28147",5.5,5.31485557556152
"28149",4.7,4.17846918106079
"28151",6.5,5.44448804855347
"28153",5.5,4.84624814987183
"28155",4.1,4.15205478668213
"28157",6.2,5.77590703964233
"28159",5.9,5.36328363418579
"28161",5.8,5.18914175033569
"28163",5.5,5.08330678939819
"29001",3.1,3.0177800655365
"29003",3.6,3.36928343772888
"29005",4.7,3.94349455833435
"29007",4.4,3.98803496360779
"29009",4.7,4.43996381759644
"29011",4.9,4.29056882858276
"29013",4.4,4.06533908843994
"29015",5.4,4.80981636047363
"29017",4.6,3.95250344276428
"29019",2.7,2.57315611839294
"29021",3.9,3.53547263145447
"29023",4.8,4.1607084274292
"29025",4.1,3.88229489326477
"29027",3.6,3.33364796638489
"29029",4.6,4.38184976577759
"29031",3.4,3.21165728569031
"29033",4.4,3.77603721618652
"29035",5,4.55520009994507
"29037",3.3,3.22879815101624
"29039",5,4.26334619522095
"29041",4.6,3.99901342391968
"29043",3.2,3.00708794593811
"29045",4.8,4.01559782028198
"29047",3,2.83135032653809
"29049",3.8,3.54117941856384
"29051",3.3,2.92860913276672
"29053",3.8,3.4046266078949
"29055",4.4,4.20509004592896
"29057",5.1,4.30470561981201
"29059",4.7,4.50285625457764
"29061",4.6,4.08808612823486
"29063",4,3.49291348457336
"29065",4.7,3.98986792564392
"29067",4.9,4.55707502365112
"29069",5,4.38071918487549
"29071",3.7,3.34446263313293
"29073",4.3,3.90270280838013
"29075",4.1,3.95177388191223
"29077",3.4,3.10205483436584
"29079",4.7,4.08604145050049
"29081",4.8,4.1037015914917
"29083",4.6,4.21434688568115
"29085",6.7,5.02467250823975
"29087",4.5,3.98733758926392
"29089",3.7,3.46132469177246
"29091",4.8,4.3610405921936
"29093",4.7,4.37444591522217
"29095",3.6,3.2522885799408
"29097",3.8,3.40436983108521
"29099",3.3,3.10599040985107
"29101",2.9,2.76346468925476
"29103",4.9,4.25167798995972
"29105",4.5,3.8668065071106
"29107",3.7,3.34259796142578
"29109",4.3,3.90985560417175
"29111",4.1,3.87987542152405
"29113",3.3,3.18264150619507
"29115",4.3,3.97094917297363
"29117",4.1,3.81023073196411
"29119",4.8,4.08677101135254
"29121",4.1,3.8968677520752
"29123",4.1,3.88749074935913
"29125",4.3,4.1502423286438
"29127",3.9,3.47766709327698
"29129",4.9,4.02894592285156
"29131",4.1,3.71206188201904
"29133",5.2,4.49128103256226
"29135",3.7,3.4141788482666
"29137",4.9,4.44874620437622
"29139",4.4,3.96461534500122
"29141",5.1,4.53059101104736
"29143",5.1,4.42251968383789
"29145",4.1,3.69390749931335
"29147",3.3,3.40247082710266
"29149",5.4,4.72787046432495
"29151",3.5,3.49503445625305
"29153",6.1,5.11959457397461
"29155",5.6,5.0702977180481
"29157",3.9,3.54293298721313
"29159",3.9,3.49112296104431
"29161",3.6,3.09640073776245
"29163",4.3,3.71952962875366
"29165",2.8,2.69100785255432
"29167",4.1,3.79781103134155
"29169",2.5,2.55845332145691
"29171",4.3,4.27767944335938
"29173",4.5,3.92413520812988
"29175",4,3.65019702911377
"29177",4,3.74796319007874
"29179",5.2,4.42692947387695
"29181",5,4.42092943191528
"29183",2.8,2.75156855583191
"29185",5.3,4.65111064910889
"29186",3.9,3.68793535232544
"29187",4,3.72580361366272
"29189",3.4,3.12306880950928
"29195",3.7,3.4193160533905
"29197",3.9,4.06728649139404
"29199",4.3,4.15706348419189
"29201",4.2,3.83542037010193
"29203",4.9,4.37300109863281
"29205",4.8,4.06007766723633
"29207",4.6,4.07254791259766
"29209",5,4.51065349578857
"29211",4.5,4.13728952407837
"29213",4.2,3.85303449630737
"29215",4.9,4.27303552627563
"29217",4.6,4.11815452575684
"29219",3.7,3.40953969955444
"29221",4.6,4.03297519683838
"29223",5.7,5.07765674591064
"29225",3.8,3.48786807060242
"29227",5,4.4763765335083
"29229",5,4.10572004318237
"29510",3.9,3.2642617225647
"30001",3.8,3.57302761077881
"30003",5,4.69359636306763
"30005",4.7,4.31480884552002
"30007",3.7,3.86505722999573
"30009",4.1,3.83239603042603
"30011",4.7,4.49912309646606
"30013",3.6,3.35944652557373
"30015",4.2,4.13397407531738
"30017",3.6,3.23742771148682
"30019",4.1,4.01829290390015
"30021",3.5,3.45486998558044
"30023",4.6,4.21667385101318
"30025",3.6,4.00026607513428
"30027",4.2,3.99305391311646
"30029",3.4,3.27542400360107
"30031",2.3,2.3012113571167
"30033",4.3,4.18554830551147
"30035",5.3,4.89095020294189
"30037",5.4,4.59042406082153
"30039",4.6,4.12295055389404
"30041",4,3.57390356063843
"30043",3.5,3.37502455711365
"30045",4.7,4.43793725967407
"30047",4.5,4.24646329879761
"30049",3.2,3.01830554008484
"30051",5.1,3.73795509338379
"30053",5.1,4.75134420394897
"30055",4.1,3.96304869651794
"30057",3.8,3.50222587585449
"30059",4.6,4.21705102920532
"30061",4.6,4.32384157180786
"30063",2.8,2.6548273563385
"30065",4.5,4.42047786712646
"30067",3.7,3.60748052597046
"30069",4.5,3.76611852645874
"30071",4.3,3.82122778892517
"30073",4.9,4.23010540008545
"30075",4.2,4.19369220733643
"30077",3.9,3.54069805145264
"30079",6.3,5.08356428146362
"30081",3.8,3.90470218658447
"30083",3.2,3.28752112388611
"30085",4.6,4.68705606460571
"30087",4.6,4.5158805847168
"30089",5.2,4.57340049743652
"30091",4.1,3.83931255340576
"30093",3.6,3.33513760566711
"30095",3.8,3.6786060333252
"30097",4,3.89344191551208
"30099",4.1,3.88911485671997
"30101",4,3.37678909301758
"30103",4.6,3.74322366714478
"30105",4.3,4.13567876815796
"30107",4.7,5.10021018981934
"30109",4.2,3.94672966003418
"30111",3.2,2.99125242233276
"31001",3.4,3.31834435462952
"31003",4,3.85315012931824
"31005",3.9,3.37390327453613
"31007",3.9,3.92152714729309
"31009",4,4.13570261001587
"31011",4.1,3.71541690826416
"31013",3.8,3.54597115516663
"31015",4.8,4.66984224319458
"31017",4.2,4.19533681869507
"31019",2.9,2.85905480384827
"31021",4.1,4.01529455184937
"31023",3.5,3.4959077835083
"31025",3.2,3.08653783798218
"31027",3.6,3.49744153022766
"31029",4,4.24991226196289
"31031",4.1,3.67744374275208
"31033",4,3.65420150756836
"31035",3.6,3.63049483299255
"31037",3.5,3.30070304870605
"31039",3.8,3.60632348060608
"31041",3.8,3.6698522567749
"31043",3.3,3.30109596252441
"31045",3.2,3.25781917572021
"31047",3.6,3.67095446586609
"31049",4.4,4.01285696029663
"31051",4.1,3.73094367980957
"31053",3.6,3.39414262771606
"31055",2.9,2.74641156196594
"31057",4.4,3.86909437179565
"31059",3.7,3.68683123588562
"31061",4.6,4.37414360046387
"31063",3.8,4.02043151855469
"31065",4.2,4.01714086532593
"31067",3.9,3.7063844203949
"31069",5,4.6251368522644
"31071",4,3.71175122261047
"31073",3.8,3.74391841888428
"31075",3.8,3.51963329315186
"31077",4.1,3.97595047950745
"31079",3.5,3.4011058807373
"31081",3.3,3.24719429016113
"31083",4.1,3.99745869636536
"31085",4.5,4.32910776138306
"31087",4.3,3.9152524471283
"31089",4,3.68364548683167
"31091",4.3,4.1550874710083
"31093",3.6,3.56141138076782
"31095",4,3.96154379844666
"31097",3.5,3.39387178421021
"31099",3.3,3.11670923233032
"31101",4.2,4.2739200592041
"31103",4.8,3.89914393424988
"31105",4.9,4.83794832229614
"31107",4.5,4.16069078445435
"31109",2.8,2.65414690971375
"31111",4,3.60745310783386
"31113",3.8,3.72373867034912
"31115",4.2,4.05901527404785
"31117",4.4,3.52217435836792
"31119",3.4,3.33260607719421
"31121",3.7,3.69802904129028
"31123",4.2,3.80764150619507
"31125",3.9,4.02412414550781
"31127",3.7,3.44569158554077
"31129",4.1,4.08757066726685
"31131",3.4,3.43792915344238
"31133",4.9,4.52799463272095
"31135",3.7,3.86066579818726
"31137",3.7,3.44787192344666
"31139",3.5,3.35552167892456
"31141",3.4,3.29057931900024
"31143",3.7,3.7741801738739
"31145",3.8,3.51983857154846
"31147",4.2,4.03229475021362
"31149",3.9,4.01674938201904
"31151",3.3,3.33656311035156
"31153",2.5,2.44409394264221
"31155",3.1,3.06345820426941
"31157",3.8,3.62027788162231
"31159",3,2.90746688842773
"31161",4.5,4.40063858032227
"31163",4.4,4.15928554534912
"31165",5.2,3.87436509132385
"31167",3.5,3.48268413543701
"31169",4.2,3.8616201877594
"31171",3.6,4.24747705459595
"31173",3.9,4.0914192199707
"31175",4.2,3.75309586524963
"31177",3.1,2.9345600605011
"31179",2.9,2.97111845016479
"31181",3.8,3.77606678009033
"31183",4,3.70486259460449
"31185",3.5,3.42234635353088
"32001",3.8,3.55128812789917
"32003",3.4,3.25218105316162
"32005",4.2,3.88235235214233
"32007",3.3,3.16270422935486
"32009",6.1,4.23442363739014
"32011",5.2,4.46142148971558
"32013",3.5,3.48747825622559
"32015",4.1,3.11123085021973
"32017",4,3.58962488174438
"32019",3.9,3.99907922744751
"32021",6,5.42930221557617
"32023",5.2,4.95260190963745
"32027",3.8,3.51889443397522
"32029",4.1,4.31160068511963
"32031",3.2,3.11038613319397
"32033",4.2,3.64757895469666
"32510",3.7,3.58256888389587
"33001",3.6,3.57300186157227
"33003",3.8,3.55375862121582
"33005",3.4,3.3260064125061
"33007",4.4,4.03998470306396
"33009",3.2,3.43354439735413
"33011",2.9,2.76788783073425
"33013",3.1,3.00081157684326
"33015",2.9,2.8810772895813
"33017",2.8,2.83720946311951
"33019",3.8,3.61709403991699
"34001",3.7,3.60785722732544
"34003",2.8,2.65850353240967
"34005",3.1,2.88678216934204
"34007",3.3,3.15871715545654
"34009",3.9,3.82292675971985
"34011",4,3.91224265098572
"34013",3.6,3.28039622306824
"34015",3,2.94911766052246
"34017",2.6,2.57785558700562
"34019",2.8,2.88177108764648
"34021",3.1,2.7911548614502
"34023",2.8,2.6572163105011
"34025",2.9,2.833416223526
"34027",2.6,2.59571123123169
"34029",3.6,3.43565440177917
"34031",3.4,3.32338714599609
"34033",3.8,3.71462655067444
"34035",2.6,2.60270309448242
"34037",2.9,2.92072463035583
"34039",3.2,2.9075984954834
"34041",3.2,3.02364563941956
"35001",3.4,3.22056698799133
"35003",6.1,5.41734933853149
"35005",4,4.15228366851807
"35006",4.7,5.07861518859863
"35007",4.7,4.51108932495117
"35009",3.5,3.31069159507751
"35011",4.9,5.88309478759766
"35013",3.6,3.56806778907776
"35015",3.3,3.42650771141052
"35017",4.9,4.26534843444824
"35019",4.3,4.9876594543457
"35021",6.4,4.53698587417603
"35023",4.8,5.11132860183716
"35025",3.4,3.31950521469116
"35027",4.7,4.46111965179443
"35028",2.4,2.6093282699585
"35029",5.3,5.28721857070923
"35031",6,5.52610397338867
"35033",4.7,4.59414434432983
"35035",3.9,4.08554744720459
"35037",5.4,5.09849977493286
"35039",4.5,5.43911409378052
"35041",3.4,3.59907746315002
"35043",3.4,3.2552764415741
"35045",4.7,4.77565145492554
"35047",4.4,4.63135004043579
"35049",3.8,3.83666634559631
"35051",6.4,5.75841856002808
"35053",4.6,4.8429799079895
"35055",4.4,4.02536678314209
"35057",5,5.04901695251465
"35059",4.5,4.83035707473755
"35061",3.9,3.9688572883606
"36001",3,2.87929081916809
"36003",3.7,3.56940484046936
"36005",4.4,4.48781824111938
"36007",3.7,3.403156042099
"36009",4.1,3.88913702964783
"36011",3.9,3.57664346694946
"36013",4,3.76695203781128
"36015",3.8,3.48574471473694
"36017",4.1,3.73525023460388
"36019",3.5,3.22125053405762
"36021",3.9,3.57530641555786
"36023",3.1,3.07673668861389
"36025",4.3,3.99595928192139
"36027",3.1,3.03473663330078
"36029",3.4,3.17930197715759
"36031",4,3.79066348075867
"36033",3.9,3.59047794342041
"36035",4,3.706130027771
"36037",3.5,3.36257028579712
"36039",3.9,3.73151588439941
"36041",4.5,4.2275538444519
"36043",3.9,3.70102071762085
"36045",3.1,3.06386685371399
"36047",3.6,3.26812648773193
"36049",3.9,3.66574883460999
"36051",3.4,3.18871426582336
"36053",3.4,3.23405694961548
"36055",3.3,3.07877635955811
"36057",3.8,3.76852750778198
"36059",2.9,2.81370210647583
"36061",2.7,2.82960343360901
"36063",3.7,3.40533065795898
"36065",3.7,3.35663104057312
"36067",3.4,3.16282892227173
"36069",3.4,3.2540078163147
"36071",3.2,2.97218751907349
"36073",3.9,3.68331575393677
"36075",3.7,3.41993165016174
"36077",3.4,3.44070601463318
"36079",2.9,2.89967703819275
"36081",3.5,3.41124296188354
"36083",3.1,2.87961888313293
"36085",3.2,2.94288778305054
"36087",3.4,2.8379385471344
"36089",3.8,3.53817129135132
"36091",3,2.86438989639282
"36093",3.3,3.1388099193573
"36095",3.8,3.80445742607117
"36097",4.1,3.78883457183838
"36099",4,3.6778883934021
"36101",3.8,3.431067943573
"36103",3,2.8766758441925
"36105",3.7,3.49483251571655
"36107",3.8,3.43261551856995
"36109",2.4,2.59135985374451
"36111",3.5,3.48593068122864
"36113",3.6,3.37714672088623
"36115",3.8,3.72064137458801
"36117",3.7,3.48854112625122
"36119",3,2.73196029663086
"36121",3.7,3.57674121856689
"36123",4,3.79064869880676
"37001",3.8,3.60939931869507
"37003",4.1,3.89787530899048
"37005",5.3,4.49494457244873
"37007",5.5,5.25743961334229
"37009",4.6,4.24531984329224
"37011",4.2,4.036301612854
"37013",5,4.69021606445312
"37015",6.3,5.47894620895386
"37017",5.3,5.2548360824585
"37019",4.3,4.2557315826416
"37021",3.4,3.31684947013855
"37023",4.4,4.084876537323
"37025",3.1,2.9360203742981
"37027",4.3,3.78985166549683
"37029",3.3,3.17551732063293
"37031",4,3.7710554599762
"37033",5,4.81915855407715
"37035",3.7,3.57071900367737
"37037",4,3.59475016593933
"37039",5.1,4.43762302398682
"37041",5.5,4.62028884887695
"37043",4.8,4.24536943435669
"37045",4.4,4.09434938430786
"37047",5.1,4.89193201065063
"37049",4,3.67045402526855
"37051",3.6,3.42548537254333
"37053",3.2,3.1983802318573
"37055",3.5,3.47671175003052
"37057",4.1,3.81684851646423
"37059",3.9,3.68357467651367
"37061",4.9,4.80225467681885
"37063",3,2.83883929252625
"37065",5.7,5.48452138900757
"37067",3.7,3.36755681037903
"37069",3.9,3.67712664604187
"37071",3.7,3.4195384979248
"37073",5.1,4.58195924758911
"37075",4.3,4.3327956199646
"37077",4.2,3.92772889137268
"37079",4.9,4.75074815750122
"37081",3.6,3.34432005882263
"37083",6.3,5.91184568405151
"37085",3.5,3.41696858406067
"37087",4.1,3.84092426300049
"37089",4.1,3.72983407974243
"37091",6,5.67973947525024
"37093",3.8,3.62835431098938
"37095",5.5,5.30141258239746
"37097",3.3,3.02799868583679
"37099",3.8,3.74628758430481
"37101",3.3,3.18584394454956
"37103",5.5,5.17926645278931
"37105",4,3.91761946678162
"37107",5.8,5.12445497512817
"37109",3.6,3.41467976570129
"37111",4.3,3.92315292358398
"37113",4.7,4.40418243408203
"37115",3.8,3.79439282417297
"37117",5.8,5.65354585647583
"37119",2.8,2.80523824691772
"37121",4.2,4.1074104309082
"37123",4.8,4.50677585601807
"37125",3.7,3.62181067466736
"37127",4.6,4.43002367019653
"37129",3.3,3.2126567363739
"37131",6.7,5.52780485153198
"37133",2.6,2.50249457359314
"37135",2.7,2.64399433135986
"37137",5,4.48591613769531
"37139",4,3.55835747718811
"37141",3.6,3.27532482147217
"37143",5,4.78107404708862
"37145",4.7,4.56324768066406
"37147",3.6,3.67217063903809
"37149",4.7,4.14061832427979
"37151",4.1,3.87276577949524
"37153",5.2,4.8531665802002
"37155",5.8,5.60372638702393
"37157",4.7,4.52117395401001
"37159",4,3.91434407234192
"37161",4.7,4.22106504440308
"37163",4.7,4.79703235626221
"37165",5.6,5.1650505065918
"37167",4,3.84447622299194
"37169",4.3,4.04818487167358
"37171",4.5,4.12313842773438
"37173",4.8,4.79521989822388
"37175",4.3,3.91610407829285
"37177",5.7,5.482994556427
"37179",2.9,2.72997307777405
"37181",5.2,5.15638113021851
"37183",2.6,2.51317143440247
"37185",6.5,5.50547647476196
"37187",6.8,5.95653486251831
"37189",3.1,2.82757544517517
"37191",4.4,3.92497539520264
"37193",4.7,4.31474828720093
"37195",5.2,4.97424125671387
"37197",4.3,4.06968593597412
"37199",4.5,4.16646957397461
"38001",4.8,4.33612012863159
"38003",3.7,3.58812808990479
"38005",4.8,4.46856689453125
"38007",3.9,3.94176363945007
"38009",3.9,3.89789152145386
"38011",3.8,3.81085348129272
"38013",3.5,3.54037833213806
"38015",2.9,2.85777044296265
"38017",2.4,2.48777365684509
"38019",4,3.86853718757629
"38021",3.6,3.46897530555725
"38023",4.1,3.97180414199829
"38025",3.6,3.69467067718506
"38027",4.4,4.0315957069397
"38029",4.6,4.24111032485962
"38031",3.8,3.63965916633606
"38033",4.5,4.45395421981812
"38035",2.7,2.67156410217285
"38037",5.3,4.36148452758789
"38039",4.3,3.94464063644409
"38041",3.9,3.96708559989929
"38043",4.3,3.92533397674561
"38045",4.2,3.97334933280945
"38047",4.6,3.94930171966553
"38049",3.8,3.64030647277832
"38051",5,4.81328439712524
"38053",2.8,2.92974400520325
"38055",3.9,3.8822455406189
"38057",4,3.79149222373962
"38059",3,2.94222950935364
"38061",3.7,3.55567121505737
"38063",4,3.93436765670776
"38065",3.8,3.99870872497559
"38067",4.1,3.93567538261414
"38069",3.9,3.80282545089722
"38071",4,3.75770998001099
"38073",3.8,3.69103264808655
"38075",3.5,3.45454049110413
"38077",3.4,3.45465445518494
"38079",5,4.43413352966309
"38081",3.7,3.79693984985352
"38083",5,4.45023250579834
"38085",6,5.18947458267212
"38087",4.9,4.03512525558472
"38089",3,2.85800743103027
"38091",4.1,4.15217065811157
"38093",3.6,3.45030856132507
"38095",4.9,4.03864431381226
"38097",3.3,3.37181758880615
"38099",4.1,3.79354357719421
"38101",2.7,2.75352382659912
"38103",4.6,3.87539458274841
"38105",2.7,2.62709951400757
"39001",4.6,4.25799083709717
"39003",3.9,3.62948417663574
"39005",4,3.6340274810791
"39007",4.5,3.99424290657043
"39009",3.1,2.82130742073059
"39011",3.5,3.32603859901428
"39013",4.1,3.92250990867615
"39015",4.2,3.92577600479126
"39017",3.3,2.91561627388
"39019",4.4,3.95401859283447
"39021",3.6,3.44056129455566
"39023",4.2,3.98298263549805
"39025",3.3,2.99025702476501
"39027",3.9,3.58138418197632
"39029",4.3,3.91579556465149
"39031",4.5,4.02946996688843
"39033",4.2,3.87067413330078
"39035",4,3.59053230285645
"39037",4.1,3.78150320053101
"39039",3.6,3.4880576133728
"39041",2.5,2.46061086654663
"39043",4,3.72248101234436
"39045",3.3,2.99163413047791
"39047",4.1,3.93426394462585
"39049",3.1,2.79533314704895
"39051",3.6,3.51319241523743
"39053",4.4,3.84539842605591
"39055",3.5,3.22359251976013
"39057",3.1,2.94762587547302
"39059",4.3,3.97881674766541
"39061",3.5,2.99697113037109
"39063",3.3,3.16441369056702
"39065",3.6,3.69681811332703
"39067",4.4,4.40211582183838
"39069",3.7,3.49190974235535
"39071",4.2,3.73975849151611
"39073",4.4,3.91621661186218
"39075",3.9,3.67696166038513
"39077",3.8,3.59905672073364
"39079",4.1,3.75998997688293
"39081",4.2,3.94279813766479
"39083",3.6,3.37433505058289
"39085",3.5,3.31196427345276
"39087",4.3,3.74195957183838
"39089",3.4,3.09980583190918
"39091",3.9,3.60382342338562
"39093",3.7,3.36061263084412
"39095",3.9,3.57382845878601
"39097",3.4,3.20891737937927
"39099",4.3,3.85459208488464
"39101",4.1,3.74034571647644
"39103",3.2,2.97802448272705
"39105",5,4.68875980377197
"39107",3.5,3.2511625289917
"39109",3.5,3.32696843147278
"39111",4.8,4.43712902069092
"39113",3.9,3.53439784049988
"39115",4.6,4.07547903060913
"39117",3.8,3.58147263526917
"39119",3.9,3.68575501441956
"39121",5.4,4.58262825012207
"39123",3.9,3.83666658401489
"39125",3.9,3.58609461784363
"39127",4,3.72889137268066
"39129",3.5,3.29598021507263
"39131",4.8,4.064697265625
"39133",3.3,3.15851664543152
"39135",3.8,3.69040036201477
"39137",3.3,3.17528295516968
"39139",4.1,3.84078168869019
"39141",4.1,3.60719680786133
"39143",3.9,3.77066135406494
"39145",4.4,4.04914426803589
"39147",3.6,3.53072190284729
"39149",3.7,3.34908652305603
"39151",3.9,3.60257315635681
"39153",3.6,3.25865888595581
"39155",4.4,3.9848427772522
"39157",4,3.7051305770874
"39159",2.6,2.64021444320679
"39161",3.7,3.54246735572815
"39163",4.4,3.88394999504089
"39165",2.8,2.60596370697021
"39167",4.1,3.80990314483643
"39169",3.7,3.35382127761841
"39171",4,3.7321240901947
"39173",2.9,2.82058334350586
"39175",3.6,3.37566208839417
"40001",5.3,4.99103164672852
"40003",4,3.96512126922607
"40005",4.6,4.32112598419189
"40007",4.1,3.9868266582489
"40009",4,3.91274309158325
"40011",4.3,4.04789733886719
"40013",4.2,3.91758227348328
"40015",4.3,4.39626741409302
"40017",2.8,2.83118963241577
"40019",4,3.89771461486816
"40021",4.2,4.12968683242798
"40023",5.3,5.06309223175049
"40025",4.1,3.98120427131653
"40027",3,2.88303565979004
"40029",5.4,4.84314012527466
"40031",3.6,3.5693531036377
"40033",4.7,4.08441257476807
"40035",5.1,4.62442874908447
"40037",4.1,3.99276781082153
"40039",3.4,3.15366077423096
"40041",5.3,5.10754251480103
"40043",4.1,4.09063720703125
"40045",4.4,4.1936731338501
"40047",3.7,3.5122606754303
"40049",4.2,3.99329614639282
"40051",3.6,3.50544142723083
"40053",4.3,3.93467473983765
"40055",3.9,3.69249773025513
"40057",4.8,4.68652200698853
"40059",4.1,4.05250597000122
"40061",4.9,4.76820516586304
"40063",4.7,4.54638957977295
"40065",3.7,3.55821943283081
"40067",5.1,4.64626550674438
"40069",4.8,4.37212800979614
"40071",4.3,4.0781455039978
"40073",3.6,3.52815723419189
"40075",5.1,4.51347780227661
"40077",5.5,5.07645702362061
"40079",4.7,4.44890069961548
"40081",4.3,4.14889907836914
"40083",3.5,3.2996609210968
"40085",4.3,4.31068134307861
"40087",3.3,3.18290567398071
"40089",4.8,4.7019419670105
"40091",5.6,5.28469371795654
"40093",4.1,4.05752849578857
"40095",4.8,4.67997121810913
"40097",4.5,4.40953540802002
"40099",4.4,4.08096647262573
"40101",4.6,4.40902471542358
"40103",4.1,3.93218731880188
"40105",4.7,4.50062704086304
"40107",5.4,5.06897926330566
"40109",3.5,3.10450053215027
"40111",4.6,4.37726068496704
"40113",4.5,4.11199808120728
"40115",4.7,4.48487949371338
"40117",4.4,4.4137659072876
"40119",2.9,2.78825783729553
"40121",4.5,4.33481788635254
"40123",3.8,3.41139817237854
"40125",3.9,3.75050091743469
"40127",5.6,5.16122388839722
"40129",4.5,3.95495915412903
"40131",3.6,3.37831020355225
"40133",5,4.6835503578186
"40135",5.1,4.59725046157837
"40137",4.4,4.14549875259399
"40139",3.5,3.42003202438354
"40141",4.7,4.53657531738281
"40143",3.4,3.08372092247009
"40145",3.5,3.28973722457886
"40147",4.1,3.53712177276611
"40149",4.1,3.76482939720154
"40151",3.5,3.12039232254028
"40153",3.7,3.36007404327393
"41001",4.4,3.98739314079285
"41003",2.8,2.63937139511108
"41005",3.1,2.99597334861755
"41007",4,3.92150473594666
"41009",3.7,3.48011422157288
"41011",4.7,4.40346622467041
"41013",3.9,3.89190173149109
"41015",5.2,4.81708574295044
"41017",3.2,3.15516138076782
"41019",4.5,4.25909233093262
"41021",4.9,4.43828248977661
"41023",4.9,4.63448810577393
"41025",4.9,4.23262500762939
"41027",3.2,3.05395936965942
"41029",3.8,3.67033505439758
"41031",3.9,4.080397605896
"41033",4.9,4.44690132141113
"41035",4.3,4.07734155654907
"41037",4.7,4.1713547706604
"41039",3.6,3.33795237541199
"41041",4.7,4.44367933273315
"41043",3.7,3.63584280014038
"41045",4,3.94536805152893
"41047",3.5,3.30311512947083
"41049",4.1,4.16051912307739
"41051",2.7,2.5604555606842
"41053",3.4,3.22726273536682
"41055",4.7,4.17986822128296
"41057",4.3,4.09040117263794
"41059",3.6,3.48238945007324
"41061",3.9,3.70305228233337
"41063",4.1,3.77432656288147
"41065",4,3.8076343536377
"41067",2.6,2.60419225692749
"41069",5.6,5.00603151321411
"41071",3.3,3.17917633056641
"42001",NA,3.61878061294556
"42003",NA,3.12196278572083
"42005",NA,3.83818554878235
"42007",NA,3.59548163414001
"42009",NA,3.98478245735168
"42011",NA,3.44636392593384
"42013",NA,3.59952092170715
"42015",NA,3.81822967529297
"42017",NA,3.03007817268372
"42019",NA,3.00795650482178
"42021",NA,3.79807233810425
"42023",NA,4.80072593688965
"42025",NA,3.87948656082153
"42027",NA,2.60302734375
"42029",NA,2.63099384307861
"42031",NA,3.6365966796875
"42033",NA,3.79709887504578
"42035",NA,3.69262003898621
"42037",NA,3.57662105560303
"42039",NA,3.85598921775818
"42041",NA,2.94692492485046
"42043",NA,3.22913146018982
"42045",NA,2.96504163742065
"42047",NA,3.66467618942261
"42049",NA,3.3149516582489
"42051",NA,4.05728530883789
"42053",NA,4.38982629776001
"42055",NA,3.47286939620972
"42057",NA,3.92666912078857
"42059",NA,3.57431602478027
"42061",NA,3.75125861167908
"42063",NA,3.43711471557617
"42065",NA,3.97155904769897
"42067",NA,4.00496864318848
"42069",NA,3.38818955421448
"42071",NA,3.23799300193787
"42073",NA,3.87564325332642
"42075",NA,3.52513957023621
"42077",NA,3.19297981262207
"42079",NA,3.64333343505859
"42081",NA,3.53742599487305
"42083",NA,3.70201516151428
"42085",NA,3.80128884315491
"42087",NA,4.22821044921875
"42089",NA,3.57505679130554
"42091",NA,2.7178680896759
"42093",NA,3.30773997306824
"42095",NA,3.1481602191925
"42097",NA,3.75315165519714
"42099",NA,3.62277150154114
"42101",NA,3.64420771598816
"42103",NA,3.82758617401123
"42105",NA,3.99042105674744
"42107",NA,3.73487067222595
"42109",NA,3.43984293937683
"42111",NA,3.97251343727112
"42113",NA,4.07366991043091
"42115",NA,3.88245940208435
"42117",NA,3.71435260772705
"42119",NA,3.24334573745728
"42121",NA,4.0255708694458
"42123",NA,3.97516870498657
"42125",NA,3.29577159881592
"42127",NA,4.00021171569824
"42129",NA,3.51679968833923
"42131",NA,3.69199466705322
"42133",NA,3.25995397567749
"44001",2.9,2.83293914794922
"44003",3.3,3.04478216171265
"44005",3.3,3.210294008255
"44007",3.2,3.1057608127594
"44009",3.1,3.10442328453064
"45001",5,4.53709650039673
"45003",4.1,3.70614409446716
"45005",6.4,6.12268829345703
"45007",4,3.58862853050232
"45009",5.9,5.65113592147827
"45011",5.9,5.49469709396362
"45013",4,3.61095356941223
"45015",3.3,3.11619472503662
"45017",5,4.92216300964355
"45019",3.2,3.00981640815735
"45021",4.4,4.03466129302979
"45023",5.1,4.71958446502686
"45025",5.2,4.840576171875
"45027",5.8,5.45750856399536
"45029",5.2,4.8816819190979
"45031",5,4.75809192657471
"45033",6,5.28077745437622
"45035",3.4,3.19132089614868
"45037",4.6,4.2466459274292
"45039",5.9,5.61093235015869
"45041",4.5,4.24788999557495
"45043",4.8,4.28643131256104
"45045",3.3,3.00897836685181
"45047",4.5,4.12811994552612
"45049",5.6,5.15513563156128
"45051",4.3,4.037353515625
"45053",4.8,4.27583456039429
"45055",4.1,4.01455593109131
"45057",3.9,3.75084137916565
"45059",4.5,4.3551344871521
"45061",5.9,5.58808422088623
"45063",3.5,3.14519000053406
"45065",6.3,5.11711454391479
"45067",6.4,6.00317811965942
"45069",6,5.69849348068237
"45071",4.5,4.24179363250732
"45073",4.6,4.14111328125
"45075",5.7,5.33342456817627
"45077",3.6,3.3030424118042
"45079",3.5,3.32696461677551
"45081",4.9,4.71752119064331
"45083",3.7,3.52107357978821
"45085",4.6,4.08017063140869
"45087",5.8,4.91681432723999
"45089",6,5.70629405975342
"45091",3.1,2.97442102432251
"46003",3.8,3.64999437332153
"46005",4,3.53897547721863
"46007",5.7,5.25737047195435
"46009",4.1,3.79787564277649
"46011",2.5,2.4931046962738
"46013",3.3,3.11027789115906
"46015",4.2,3.5046968460083
"46017",4.9,4.95980072021484
"46019",4,3.57325458526611
"46021",4.5,3.95542502403259
"46023",4.7,4.30696439743042
"46025",4.3,4.08337831497192
"46027",2.5,2.456698179245
"46029",3.8,3.44710230827332
"46031",6,5.24012660980225
"46033",4.3,4.14759922027588
"46035",3.8,3.59238338470459
"46037",4.7,4.20638179779053
"46039",3.8,3.51595830917358
"46041",5.1,4.94084548950195
"46043",4.4,3.92928075790405
"46045",4,3.63534784317017
"46047",5.2,4.69139289855957
"46049",4.7,4.62623310089111
"46051",4.1,3.80450987815857
"46053",4.6,4.03846311569214
"46055",4.5,4.45163106918335
"46057",3.1,3.13486051559448
"46059",3.8,3.77330923080444
"46061",3.5,3.25339555740356
"46063",3.4,3.25695633888245
"46065",3.2,3.00500392913818
"46067",3.8,3.65440726280212
"46069",4.4,4.06522417068481
"46071",6,5.14393520355225
"46073",4.4,4.3708643913269
"46075",4.6,4.12478733062744
"46077",3.9,3.72858929634094
"46079",3.6,3.48294687271118
"46081",3.8,3.63006854057312
"46083",2.6,2.66123461723328
"46085",4.8,4.09364080429077
"46087",3.4,3.2839252948761
"46089",5.1,4.43462324142456
"46091",3.9,3.68041563034058
"46093",3,3.05000042915344
"46095",6.6,5.99324083328247
"46097",4.3,4.17952489852905
"46099",2.8,2.68938064575195
"46101",3.7,3.57980942726135
"46102",6.3,5.54443120956421
"46103",3.5,3.1441285610199
"46105",4.6,4.01819562911987
"46107",4.1,4.10370922088623
"46109",5,4.81525945663452
"46111",3.9,3.64310026168823
"46115",4.2,3.80594849586487
"46117",3.4,3.48219442367554
"46119",3.9,3.9431426525116
"46121",6.2,5.82576513290405
"46123",5,4.36328554153442
"46125",3.6,3.47470688819885
"46127",3.2,2.96590662002563
"46129",4.2,3.81598877906799
"46135",3.6,3.3338794708252
"46137",5.5,5.23910522460938
"47001",3.9,3.57424259185791
"47003",3.7,3.44443678855896
"47005",5,4.61960029602051
"47007",5.2,4.59219789505005
"47009",3.7,3.44675874710083
"47011",3.7,3.38666105270386
"47013",4.7,4.34525680541992
"47015",4.2,3.77499961853027
"47017",4.4,4.02826929092407
"47019",4.6,4.04263544082642
"47021",3.3,3.1385440826416
"47023",3.9,3.82924199104309
"47025",4.3,4.00864219665527
"47027",5.4,5.02887678146362
"47029",5.1,4.40559148788452
"47031",4,3.58795762062073
"47033",4.4,4.2262487411499
"47035",5.3,4.71184253692627
"47037",2.9,2.8521842956543
"47039",5.3,4.58340263366699
"47041",4.5,3.86343765258789
"47043",3.5,3.31871843338013
"47045",4.2,3.86522459983826
"47047",4.3,4.18645906448364
"47049",5.1,4.57009744644165
"47051",3.9,3.71832585334778
"47053",4.2,3.74240112304688
"47055",4.4,4.0545220375061
"47057",4.5,4.13752412796021
"47059",4.4,4.05778455734253
"47061",5,4.47077655792236
"47063",4.3,3.86678099632263
"47065",3.6,3.18892908096313
"47067",6.3,5.35104179382324
"47069",4.9,4.81560707092285
"47071",5.1,4.59761619567871
"47073",4.6,4.08421945571899
"47075",5.9,5.25948238372803
"47077",4.4,4.03656625747681
"47079",5,4.41514682769775
"47081",4.1,3.76366829872131
"47083",4.2,4.12931299209595
"47085",4.3,4.04625177383423
"47087",5,4.68328523635864
"47089",4,3.67413210868835
"47091",5.1,4.63371849060059
"47093",3.2,2.94968914985657
"47095",5.6,4.51379442214966
"47097",4.9,4.489426612854
"47099",4.3,3.94324445724487
"47101",4.4,4.20502758026123
"47103",4.2,3.75518846511841
"47105",4.3,4.0274543762207
"47107",4.2,3.85941076278687
"47109",4.7,4.2416787147522
"47111",4.1,3.83174538612366
"47113",4.3,4.07028293609619
"47115",4.7,4.15109205245972
"47117",3.7,3.48481130599976
"47119",3.4,3.2988018989563
"47121",4.7,4.2864203453064
"47123",4.7,4.25200319290161
"47125",2.7,2.74371695518494
"47127",4.2,3.73473525047302
"47129",4.3,3.9826934337616
"47131",4.7,4.17360734939575
"47133",4.6,4.31656885147095
"47135",4.9,4.27901411056519
"47137",5.9,5.06680822372437
"47139",4.3,4.09020900726318
"47141",3.5,3.11676287651062
"47143",4.4,3.91165661811829
"47145",4.4,3.92054986953735
"47147",3.4,3.25735878944397
"47149",2.7,2.73101997375488
"47151",4.9,4.34283590316772
"47153",4.9,4.30323457717896
"47155",4.1,3.78561067581177
"47157",4.2,3.89375805854797
"47159",3.8,3.46962404251099
"47161",4,3.97497129440308
"47163",4.2,3.62335324287415
"47165",3.3,3.04025959968567
"47167",3.8,3.46649932861328
"47169",3.2,3.19241380691528
"47171",4.8,3.97891974449158
"47173",4.2,3.79382991790771
"47175",4.7,4.37159538269043
"47177",4.2,3.81905722618103
"47179",3.6,3.25704193115234
"47181",4.6,4.18758392333984
"47183",4,3.74194741249084
"47185",4.6,4.12695026397705
"47187",2.5,2.38732409477234
"47189",3,2.88006258010864
"48001",3.9,3.81631779670715
"48003",3.1,3.11190819740295
"48005",4.2,3.99608969688416
"48007",4.6,4.30976724624634
"48009",3.8,3.73512434959412
"48011",3.7,4.04400014877319
"48013",3.5,3.81350541114807
"48015",4.2,4.14162158966064
"48017",3.8,4.01890563964844
"48019",4.5,4.49322891235352
"48021",3.5,3.60822105407715
"48023",4.6,4.50884342193604
"48025",3.2,3.55288243293762
"48027",3.2,3.06153106689453
"48029",3,3.03605651855469
"48031",3.7,3.76213836669922
"48033",3.9,3.00107455253601
"48035",4.3,4.11589288711548
"48037",4.1,3.91600799560547
"48039",2.9,2.95244789123535
"48041",2.6,2.60146069526672
"48043",3.3,3.53498435020447
"48045",5.2,4.43417930603027
"48047",4.4,5.19776916503906
"48049",4.1,4.0965690612793
"48051",4,4.23351049423218
"48053",3.9,3.78025650978088
"48055",3.6,3.81704688072205
"48057",3.8,3.88713049888611
"48059",3.9,3.65620541572571
"48061",3.9,4.11948537826538
"48063",4.7,4.5858154296875
"48065",3.4,3.67679333686829
"48067",4.9,4.63489580154419
"48069",3.8,3.68194246292114
"48071",2.9,3.10136461257935
"48073",4.3,4.20055437088013
"48075",3.4,4.08940315246582
"48077",4,3.85020542144775
"48079",4.9,5.08942842483521
"48081",4.9,4.34954357147217
"48083",4.6,4.74191474914551
"48085",2.3,2.35753679275513
"48087",4.4,4.93503379821777
"48089",4.2,4.1539478302002
"48091",3,3.10015058517456
"48093",4.3,4.42486906051636
"48095",4,3.95196866989136
"48097",3.8,3.7177517414093
"48099",2.8,2.91829633712769
"48101",5.5,4.77178049087524
"48103",3.5,3.4502124786377
"48105",4.1,4.36280727386475
"48107",4.5,4.61467123031616
"48109",4.7,5.51049566268921
"48111",3.6,3.31124210357666
"48113",3.2,2.9320387840271
"48115",3.9,3.5923924446106
"48117",3.9,3.53155446052551
"48119",4.1,4.1259593963623
"48121",2.4,2.47063493728638
"48123",4.4,4.49551725387573
"48125",5,4.425048828125
"48127",5.5,6.48118829727173
"48129",4.4,4.46567535400391
"48131",4.3,4.83268547058105
"48133",4.3,4.0190224647522
"48135",3,3.04079985618591
"48137",5.3,4.25958299636841
"48139",3,2.97407817840576
"48141",3.2,3.59642910957336
"48143",3.1,3.0062427520752
"48145",4.7,4.29808950424194
"48147",3.9,3.7779586315155
"48149",4.1,4.01585006713867
"48151",4.1,4.26723098754883
"48153",4.4,4.47496271133423
"48155",5.7,5.51274728775024
"48157",2.7,2.69119954109192
"48159",3.8,3.67271876335144
"48161",4.4,4.32105112075806
"48163",3.4,3.75049996376038
"48165",3.1,3.02419638633728
"48167",3.3,3.01142287254333
"48169",3.8,3.63527488708496
"48171",4.1,3.86551809310913
"48173",2.8,2.92907071113586
"48175",4.4,4.20416164398193
"48177",4.3,4.44813108444214
"48179",3.9,3.83124423027039
"48181",3.6,3.50939416885376
"48183",3.9,3.80768203735352
"48185",4.1,3.98472571372986
"48187",3,3.03884530067444
"48189",3.8,3.85198521614075
"48191",5.1,5.0618748664856
"48193",4.6,4.30177688598633
"48195",3.6,2.99013686180115
"48197",4.5,4.23064851760864
"48199",3.7,3.53996706008911
"48201",3.3,3.04256677627563
"48203",4.1,4.00827264785767
"48205",3.3,3.30462646484375
"48207",4.3,4.04206657409668
"48209",2.5,2.67076325416565
"48211",3.3,3.49381542205811
"48213",4.4,4.12416744232178
"48215",3.6,4.16344547271729
"48217",4.1,4.2577338218689
"48219",3.6,3.68077254295349
"48221",3.7,3.78151869773865
"48223",4,3.75015497207642
"48225",5.1,4.69822406768799
"48227",3.4,3.27733016014099
"48229",3.3,3.94029569625854
"48231",3.5,3.58794736862183
"48233",3.7,3.73147392272949
"48235",3.7,4.24632930755615
"48237",4,3.79173350334167
"48239",4.2,4.3170485496521
"48241",5,4.88727188110352
"48243",6.1,5.35563182830811
"48245",4.3,3.94337344169617
"48247",5.3,3.88054633140564
"48249",4,4.0553731918335
"48251",3.2,3.15025472640991
"48253",3.6,3.72397041320801
"48255",3.5,4.01176071166992
"48257",2.9,3.09198069572449
"48259",3.1,3.12527346611023
"48261",4.4,5.25986480712891
"48263",4,4.44385051727295
"48265",4.4,4.22802209854126
"48267",5,4.49013757705688
"48269",5.3,3.58733057975769
"48271",4.3,4.25461435317993
"48273",3.2,3.6746973991394
"48275",4.4,4.31959056854248
"48277",4.3,4.17199897766113
"48279",4.2,4.18967819213867
"48281",3.9,3.73477554321289
"48283",3.8,5.43549633026123
"48285",4.4,4.22719621658325
"48287",4.4,4.25658369064331
"48289",4.6,4.46621799468994
"48291",3.7,3.5545871257782
"48293",4.7,4.73561954498291
"48295",4.1,4.07555150985718
"48297",4.4,4.48306512832642
"48299",4.9,4.36114072799683
"48301",NA,4.72086048126221
"48303",3,3.10291361808777
"48305",4,3.63710260391235
"48307",4.4,4.37529039382935
"48309",3.5,3.56588673591614
"48311",4.9,3.99626421928406
"48313",3.8,3.79466247558594
"48315",5.6,5.38926267623901
"48317",3,3.0839307308197
"48319",4.3,3.76595067977905
"48321",4.3,4.38930988311768
"48323",3.6,4.00474643707275
"48325",3.4,3.70854687690735
"48327",5.2,4.78771495819092
"48329",2.6,2.81918120384216
"48331",4.3,4.36863994598389
"48333",4.3,4.21257972717285
"48335",3.5,3.4957959651947
"48337",4.1,3.91811037063599
"48339",2.9,2.77585959434509
"48341",3.6,3.28148603439331
"48343",4.8,4.64995002746582
"48345",4.5,4.43971967697144
"48347",3.8,3.56483912467957
"48349",4.2,4.15674781799316
"48351",6,5.07021760940552
"48353",4.6,4.62567567825317
"48355",3.5,3.80281949043274
"48357",3.6,3.23111820220947
"48359",3.6,3.07193040847778
"48361",3.6,3.4843053817749
"48363",4.2,4.15563631057739
"48365",4.2,4.18263530731201
"48367",3.1,2.96459126472473
"48369",3.6,3.57703137397766
"48371",3.7,4.29343605041504
"48373",4.3,4.25138092041016
"48375",4.1,3.95090436935425
"48377",5.5,5.9369101524353
"48379",4.3,4.10802888870239
"48381",3,2.95408725738525
"48383",3.2,2.99364304542542
"48385",5.4,5.37949657440186
"48387",5.3,5.27005195617676
"48389",3.8,3.46429872512817
"48391",4.6,4.91934633255005
"48393",3.5,3.31836652755737
"48395",4.5,4.48586940765381
"48397",2.5,2.56389737129211
"48399",4.1,4.10283231735229
"48401",4,3.93517327308655
"48403",5.4,4.54980611801147
"48405",6.8,5.77867364883423
"48407",4.8,4.65842199325562
"48409",3.6,3.82223725318909
"48411",4.2,4.32684230804443
"48413",3.8,4.43862533569336
"48415",3.6,3.47407960891724
"48417",3.6,3.55036616325378
"48419",4.8,4.6300630569458
"48421",3.3,3.49169325828552
"48423",3.7,3.41503214836121
"48425",3.5,3.5862033367157
"48427",4.2,4.33125448226929
"48429",4,3.90211796760559
"48431",2.7,3.23944973945618
"48433",4.9,4.30845928192139
"48435",4.2,3.7115330696106
"48437",4.4,4.48796081542969
"48439",3,3.02733469009399
"48441",3.1,3.28214001655579
"48443",3.7,4.30640316009521
"48445",4.2,4.52133512496948
"48447",4.9,4.2629075050354
"48449",4.2,3.8853280544281
"48451",3.4,3.36692070960999
"48453",2.2,2.30251574516296
"48455",5,5.08359813690186
"48457",4.8,4.64284944534302
"48459",4.2,3.97580504417419
"48461",4.2,5.17655515670776
"48463",3.7,4.17163562774658
"48465",3.4,3.67845606803894
"48467",4,3.82617735862732
"48469",3.7,3.92548632621765
"48471",3.6,3.45244932174683
"48473",2.9,3.21782994270325
"48475",3.5,3.61895895004272
"48477",3.8,3.81641602516174
"48479",3.2,3.93010997772217
"48481",4,4.09611129760742
"48483",4.3,4.18678045272827
"48485",3.4,3.31236410140991
"48487",4.7,4.41470289230347
"48489",4.2,4.49346590042114
"48491",2.4,2.57099628448486
"48493",3.3,3.45771479606628
"48495",3.3,3.51607227325439
"48497",3.4,3.29133296012878
"48499",4.5,4.40483283996582
"48501",3.2,3.14034843444824
"48503",3.9,3.94006538391113
"48505",4.6,4.88266086578369
"48507",4.9,5.97935104370117
"49001",3,3.21192622184753
"49003",2.9,2.77100515365601
"49005",2.4,2.30442023277283
"49007",3.9,3.76547312736511
"49009",4.4,3.75578236579895
"49011",2.4,2.26347351074219
"49013",3.4,3.21019697189331
"49015",3.5,3.46357846260071
"49017",3.7,3.73684501647949
"49019",3.6,3.43385982513428
"49021",3,2.80326795578003
"49023",2.8,2.86593770980835
"49025",3.7,3.7626428604126
"49027",3.6,3.25898313522339
"49029",2.5,2.48786759376526
"49031",5.2,4.26454734802246
"49033",3.7,3.63069939613342
"49035",2.5,2.41610431671143
"49037",4.7,4.48174285888672
"49039",3.3,3.14653372764587
"49041",3.3,3.21153688430786
"49043",2.5,2.47841787338257
"49045",2.4,2.40371370315552
"49047",3.2,2.98001599311829
"49049",2,1.92303478717804
"49051",2.6,2.49572110176086
"49053",3.5,3.37476086616516
"49055",4.2,3.76696801185608
"49057",2.6,2.59410691261292
"50001",3.2,3.22868847846985
"50003",3.7,3.51105237007141
"50005",3.7,3.59748482704163
"50007",2.6,2.50265049934387
"50009",4.9,4.17287397384644
"50011",3.4,3.12747812271118
"50013",3.4,3.29943609237671
"50015",3.1,2.85518598556519
"50017",3.6,3.4018189907074
"50019",4,3.63783621788025
"50021",3.8,3.63011503219604
"50023",3.2,3.06104564666748
"50025",3.7,3.57428598403931
"50027",3.6,3.52353000640869
"51001",5.3,4.70798969268799
"51003",2.9,2.95163345336914
"51005",4.6,4.23015928268433
"51007",4.8,4.27547550201416
"51009",4.4,3.99299502372742
"51011",4.3,4.20927333831787
"51013",1.9,2.03870606422424
"51015",3.8,3.64164257049561
"51017",5.8,4.86300373077393
"51019",3.8,3.50986862182617
"51021",4.1,3.96562790870667
"51023",3.7,3.61135983467102
"51025",5.4,4.90470123291016
"51027",5.4,4.8655309677124
"51029",4.8,4.58363389968872
"51031",4.1,3.70625042915344
"51033",3.9,3.66667175292969
"51035",4.9,4.51012992858887
"51036",5.6,4.72318696975708
"51037",5.6,4.82654190063477
"51041",3.1,3.00480985641479
"51043",3.5,3.36241245269775
"51045",4.3,3.74577164649963
"51047",3.5,3.32485723495483
"51049",4.7,4.42464017868042
"51051",5.3,4.83375310897827
"51053",4.1,3.95426487922668
"51057",5.2,5.04857349395752
"51059",2.5,2.43593096733093
"51061",3.1,2.93821620941162
"51063",4.1,3.82707762718201
"51065",3.5,3.33825826644897
"51067",4.4,4.05241298675537
"51069",3.4,3.18033623695374
"51071",4.1,3.77592825889587
"51073",3.6,3.45838785171509
"51075",3.4,3.24267721176147
"51077",5.3,4.54208040237427
"51079",3.6,3.51070833206177
"51081",4.8,4.16918087005615
"51083",5.9,5.13868045806885
"51085",3.2,2.98949694633484
"51087",3.3,3.00881338119507
"51089",5.4,4.7488751411438
"51091",4.6,4.02997350692749
"51093",3.8,3.24655818939209
"51095",3.5,3.39842200279236
"51097",4.9,4.87391090393066
"51099",3.2,2.83289384841919
"51101",3.4,3.34557890892029
"51103",5.6,4.45260143280029
"51105",5.2,4.87910413742065
"51107",2.2,2.18851351737976
"51109",4,3.73105216026306
"51111",5.5,5.15689373016357
"51113",4,3.96635508537292
"51115",4.6,4.2477593421936
"51117",5.4,4.85321092605591
"51119",5,4.48379421234131
"51121",2.7,2.52326083183289
"51125",4.6,3.91279697418213
"51127",3.2,3.05495357513428
"51131",5.4,4.46105289459229
"51133",5,4.52546072006226
"51135",4.7,4.54790496826172
"51137",3.7,3.37928676605225
"51139",4.2,3.9845085144043
"51141",5.1,4.3405876159668
"51143",5.2,4.69698286056519
"51145",3.4,3.03430676460266
"51147",3.9,3.68713545799255
"51149",3.1,3.09249401092529
"51153",2.7,2.55876159667969
"51155",4.2,3.88687324523926
"51157",4.4,3.63255906105042
"51159",4.5,4.22846651077271
"51161",3.4,3.272221326828
"51163",4.2,3.87919974327087
"51165",3.6,3.34602212905884
"51167",4.8,4.38336372375488
"51169",5,4.579993724823
"51171",4.2,3.87825107574463
"51173",4.7,4.16473913192749
"51175",4.5,4.05159425735474
"51177",3.2,3.00233340263367
"51179",2.7,2.62842917442322
"51181",5,4.20611524581909
"51183",4.6,4.35009574890137
"51185",4.7,4.33648633956909
"51187",3.5,3.30222320556641
"51191",4.1,3.89230585098267
"51193",5.5,4.74818229675293
"51195",4.4,3.94200992584229
"51197",4.3,4.05294609069824
"51199",2.9,2.62735509872437
"51510",2.4,2.39636158943176
"51520",4.5,3.96614742279053
"51530",3.9,3.77599310874939
"51540",2.8,2.47715759277344
"51550",3.2,2.95181202888489
"51570",3.4,3.19452023506165
"51580",5,4.48696088790894
"51590",5.8,5.3580904006958
"51595",5.9,4.76537275314331
"51600",2.5,2.36486864089966
"51610",2.2,2.18152356147766
"51620",5.2,4.32207584381104
"51630",2.7,2.75662350654602
"51640",4.7,4.15314245223999
"51650",4.1,3.72998785972595
"51660",2.7,2.71123909950256
"51670",5.1,4.82608127593994
"51678",2.3,2.25997972488403
"51680",3.2,3.10610961914062
"51683",2.7,2.72572946548462
"51685",3,2.89276766777039
"51690",5.3,4.62157678604126
"51700",3.6,3.37347793579102
"51710",3.4,2.9875009059906
"51720",4.4,4.24905729293823
"51730",5.4,4.73730754852295
"51735",3.1,2.91616892814636
"51740",4.3,4.15660667419434
"51750",2.6,2.48762130737305
"51760",3.5,3.19464254379272
"51770",4.3,3.81063747406006
"51775",3.4,3.28847312927246
"51790",3.7,3.3311448097229
"51800",3.6,3.21227478981018
"51810",3.1,2.91867446899414
"51820",3.8,3.49040961265564
"51830",2.7,2.80301117897034
"51840",3.9,3.25575542449951
"53001",3.8,3.40482664108276
"53003",4.3,3.96212697029114
"53005",3.1,2.93253183364868
"53007",3.5,3.38298296928406
"53009",4.4,4.15563154220581
"53011",3,2.98845648765564
"53013",4.2,4.06309223175049
"53015",3.8,3.70586800575256
"53017",3.5,3.57323122024536
"53019",5.2,4.69105911254883
"53021",3,2.95391416549683
"53023",3.9,3.96959280967712
"53025",3.5,3.61454749107361
"53027",4.2,4.02987384796143
"53029",3.5,3.4691207408905
"53031",4.4,4.31498003005981
"53033",2.3,2.37372994422913
"53035",3.1,3.04324817657471
"53037",3.2,3.03209114074707
"53039",4,3.79957914352417
"53041",3.9,3.87283968925476
"53043",4.1,3.90791535377502
"53045",4,4.11972904205322
"53047",4.5,4.48480987548828
"53049",4.7,4.53387975692749
"53051",4.5,4.29900026321411
"53053",3,2.8615243434906
"53055",3.9,3.81932997703552
"53057",3.6,3.63659477233887
"53059",3.8,3.8123676776886
"53061",2.7,2.7506697177887
"53063",3.2,2.94807410240173
"53065",4.4,4.14894104003906
"53067",3.1,3.08366751670837
"53069",5.1,4.44312429428101
"53071",3.4,3.24398183822632
"53073",3,3.10325598716736
"53075",2.5,2.32597851753235
"53077",3.6,3.61816477775574
"54001",4.5,4.4813027381897
"54003",3.4,3.10736513137817
"54005",4.6,4.33001756668091
"54007",5.4,4.63574028015137
"54009",4.1,4.01971769332886
"54011",3.9,3.33062958717346
"54013",6,5.57563018798828
"54015",5.2,4.89997005462646
"54017",4.4,4.09528255462646
"54019",4.7,4.26063299179077
"54021",4.1,3.48142242431641
"54023",4.6,4.14874792098999
"54025",4.8,4.34368371963501
"54027",4.5,4.23783445358276
"54029",4.4,4.11267042160034
"54031",5,4.45342111587524
"54033",4,3.45738673210144
"54035",4.4,3.985995054245
"54037",3.3,3.02626132965088
"54039",4.2,3.6423933506012
"54041",4.4,4.1793327331543
"54043",5.1,4.65769624710083
"54045",5,4.49140882492065
"54047",6.1,5.09131193161011
"54049",3.7,3.46022200584412
"54051",4.4,4.00085210800171
"54053",4.7,4.2201042175293
"54055",4.7,4.09434652328491
"54057",4,3.81344842910767
"54059",5.7,5.43896102905273
"54061",2.7,2.45940279960632
"54063",4.9,4.46032857894897
"54065",4.4,4.00021171569824
"54067",4.6,4.11990356445312
"54069",3.9,3.68635320663452
"54071",5.1,4.48759794235229
"54073",3.9,3.5704824924469
"54075",5.4,4.65929079055786
"54077",4.1,3.76192951202393
"54079",3.6,3.29956459999084
"54081",4.7,3.91947746276855
"54083",4.3,3.94625306129456
"54085",5,4.95578241348267
"54087",5.3,4.62752866744995
"54089",5.4,4.74275016784668
"54091",4.3,3.90014958381653
"54093",4.6,4.07192230224609
"54095",4.7,4.41393947601318
"54097",4.4,4.10918712615967
"54099",4.6,4.06403493881226
"54101",5.5,4.73197603225708
"54103",4.6,4.24468326568604
"54105",4.9,4.23053407669067
"54107",4.2,3.69411182403564
"54109",5.1,4.76983451843262
"55001",5,4.70084667205811
"55003",4.3,3.98975992202759
"55005",4.1,3.80206441879272
"55007",4.3,3.73752021789551
"55009",3.1,2.91320466995239
"55011",3.9,3.67510604858398
"55013",4.9,4.55410194396973
"55015",3,2.81888699531555
"55017",3.6,3.2855749130249
"55019",4.1,3.72620129585266
"55021",3.4,3.23731327056885
"55023",4.4,4.10878372192383
"55025",2.4,2.47706127166748
"55027",3.5,3.33876299858093
"55029",4.1,3.83366227149963
"55031",3.5,3.33147406578064
"55033",3,2.94099235534668
"55035",2.9,2.87305235862732
"55037",4.3,4.12784862518311
"55039",3.5,3.33548331260681
"55041",5,4.67148160934448
"55043",3.5,3.3627233505249
"55045",3.5,3.1987624168396
"55047",4.3,3.91303396224976
"55049",3.4,3.29028129577637
"55051",4.7,4.3344087600708
"55053",4.1,3.73246002197266
"55055",3.2,3.03347063064575
"55057",4.3,3.9619288444519
"55059",3.2,2.93956828117371
"55061",3.7,3.57074642181396
"55063",3,2.92593216896057
"55065",3.9,3.63051915168762
"55067",4.5,4.00644493103027
"55069",4.1,3.80467939376831
"55071",3.8,3.5770628452301
"55073",3.4,3.23528432846069
"55075",4.2,3.83451437950134
"55077",4.6,4.28327894210815
"55078",5,5.01785182952881
"55079",3.6,3.33529162406921
"55081",3.9,3.4372296333313
"55083",3.9,3.67553448677063
"55085",4.1,3.87038254737854
"55087",3,2.89168953895569
"55089",3,2.99444675445557
"55091",3.8,3.73456835746765
"55093",2.9,2.84664416313171
"55095",3.8,3.61508417129517
"55097",3.1,2.9832227230072
"55099",4.7,4.39214468002319
"55101",3.5,3.18173861503601
"55103",4.4,4.11736249923706
"55105",3.4,3.28712797164917
"55107",4.7,4.27688550949097
"55109",2.9,2.68327188491821
"55111",3.5,3.23727226257324
"55113",4.8,4.29882335662842
"55115",4.1,3.85455346107483
"55117",3.4,3.24166393280029
"55119",4.1,3.6976113319397
"55121",3.7,3.41315650939941
"55123",4.1,3.68577146530151
"55125",4.4,4.1671028137207
"55127",3.3,3.1130838394165
"55129",4.5,4.12564563751221
"55131",3.2,2.91796112060547
"55133",2.9,2.82446217536926
"55135",3.8,3.67237496376038
"55137",4.4,3.98927116394043
"55139",3.2,2.91137599945068
"55141",3.9,3.63573479652405
"56001",2.4,2.25080966949463
"56003",4,3.9361367225647
"56005",2.9,2.8242244720459
"56007",3.8,3.55101108551025
"56009",3.6,3.34701585769653
"56011",3.6,3.69344019889832
"56013",3.9,3.7785120010376
"56015",3.9,3.87050724029541
"56017",4.8,3.96291255950928
"56019",4.3,3.85139036178589
"56021",3.1,3.0065906047821
"56023",3.5,3.44126319885254
"56025",3.2,2.98980617523193
"56027",4.4,4.73056983947754
"56029",3.7,3.62301898002625
"56031",4.4,4.1926212310791
"56033",3.5,3.38747096061707
"56035",3.6,3.92749619483948
"56037",3.2,3.1503734588623
"56039",2.4,2.53851795196533
"56041",3.3,3.18709897994995
"56043",4.3,3.94837856292725
"56045",3.9,4.00902986526489
