"county_fips","per_obesity","pred_outcome"
"01001",38.9,35.509578704834
"01003",36.8,31.9228954315186
"01005",43.3,42.3631210327148
"01007",41.4,39.5592765808105
"01009",37.3,38.1129493713379
"01011",49.6,45.5097846984863
"01013",45,42.1529426574707
"01015",37.7,37.8631134033203
"01017",45.6,41.8219985961914
"01019",39.9,37.1611366271973
"01021",36.7,39.3707313537598
"01023",46,41.5024337768555
"01025",44,42.4376487731934
"01027",39.5,38.822021484375
"01029",39.6,37.7453117370605
"01031",34.2,39.5031852722168
"01033",40.6,39.7343673706055
"01035",44.4,43.0432167053223
"01037",42.9,40.9543800354004
"01039",43.8,38.679744720459
"01041",40.3,38.6042633056641
"01043",40,35.0755271911621
"01045",44.3,38.7622718811035
"01047",50.2,46.164722442627
"01049",39,41.4960479736328
"01051",36.4,37.6038398742676
"01053",43.4,41.6919326782227
"01055",41.4,38.9473152160645
"01057",39,39.9877243041992
"01059",39.4,39.8304138183594
"01061",38.6,41.059211730957
"01063",50.4,47.6125221252441
"01065",44.5,44.6699523925781
"01067",38.4,38.4004669189453
"01069",37.2,39.3550033569336
"01071",38.9,37.4063377380371
"01073",39.5,35.3244934082031
"01075",38.4,39.3941650390625
"01077",35.2,35.7761535644531
"01079",41.1,39.5892524719238
"01081",33.9,33.3200950622559
"01083",36.4,34.6580352783203
"01085",49.4,46.8235816955566
"01087",46,46.2253341674805
"01089",35.3,30.6554889678955
"01091",46.2,41.984935760498
"01093",39.7,39.2519798278809
"01095",38.3,37.8445510864258
"01097",42.1,38.5103340148926
"01099",42.5,41.4469375610352
"01101",44.2,37.0823059082031
"01103",38.7,35.8977127075195
"01105",48.3,47.2292518615723
"01107",43.8,42.7460517883301
"01109",37.7,38.3040084838867
"01111",40.3,39.152904510498
"01113",47.1,42.7739486694336
"01115",33.4,36.9147453308105
"01117",32,29.213586807251
"01119",42.4,47.7879791259766
"01121",42.6,40.9980850219727
"01123",41.8,37.8101844787598
"01125",39.5,39.2698402404785
"01127",43.1,37.8357048034668
"01129",41.4,40.4245491027832
"01131",47.8,47.60888671875
"01133",36.8,37.9380683898926
"04001",38.8,43.2221527099609
"04003",32.6,33.2187271118164
"04005",25.2,31.8319568634033
"04007",33.8,35.4822578430176
"04009",39.8,37.4882049560547
"04011",32.5,37.3247184753418
"04012",33.7,36.9422302246094
"04013",32.6,28.8073024749756
"04015",36.2,36.1791954040527
"04017",38.1,41.8874320983887
"04019",31.5,29.3689002990723
"04021",38.4,36.3485794067383
"04023",31.5,40.136604309082
"04025",27.1,30.1639842987061
"04027",40.5,39.4208793640137
"05001",40.9,39.4072608947754
"05003",41.9,40.496940612793
"05005",41,33.9801635742188
"05007",34.3,31.7235813140869
"05009",39,39.4194831848145
"05011",41.5,42.0326805114746
"05013",38.4,40.1156616210938
"05015",35.7,36.0660171508789
"05017",44.4,41.9643440246582
"05019",37.1,38.7205238342285
"05021",37.7,37.5511245727539
"05023",35.9,35.768238067627
"05025",40.9,37.89453125
"05027",38.5,40.8801651000977
"05029",41.5,37.1167411804199
"05031",36.9,37.7138519287109
"05033",39.7,37.4878234863281
"05035",41.3,41.8347549438477
"05037",38.5,41.7975578308105
"05039",43.6,39.4793586730957
"05041",45.1,44.2334632873535
"05043",40.4,38.5066528320312
"05045",36.3,35.9436111450195
"05047",40.2,39.6809730529785
"05049",38.8,36.294246673584
"05051",37.6,36.1388359069824
"05053",35.4,37.9654312133789
"05055",37.5,37.029842376709
"05057",40.8,40.4970703125
"05059",38.7,36.4274444580078
"05061",39.2,41.2545356750488
"05063",39.2,37.8796768188477
"05065",35.9,33.7123832702637
"05067",40.6,40.4483337402344
"05069",43.7,42.3165855407715
"05071",38.9,38.5239791870117
"05073",42.7,42.0697746276855
"05075",41,39.8875389099121
"05077",44.9,46.3843765258789
"05079",39.5,40.111629486084
"05081",38.6,38.5295448303223
"05083",38,38.852897644043
"05085",38.4,37.5443725585938
"05087",36,39.6584167480469
"05089",37.2,36.8038024902344
"05091",43.7,38.6723785400391
"05093",42.9,39.1253776550293
"05095",43,41.5921859741211
"05097",39.8,37.7038116455078
"05099",41.4,42.2827644348145
"05101",39.2,37.0876655578613
"05103",42.4,39.3095169067383
"05105",37.7,38.8006858825684
"05107",50.7,45.0410118103027
"05109",36.9,37.2633399963379
"05111",40.6,40.0209770202637
"05113",36.6,36.6202697753906
"05115",35.2,36.4536247253418
"05117",37.8,37.5988082885742
"05119",38.1,35.4406280517578
"05121",37.2,38.7760353088379
"05123",44.5,44.4948387145996
"05125",37.4,36.5682678222656
"05127",38.3,36.9799118041992
"05129",40.9,37.2279624938965
"05131",35.7,36.9377746582031
"05133",41.4,42.4926071166992
"05135",37.3,39.196174621582
"05137",36.9,38.201732635498
"05139",41.1,40.5307388305664
"05141",37,36.9689064025879
"05143",32.3,32.7759017944336
"05145",40.1,38.691780090332
"05147",40.9,38.0318794250488
"05149",38.6,38.2939758300781
"06001",19.6,22.2180824279785
"06003",29.3,26.3399677276611
"06005",27.5,32.9755096435547
"06007",30.2,31.9033889770508
"06009",29.6,33.7330474853516
"06011",32,38.0351943969727
"06013",28.6,25.2892570495605
"06015",33.9,36.5217399597168
"06017",24.7,31.1246719360352
"06019",38.6,37.4340362548828
"06021",33.6,39.238525390625
"06023",32.1,31.7876815795898
"06025",38,41.7947311401367
"06027",29.6,32.3868179321289
"06029",35.6,34.9049873352051
"06031",31.6,38.2987022399902
"06033",30.2,35.7647094726562
"06035",32.7,40.911376953125
"06037",26.2,28.7841033935547
"06039",34.9,39.9772682189941
"06041",23.5,23.9475860595703
"06043",31.8,33.3126831054688
"06045",29,34.2964820861816
"06047",34,37.429084777832
"06049",29.7,35.8617172241211
"06051",29.2,33.4650917053223
"06053",32.3,34.596321105957
"06055",28.4,29.2769203186035
"06057",29.8,28.9285469055176
"06059",25.7,24.2057552337646
"06061",25.9,29.163553237915
"06063",29.1,34.2013626098633
"06065",33.7,34.1736602783203
"06067",34.1,30.2304630279541
"06069",29,38.8849792480469
"06071",35.1,37.103385925293
"06073",25.3,24.9086494445801
"06075",17.6,18.0375633239746
"06077",33.7,36.0903549194336
"06079",26.6,29.2284450531006
"06081",21.7,21.0232753753662
"06083",30.1,27.7239189147949
"06085",22.2,19.6761627197266
"06087",28.2,29.1309146881104
"06089",28.8,34.2201194763184
"06091",31.3,33.0829544067383
"06093",32.6,34.0360336303711
"06095",32.7,31.9625072479248
"06097",28.2,30.3168869018555
"06099",34.5,34.0023536682129
"06101",31.6,37.0433464050293
"06103",31.9,37.3810501098633
"06105",32.5,34.8849983215332
"06107",37.6,38.8393249511719
"06109",30.4,34.5007209777832
"06111",28.9,28.1579856872559
"06113",26.2,32.463191986084
"06115",32.5,38.4064788818359
"08001",34.2,35.9708671569824
"08003",30.2,37.1345138549805
"08005",25.7,28.264404296875
"08007",25.1,28.4108219146729
"08009",30.2,34.6649169921875
"08011",32.7,37.9443550109863
"08013",18,22.1473350524902
"08014",24.7,24.4961795806885
"08015",25.7,27.6111011505127
"08017",27.3,38.3254547119141
"08019",25.9,24.9227924346924
"08021",30.3,35.9808807373047
"08023",33.6,35.3014984130859
"08025",33.6,37.8187980651855
"08027",27.4,29.6787815093994
"08029",28.5,31.5707302093506
"08031",23.6,21.3283939361572
"08033",27.1,33.6298370361328
"08035",21.4,27.7548198699951
"08037",23.2,25.0030612945557
"08039",25.7,29.7154788970947
"08041",27.7,28.9192371368408
"08043",29.3,33.2969398498535
"08045",26.9,31.2726764678955
"08047",26.5,26.2452297210693
"08049",25.4,29.2887496948242
"08051",22.8,23.4168529510498
"08053",25.7,30.9343585968018
"08055",28.5,32.0564727783203
"08057",28.9,31.5834732055664
"08059",25.1,24.2571048736572
"08061",29.1,39.6469688415527
"08063",30.1,37.0788078308105
"08065",26.5,28.7450389862061
"08067",24.9,24.0920372009277
"08069",20.4,25.0924491882324
"08071",30.9,34.0278701782227
"08073",30.1,34.2566680908203
"08075",29.3,35.4126243591309
"08077",29.9,31.9615116119385
"08079",27,26.0312385559082
"08081",29.7,36.9533500671387
"08083",30.3,32.9198837280273
"08085",33,32.7450218200684
"08087",30.9,36.6316223144531
"08089",31.1,34.0661697387695
"08091",25.1,25.0935955047607
"08093",25.9,26.5563621520996
"08095",29.7,37.4930191040039
"08097",21.1,23.1986713409424
"08099",30.8,35.1355781555176
"08101",31.2,34.4570426940918
"08103",27.4,35.6811027526855
"08105",26,33.1733779907227
"08107",25.2,22.5009593963623
"08109",30.6,34.7894744873047
"08111",27.8,26.9750480651855
"08113",25.7,19.247428894043
"08115",29.5,35.7986221313477
"08117",23.5,25.3846454620361
"08119",27.6,26.7976360321045
"08121",26.6,37.0978813171387
"08123",31.4,32.181999206543
"08125",27.6,34.5069770812988
"10001",38.9,39.5565490722656
"10003",37.7,33.1244735717773
"10005",38,32.8823280334473
"11001",24.7,23.4191608428955
"12001",30.2,32.9174270629883
"12003",37.8,38.0329246520996
"12005",35.1,36.206428527832
"12007",38.6,39.6917457580566
"12009",32.2,30.5383262634277
"12011",31.9,31.0751838684082
"12013",43.7,41.088623046875
"12015",33.2,32.2234802246094
"12017",33.8,31.4536571502686
"12019",35.7,34.8187294006348
"12021",25.9,29.5775985717773
"12023",38.1,39.3280601501465
"12027",43.1,40.0133895874023
"12029",43,37.2836227416992
"12031",33,33.0814666748047
"12033",32,34.8084144592285
"12035",33.1,32.4400100708008
"12037",36.8,34.8635101318359
"12039",44.2,43.7317276000977
"12041",36.8,38.5561180114746
"12043",38.9,38.5070037841797
"12045",38.4,36.3956832885742
"12047",38.9,43.3983039855957
"12049",39.3,42.5284118652344
"12051",38.4,41.8369407653809
"12053",33.3,36.8449554443359
"12055",34,33.9408302307129
"12057",31.4,29.5100555419922
"12059",36.1,37.9250869750977
"12061",31.8,31.3757991790771
"12063",42.4,39.5103225708008
"12065",38.3,39.3245849609375
"12067",39.9,40.5313339233398
"12069",34.2,34.8925437927246
"12071",30.6,31.5126438140869
"12073",30.8,32.1876220703125
"12075",38.6,39.0353775024414
"12077",41,39.6013717651367
"12079",36.3,41.2927017211914
"12081",33.1,32.1889343261719
"12083",38.4,37.4478530883789
"12085",26.5,27.9294719696045
"12086",30.5,32.6920890808105
"12087",30,28.2951736450195
"12089",32.8,33.3746223449707
"12091",33.4,32.2994194030762
"12093",39.7,40.1180725097656
"12095",32.6,28.8397331237793
"12097",31.3,37.1189346313477
"12099",29.6,29.4524230957031
"12101",34.4,33.2554054260254
"12103",31.9,31.9776840209961
"12105",40.9,38.4138336181641
"12107",39.2,39.5734214782715
"12109",26.7,27.209415435791
"12111",34.1,33.2070426940918
"12113",31.5,34.2990074157715
"12115",27.7,32.0359954833984
"12117",31.5,28.970308303833
"12119",32.2,31.9317016601562
"12121",44.6,38.6526374816895
"12123",42.9,39.5676651000977
"12125",42.5,37.2372894287109
"12127",32.9,34.0458831787109
"12129",38,37.8771896362305
"12131",31.5,32.8863334655762
"12133",41.2,39.9415245056152
"13001",40.6,42.3814353942871
"13003",42.2,42.3641700744629
"13005",41.2,40.9111328125
"13007",42.2,38.2530403137207
"13009",37.6,37.861946105957
"13011",37,36.0737800598145
"13013",40.1,37.2693557739258
"13015",38,37.1847648620605
"13017",41.9,42.9685325622559
"13019",38.8,40.3854598999023
"13021",48.1,40.4825553894043
"13023",41.2,38.9798278808594
"13025",39.7,37.4638748168945
"13027",42.3,41.3555603027344
"13029",37.7,35.4503593444824
"13031",36.3,36.4107475280762
"13033",45,41.4240074157715
"13035",40.2,40.325080871582
"13037",46.6,45.1755599975586
"13039",37.3,38.1350135803223
"13043",44,41.207332611084
"13045",36.3,36.9992218017578
"13047",36.7,36.5153884887695
"13049",42.1,42.7765884399414
"13051",35.5,33.8873443603516
"13053",38.1,36.0316009521484
"13055",38.9,40.8844985961914
"13057",35.9,33.2901496887207
"13059",33.6,30.6889839172363
"13061",43.6,44.926643371582
"13063",45.6,43.8966751098633
"13065",45.1,41.131046295166
"13067",29,27.2767105102539
"13069",41.3,42.6721305847168
"13071",40.1,40.5797996520996
"13073",36.3,33.5606803894043
"13075",40.6,40.8179130554199
"13077",44.4,34.9257583618164
"13079",41.7,40.4564437866211
"13081",44.3,41.9127464294434
"13083",35.5,36.9101257324219
"13085",35,30.3133296966553
"13087",39.8,40.7435035705566
"13089",33.8,29.5628433227539
"13091",44.4,40.3874664306641
"13093",43.6,42.0103721618652
"13095",43.6,44.3908920288086
"13097",43.3,37.8221626281738
"13099",44.6,43.0229263305664
"13101",41.9,39.2054252624512
"13103",39.3,37.6665916442871
"13105",42.1,39.9252586364746
"13107",42.6,42.1358413696289
"13109",44.5,40.7959098815918
"13111",38.5,35.4328842163086
"13113",31.2,29.4677867889404
"13115",39.7,38.5955772399902
"13117",32.2,24.8823432922363
"13119",36.2,41.4767417907715
"13121",30,26.7072982788086
"13123",37.1,34.4447631835938
"13125",37.5,40.2822761535645
"13127",35.4,35.4253196716309
"13129",40.1,38.7049369812012
"13131",41.6,40.3614349365234
"13133",38.4,33.3290100097656
"13135",33.7,31.8678436279297
"13137",36.1,37.1519165039062
"13139",34.9,37.5973320007324
"13141",47.1,44.8478851318359
"13143",34.1,37.9636993408203
"13145",33.2,32.4405632019043
"13147",35.6,36.6092262268066
"13149",41.3,38.7517738342285
"13151",39.6,40.3403625488281
"13153",39.1,36.4964904785156
"13155",40.2,40.6757125854492
"13157",41.9,37.2363586425781
"13159",40,38.3393821716309
"13161",41.2,40.961368560791
"13163",44.2,43.1304512023926
"13165",44.1,42.8573951721191
"13167",42.7,42.7737426757812
"13169",40.2,38.5213584899902
"13171",40.9,38.0978775024414
"13173",41.2,39.9484367370605
"13175",41.2,41.2644538879395
"13177",37,34.5256385803223
"13179",44.1,40.8009719848633
"13181",37.5,39.3604736328125
"13183",41.7,40.9668273925781
"13185",37.6,40.4859199523926
"13187",32.8,31.8243618011475
"13189",43.6,40.3233909606934
"13191",42.2,39.3301849365234
"13193",48.1,43.9042930603027
"13195",39.3,41.3128433227539
"13197",39.8,40.3145523071289
"13199",40.7,42.8365364074707
"13201",40.9,39.3362770080566
"13205",46.4,43.1788139343262
"13207",37.6,34.6358451843262
"13209",42.1,38.2264938354492
"13211",36,34.4619331359863
"13213",38.1,37.7892799377441
"13215",41.6,40.2009201049805
"13217",42.3,40.4498863220215
"13219",33.4,28.9210052490234
"13221",36.3,34.8803749084473
"13223",39.1,38.2656097412109
"13225",41.6,40.9329299926758
"13227",36.9,32.8825225830078
"13229",40.1,38.7656631469727
"13231",34.7,36.7524337768555
"13233",41.7,39.2803382873535
"13235",43,42.0003890991211
"13237",41.7,36.9766387939453
"13239",43.3,38.4772109985352
"13241",36.5,33.2777900695801
"13243",47.3,45.2540740966797
"13245",43.7,42.8179702758789
"13247",45.1,38.9225692749023
"13249",38.2,38.320987701416
"13251",42.5,40.2076454162598
"13253",41.7,40.2886085510254
"13255",40,39.2544364929199
"13257",37.5,36.475643157959
"13259",42.4,44.5069885253906
"13261",42.5,41.1089668273926
"13263",43.6,42.4115791320801
"13265",43.3,42.4269371032715
"13267",46,41.2944259643555
"13269",42.6,42.3601150512695
"13271",45.7,43.6594161987305
"13273",46.8,44.094654083252
"13275",38.9,39.0720596313477
"13277",41.6,39.7065925598145
"13279",42.1,41.687931060791
"13281",36,31.6034603118896
"13283",42.8,42.130199432373
"13285",41.7,39.9738998413086
"13287",43.2,41.6706695556641
"13289",42.2,40.2106704711914
"13291",36.9,33.9004516601562
"13293",41.7,39.5494194030762
"13295",41.5,38.1852340698242
"13297",35.8,35.5638046264648
"13299",39.2,40.9564819335938
"13301",44.1,44.4868545532227
"13303",43.3,41.9620819091797
"13305",41.6,40.3564872741699
"13307",42.9,43.9671592712402
"13309",47.1,40.4543037414551
"13311",35.2,35.7472076416016
"13313",36.7,36.9697952270508
"13315",41,42.8519439697266
"13317",43.4,39.5186386108398
"13319",43.2,42.1777992248535
"13321",39.1,39.3015899658203
"16001",28.8,28.9337577819824
"16003",31.8,34.0563201904297
"16005",36.4,37.4554405212402
"16007",33.5,37.7923583984375
"16009",34.3,36.3170776367188
"16011",41,36.8695755004883
"16013",25.9,28.0116596221924
"16015",31.9,36.0551605224609
"16017",26.9,32.1280479431152
"16019",35,34.6791229248047
"16021",31,36.675422668457
"16023",35.6,38.2312889099121
"16025",32.9,38.6048851013184
"16027",37.2,36.2703323364258
"16029",33,36.7492256164551
"16031",38,37.8791580200195
"16033",35.3,38.371883392334
"16035",32.3,33.6082305908203
"16037",33.1,33.4714241027832
"16039",35.6,38.4105911254883
"16041",32.8,35.5478248596191
"16043",33.7,36.462329864502
"16045",31.4,34.9817657470703
"16047",36.9,38.6322746276855
"16049",32.1,35.0570297241211
"16051",37.3,34.4804267883301
"16053",39.9,39.6510124206543
"16055",34.4,34.2693862915039
"16057",26.6,29.56787109375
"16059",32.5,32.6438179016113
"16061",35.9,36.4081840515137
"16063",36.4,38.589958190918
"16065",29,34.991382598877
"16067",34.3,39.286304473877
"16069",35,33.2892036437988
"16071",31.8,36.3981285095215
"16073",34.4,37.0170097351074
"16075",37.5,36.8052597045898
"16077",37.3,37.6105766296387
"16079",34.9,39.2113456726074
"16081",30.1,25.7965507507324
"16083",36.2,37.5406227111816
"16085",34.6,28.2717418670654
"16087",37.6,35.7631072998047
"17001",38.6,35.1272201538086
"17003",42.8,41.3541831970215
"17005",36.6,37.3916816711426
"17007",39.5,37.1816215515137
"17009",40.3,39.2699546813965
"17011",37.5,36.111644744873
"17013",34.7,36.921802520752
"17015",35.6,36.4530639648438
"17017",38.4,37.3933410644531
"17019",32.5,29.130729675293
"17021",36.4,38.083869934082
"17023",35.4,35.4734802246094
"17025",38.4,38.7911186218262
"17027",35.3,37.8772239685059
"17029",37.1,36.229175567627
"17031",32.8,25.3623142242432
"17033",36.8,36.0320281982422
"17035",37.6,37.9301948547363
"17037",33.9,34.2043991088867
"17039",36.6,37.0422859191895
"17041",36.4,37.4662017822266
"17043",29.5,24.7090854644775
"17045",37.3,38.4217491149902
"17047",37,39.0380630493164
"17049",35.2,36.3350868225098
"17051",37,37.4706954956055
"17053",37.7,38.166805267334
"17055",39.7,40.0174140930176
"17057",39.4,37.3607940673828
"17059",38.5,36.1455535888672
"17061",37.8,37.9573860168457
"17063",35.3,37.2725524902344
"17065",37.4,38.6314125061035
"17067",34.8,34.3682479858398
"17069",37.9,36.441520690918
"17071",36.7,35.1730995178223
"17073",34.3,36.0208740234375
"17075",38.3,38.5559005737305
"17077",36.1,32.5202980041504
"17079",35,37.6753578186035
"17081",38.6,36.9828948974609
"17083",37.5,35.2841987609863
"17085",34.3,33.793888092041
"17087",36,39.0974578857422
"17089",37.5,28.558837890625
"17091",39.7,38.7778739929199
"17093",37,34.3318710327148
"17095",37.9,38.380859375
"17097",31.8,24.8004035949707
"17099",36.7,38.0318794250488
"17101",37.7,36.3466682434082
"17103",37.6,38.1605262756348
"17105",37.7,37.1748352050781
"17107",38.4,36.9153709411621
"17109",36.2,33.3084716796875
"17111",34.7,32.502025604248
"17113",34,31.8072376251221
"17115",36.5,37.1347427368164
"17117",38.1,37.8487129211426
"17119",35.3,36.5227737426758
"17121",38.2,38.5889129638672
"17123",36.5,36.6488571166992
"17125",35.6,38.7048110961914
"17127",38.4,37.5479469299316
"17129",35.2,36.2730560302734
"17131",36.9,38.922290802002
"17133",33.2,30.9277229309082
"17135",36.2,36.3100471496582
"17137",36.9,35.0039863586426
"17139",35.2,36.3809509277344
"17141",35.8,37.0357627868652
"17143",35,33.517707824707
"17145",39.2,39.3029632568359
"17147",33.9,33.1947860717773
"17149",37.1,38.8011856079102
"17151",37.2,36.322509765625
"17153",42.6,40.9376945495605
"17155",34.4,38.0860710144043
"17157",37.3,38.9264984130859
"17159",37.4,38.4778289794922
"17161",36.9,33.8117332458496
"17163",38.1,35.7889823913574
"17165",39.6,39.3033790588379
"17167",37.9,33.1595497131348
"17169",39.7,37.5946159362793
"17171",35.4,35.9528465270996
"17173",36.7,37.9248886108398
"17175",37.2,36.9382743835449
"17177",41.5,36.8391532897949
"17179",35.5,34.5530395507812
"17181",37,36.7883148193359
"17183",40.4,39.5951881408691
"17185",37.2,38.611442565918
"17187",36.9,36.8911933898926
"17189",35.8,37.688102722168
"17191",37,38.3672409057617
"17193",38,39.5084190368652
"17195",34.9,36.7139511108398
"17197",36.7,33.5395698547363
"17199",38.4,36.167781829834
"17201",38.1,37.0129127502441
"17203",34.3,29.5523700714111
"18001",39.3,37.3225860595703
"18003",38.1,33.9645729064941
"18005",34.2,31.7945156097412
"18007",40.3,37.2760887145996
"18009",37.7,41.0811004638672
"18011",35.8,32.1945457458496
"18013",37.4,35.4011650085449
"18015",38.7,36.8364677429199
"18017",40.2,37.2074165344238
"18019",41.2,37.0960998535156
"18021",42.3,39.9602203369141
"18023",39,37.1632537841797
"18025",41.4,42.0353202819824
"18027",38,36.7454681396484
"18029",35.5,37.5139083862305
"18031",41.6,37.2582893371582
"18033",37.6,38.0528297424316
"18035",37.2,37.596549987793
"18037",38.1,37.0255508422852
"18039",42,38.2907638549805
"18041",41,38.949047088623
"18043",36.7,35.101001739502
"18045",39.1,41.1108932495117
"18047",37.9,37.227222442627
"18049",41.6,37.8494186401367
"18051",40.2,38.0605888366699
"18053",41.7,38.6136474609375
"18055",40.4,39.1936073303223
"18057",28.5,29.1816921234131
"18059",36.2,34.6525993347168
"18061",36.9,37.0083847045898
"18063",39.3,33.9016494750977
"18065",44.1,36.333927154541
"18067",41.4,39.6849937438965
"18069",38.7,39.1966247558594
"18071",43.3,36.5795707702637
"18073",38.3,37.5322914123535
"18075",42.1,38.8515281677246
"18077",38,38.5007019042969
"18079",41.9,38.1680793762207
"18081",42.3,32.2453804016113
"18083",37.5,36.5301399230957
"18085",39,34.3547554016113
"18087",41.5,36.0903167724609
"18089",38.3,38.094108581543
"18091",39.7,36.380615234375
"18093",39.7,39.5272407531738
"18095",39.3,39.2695350646973
"18097",39,34.7642631530762
"18099",35.5,36.854923248291
"18101",39.5,39.4664459228516
"18103",41.8,38.892448425293
"18105",34,29.7918548583984
"18107",42.2,36.7771492004395
"18109",38.3,38.5978698730469
"18111",41.6,38.153751373291
"18113",36.2,36.3458099365234
"18115",38.4,39.2282104492188
"18117",41.3,38.9821548461914
"18119",40.4,38.645938873291
"18121",38.3,37.7261428833008
"18123",40.7,40.0967636108398
"18125",41.7,37.9295349121094
"18127",36.9,35.7934188842773
"18129",36.6,36.2060432434082
"18131",41,38.3644371032715
"18133",38.8,36.3961372375488
"18135",38.9,38.276050567627
"18137",37.5,36.330265045166
"18139",41.3,38.2875022888184
"18141",37.1,34.7551040649414
"18143",40,42.2893409729004
"18145",40,39.009521484375
"18147",35.6,36.9377326965332
"18149",40,38.1368370056152
"18151",33.8,36.2238922119141
"18153",38.2,37.5108489990234
"18155",39.8,39.5124626159668
"18157",31.1,30.6345310211182
"18159",36.2,34.1263694763184
"18161",40.4,39.5510711669922
"18163",38.8,36.7806739807129
"18165",40.6,38.0253562927246
"18167",39.2,35.7300148010254
"18169",36.7,36.8162498474121
"18171",36.3,38.9186210632324
"18173",40.3,32.7724838256836
"18175",42.2,38.9445152282715
"18177",39.1,38.9500122070312
"18179",40.7,38.3622589111328
"18181",39.2,37.2204208374023
"18183",34.7,35.8634300231934
"19001",41.6,37.7843780517578
"19003",38.3,36.5021820068359
"19005",38,37.1563987731934
"19007",43.2,38.797679901123
"19009",41.1,35.1574783325195
"19011",42.1,36.8852462768555
"19013",37.5,34.1074256896973
"19015",38.6,36.0724830627441
"19017",38.4,31.6506633758545
"19019",41,37.372184753418
"19021",40.3,37.3079071044922
"19023",39.9,37.0117225646973
"19025",38.5,38.9325332641602
"19027",41.4,36.9504165649414
"19029",44.5,37.6805534362793
"19031",38.1,37.4155769348145
"19033",38.1,35.0548667907715
"19035",40.1,36.1175155639648
"19037",37.4,37.1972618103027
"19039",41.7,37.3663330078125
"19041",40,36.4028816223145
"19043",40.6,37.5207328796387
"19045",40.5,38.501049041748
"19047",43.9,38.6588020324707
"19049",32.7,32.4799003601074
"19051",40.1,34.711296081543
"19053",35.6,36.0310134887695
"19055",40.1,37.84033203125
"19057",36.5,36.0810050964355
"19059",36.5,33.0565528869629
"19061",40.6,33.7252616882324
"19063",38,36.3702011108398
"19065",38.9,38.2696418762207
"19067",42.6,37.4491157531738
"19069",40.3,35.9985160827637
"19071",35.9,36.1572456359863
"19073",41,37.6912574768066
"19075",38.6,37.2236328125
"19077",39.1,35.4179153442383
"19079",35.4,38.152286529541
"19081",35.7,37.7271728515625
"19083",38.5,37.838451385498
"19085",40.1,36.8016166687012
"19087",40,38.3202438354492
"19089",37.6,37.1115951538086
"19091",43.2,36.3256568908691
"19093",37.1,38.4488716125488
"19095",36,36.6365165710449
"19097",41.9,37.6031684875488
"19099",39,38.1187400817871
"19101",37.1,27.3079681396484
"19103",28.4,27.9060535430908
"19105",39.2,38.2176170349121
"19107",40,38.0338363647461
"19109",36.4,36.3425254821777
"19111",41,36.875675201416
"19113",36.8,32.8522872924805
"19115",45,38.6599540710449
"19117",41.6,38.7463188171387
"19119",38,36.0841102600098
"19121",38.8,37.211109161377
"19123",42.2,38.3165512084961
"19125",37.8,34.0093765258789
"19127",40.2,37.3333473205566
"19129",40.9,33.6382446289062
"19131",44.1,37.7169303894043
"19133",40.2,39.2924537658691
"19135",37.2,36.2415504455566
"19137",39.6,35.9561424255371
"19139",37.6,37.2833404541016
"19141",38.3,34.8966827392578
"19143",39.3,38.5599136352539
"19145",43.6,37.1014442443848
"19147",40.8,38.0665550231934
"19149",37,38.3831787109375
"19151",36.9,38.2576637268066
"19153",39,32.7075042724609
"19155",42.5,37.3181800842285
"19157",40.6,34.8386077880859
"19159",41,36.6462516784668
"19161",40.4,36.3120155334473
"19163",39.1,30.9064483642578
"19165",34.9,35.9485206604004
"19167",32.6,35.7048645019531
"19169",30.8,27.6327438354492
"19171",41,37.3411178588867
"19173",40,37.9480819702148
"19175",37.2,36.0608367919922
"19177",40.9,37.6445579528809
"19179",41.6,38.9265251159668
"19181",42.2,34.6642265319824
"19183",40.4,37.299201965332
"19185",38.7,37.2619934082031
"19187",37.8,37.7327499389648
"19189",38.3,36.9540786743164
"19191",34.8,32.9817771911621
"19193",38,35.2261619567871
"19195",40,37.926944732666
"19197",41.4,37.2861785888672
"20001",40.5,37.8860816955566
"20003",36.2,37.6234970092773
"20005",38.5,38.9569854736328
"20007",41.4,36.2200698852539
"20009",40.8,36.786319732666
"20011",41.9,36.6590194702148
"20013",41.3,38.5072174072266
"20015",40.2,33.0168075561523
"20017",38.4,37.2984504699707
"20019",39.7,37.8513450622559
"20021",42.3,37.5868759155273
"20023",39.2,35.9629554748535
"20025",38.2,38.1932411193848
"20027",39.7,37.9439086914062
"20029",40.9,36.0318756103516
"20031",39.6,34.1532516479492
"20033",37.9,36.8965606689453
"20035",41.1,36.0002174377441
"20037",40.7,34.6661643981934
"20039",37.9,34.6275596618652
"20041",38.6,36.2608795166016
"20043",37.7,37.0780448913574
"20045",34.8,27.6007957458496
"20047",42.1,37.5069923400879
"20049",42.1,35.115306854248
"20051",38.8,32.0774421691895
"20053",39.1,36.7577972412109
"20055",42.9,39.3321228027344
"20057",38.1,39.8504447937012
"20059",34.3,37.4679145812988
"20061",35,38.3404579162598
"20063",39.5,35.6895866394043
"20065",38.5,36.9678611755371
"20067",40.4,36.9370269775391
"20069",39.2,35.7070999145508
"20071",36.5,37.1646423339844
"20073",40.2,36.5605964660645
"20075",40,35.9812202453613
"20077",42,36.9359931945801
"20079",36.4,33.9648551940918
"20081",40,39.1788063049316
"20083",36.4,35.3748397827148
"20085",43.3,37.1026840209961
"20087",41.7,36.4850959777832
"20089",39.1,33.9753837585449
"20091",31.7,26.6144752502441
"20093",42.7,38.8815994262695
"20095",40.9,36.0509490966797
"20097",34.1,37.7530746459961
"20099",43.1,36.7964172363281
"20101",39.8,38.9488792419434
"20103",40.5,30.5363636016846
"20105",41.2,35.5587844848633
"20107",38.9,35.6508979797363
"20109",38.7,34.7880401611328
"20111",36.8,37.9587936401367
"20113",34.1,34.7098808288574
"20115",37.9,35.9342880249023
"20117",41.5,37.3718566894531
"20119",40,37.5841064453125
"20121",35.7,34.6770477294922
"20123",39.1,31.6616172790527
"20125",44.8,38.9506225585938
"20127",40,35.3529243469238
"20129",38.4,38.4347763061523
"20131",33.3,36.3972053527832
"20133",42.4,36.005687713623
"20135",37.1,37.950309753418
"20137",39.9,36.0710601806641
"20139",40.1,36.7656669616699
"20141",37.8,34.9123687744141
"20143",36.6,37.4642906188965
"20145",41.5,36.6862983703613
"20147",37.3,36.9370422363281
"20149",31.2,31.6310539245605
"20151",37.4,34.7098159790039
"20153",40.7,37.4231567382812
"20155",37.3,38.8025436401367
"20157",38.3,37.012996673584
"20159",35.9,36.6682281494141
"20161",30.7,26.9740829467773
"20163",37.6,37.0179405212402
"20165",36.8,36.6883506774902
"20167",36.5,33.8654670715332
"20169",37.4,32.891658782959
"20171",40.2,36.2304496765137
"20173",33,33.1591262817383
"20175",44.7,40.0293045043945
"20177",39.4,34.4517135620117
"20179",37,37.9839782714844
"20181",39.3,33.7967414855957
"20183",40.4,34.9271545410156
"20185",38,37.2781791687012
"20187",42.4,37.3276023864746
"20189",39.9,40.4917984008789
"20191",39.7,36.5792465209961
"20193",33,35.4511489868164
"20195",36.2,34.7714004516602
"20197",41.3,37.9090461730957
"20199",39.9,35.2879676818848
"20201",39.5,36.1369819641113
"20203",40.3,36.246509552002
"20205",39.9,37.3655967712402
"20207",38.6,35.3165245056152
"20209",41.6,39.027660369873
"21001",36.8,37.5898513793945
"21003",42.4,38.6921539306641
"21005",38.4,36.2862319946289
"21007",39.5,37.1556587219238
"21009",40.6,39.6763000488281
"21011",38.4,41.1047248840332
"21013",44.3,41.523738861084
"21015",38.6,36.321533203125
"21017",40.6,36.0109672546387
"21019",40.9,39.4178581237793
"21021",37.1,35.9332580566406
"21023",37.9,38.5062446594238
"21025",43.4,39.9349517822266
"21027",40.4,40.6382141113281
"21029",38.5,37.3066177368164
"21031",43.4,41.1565017700195
"21033",38,38.4468994140625
"21035",38.6,36.3558158874512
"21037",35.8,30.6743812561035
"21039",40.6,39.8972473144531
"21041",40.5,39.9172325134277
"21043",42.8,40.9921531677246
"21045",41.6,41.5866241455078
"21047",39.5,35.919792175293
"21049",40.2,38.0361595153809
"21051",43.9,42.7423286437988
"21053",39.6,40.7354393005371
"21055",40.9,39.3010520935059
"21057",43.2,38.199348449707
"21059",35.4,37.4000816345215
"21061",42.9,40.5878524780273
"21063",42.5,42.2238159179688
"21065",43,41.635570526123
"21067",33.7,28.352237701416
"21069",41.1,40.8998527526855
"21071",40.1,42.8313179016113
"21073",37.5,36.3832397460938
"21075",44.9,41.0587005615234
"21077",40.8,38.3647651672363
"21079",40.2,38.2018928527832
"21081",37.9,38.6030578613281
"21083",40.5,38.8860282897949
"21085",42.8,40.6839790344238
"21087",42.4,41.2472953796387
"21089",43.7,38.6514053344727
"21091",38.3,39.8177032470703
"21093",39.1,37.9291954040527
"21095",45,44.0707588195801
"21097",39.9,37.8312683105469
"21099",38.7,39.4626274108887
"21101",40.2,37.823112487793
"21103",41.1,39.1813545227051
"21105",40.2,37.0993576049805
"21107",41.1,39.435863494873
"21109",42.5,41.463451385498
"21111",37,31.9849586486816
"21113",36.6,35.2054252624512
"21115",42.5,41.8500137329102
"21117",34.7,30.1163749694824
"21119",42.5,39.366325378418
"21121",41,41.8580360412598
"21123",42.6,39.2667083740234
"21125",41.5,41.9951667785645
"21127",40.3,42.0869522094727
"21129",44.3,42.4109191894531
"21131",44.6,41.4856338500977
"21133",40.6,42.6260299682617
"21135",46.6,43.6755409240723
"21137",40.3,38.8473701477051
"21139",41.1,39.2733840942383
"21141",40.4,37.4271774291992
"21143",38.8,35.1720352172852
"21145",41.5,34.0890808105469
"21147",43.8,44.6961097717285
"21149",39.8,37.0042037963867
"21151",34.5,37.468334197998
"21153",45.3,41.5511322021484
"21155",41.2,38.2813491821289
"21157",38.4,37.4962348937988
"21159",43.6,38.2550163269043
"21161",39.9,38.0205078125
"21163",38.2,37.8036613464355
"21165",41.6,43.4773635864258
"21167",39.2,37.6826362609863
"21169",41.8,41.868839263916
"21171",39.2,40.7808799743652
"21173",42.7,40.1887969970703
"21175",39.2,35.9732208251953
"21177",41.3,40.8642120361328
"21179",35,38.4954605102539
"21181",40.7,39.8332939147949
"21183",40.6,39.7415618896484
"21185",34.4,30.4914398193359
"21187",38.7,37.5652389526367
"21189",41.1,40.8149375915527
"21191",40.4,36.4484176635742
"21193",41.5,40.7844848632812
"21195",41.2,40.6039962768555
"21197",40.2,40.2117881774902
"21199",39.5,40.0139465332031
"21201",40.7,44.5801467895508
"21203",40.8,41.7580490112305
"21205",38.8,37.8544273376465
"21207",40.1,38.7790031433105
"21209",36.5,38.3249168395996
"21211",36.4,35.0321311950684
"21213",41.3,37.3717384338379
"21215",37.9,34.427303314209
"21217",37.4,38.6207008361816
"21219",39.8,39.1656723022461
"21221",40.6,36.9671363830566
"21223",39.1,37.4403305053711
"21225",39.5,41.2228240966797
"21227",35.4,35.0883560180664
"21229",37.5,38.41943359375
"21231",42.3,41.1160774230957
"21233",38.4,40.884895324707
"21235",40.8,39.7169036865234
"21237",45.1,45.1562042236328
"21239",35.6,29.7807731628418
"22001",36.8,38.2322082519531
"22003",41.1,40.5620269775391
"22005",37.4,36.9391326904297
"22007",41.1,39.9020576477051
"22009",45.6,42.3080368041992
"22011",36.8,36.4328536987305
"22013",46,44.4038276672363
"22015",44.6,38.0004272460938
"22017",45.6,40.746955871582
"22019",43,37.8709564208984
"22021",38.8,39.9595031738281
"22023",39.8,37.2475509643555
"22025",42.9,39.2662734985352
"22027",44.9,45.2778244018555
"22029",41.5,40.1186714172363
"22031",40.2,41.3668670654297
"22033",36.4,35.3583679199219
"22035",50.9,49.3134613037109
"22037",40.7,40.0235862731934
"22039",45.9,41.3463554382324
"22041",44.8,40.4391937255859
"22043",39.1,40.3745956420898
"22045",43.5,37.8391456604004
"22047",45.7,40.7245254516602
"22049",40.3,41.6063079833984
"22051",39.7,32.6736602783203
"22053",42.4,39.6602668762207
"22055",35,36.8062019348145
"22057",42.8,39.1689491271973
"22059",39.6,39.5932655334473
"22061",38.1,36.7189407348633
"22063",37.5,37.0617332458496
"22065",47.3,45.6250762939453
"22067",44.2,43.7560768127441
"22069",42.6,41.518424987793
"22071",38.1,30.5021820068359
"22073",41.9,38.4413261413574
"22075",40.1,39.1539306640625
"22077",42.1,40.0472526550293
"22079",41.8,39.8084259033203
"22081",46.3,43.3326873779297
"22083",43.1,42.0531616210938
"22085",46.1,41.9071846008301
"22087",44.6,37.6092338562012
"22089",37.6,35.8944320678711
"22091",45.7,44.1974945068359
"22093",43.9,40.9441108703613
"22095",43.9,42.6244926452637
"22097",48.1,41.8442726135254
"22099",41,39.2885704040527
"22101",44.6,42.0769195556641
"22103",35.4,33.0906181335449
"22105",42,38.0914344787598
"22107",46.1,44.4106483459473
"22109",40.8,38.9617080688477
"22111",43.5,39.2571258544922
"22113",39.2,39.5697708129883
"22115",38.6,36.8388519287109
"22117",43.1,42.2704200744629
"22119",45.5,42.0501098632812
"22121",40.7,38.7235450744629
"22123",40.8,39.3666725158691
"22125",41.8,38.9190368652344
"22127",43.4,40.2495956420898
"23001",36.1,37.5541648864746
"23003",41.6,33.1699142456055
"23005",29.5,25.8584938049316
"23007",32.5,34.2433929443359
"23009",28.5,29.1427688598633
"23011",33.6,33.681697845459
"23013",27.8,27.2166957855225
"23015",31.7,28.3790035247803
"23017",37.4,33.433910369873
"23019",38.4,35.0770378112793
"23021",36.7,34.0920448303223
"23023",30.7,28.9610214233398
"23025",37.8,38.4866638183594
"23027",34,28.699535369873
"23029",37.9,31.903980255127
"23031",29.8,34.6122055053711
"24001",36.5,37.7818908691406
"24003",34.8,31.8616847991943
"24005",32.9,31.9567756652832
"24009",34.4,32.2171287536621
"24011",38.7,38.6432609558105
"24013",31.9,30.6542091369629
"24015",38,36.1784553527832
"24017",43.4,40.7999229431152
"24019",41.4,38.7770385742188
"24021",31.6,34.2406845092773
"24023",37.4,36.643123626709
"24025",35.1,30.6605567932129
"24027",27.2,25.6653480529785
"24029",37.7,32.4744186401367
"24031",24.2,21.3147201538086
"24033",36.5,34.9058456420898
"24035",32.7,31.2631816864014
"24037",35.5,34.5122947692871
"24039",42.1,40.1047096252441
"24041",31.4,33.0278053283691
"24043",42.2,38.4664077758789
"24045",35.4,36.8752555847168
"24047",35.3,32.9798126220703
"24510",38.1,34.250732421875
"25001",25.7,25.6094608306885
"25003",28.6,28.6159648895264
"25005",33.1,32.5165748596191
"25007",29.2,29.512357711792
"25009",30.2,30.4516086578369
"25011",25.9,27.7769603729248
"25013",35.4,33.7160377502441
"25015",25.2,24.6530380249023
"25017",22,21.2765445709229
"25019",28.8,26.1200218200684
"25021",27.1,23.7927589416504
"25023",30.4,28.3113384246826
"25025",27,26.882360458374
"25027",32.8,29.6043148040771
"26001",35.8,33.4144592285156
"26003",34.3,34.8749122619629
"26005",31.8,37.2290344238281
"26007",38.5,38.8863792419434
"26009",34.9,30.6662540435791
"26011",38.6,36.126220703125
"26013",37.9,37.7839393615723
"26015",34.1,36.4688568115234
"26017",37.3,38.4024429321289
"26019",35,32.1613655090332
"26021",39.9,31.5909938812256
"26023",39.8,38.6635971069336
"26025",39,39.6730537414551
"26027",35.2,36.524730682373
"26029",36.6,30.8713359832764
"26031",37.1,34.3331489562988
"26033",38.2,38.8243522644043
"26035",42.7,39.1046676635742
"26037",36.2,35.1726531982422
"26039",38.2,33.5867080688477
"26041",35.6,34.2005767822266
"26043",32,36.1309013366699
"26045",35.1,32.7684288024902
"26047",31.2,28.9838943481445
"26049",39,40.2691345214844
"26051",38,39.0673942565918
"26053",37.9,33.3367805480957
"26055",31,30.2705993652344
"26057",34.6,38.0950889587402
"26059",36.6,39.3608703613281
"26061",31.1,27.7403373718262
"26063",38.4,38.2608337402344
"26065",32.1,32.9286766052246
"26067",38.8,38.6459922790527
"26069",37.9,35.5199699401855
"26071",37.6,34.4094696044922
"26073",34.9,35.3787956237793
"26075",39.3,37.147518157959
"26077",34.1,31.2890110015869
"26079",36.1,37.874885559082
"26081",33.4,32.6842918395996
"26083",33.3,27.2140464782715
"26085",41.6,37.9230499267578
"26087",36.1,37.0099067687988
"26089",31.3,26.1492767333984
"26091",42.1,38.3740921020508
"26093",35.4,31.1137809753418
"26095",38.8,34.65087890625
"26097",38.2,33.4743804931641
"26099",36.9,36.6631469726562
"26101",37.1,34.3645896911621
"26103",30.7,31.2965545654297
"26105",38.9,32.1297035217285
"26107",32.4,36.1692276000977
"26109",37.1,35.4828147888184
"26111",31.1,30.3200550079346
"26113",38.4,37.1489028930664
"26115",38.2,36.8257293701172
"26117",39,35.6686363220215
"26119",37.8,36.7870254516602
"26121",42.8,38.6986122131348
"26123",39.2,38.0189437866211
"26125",29.8,26.3104972839355
"26127",37.3,36.0603332519531
"26129",38.2,38.865894317627
"26131",38,34.6926612854004
"26133",38.3,38.1923446655273
"26135",37.3,37.0733528137207
"26137",34.4,36.0979423522949
"26139",34.6,31.2396335601807
"26141",35.6,35.189151763916
"26143",35.3,33.0039443969727
"26145",42.4,40.3312759399414
"26147",41.4,37.2923240661621
"26149",37.2,37.4064750671387
"26151",38,37.1644973754883
"26153",37.6,35.3289222717285
"26155",36.3,38.0585823059082
"26157",39.4,38.2067413330078
"26159",39.6,36.0109939575195
"26161",28.2,24.6205654144287
"26163",36.7,38.8784103393555
"26165",38.2,38.6352005004883
"27001",35.3,34.4441757202148
"27003",36.4,36.0604858398438
"27005",39,37.1662673950195
"27007",39.9,33.4925994873047
"27009",37.4,38.5280075073242
"27011",41.9,36.9930000305176
"27013",38.9,33.930721282959
"27015",39,35.3130416870117
"27017",41.3,36.4291801452637
"27019",33.7,30.93776512146
"27021",37.6,35.7154312133789
"27023",41,37.6218566894531
"27025",38.5,38.1606712341309
"27027",33.9,33.8412742614746
"27029",38.7,38.0241279602051
"27031",35.4,27.1050701141357
"27033",38,34.9597015380859
"27035",37.8,35.4311332702637
"27037",33.3,32.8278045654297
"27039",38,35.7279739379883
"27041",38,34.8931770324707
"27043",37.2,38.3835487365723
"27045",37,36.8226432800293
"27047",40.3,35.9030303955078
"27049",36.4,36.2521476745605
"27051",38.1,37.0744590759277
"27053",27.3,23.7288131713867
"27055",38.2,36.4594650268555
"27057",39.6,33.8802947998047
"27059",39.1,36.5957565307617
"27061",34.4,36.4442825317383
"27063",39.8,36.928295135498
"27065",37.8,39.0626602172852
"27067",36.4,35.4097023010254
"27069",38.3,34.8600234985352
"27071",37.1,34.6495323181152
"27073",34.5,37.8595542907715
"27075",35,35.4573860168457
"27077",38.5,34.446590423584
"27079",39,37.2914924621582
"27081",37.6,36.4314804077148
"27083",45.1,35.4431953430176
"27085",40.2,36.820556640625
"27087",43.6,42.8390083312988
"27089",41.8,37.0114250183105
"27091",37.6,37.965446472168
"27093",40.6,37.0554084777832
"27095",43,39.3670616149902
"27097",39.9,38.0010147094727
"27099",40.3,36.0493049621582
"27101",40.1,35.5533027648926
"27103",35.5,31.9349365234375
"27105",40.1,38.3167037963867
"27107",37.1,38.8454666137695
"27109",35.3,28.6244564056396
"27111",37.6,36.4235458374023
"27113",30.6,37.7079238891602
"27115",39.4,37.9586334228516
"27117",39,37.3462181091309
"27119",38.5,37.0511131286621
"27121",37.9,36.4719200134277
"27123",32.3,26.0075454711914
"27125",37.1,39.1774482727051
"27127",38.3,37.0325546264648
"27129",38.1,37.5522613525391
"27131",33.9,34.3851470947266
"27133",37.8,36.2181549072266
"27135",33.7,37.7061157226562
"27137",35.9,33.0695419311523
"27139",34.1,35.0678253173828
"27141",38.2,37.2907333374023
"27143",40.6,38.4849700927734
"27145",37,36.3257904052734
"27147",37,35.7011871337891
"27149",35.1,35.6829605102539
"27151",38.9,37.3051834106445
"27153",40.3,38.5772590637207
"27155",37.8,37.2324905395508
"27157",33.1,36.9329299926758
"27159",42.6,37.3960762023926
"27161",40.9,38.2947082519531
"27163",31.1,28.7955188751221
"27165",38.5,35.9741630554199
"27167",41.3,35.5861778259277
"27169",32.2,34.5419158935547
"27171",38,35.3360176086426
"27173",39.3,37.3512496948242
"28001",43.6,41.695686340332
"28003",42.4,39.5109939575195
"28005",44.6,41.460521697998
"28007",44.2,41.962158203125
"28009",43.9,41.0314102172852
"28011",45.2,42.2503318786621
"28013",41.7,41.4940414428711
"28015",41.7,38.0908279418945
"28017",46.9,43.770824432373
"28019",41.3,40.3952369689941
"28021",49.2,44.2644462585449
"28023",44.4,41.8722991943359
"28025",42,42.2210540771484
"28027",47.8,49.0301361083984
"28029",45.8,42.0597915649414
"28031",41.3,41.7764701843262
"28033",40,40.5846176147461
"28035",41.7,38.2070846557617
"28037",41.7,40.3107109069824
"28039",40.8,39.7499504089355
"28041",42.6,41.805736541748
"28043",45.1,40.9944343566895
"28045",36.2,32.7826194763184
"28047",34.4,38.6629905700684
"28049",46.3,39.6244468688965
"28051",52.2,47.1020355224609
"28053",50.6,47.7038841247559
"28055",44.4,43.5651588439941
"28057",37,37.3447532653809
"28059",38.4,36.1080780029297
"28061",43.6,40.6723518371582
"28063",51.7,46.270809173584
"28065",43.3,42.3646049499512
"28067",43,40.2060661315918
"28069",45.4,43.7873268127441
"28071",37.6,34.2582092285156
"28073",39.6,36.1956596374512
"28075",38.8,39.930908203125
"28077",43.4,42.2094459533691
"28079",45.2,42.5248336791992
"28081",40.7,37.9194030761719
"28083",45.3,46.5643463134766
"28085",43.1,40.3226623535156
"28087",43.6,40.1072311401367
"28089",37.3,32.5924263000488
"28091",43.9,42.040828704834
"28093",44.1,43.0225143432617
"28095",40.8,39.6267356872559
"28097",45.4,41.8250846862793
"28099",42,41.3141937255859
"28101",43.5,42.571605682373
"28103",46.5,43.3198089599609
"28105",36,35.0469436645508
"28107",46,42.8329582214355
"28109",39.9,38.6068077087402
"28111",41.9,41.1128997802734
"28113",45.3,43.3078575134277
"28115",43.2,39.1248741149902
"28117",39.5,39.100341796875
"28119",50.3,47.0800590515137
"28121",36.3,35.4397888183594
"28123",45.9,42.0067825317383
"28125",49.6,45.2073783874512
"28127",41.6,41.6293144226074
"28129",41.7,40.528003692627
"28131",41.1,40.1468963623047
"28133",47.3,44.7725219726562
"28135",44.8,44.6593742370605
"28137",39.9,39.4805603027344
"28139",41.7,40.990234375
"28141",39.9,38.4771957397461
"28143",50.2,47.6157760620117
"28145",40.1,38.7144622802734
"28147",41.3,39.847957611084
"28149",41.8,39.8431777954102
"28151",44.5,44.5818748474121
"28153",45,40.9770088195801
"28155",40,37.6015396118164
"28157",49.1,45.3771286010742
"28159",44.5,41.7816696166992
"28161",42.9,41.6371002197266
"28163",45.6,46.1563835144043
"29001",36.7,34.812915802002
"29003",42.3,37.7040672302246
"29005",39.1,36.0490036010742
"29007",40.2,39.9884910583496
"29009",38.2,39.0885925292969
"29011",42.3,37.6076507568359
"29013",38.2,38.6254501342773
"29015",38.2,35.5876808166504
"29017",41.4,39.4714431762695
"29019",30.7,32.5200576782227
"29021",39.9,38.8670043945312
"29023",41.1,40.0942230224609
"29025",40.2,38.4757347106934
"29027",41.5,34.5038528442383
"29029",34.2,33.7076301574707
"29031",38.9,35.9547386169434
"29033",38.5,37.8912811279297
"29035",40.1,39.1796989440918
"29037",35.3,35.5519561767578
"29039",41.5,36.7902526855469
"29041",36.1,33.8381538391113
"29043",37,34.6787452697754
"29045",40.5,37.6028938293457
"29047",35.5,33.1443367004395
"29049",38,33.1499214172363
"29051",36.4,29.6442089080811
"29053",40.8,35.809440612793
"29055",38.8,38.388313293457
"29057",44.4,36.2957305908203
"29059",40.7,40.8803215026855
"29061",37.1,37.8494186401367
"29063",42.3,37.3010864257812
"29065",38.8,37.7246475219727
"29067",38.9,35.914436340332
"29069",42.9,42.1508255004883
"29071",39.1,37.2504272460938
"29073",38.4,39.4302024841309
"29075",37.6,36.664421081543
"29077",33.1,33.5531539916992
"29079",39,37.0524559020996
"29081",42.1,39.640739440918
"29083",40.2,37.9215087890625
"29085",43.1,37.1255302429199
"29087",39.1,36.3280296325684
"29089",38.6,35.2233657836914
"29091",40.4,37.5393867492676
"29093",40,36.1921348571777
"29095",38.7,33.9504356384277
"29097",35.3,37.2040138244629
"29099",39.5,36.4007339477539
"29101",38,36.0841979980469
"29103",38,37.2914009094238
"29105",44.3,38.097225189209
"29107",38.8,36.0456199645996
"29109",41.8,39.0962219238281
"29111",38.3,38.9375228881836
"29113",41.7,35.746036529541
"29115",41.3,37.2648963928223
"29117",38.3,36.8268928527832
"29119",41.5,39.1842079162598
"29121",36.8,37.7284736633301
"29123",37.7,39.7811050415039
"29125",38.7,36.5393104553223
"29127",35.6,38.074634552002
"29129",42.2,36.2176361083984
"29131",39.5,36.1059722900391
"29133",44.4,40.4567070007324
"29135",40,34.9140777587891
"29137",41.1,38.7993583679199
"29139",41.3,38.4091606140137
"29141",43.1,39.0400695800781
"29143",41.6,41.5863265991211
"29145",36.8,37.2527465820312
"29147",38.8,34.7562484741211
"29149",43.9,39.5094795227051
"29151",36.4,35.4241714477539
"29153",44.1,38.1730461120605
"29155",43.5,42.5319061279297
"29157",37.5,39.9377326965332
"29159",38.7,38.2589378356934
"29161",37.4,33.1706085205078
"29163",43.3,39.6381187438965
"29165",39.9,29.0334510803223
"29167",41,37.9494132995605
"29169",33.3,36.8595848083496
"29171",40,37.2400550842285
"29173",40.5,38.8746490478516
"29175",41.6,40.0184211730957
"29177",40.5,37.864315032959
"29179",40.5,38.9275054931641
"29181",42.8,40.0043716430664
"29183",36.3,32.088020324707
"29185",40.4,37.512638092041
"29186",37,38.292896270752
"29187",40,37.8188667297363
"29189",33.1,29.4825229644775
"29195",37.5,35.3506050109863
"29197",39.1,39.1527404785156
"29199",38.6,38.6194152832031
"29201",43.4,36.4238662719727
"29203",41.8,37.3062782287598
"29205",41.2,37.6649703979492
"29207",45.1,39.3587455749512
"29209",39.8,35.887825012207
"29211",39.7,38.4376754760742
"29213",38.4,35.6863136291504
"29215",40.7,38.2609024047852
"29217",40.6,38.6969146728516
"29219",37.6,36.2035827636719
"29221",39.4,38.9903831481934
"29223",41.9,40.2974281311035
"29225",38.9,35.8453941345215
"29227",39.4,38.6556701660156
"29229",41.1,39.336311340332
"29510",36.8,31.99587059021
"30001",30.2,29.9748229980469
"30003",41.3,42.1099853515625
"30005",41.4,40.0801887512207
"30007",32.5,37.0491027832031
"30009",29.4,35.0086212158203
"30011",33.4,34.0195388793945
"30013",35.2,34.8143348693848
"30015",34.3,34.2815361022949
"30017",35.8,34.7452163696289
"30019",31.5,34.2342185974121
"30021",35.4,34.4584007263184
"30023",32.8,31.0267677307129
"30025",33.4,37.1081809997559
"30027",32.4,30.1641044616699
"30029",30.1,29.6133823394775
"30031",22.6,24.7214508056641
"30033",32,36.7853393554688
"30035",35.9,42.4924125671387
"30037",34.1,35.7306022644043
"30039",32.5,31.6252212524414
"30041",34.4,35.4463958740234
"30043",30.5,34.4350891113281
"30045",33.4,32.1133766174316
"30047",33.7,33.5687866210938
"30049",30.7,29.6473197937012
"30051",37,37.6736030578613
"30053",30.7,34.7036361694336
"30055",33,35.5792579650879
"30057",26.9,29.7673778533936
"30059",33.6,25.4506282806396
"30061",35.3,34.1292877197266
"30063",28.2,25.9181900024414
"30065",33.6,34.9003448486328
"30067",28.1,29.0314788818359
"30069",32.5,35.5015869140625
"30071",39.2,36.9255676269531
"30073",33.9,35.6734428405762
"30075",32.8,34.2781448364258
"30077",33,34.487720489502
"30079",36.4,33.0944442749023
"30081",32.9,32.5045890808105
"30083",36.2,37.3223152160645
"30085",40.3,43.0052185058594
"30087",39.2,39.7317924499512
"30089",35.3,35.859432220459
"30091",32.8,36.1165580749512
"30093",29.4,35.5835266113281
"30095",32.6,35.3093414306641
"30097",32,36.5255432128906
"30099",30.8,35.4251403808594
"30101",35,33.5715522766113
"30103",30.3,32.8470268249512
"30105",35.6,36.2792930603027
"30107",35.3,36.896369934082
"30109",34.2,35.2911415100098
"30111",34.3,30.8864707946777
"31001",40,35.5145263671875
"31003",39.7,38.1757011413574
"31005",38.3,33.6792297363281
"31007",40.4,32.8675384521484
"31009",40.2,37.0361938476562
"31011",34.5,37.204231262207
"31013",40.1,38.370677947998
"31015",39.5,35.4690437316895
"31017",40,36.3828964233398
"31019",41.6,30.7775249481201
"31021",40.7,35.9912986755371
"31023",38.9,37.2198600769043
"31025",38.6,35.2212829589844
"31027",39.9,37.8402061462402
"31029",38.2,38.0886611938477
"31031",41.8,34.8384971618652
"31033",41,35.4430465698242
"31035",44,37.8953132629395
"31037",38.5,41.2454490661621
"31039",38.8,37.0924682617188
"31041",38.5,36.8834648132324
"31043",45.3,38.0675888061523
"31045",36.6,33.1487617492676
"31047",41.1,37.7332878112793
"31049",39.2,38.8889427185059
"31051",40.6,36.6062278747559
"31053",37.9,37.3214912414551
"31055",35.7,28.4647769927979
"31057",40.3,37.8035888671875
"31059",38.8,36.7106056213379
"31061",41.3,36.4688835144043
"31063",39.2,34.2103271484375
"31065",40.6,36.2097816467285
"31067",42.7,38.2503051757812
"31069",41.2,37.0566864013672
"31071",36.3,34.3612937927246
"31073",38.5,33.3689651489258
"31075",37,31.9133396148682
"31077",37.1,36.9374504089355
"31079",37.7,36.9613494873047
"31081",41.6,38.8627510070801
"31083",36,36.3585090637207
"31085",39.8,36.9473419189453
"31087",42.9,37.636604309082
"31089",39,35.5874938964844
"31091",38.1,36.5440101623535
"31093",37.5,36.9535713195801
"31095",39.9,35.166877746582
"31097",40.2,37.2989959716797
"31099",38.2,33.6396484375
"31101",36.7,34.0696983337402
"31103",38.3,35.4094848632812
"31105",42.9,37.7249565124512
"31107",43,37.1919212341309
"31109",32,28.1003704071045
"31111",39.6,38.2877464294434
"31113",37.1,33.7679023742676
"31115",38.1,35.1115684509277
"31117",40,36.2509384155273
"31119",40,35.0373725891113
"31121",39.9,36.7599296569824
"31123",38.6,36.9295539855957
"31125",40.5,37.7354125976562
"31127",39.7,31.6969089508057
"31129",37.6,34.3013381958008
"31131",36.6,37.1846084594727
"31133",38.5,36.5744743347168
"31135",38.7,37.5675468444824
"31137",41.9,35.974666595459
"31139",41.1,36.5335578918457
"31141",36,34.9026107788086
"31143",39.9,37.974723815918
"31145",38.7,33.3121948242188
"31147",43.8,37.2601089477539
"31149",40.2,35.5948219299316
"31151",40.8,39.3412437438965
"31153",38.5,33.1931037902832
"31155",36.2,34.5043525695801
"31157",41.3,34.9574813842773
"31159",40.5,33.3303833007812
"31161",35.1,37.7422218322754
"31163",39.5,36.6650047302246
"31165",39.7,31.9836235046387
"31167",38,36.6813926696777
"31169",40,36.1801948547363
"31171",36.3,36.0110816955566
"31173",47.7,43.4266204833984
"31175",40,35.6724052429199
"31177",38.5,32.6052436828613
"31179",33,33.0365600585938
"31181",39.6,37.2767372131348
"31183",38.4,33.6728630065918
"31185",38.3,37.7344207763672
"32001",33.3,35.2770690917969
"32003",32.8,33.5409622192383
"32005",30,30.3734512329102
"32007",35.8,36.1546096801758
"32009",34.8,33.3200607299805
"32011",35.1,36.371883392334
"32013",34,36.4310035705566
"32015",33.9,37.025032043457
"32017",31.7,36.3475456237793
"32019",36,36.5922164916992
"32021",34.4,40.3206939697266
"32023",31.5,35.0823783874512
"32027",35,35.2546920776367
"32029",31.1,31.6653633117676
"32031",29.6,29.3212547302246
"32033",33.3,38.657829284668
"32510",32.3,32.4948616027832
"33001",30.9,33.925651550293
"33003",28.8,27.296501159668
"33005",31.1,31.6289215087891
"33007",35.6,35.3237152099609
"33009",28.4,28.8233032226562
"33011",30.1,29.9802017211914
"33013",30.7,30.7493152618408
"33015",31.8,30.8370399475098
"33017",31.8,31.7174530029297
"33019",32.4,34.3236389160156
"34001",33,34.546516418457
"34003",26,23.9036750793457
"34005",33,28.8702373504639
"34007",32.7,30.9556560516357
"34009",31.4,30.7809066772461
"34011",36.6,38.8415031433105
"34013",29.3,30.5537605285645
"34015",36.4,32.8488006591797
"34017",30.9,23.5997619628906
"34019",26.8,28.0973892211914
"34021",30.6,24.7143898010254
"34023",27.1,23.545389175415
"34025",29.2,28.8037395477295
"34027",26.1,25.4483127593994
"34029",32.5,32.999153137207
"34031",31.5,31.5937328338623
"34033",36.1,36.6989898681641
"34035",27.2,25.7081432342529
"34037",29.6,31.4343223571777
"34039",28.3,28.491512298584
"34041",29.6,29.9940528869629
"35001",27.7,31.8824234008789
"35003",32.2,35.866813659668
"35005",41.4,36.4660148620605
"35006",38.1,42.5691413879395
"35007",35,34.5334968566895
"35009",34,38.2798957824707
"35011",32.3,44.426197052002
"35013",34.1,34.268424987793
"35015",39.1,35.422119140625
"35017",33.7,33.1507034301758
"35019",34.9,42.421272277832
"35021",33.8,33.3843002319336
"35023",34.1,39.5181884765625
"35025",35.1,40.5887413024902
"35027",30.3,33.9755172729492
"35028",22.6,25.5379772186279
"35029",37.8,39.8777389526367
"35031",37.3,44.7934951782227
"35033",36.4,36.4001808166504
"35035",37.7,38.1077651977539
"35037",35.3,37.9572639465332
"35039",38.7,42.0072402954102
"35041",31.9,37.7462501525879
"35043",30.9,33.1902046203613
"35045",38.1,40.6699905395508
"35047",34.6,33.769416809082
"35049",22.9,31.434175491333
"35051",32.1,32.997989654541
"35053",33.7,42.398796081543
"35055",28.7,29.6840343475342
"35057",34.5,40.0467758178711
"35059",35,38.2013893127441
"35061",35.1,38.3740310668945
"36001",32.2,29.9492454528809
"36003",32.7,33.709602355957
"36005",37.1,40.6385154724121
"36007",31.4,31.0280055999756
"36009",36.4,38.0384330749512
"36011",40.7,37.2489242553711
"36013",33.8,33.5571784973145
"36015",34.2,33.8859672546387
"36017",37.5,36.8056564331055
"36019",41.1,35.7620811462402
"36021",32.7,29.7291584014893
"36023",31.7,36.3001403808594
"36025",35.7,33.8103866577148
"36027",34.1,30.3952503204346
"36029",32.3,30.756233215332
"36031",35.9,32.8307876586914
"36033",36.7,37.0333099365234
"36035",36.5,38.1463928222656
"36037",35.3,37.6232032775879
"36039",32.2,36.3386421203613
"36041",37.6,34.2258529663086
"36043",37.8,36.1332092285156
"36045",36.3,36.5117492675781
"36047",26.9,30.4905281066895
"36049",36,37.4692192077637
"36051",31.4,33.9486885070801
"36053",33.3,37.0857543945312
"36055",35.6,30.9186820983887
"36057",35.9,37.593994140625
"36059",27,26.5847473144531
"36061",20.9,22.2904090881348
"36063",34.8,32.7525672912598
"36065",38.1,35.9532737731934
"36067",34.7,32.2118301391602
"36069",33.5,31.7393360137939
"36071",37,36.2065734863281
"36073",36.3,38.3610572814941
"36075",38.3,37.1358528137207
"36077",33.3,31.7136688232422
"36079",30.5,30.2674007415771
"36081",24.7,27.4796333312988
"36083",34.5,31.9097881317139
"36085",29.4,30.3124370574951
"36087",31.4,25.6244716644287
"36089",35.7,38.2655792236328
"36091",32.6,30.2077693939209
"36093",34,32.5461044311523
"36095",36.7,36.098747253418
"36097",37.6,32.5663070678711
"36099",37.5,36.1376800537109
"36101",36.1,35.2407302856445
"36103",29.8,29.5681533813477
"36105",34.9,35.2369956970215
"36107",35.5,35.3569793701172
"36109",29.6,25.9739189147949
"36111",31.7,28.571159362793
"36113",34.7,33.7899055480957
"36115",36.1,37.4850082397461
"36117",37.2,36.823860168457
"36119",26.7,24.6298179626465
"36121",35.8,37.0135345458984
"36123",35,33.2863807678223
"37001",37.3,37.886646270752
"37003",33.9,38.086296081543
"37005",36.2,35.932186126709
"37007",42.7,42.5504531860352
"37009",33.8,36.0700225830078
"37011",32.6,35.938663482666
"37013",38.4,38.3154830932617
"37015",43.2,42.8415603637695
"37017",38.6,40.5403213500977
"37019",31.1,33.0803833007812
"37021",26.3,31.3156566619873
"37023",31.9,37.223072052002
"37025",35.1,35.4035491943359
"37027",35.2,36.0688552856445
"37029",35.1,37.070011138916
"37031",31.7,31.4207515716553
"37033",35.8,39.5879821777344
"37035",33.8,35.9368743896484
"37037",30.8,28.1313323974609
"37039",31.5,34.5443954467773
"37041",39,36.3415451049805
"37043",32.5,34.033031463623
"37045",37.6,39.0176124572754
"37047",38.8,42.3836250305176
"37049",35.4,35.2708892822266
"37051",38.2,38.0298538208008
"37053",34.3,33.3361701965332
"37055",30.1,30.746036529541
"37057",34.3,38.0814018249512
"37059",33.9,34.0813293457031
"37061",39.1,42.4573287963867
"37063",32.2,28.2458534240723
"37065",40.2,42.4834823608398
"37067",31.6,34.1063270568848
"37069",38.3,38.1794319152832
"37071",36.7,36.612232208252
"37073",37.6,40.7907066345215
"37075",33.7,39.4595413208008
"37077",37.9,37.8986282348633
"37079",41.1,42.7564697265625
"37081",32.7,34.332447052002
"37083",41.2,43.1126899719238
"37085",39.5,40.5563049316406
"37087",31.7,31.4214611053467
"37089",33.6,32.910530090332
"37091",42.5,42.9239196777344
"37093",35.9,40.2262878417969
"37095",39.5,41.9132385253906
"37097",34,33.7384948730469
"37099",30.6,32.3762550354004
"37101",36.8,37.6808319091797
"37103",38.4,40.327033996582
"37105",38.5,37.6699447631836
"37107",40.1,40.7432098388672
"37109",33.5,34.9071960449219
"37111",33.5,38.0066070556641
"37113",31,33.1665267944336
"37115",31.8,31.8405857086182
"37117",38.5,41.7327423095703
"37119",34.2,30.1973876953125
"37121",34.2,32.752742767334
"37123",37.5,39.0032730102539
"37125",32.1,31.7274417877197
"37127",42,41.5674858093262
"37129",31.6,30.9898242950439
"37131",40.3,41.8468742370605
"37133",29.3,34.2538604736328
"37135",24.5,26.2438888549805
"37137",36.2,35.6359214782715
"37139",35.3,37.9368515014648
"37141",31.9,34.8965530395508
"37143",33.9,36.7083511352539
"37145",40.6,40.0205955505371
"37147",35.4,37.8874473571777
"37149",31.3,32.1176490783691
"37151",32.5,39.7800979614258
"37153",39.2,40.5465507507324
"37155",41.5,44.4184646606445
"37157",38,39.6395072937012
"37159",33.7,38.4051246643066
"37161",36.9,38.0868453979492
"37163",38.3,42.0885276794434
"37165",40.8,42.9225959777832
"37167",34.2,36.3356475830078
"37169",33.3,38.1059074401855
"37171",35.5,37.6912727355957
"37173",36.7,41.3045196533203
"37175",31.8,32.1079711914062
"37177",37,40.5480613708496
"37179",31.7,32.8855590820312
"37181",41,42.1053085327148
"37183",25.8,29.3247890472412
"37185",41.1,41.3329010009766
"37187",40.4,40.7863349914551
"37189",29.8,29.7727336883545
"37191",38.6,38.6209907531738
"37193",35,37.3804588317871
"37195",38.9,40.764476776123
"37197",36,37.4813232421875
"37199",32.8,35.9109115600586
"38001",37.1,36.2275161743164
"38003",36.5,34.6226806640625
"38005",41.5,41.9106864929199
"38007",35.8,36.1210289001465
"38009",39.1,37.283504486084
"38011",36.9,34.8970832824707
"38013",35,37.375862121582
"38015",38.6,29.5888690948486
"38017",32.8,30.7012672424316
"38019",35.9,34.7180252075195
"38021",37.4,35.5055847167969
"38023",36.8,37.582820892334
"38025",37.7,37.5100898742676
"38027",39.3,34.2275238037109
"38029",36.4,35.8301467895508
"38031",39.4,36.0165939331055
"38033",40.9,34.6350212097168
"38035",34.5,33.050724029541
"38037",39.9,32.2578010559082
"38039",36.2,34.6709175109863
"38041",36.7,35.0149688720703
"38043",37.3,33.149356842041
"38045",37.3,36.0116157531738
"38047",37,36.1277847290039
"38049",37.4,37.3707466125488
"38051",40.1,35.5512771606445
"38053",35.7,35.7947998046875
"38055",35.9,36.5563621520996
"38057",36.1,36.3759765625
"38059",35.9,37.0185928344727
"38061",40.2,40.6995010375977
"38063",38.5,35.5701103210449
"38065",39.9,35.0243263244629
"38067",34.3,36.5143852233887
"38069",35.8,34.2732238769531
"38071",35.3,33.0678215026855
"38073",37.9,38.5019607543945
"38075",37.4,35.8975868225098
"38077",39.8,37.5190162658691
"38079",45.2,46.7669563293457
"38081",35.8,37.2207298278809
"38083",35.4,35.6259956359863
"38085",49,46.7435989379883
"38087",36.5,32.0925331115723
"38089",38.8,35.3343162536621
"38091",36.2,34.0385818481445
"38093",39.4,34.7626037597656
"38095",36.5,35.892147064209
"38097",37.1,35.3372230529785
"38099",38.1,36.3575897216797
"38101",36.5,35.9996948242188
"38103",37.1,35.5228691101074
"38105",37.7,37.7949371337891
"39001",45.5,40.8274230957031
"39003",46.6,37.3116073608398
"39005",40,37.6876258850098
"39007",42.9,38.1671600341797
"39009",35.1,32.4074516296387
"39011",42.5,37.0443725585938
"39013",42.6,36.6522979736328
"39015",42.9,40.754940032959
"39017",36.1,32.9690780639648
"39019",40.8,39.2764320373535
"39021",40,38.3408584594727
"39023",41.5,39.7070808410645
"39025",40.3,35.1573219299316
"39027",41.2,39.2778739929199
"39029",46.9,38.2801475524902
"39031",40.3,39.1141090393066
"39033",43.9,39.0253639221191
"39035",37.3,33.703670501709
"39037",39.9,39.8640365600586
"39039",41.9,37.9293594360352
"39041",32.8,27.7044162750244
"39043",36.7,35.3002815246582
"39045",39,34.4443016052246
"39047",40.9,39.1324195861816
"39049",36.1,29.5099830627441
"39051",42.6,39.0024604797363
"39053",40.3,37.6395950317383
"39055",36.1,30.4644317626953
"39057",38.7,29.2471313476562
"39059",41.5,38.9465866088867
"39061",38.2,31.0017948150635
"39063",36.9,37.2737922668457
"39065",43.7,38.4879531860352
"39067",41.4,39.1172370910645
"39069",42.7,38.235523223877
"39071",43.1,39.8977127075195
"39073",43.1,41.0156669616699
"39075",42.1,36.4385643005371
"39077",41.8,40.1594924926758
"39079",44.3,40.370906829834
"39081",39.7,38.2024383544922
"39083",34.3,35.6439971923828
"39085",41,33.1321220397949
"39087",44.9,37.7831497192383
"39089",36.1,36.9434700012207
"39091",39.1,38.2645301818848
"39093",39.5,33.2185020446777
"39095",42.2,38.5301818847656
"39097",42.1,37.857048034668
"39099",39.2,36.1570930480957
"39101",44.9,42.0142097473145
"39103",36.7,31.9226016998291
"39105",49,41.6887245178223
"39107",37.5,37.9739265441895
"39109",40.1,37.3356018066406
"39111",42.7,39.0679702758789
"39113",41,34.9432601928711
"39115",42,39.7483558654785
"39117",43.2,37.4024620056152
"39119",41.1,38.9507369995117
"39121",44.6,37.3933792114258
"39123",41.3,34.6037979125977
"39125",39.5,38.754222869873
"39127",43.1,39.6133003234863
"39129",42.9,40.0756378173828
"39131",40.7,42.2397270202637
"39133",37.3,34.0046691894531
"39135",38.7,38.5189476013184
"39137",40.1,37.1664886474609
"39139",39.8,38.9381675720215
"39141",42.6,39.5985488891602
"39143",42.1,37.5855941772461
"39145",43.3,38.9455375671387
"39147",46,38.5208969116211
"39149",37.7,38.4469108581543
"39151",38.1,36.3593330383301
"39153",39,33.4101715087891
"39155",44.2,37.3194580078125
"39157",43.7,38.7611274719238
"39159",37.8,36.4176139831543
"39161",42,38.635856628418
"39163",41.8,38.9900856018066
"39165",34.8,33.1637573242188
"39167",44.1,39.0129776000977
"39169",39.4,35.9936904907227
"39171",41.3,39.7869758605957
"39173",34.3,31.0209197998047
"39175",39.8,37.2474060058594
"40001",43.5,43.0947532653809
"40003",38.7,38.5079193115234
"40005",42.7,40.2374420166016
"40007",38.6,36.4127197265625
"40009",42.4,39.2789840698242
"40011",43.1,38.5500297546387
"40013",40.8,37.9192848205566
"40015",40.7,42.3682022094727
"40017",42.9,34.2530975341797
"40019",40.4,38.4130401611328
"40021",42.7,38.6404571533203
"40023",45.3,40.7833824157715
"40025",38.3,33.883129119873
"40027",35.6,32.6769599914551
"40029",42.6,41.561164855957
"40031",42.9,39.2318534851074
"40033",42.3,37.4132118225098
"40035",43.6,41.8926429748535
"40037",39.4,38.7408752441406
"40039",36.6,36.598560333252
"40041",42.7,38.7386131286621
"40043",40.7,39.0669364929199
"40045",40.9,37.6606292724609
"40047",41.8,39.1468086242676
"40049",42.2,39.4891738891602
"40051",41.2,37.8478393554688
"40053",44.5,35.9924049377441
"40055",41.2,39.2196960449219
"40057",43.3,40.4823608398438
"40059",43.3,38.6871185302734
"40061",43.4,40.9194869995117
"40063",47.3,41.8423919677734
"40065",42,36.5779457092285
"40067",45.2,40.0796356201172
"40069",42.8,37.8982543945312
"40071",43.4,40.4456481933594
"40073",41.2,38.3157730102539
"40075",45.6,38.3749656677246
"40077",45.2,40.0846214294434
"40079",42.5,40.896556854248
"40081",42.2,40.4944648742676
"40083",42.1,35.2270622253418
"40085",43.2,38.6862945556641
"40087",38.3,37.4914741516113
"40089",44.9,42.0710945129395
"40091",41.6,42.679386138916
"40093",41.5,36.523193359375
"40095",42.7,40.0356636047363
"40097",43,40.4178314208984
"40099",44.3,37.9944038391113
"40101",44.3,39.1718215942383
"40103",40.2,36.982307434082
"40105",41.1,40.5294036865234
"40107",44.7,42.6260948181152
"40109",39.1,33.507495880127
"40111",43.9,41.258358001709
"40113",40.3,39.4393577575684
"40115",43.3,41.9752349853516
"40117",40.7,39.9040832519531
"40119",34.8,34.1922149658203
"40121",41,39.1403579711914
"40123",43,37.1271781921387
"40125",42.4,38.258056640625
"40127",43.3,40.0182495117188
"40129",40.4,36.8427352905273
"40131",41,38.3962135314941
"40133",42.2,42.0663757324219
"40135",41.2,41.8021545410156
"40137",42.2,38.6658554077148
"40139",41,40.5005989074707
"40141",42.5,38.8707008361816
"40143",36.7,35.0200386047363
"40145",43.6,36.8395805358887
"40147",41.3,33.3024673461914
"40149",40.7,38.1791381835938
"40151",38.4,32.7132263183594
"40153",41.8,37.4228324890137
"41001",34.2,33.1429672241211
"41003",24.1,23.8278388977051
"41005",29,29.4578475952148
"41007",30.2,33.5402488708496
"41009",37.2,36.8458290100098
"41011",30.7,35.2797088623047
"41013",32.9,34.858772277832
"41015",31.9,32.5091667175293
"41017",27.2,28.2665271759033
"41019",34.6,33.5936050415039
"41021",31.2,35.8553733825684
"41023",30.2,35.1643714904785
"41025",34.5,34.1482925415039
"41027",30.7,31.6402187347412
"41029",35.5,32.6809730529785
"41031",34.8,38.9415168762207
"41033",32.5,34.5602264404297
"41035",38.3,34.823070526123
"41037",34,33.0524635314941
"41039",31,30.8131141662598
"41041",31.9,33.2725219726562
"41043",34.6,38.5887260437012
"41045",37.8,39.7464637756348
"41047",39.1,33.9280090332031
"41049",37,39.3468856811523
"41051",29.2,25.4922790527344
"41053",33.5,32.6134071350098
"41055",33,37.8333435058594
"41057",30.6,33.232780456543
"41059",37.3,36.8810806274414
"41061",34.5,34.0504493713379
"41063",30.1,34.9347686767578
"41065",32.7,34.9793472290039
"41067",29.9,28.2520771026611
"41069",34.1,35.2803993225098
"41071",34.2,33.5327110290527
"42001",36.5,36.4043922424316
"42003",31.7,28.8436412811279
"42005",37.9,37.4470901489258
"42007",37.4,35.1647109985352
"42009",34.9,39.1135063171387
"42011",34.8,35.7182655334473
"42013",36,36.1701278686523
"42015",34.7,38.3048324584961
"42017",30.4,30.1374168395996
"42019",32.3,30.3471565246582
"42021",36.6,36.047233581543
"42023",37.9,36.5493850708008
"42025",34.7,37.034366607666
"42027",31.5,29.2922630310059
"42029",29.6,26.6974239349365
"42031",34.5,35.6842384338379
"42033",37.2,36.6404304504395
"42035",33.7,38.905216217041
"42037",36,35.6593284606934
"42039",37.4,36.3338623046875
"42041",32.8,29.1200389862061
"42043",34.1,35.7707405090332
"42045",30.9,29.1098728179932
"42047",38.3,37.7679786682129
"42049",36.5,31.6492176055908
"42051",34.7,37.898021697998
"42053",39.7,37.538459777832
"42055",38.9,36.675106048584
"42057",35.6,38.7608947753906
"42059",35.6,35.6932411193848
"42061",35,37.8618965148926
"42063",37.7,35.9783248901367
"42065",35.7,38.8425941467285
"42067",36,37.8087425231934
"42069",32.8,33.1808204650879
"42071",35.1,33.5942649841309
"42073",35.5,37.3058586120605
"42075",36.8,35.6567649841309
"42077",34,31.4803218841553
"42079",38.2,33.9573822021484
"42081",35.5,35.7437324523926
"42083",35.9,37.124324798584
"42085",34.8,34.2832183837891
"42087",38.3,39.4814758300781
"42089",37.5,35.1482124328613
"42091",31.5,26.7828254699707
"42093",35.3,33.0496025085449
"42095",33,31.6519680023193
"42097",37.9,37.5138130187988
"42099",35.1,36.3054580688477
"42101",34.2,33.7583618164062
"42103",34,36.0180320739746
"42105",38.1,37.2849922180176
"42107",39,37.2615547180176
"42109",35.5,35.5001029968262
"42111",36.5,37.838134765625
"42113",36.8,33.7629585266113
"42115",32.9,38.6742668151855
"42117",38.5,35.805778503418
"42119",33.7,34.2569847106934
"42121",35.8,38.4272079467773
"42123",34.5,38.7816123962402
"42125",38,34.2442436218262
"42127",35.2,36.3775367736816
"42129",31.2,33.484130859375
"42131",35.7,37.0128784179688
"42133",34.8,37.2958526611328
"44001",25.3,22.3221740722656
"44003",33,31.2222881317139
"44005",26.5,25.6976547241211
"44007",32.1,33.1870384216309
"44009",24,25.4398860931396
"45001",38.4,37.9802360534668
"45003",36.8,34.5230522155762
"45005",44.3,45.7048034667969
"45007",38.7,36.821159362793
"45009",42.9,42.3863563537598
"45011",42.9,42.5830841064453
"45013",26.9,28.9395999908447
"45015",36.5,37.7542037963867
"45017",38.2,40.0613174438477
"45019",28.7,28.8536052703857
"45021",32.4,39.7123031616211
"45023",42,41.3875465393066
"45025",39.8,40.9563522338867
"45027",45.1,42.1523628234863
"45029",44.8,39.3462409973145
"45031",41.2,41.0488662719727
"45033",42.1,44.4454498291016
"45035",36.9,39.1198768615723
"45037",39.2,37.9825439453125
"45039",41,42.7221336364746
"45041",38.9,39.046272277832
"45043",33.2,33.5320472717285
"45045",30.2,30.93337059021
"45047",39.9,38.8436431884766
"45049",43.7,43.1075744628906
"45051",34.6,35.3026351928711
"45053",37.2,37.5197906494141
"45055",36.7,37.3745346069336
"45057",35.9,34.2118682861328
"45059",40.8,39.6578330993652
"45061",48.6,44.5806503295898
"45063",39.4,33.9604988098145
"45065",36.5,35.9333801269531
"45067",42.5,44.140625
"45069",46,44.2959365844727
"45071",38.3,38.1060256958008
"45073",32.1,31.6890602111816
"45075",46.1,43.3559646606445
"45077",34.8,34.806468963623
"45079",32.7,36.7871170043945
"45081",39,39.6800842285156
"45083",36.4,36.7301979064941
"45085",40.2,42.2687225341797
"45087",42.9,40.2638397216797
"45089",47.2,42.9419136047363
"45091",31.6,34.616039276123
"46003",33.1,37.0674095153809
"46005",34.8,36.6025352478027
"46007",42.2,42.0581703186035
"46009",35.7,37.7213935852051
"46011",34.2,31.3839206695557
"46013",35.3,33.9602203369141
"46015",36.3,37.592845916748
"46017",43.7,47.7200202941895
"46019",34.6,37.7602500915527
"46021",33.7,37.8367919921875
"46023",37.7,38.2120971679688
"46025",37.4,37.4377098083496
"46027",34.9,33.614013671875
"46029",39.6,37.0136337280273
"46031",45.7,44.4800033569336
"46033",38.5,32.3267250061035
"46035",36.4,37.4711647033691
"46037",37.4,37.067569732666
"46039",35,36.756534576416
"46041",40.9,43.3103256225586
"46043",34.6,36.893310546875
"46045",34.9,35.3130187988281
"46047",36.7,32.9441566467285
"46049",36.8,37.01513671875
"46051",32.8,35.1239471435547
"46053",36.2,34.2779235839844
"46055",34.9,35.956974029541
"46057",33.8,34.4478340148926
"46059",33.8,35.6054229736328
"46061",33.9,36.0416107177734
"46063",33.9,36.7292289733887
"46065",35,30.073263168335
"46067",33.4,37.0697708129883
"46069",34.4,38.1062660217285
"46071",39,44.0837707519531
"46073",36.1,35.6850547790527
"46075",35.7,33.1870193481445
"46077",33.8,38.4156532287598
"46079",34.7,30.3938159942627
"46081",33.9,30.2163257598877
"46083",32.7,34.4055061340332
"46085",39.5,41.2152633666992
"46087",34.3,32.6452827453613
"46089",37.1,35.845531463623
"46091",32.8,39.0178031921387
"46093",32.7,35.056526184082
"46095",42.3,42.2966461181641
"46097",35.5,38.4898872375488
"46099",34.1,31.7530498504639
"46101",32.8,36.4047546386719
"46103",34.6,32.9032821655273
"46105",32.3,36.2191276550293
"46107",33.9,35.8745956420898
"46109",42.4,42.0702209472656
"46111",34.9,37.5990867614746
"46115",36.5,37.1923217773438
"46117",33.4,34.6347198486328
"46119",36.6,33.3028945922852
"46121",43.6,47.1110725402832
"46123",40.2,37.3209648132324
"46125",34.1,36.5309753417969
"46127",32.8,31.3512706756592
"46129",34.3,34.325813293457
"46135",34.8,34.8280334472656
"46137",44.2,45.5836715698242
"47001",38.9,32.0465888977051
"47003",41.2,38.8663711547852
"47005",39.9,37.3553314208984
"47007",43.1,40.6507873535156
"47009",33.3,34.7324180603027
"47011",38.9,35.8619728088379
"47013",39.3,39.083610534668
"47015",36.6,35.267276763916
"47017",39.9,37.4453315734863
"47019",41.5,34.5259857177734
"47021",38.3,33.4624214172363
"47023",38.2,37.7596206665039
"47025",40.6,39.6115951538086
"47027",39.7,39.4301300048828
"47029",41.9,38.7924003601074
"47031",39.7,37.0547714233398
"47033",39.1,38.1853370666504
"47035",37.1,36.312858581543
"47037",32.1,31.6300392150879
"47039",41.7,38.0700721740723
"47041",42.2,37.7918243408203
"47043",35.3,36.195915222168
"47045",41.2,38.2635498046875
"47047",37.4,38.1338157653809
"47049",40.3,39.1475677490234
"47051",38.4,36.0591278076172
"47053",40.2,38.8035545349121
"47055",37.9,37.5687561035156
"47057",38.6,37.4895286560059
"47059",37.6,37.3740310668945
"47061",38,40.3298454284668
"47063",38.5,38.9980697631836
"47065",33,31.7275085449219
"47067",42.7,42.2514991760254
"47069",47.5,41.4587898254395
"47071",37.3,37.5820045471191
"47073",37.6,38.401481628418
"47075",44,42.7287139892578
"47077",43,40.134578704834
"47079",39.5,37.5448417663574
"47081",40.1,37.479118347168
"47083",37.7,37.6691207885742
"47085",38.2,38.5063247680664
"47087",36.4,39.1822853088379
"47089",38.9,36.7357635498047
"47091",39.5,36.5040397644043
"47093",36.8,32.7543754577637
"47095",44.7,39.2974281311035
"47097",44.5,41.5042533874512
"47099",41.4,39.3179206848145
"47101",39,40.1023101806641
"47103",40.5,37.7473030090332
"47105",35.8,33.8576164245605
"47107",40.3,35.8477554321289
"47109",43.2,39.1246299743652
"47111",40.6,37.799430847168
"47113",38.7,39.4298400878906
"47115",40.7,38.3899841308594
"47117",40.6,37.5727691650391
"47119",40.9,35.0189323425293
"47121",38.3,38.7692337036133
"47123",36.2,36.9711685180664
"47125",42.2,38.0251426696777
"47127",36.7,36.3917121887207
"47129",40.6,38.5876121520996
"47131",40.6,38.6549682617188
"47133",38,40.2387390136719
"47135",38.7,37.8995208740234
"47137",39.6,36.956958770752
"47139",38.1,36.9845581054688
"47141",36.8,36.0850524902344
"47143",39.6,38.0959205627441
"47145",39.7,36.3939361572266
"47147",38,37.4010696411133
"47149",33.6,35.0156593322754
"47151",41.4,42.239070892334
"47153",39.1,35.1939849853516
"47155",39.4,38.5431632995605
"47157",42.6,36.130786895752
"47159",37.1,37.7351913452148
"47161",37,36.6922645568848
"47163",40.7,33.6595916748047
"47165",38.7,35.2441062927246
"47167",39.7,36.8749160766602
"47169",38.4,37.3899154663086
"47171",36.6,35.7370147705078
"47173",38.2,40.4213790893555
"47175",39.4,38.4933967590332
"47177",39.2,39.5022735595703
"47179",36.3,29.1961631774902
"47181",40.4,38.8570594787598
"47183",38,38.3278961181641
"47185",39.7,38.820011138916
"47187",29.6,30.6058807373047
"47189",37.2,31.0655326843262
"48001",39.9,42.5672912597656
"48003",39.3,39.2650985717773
"48005",40.8,38.3665733337402
"48007",39.5,31.9970779418945
"48009",36.4,34.9322547912598
"48011",34.6,36.3245086669922
"48013",42.8,39.0600662231445
"48015",35.8,35.8369789123535
"48017",37.3,38.2552070617676
"48019",35.9,35.677074432373
"48021",40.1,38.8875885009766
"48023",35.4,36.7737617492676
"48025",42.6,42.6400756835938
"48027",38.4,37.7715072631836
"48029",37,34.1870307922363
"48031",35,34.6557235717773
"48033",32.9,31.4775524139404
"48035",36.7,38.6462593078613
"48037",40.8,39.4426536560059
"48039",40.1,34.9103965759277
"48041",32.8,31.913143157959
"48043",35.8,29.4976024627686
"48045",43.3,39.3620910644531
"48047",43.6,41.9809608459473
"48049",37.9,37.4697113037109
"48051",38.5,36.294490814209
"48053",41.4,35.4519882202148
"48055",38.8,39.2437019348145
"48057",36.2,35.6741790771484
"48059",36.6,35.9165687561035
"48061",46.4,39.8284797668457
"48063",39.4,40.5123252868652
"48065",34.2,36.6653175354004
"48067",38.3,38.8969993591309
"48069",39.5,38.2797088623047
"48071",39.1,36.2997550964355
"48073",38.8,39.6519088745117
"48075",39.8,37.0355110168457
"48077",34.7,35.4482040405273
"48079",43.3,43.433349609375
"48081",39,37.1177406311035
"48083",38.3,36.8276062011719
"48085",29.2,28.4346485137939
"48087",39.7,39.3965835571289
"48089",38.9,38.9015731811523
"48091",39.3,30.6008396148682
"48093",38.8,37.6468925476074
"48095",38.9,40.1127014160156
"48097",37.1,37.1658897399902
"48099",36.8,41.1108627319336
"48101",41.8,35.5889778137207
"48103",40.1,39.3228378295898
"48105",38.9,39.8452453613281
"48107",40.7,41.2447738647461
"48109",42.7,42.830493927002
"48111",39.9,39.0054512023926
"48113",34.7,31.081226348877
"48115",41.9,43.3221702575684
"48117",42.9,40.5533142089844
"48119",36.5,38.3273963928223
"48121",31.3,30.5931148529053
"48123",40.7,40.8458251953125
"48125",37,37.1821937561035
"48127",49,44.8447494506836
"48129",35.8,39.011157989502
"48131",41.4,40.9507942199707
"48133",36.4,34.754825592041
"48135",40.1,39.9413909912109
"48137",41.8,37.5930061340332
"48139",37.8,36.9991645812988
"48141",38.8,36.2085266113281
"48143",37.3,34.871654510498
"48145",42.3,39.286205291748
"48147",37.9,34.5727653503418
"48149",35.1,33.904426574707
"48151",37.4,37.8861694335938
"48153",40.5,40.2188758850098
"48155",39.4,38.2662811279297
"48157",33.7,27.8857345581055
"48159",34,33.1960906982422
"48161",39.3,38.0433959960938
"48163",40.6,42.6196479797363
"48165",40,38.2376861572266
"48167",40.2,32.513973236084
"48169",40.6,39.9866104125977
"48171",33,33.7889938354492
"48173",34.7,29.0542774200439
"48175",38.9,37.7341613769531
"48177",39.1,37.6381416320801
"48179",40.4,40.2075386047363
"48181",37.2,36.4495468139648
"48183",39.4,41.0310821533203
"48185",41.4,37.6725730895996
"48187",39.6,37.4448471069336
"48189",42,39.8502540588379
"48191",40.1,38.2930221557617
"48193",36.8,32.7775535583496
"48195",36.2,35.5250434875488
"48197",36.8,37.7171478271484
"48199",37.7,36.8885765075684
"48201",35.2,33.619384765625
"48203",39.3,39.8000984191895
"48205",35.3,36.6244354248047
"48207",39.1,36.2789878845215
"48209",33.4,31.7817573547363
"48211",36,35.5302658081055
"48213",36.9,38.4379768371582
"48215",46.8,41.0889854431152
"48217",36.8,37.1626968383789
"48219",41.1,37.9768714904785
"48221",33.5,32.7823028564453
"48223",37.2,37.727611541748
"48225",40.2,39.2449684143066
"48227",41.9,38.4437522888184
"48229",42.2,45.5703315734863
"48231",41.4,38.8696060180664
"48233",37.5,37.046745300293
"48235",35.9,37.8624839782715
"48237",37.7,37.7149429321289
"48239",39.1,40.3390731811523
"48241",40.4,40.0766677856445
"48243",39,33.172004699707
"48245",38,38.0449485778809
"48247",44.1,44.2633628845215
"48249",42.1,40.3225021362305
"48251",41.7,36.1577339172363
"48253",42.4,36.0049819946289
"48255",40,39.8528671264648
"48257",37.9,40.0971565246582
"48259",32.8,31.2900581359863
"48261",47.2,39.8953170776367
"48263",33.7,36.025016784668
"48265",33.9,34.467887878418
"48267",36.7,33.0211219787598
"48269",41.2,33.5085525512695
"48271",40.2,38.1915283203125
"48273",38.8,41.7468872070312
"48275",39.4,37.8491706848145
"48277",38.3,39.4245338439941
"48279",41.1,40.3539886474609
"48281",38.6,37.1706237792969
"48283",42,42.1942329406738
"48285",36.7,36.7744407653809
"48287",38.9,38.3186836242676
"48289",37.1,38.9841003417969
"48291",39.7,39.9684715270996
"48293",39.6,41.0576477050781
"48295",37.6,37.4244613647461
"48297",40.5,41.0037040710449
"48299",36.9,31.8170776367188
"48301",35.7,35.9573936462402
"48303",34.1,34.5731048583984
"48305",40.3,37.3915939331055
"48307",38.7,36.2701988220215
"48309",37.3,38.0606880187988
"48311",42.3,37.9385299682617
"48313",39.3,40.2059097290039
"48315",40.9,38.7042770385742
"48317",39.1,40.4432830810547
"48319",35,30.5867233276367
"48321",40.9,39.4959564208984
"48323",44.3,41.1201057434082
"48325",40,37.3883438110352
"48327",37.2,36.1210784912109
"48329",38.3,35.7791023254395
"48331",37.2,37.257022857666
"48333",33.8,35.8546371459961
"48335",40.3,40.72216796875
"48337",37.2,36.1373443603516
"48339",35.8,32.6414489746094
"48341",38.8,39.7684288024902
"48343",40.1,38.4234962463379
"48345",35.5,38.0515403747559
"48347",38.4,38.2092704772949
"48349",41.9,40.6923408508301
"48351",42.1,40.681812286377
"48353",41.3,40.1989974975586
"48355",43.6,38.2836723327637
"48357",38.3,38.1865119934082
"48359",37.5,36.2947158813477
"48361",41.7,38.556640625
"48363",36.5,38.2296981811523
"48365",38.2,39.383113861084
"48367",37.1,33.5873527526855
"48369",39.6,37.6275634765625
"48371",42.3,41.7216377258301
"48373",41.1,39.7490539550781
"48375",38.3,39.6479759216309
"48377",42.6,41.4897918701172
"48379",37.7,37.928840637207
"48381",33.4,32.8517532348633
"48383",39.6,40.1736183166504
"48385",41.1,35.519214630127
"48387",39.9,38.3333778381348
"48389",42.1,41.3445930480957
"48391",40.6,39.9748268127441
"48393",36,36.8792266845703
"48395",37.7,38.3470153808594
"48397",35.4,33.3860282897949
"48399",37.7,36.7678413391113
"48401",39.5,38.1430625915527
"48403",38,36.4482040405273
"48405",42.3,39.9160575866699
"48407",37.9,39.1494407653809
"48409",43.1,38.2440185546875
"48411",38.1,37.5293769836426
"48413",39.1,38.9745826721191
"48415",38.7,37.4250450134277
"48417",37.5,33.6158180236816
"48419",40.8,41.6598739624023
"48421",37.4,38.0749206542969
"48423",39.2,36.8022727966309
"48425",33.8,36.6562461853027
"48427",46.8,42.7398300170898
"48429",38.1,37.1656341552734
"48431",36.5,39.2813987731934
"48433",37.7,37.8263092041016
"48435",41.4,40.4598655700684
"48437",41.9,39.6127281188965
"48439",37.8,31.7018547058105
"48441",34.9,36.7583961486816
"48443",35.2,31.5422439575195
"48445",42.2,42.5730361938477
"48447",37.3,35.8990745544434
"48449",39.9,40.5662422180176
"48451",36.7,35.8880729675293
"48453",29.6,25.9394760131836
"48455",38.6,38.432315826416
"48457",39.4,38.2767868041992
"48459",40.8,38.7255096435547
"48461",41.3,42.3271598815918
"48463",40.4,38.649528503418
"48465",40.8,37.8337516784668
"48467",36.2,36.9140472412109
"48469",38.7,37.9262428283691
"48471",40.7,40.1302146911621
"48473",39.4,37.7451629638672
"48475",40.8,38.2399368286133
"48477",36,34.5972747802734
"48479",41,39.8580093383789
"48481",40.7,38.7493705749512
"48483",39.4,39.9052848815918
"48485",37.8,35.4103851318359
"48487",41,39.4550743103027
"48489",47.4,43.0748291015625
"48491",30.1,31.01416015625
"48493",42.5,36.639347076416
"48495",39.5,41.4635047912598
"48497",41,35.1706886291504
"48499",35.2,34.4744300842285
"48501",40,40.327091217041
"48503",38.4,35.8433151245117
"48505",45.4,43.6888427734375
"48507",47,43.5858688354492
"49001",32.3,37.0059127807617
"49003",31.8,35.4925155639648
"49005",32.6,32.376277923584
"49007",34.9,38.5480690002441
"49009",34,36.368278503418
"49011",30.1,32.0575408935547
"49013",33.1,36.5047149658203
"49015",34.5,39.1848220825195
"49017",35.7,30.8891754150391
"49019",31.1,32.2164764404297
"49021",31.8,34.9655723571777
"49023",34,35.9634323120117
"49025",36.3,31.8123989105225
"49027",34.7,35.2569046020508
"49029",32,29.9868392944336
"49031",34.5,33.4682579040527
"49033",32.4,36.1223373413086
"49035",32.8,29.1279335021973
"49037",37,40.4748764038086
"49039",31.5,38.5988159179688
"49041",35,34.5801467895508
"49043",23.7,26.021017074585
"49045",39.3,36.8651962280273
"49047",34.6,37.9335250854492
"49049",28.7,29.2402820587158
"49051",26.2,28.4311656951904
"49053",28.2,31.8463592529297
"49055",33,38.6008911132812
"49057",34.2,32.5116844177246
"50001",25.4,28.7854156494141
"50003",28,29.7716331481934
"50005",29.5,32.3656578063965
"50007",23.6,25.6835689544678
"50009",33,36.9069633483887
"50011",31.3,36.0034484863281
"50013",27.2,28.7045059204102
"50015",25.5,27.0579795837402
"50017",26.8,30.060962677002
"50019",33,35.5611228942871
"50021",30.3,32.2299690246582
"50023",26.6,25.3322677612305
"50025",25.4,28.0670547485352
"50027",25.6,29.9152927398682
"51001",43.3,39.1125183105469
"51003",30.3,26.1474418640137
"51005",40.7,34.2122421264648
"51007",42.9,39.2733993530273
"51009",35.7,36.1311340332031
"51011",42.3,37.9290580749512
"51013",25.9,22.9717426300049
"51015",37.6,37.8486137390137
"51017",40.6,34.8886032104492
"51019",34.8,33.3693580627441
"51021",39.8,36.2487831115723
"51023",36.2,35.6787033081055
"51025",44.7,42.7627487182617
"51027",44.3,41.9398612976074
"51029",41.6,39.9463996887207
"51031",42.1,35.3038864135742
"51033",42.3,39.1033058166504
"51035",38.7,37.4281234741211
"51036",41.9,40.3062744140625
"51037",40.7,39.4064025878906
"51041",37.8,30.4884815216064
"51043",33.8,32.2997512817383
"51045",36.2,37.7107315063477
"51047",38.4,37.4750137329102
"51049",38.3,39.109790802002
"51051",42.5,40.9281806945801
"51053",38.6,39.6482200622559
"51057",39.1,41.4360618591309
"51059",27.2,22.1426239013672
"51061",33.7,31.8623085021973
"51063",37.2,37.5028877258301
"51065",38.9,33.6890602111816
"51067",33.9,35.052318572998
"51069",37.8,33.2278213500977
"51071",36.6,37.3450927734375
"51073",37.1,36.8099670410156
"51075",32.3,31.5726356506348
"51077",42.2,37.0731010437012
"51079",37.1,37.1195068359375
"51081",46.6,42.6461143493652
"51083",42.8,40.4977607727051
"51085",38.1,32.2654876708984
"51087",35.4,31.2653675079346
"51089",43,40.3485450744629
"51091",33.2,34.0938301086426
"51093",39.3,34.6762504577637
"51095",33.6,30.2738151550293
"51097",41.8,37.2722282409668
"51099",35.7,33.8329315185547
"51101",39.2,38.3502578735352
"51103",38.8,33.063533782959
"51105",40.7,38.1337776184082
"51107",29.4,28.1029224395752
"51109",39.2,37.885669708252
"51111",43,39.6907043457031
"51113",37.3,38.1977272033691
"51115",33.8,35.7740211486816
"51117",40.9,36.0269889831543
"51119",39.1,34.067440032959
"51121",31.8,29.8745174407959
"51125",35,33.6220016479492
"51127",38.1,33.4014053344727
"51131",41.3,36.0785522460938
"51133",37.6,33.4126434326172
"51135",44.1,40.9110145568848
"51137",36.6,35.2506294250488
"51139",40.4,36.7700653076172
"51141",40.9,37.6912117004395
"51143",43.6,38.6625213623047
"51145",36.8,33.0133361816406
"51147",38.9,37.6281204223633
"51149",39.8,39.7814636230469
"51153",33.6,32.3891220092773
"51155",35.5,36.1268997192383
"51157",35.6,32.0792770385742
"51159",38.4,39.3367538452148
"51161",34.3,32.7452011108398
"51163",31.3,34.8180809020996
"51165",34.1,33.9855728149414
"51167",39.7,39.9730491638184
"51169",38.5,39.3053703308105
"51171",37.9,37.0023345947266
"51173",40.5,39.1865882873535
"51175",42.6,38.3624420166016
"51177",38.6,35.3700866699219
"51179",37.6,35.4664764404297
"51181",39.9,37.1206092834473
"51183",44.1,41.5210647583008
"51185",40.7,38.3253211975098
"51187",38.4,39.2984199523926
"51191",36.8,35.900276184082
"51193",41.6,40.1589088439941
"51195",41.5,41.1022529602051
"51197",38.4,37.7625961303711
"51199",33.6,28.7184543609619
"51510",30.1,26.561674118042
"51520",40.8,40.0871849060059
"51530",38.1,40.3763122558594
"51540",32.8,28.596773147583
"51550",41.4,32.8041687011719
"51570",38.8,35.718936920166
"51580",38.5,40.9631881713867
"51590",45,43.8332481384277
"51595",46.5,46.3978576660156
"51600",32.1,24.1601791381836
"51610",30.8,25.8793830871582
"51620",46.5,41.1926803588867
"51630",36.2,33.4934501647949
"51640",41,39.2336387634277
"51650",41.6,38.6139984130859
"51660",34.8,34.2046699523926
"51670",45.5,42.8882865905762
"51678",28.7,22.1367416381836
"51680",36.1,33.5151710510254
"51683",35.5,31.4890460968018
"51685",38,38.0478973388672
"51690",44.3,42.4868087768555
"51700",39.6,36.5197257995605
"51710",38.6,30.9207782745361
"51720",41.6,38.2357177734375
"51730",46.2,47.5210342407227
"51735",33.7,30.223030090332
"51740",45,42.4094543457031
"51750",33.1,34.4714241027832
"51760",35.1,31.1077823638916
"51770",36.4,36.6959762573242
"51775",33.6,34.0959167480469
"51790",39.5,34.5263290405273
"51800",41.8,38.2876014709473
"51810",33.1,28.3283996582031
"51820",37.7,35.1252403259277
"51830",31.8,26.987247467041
"51840",37.2,32.3220367431641
"53001",37.8,39.291072845459
"53003",34.6,36.1749458312988
"53005",39.9,31.5841407775879
"53007",28.4,32.9130630493164
"53009",33.5,30.6693115234375
"53011",32.8,31.7804622650146
"53013",37.6,32.28857421875
"53015",39.3,38.7952919006348
"53017",37.5,38.954719543457
"53019",36.2,37.1445045471191
"53021",39.4,38.278621673584
"53023",37,34.9244079589844
"53025",41.4,37.8781852722168
"53027",36.9,34.843376159668
"53029",32.9,28.5117816925049
"53031",25.8,29.0971622467041
"53033",22.9,21.2577877044678
"53035",31.6,30.0973377227783
"53037",29.6,30.7897930145264
"53039",32.9,30.9742565155029
"53041",40.5,36.982364654541
"53043",34.9,36.2948112487793
"53045",37.6,35.3521575927734
"53047",38.3,37.4277687072754
"53049",36.8,31.375789642334
"53051",33.3,35.0655784606934
"53053",35.9,33.9041061401367
"53055",25.9,26.0971908569336
"53057",36.3,32.4685478210449
"53059",36.5,38.4721412658691
"53061",33.3,31.2205982208252
"53063",33.7,34.6682167053223
"53065",32.5,35.6453437805176
"53067",33.5,32.4129638671875
"53069",39.7,34.4809761047363
"53071",31.4,33.1367874145508
"53073",27.4,30.5813045501709
"53075",26.7,28.6707744598389
"53077",41.3,38.1583137512207
"54001",40.2,42.1784439086914
"54003",40.9,36.4365196228027
"54005",41.8,41.4761695861816
"54007",39.4,38.960277557373
"54009",39.2,36.777645111084
"54011",40.3,34.6950836181641
"54013",44.5,40.7970542907715
"54015",42.7,41.6277503967285
"54017",43.3,38.327751159668
"54019",39.5,39.2495307922363
"54021",39.5,36.3913307189941
"54023",40.9,39.0905723571777
"54025",42.8,37.1138305664062
"54027",42.7,38.6197204589844
"54029",45.3,37.5079154968262
"54031",43,39.7565841674805
"54033",40.5,34.8201637268066
"54035",37.7,38.4711799621582
"54037",35.2,33.5141716003418
"54039",40.3,36.3488006591797
"54041",40.5,37.7789649963379
"54043",45.1,41.9468002319336
"54045",41.2,41.445613861084
"54047",44.7,40.8931770324707
"54049",39.4,36.1424407958984
"54051",42.5,38.9390411376953
"54053",44.1,39.0542640686035
"54055",42,38.8702697753906
"54057",42.8,35.4116477966309
"54059",41.8,42.9268569946289
"54061",34.2,29.5658683776855
"54063",40.6,37.6530380249023
"54065",38.9,36.8135604858398
"54067",40,39.1176490783691
"54069",37.1,33.5936164855957
"54071",37.9,36.8261070251465
"54073",41.7,36.9101524353027
"54075",44.1,39.2676849365234
"54077",41.3,37.0146484375
"54079",38.3,35.8958740234375
"54081",39.8,36.9509010314941
"54083",41,36.9487419128418
"54085",41.3,40.490406036377
"54087",39.8,40.6526870727539
"54089",42.9,38.442756652832
"54091",40.7,38.9430198669434
"54093",38.4,35.9255409240723
"54095",41.7,38.7110900878906
"54097",40.7,38.5585136413574
"54099",45.4,38.5516166687012
"54101",37.9,38.1041946411133
"54103",37.1,39.9566802978516
"54105",42.1,38.3255195617676
"54107",38.4,37.4557952880859
"54109",46.6,41.7008666992188
"55001",39.4,35.9111938476562
"55003",37.6,37.0492210388184
"55005",39.5,37.0019950866699
"55007",37.6,31.1781806945801
"55009",36.4,33.8669967651367
"55011",40.3,38.5529670715332
"55013",42.2,35.1255111694336
"55015",40.4,34.7437133789062
"55017",40.2,37.5633354187012
"55019",42.9,35.9168548583984
"55021",39,36.4964866638184
"55023",38.7,36.7614364624023
"55025",30.8,25.0788021087646
"55027",40.7,37.2113647460938
"55029",36.7,30.0181674957275
"55031",40.5,35.7031135559082
"55033",39.3,36.1090888977051
"55035",34.1,29.5058193206787
"55037",41.2,35.8912086486816
"55039",41.6,37.6949157714844
"55041",42.9,37.843074798584
"55043",38.6,34.8139266967773
"55045",40.4,35.9670181274414
"55047",41.5,34.4222373962402
"55049",39.7,36.6844787597656
"55051",37.7,34.1451110839844
"55053",44.9,37.4986724853516
"55055",39.7,35.900447845459
"55057",39.4,38.1521148681641
"55059",43,34.5313453674316
"55061",39.3,36.7709808349609
"55063",33.1,32.2315559387207
"55065",39,38.0173072814941
"55067",39.9,39.2176208496094
"55069",41,38.6630668640137
"55071",43.6,36.1418685913086
"55073",35.9,34.8390312194824
"55075",41.9,37.894115447998
"55077",41.3,37.3523483276367
"55078",42.8,42.279426574707
"55079",39,34.288631439209
"55081",38.8,36.2186241149902
"55083",40.8,38.3261222839355
"55085",38.1,34.2808494567871
"55087",39.8,33.3645515441895
"55089",34,27.8950710296631
"55091",39.3,36.5875968933105
"55093",33.5,35.0496101379395
"55095",39.9,36.5198173522949
"55097",34.7,33.8211364746094
"55099",42.1,36.440055847168
"55101",39.7,34.9315910339355
"55103",41.1,37.2608375549316
"55105",38.1,36.6520004272461
"55107",37.2,37.3124694824219
"55109",34.4,32.6843948364258
"55111",39.6,36.3452491760254
"55113",40.9,33.7230949401855
"55115",45.6,37.3376426696777
"55117",40.9,35.0600051879883
"55119",41,38.5034332275391
"55121",39.3,37.1838264465332
"55123",40.1,35.6310691833496
"55125",35.2,33.8976554870605
"55127",32.2,32.6517524719238
"55129",35.4,34.8234367370605
"55131",37.7,33.6888275146484
"55133",32.7,28.4182815551758
"55135",36.8,37.5800018310547
"55137",41.5,35.5850143432617
"55139",38.4,33.6630516052246
"55141",40.5,36.8282432556152
"56001",31.3,25.6935424804688
"56003",34.2,37.427303314209
"56005",35.5,37.8811645507812
"56007",36.2,34.9786186218262
"56009",37.3,36.1025161743164
"56011",31.5,36.5117111206055
"56013",37.7,36.2379608154297
"56015",33.8,33.4620018005371
"56017",38.8,32.1495895385742
"56019",31.5,30.0272731781006
"56021",34,31.4240474700928
"56023",32,33.8721466064453
"56025",37.9,35.6642875671387
"56027",36.6,37.0491104125977
"56029",32.5,32.7169494628906
"56031",32.1,34.9324722290039
"56033",31.4,32.143238067627
"56035",30.1,35.5132217407227
"56037",36.5,35.8185157775879
"56039",22.6,22.2657699584961
"56041",35.6,35.2934722900391
"56043",38.8,34.8552322387695
"56045",35.2,36.276180267334
