"county_fips","per_stroke","pred_outcome"
"01001",3.7,3.35429381689431
"01003",3.8,3.62665942447265
"01005",5.8,5.28052597175617
"01007",4.7,4.1161513911412
"01009",4.1,3.92134554429953
"01011",7.3,5.59003922027698
"01013",5.5,5.43306698987734
"01015",4.2,4.09558933517917
"01017",5.2,4.87018158758732
"01019",4.8,4.40261922283236
"01021",4,3.87862581686992
"01023",6,5.55594684706689
"01025",5.3,5.2070574096449
"01027",4.9,4.46173038662713
"01029",4.3,3.93432783652382
"01031",4.2,3.9183457972453
"01033",4.3,4.19633262318854
"01035",6.7,5.96202983083384
"01037",5.5,5.05314905935049
"01039",4.9,4.4677329856874
"01041",4.8,4.55750548215424
"01043",4,3.81848130211333
"01045",4.4,4.22773350368406
"01047",6.6,5.81458005466434
"01049",4.6,4.1627639886878
"01051",3.7,3.50725867649953
"01053",5.5,4.80414213978281
"01055",4.5,4.195909526695
"01057",5,4.49526801764324
"01059",4.7,4.17437126861542
"01061",4.9,4.48132240408002
"01063",8.4,7.13900076147705
"01065",5.8,5.45907636182122
"01067",4.9,4.71223000261002
"01069",4.5,4.20438236287168
"01071",4.7,4.21410040141584
"01073",4.1,3.89815792879456
"01075",5.1,4.56092831441003
"01077",3.9,3.9075556691841
"01079",4.6,4.25484518463172
"01081",3.2,2.90992133622403
"01083",3.4,3.30611498316806
"01085",7.2,6.11173534084434
"01087",5.7,5.8515178614021
"01089",3.2,3.06770701047571
"01091",5.5,5.20038269348003
"01093",4.8,4.34084491138531
"01095",4,3.76737168017635
"01097",4.3,4.14871696514992
"01099",5.9,5.40518319766461
"01101",4.5,4.30805181141628
"01103",4,3.81663916659311
"01105",7.4,6.17326120214087
"01107",5.2,5.04585582988579
"01109",4,4.09535461032737
"01111",4.7,4.41083205636878
"01113",4.8,4.55544792554001
"01115",3.7,3.61522836389984
"01117",3,2.70887072506454
"01119",5.8,5.88022412857813
"01121",4.8,4.50313597351902
"01123",4.9,4.77493717800701
"01125",3.4,3.37977016650066
"01127",4.4,4.1929493450476
"01129",4.9,4.76487050964734
"01131",7.3,6.2278230748903
"01133",5,4.44852111409078
"04001",6,5.38353323717442
"04003",4.3,4.12607457897876
"04005",3.1,3.26696109999775
"04007",5.2,5.0495914993956
"04009",3.6,3.55696720514854
"04011",2.9,2.97622664238116
"04012",6.8,6.37972042048212
"04013",3,3.02907743788969
"04015",5.2,4.93273574629239
"04017",5.2,4.84705963870529
"04019",3.6,3.64232733715024
"04021",3.8,3.76907090268283
"04023",4.1,4.41699491863015
"04025",4.5,4.66417817136578
"04027",4.2,4.30245965316574
"05001",4.7,4.47011677484576
"05003",5.7,5.18192623521568
"05005",5.2,5.0172222386435
"05007",2.8,2.69915825129569
"05009",4.1,4.05227338047323
"05011",5.3,4.83434646402056
"05013",4.6,4.25854169816407
"05015",4.7,4.48987121201819
"05017",6.3,5.84393309987933
"05019",3.9,3.89661645399806
"05021",4.6,4.36076282144798
"05023",5,4.61442722152431
"05025",4.7,4.28723742780852
"05027",4.4,4.48678526242878
"05029",4.8,4.32062410843336
"05031",3.5,3.38984803533808
"05033",4,3.82580482646164
"05035",4.9,4.71624402599394
"05037",5,4.52949742156604
"05039",5.3,5.39180791180234
"05041",6.7,5.78320373996739
"05043",4.7,4.37871067566792
"05045",3.1,2.86968750310084
"05047",4.7,4.41516912894849
"05049",5.7,4.769264681973
"05051",4.5,4.29071883492685
"05053",3.7,3.39946633437433
"05055",4,3.69812901765602
"05057",5,4.80173620273415
"05059",4.4,4.15619204009974
"05061",4.6,4.52093313131283
"05063",4.2,4.08271863325152
"05065",5.3,4.74275915434012
"05067",4.8,4.46857899606738
"05069",5.2,5.00391053023653
"05071",4.4,3.94566661124302
"05073",6.7,6.1164197368218
"05075",4.7,4.13092768924666
"05077",6.3,5.83281407957088
"05079",4.2,4.05041454688401
"05081",4.9,4.49366355508976
"05083",4.5,4.05980270869639
"05085",3.3,3.06529720581575
"05087",4.4,4.44560027191586
"05089",5.4,5.09199334499979
"05091",4.7,4.32211604908456
"05093",4.6,4.49823025706988
"05095",6.1,5.58535463010539
"05097",5.4,5.00954645910643
"05099",5.9,5.45409089150733
"05101",5,4.72009676366257
"05103",5.4,5.08476094728293
"05105",4.5,4.04412463958645
"05107",6.9,6.00968276612234
"05109",4.5,4.18224371462691
"05111",4.7,4.3919645215296
"05113",4.9,4.4118065645521
"05115",3.9,3.53552124576562
"05117",4.8,4.26314640273897
"05119",3.9,3.69460397299412
"05121",4.7,4.27265720538211
"05123",5.7,5.32063015858582
"05125",3.5,3.19770114363296
"05127",4.7,4.45718806842797
"05129",5.8,5.18137771684165
"05131",3.9,3.71520990783721
"05133",4.4,4.32862209615458
"05135",5.3,4.87607685553548
"05137",5.7,5.23675003187853
"05139",4.9,4.58877103503684
"05141",5.4,4.95984490001575
"05143",2.9,2.87852199982382
"05145",4,3.6569058916804
"05147",6,5.31891576307765
"05149",4.3,3.93948225398887
"06001",2.8,2.44285318511261
"06003",3.8,3.32477274162195
"06005",4,4.0166935777269
"06007",3.5,3.30675091363333
"06009",4.5,4.39552466855791
"06011",3.7,3.48574242002684
"06013",3,2.72810707709457
"06015",4.1,3.54157818841906
"06017",3.4,3.29123931983629
"06019",3.4,3.21206488611799
"06021",3.8,3.57723578785309
"06023",3.7,3.4307324401019
"06025",3.7,3.76576418628046
"06027",3.9,3.79446126268075
"06029",3.5,3.28003304971228
"06031",3.3,3.10996941053275
"06033",4.7,4.088490786095
"06035",3.8,3.38236757140229
"06037",3.2,3.15534658409496
"06039",3.9,3.61742085054321
"06041",3.2,2.73738255335671
"06043",4.6,4.24956634915354
"06045",4.4,3.9786955077294
"06047",3.4,3.37588060048479
"06049",5.2,4.68380476779302
"06051",3.2,2.90897611419589
"06053",3.4,3.18469030726618
"06055",3.4,3.15913058560661
"06057",4,3.80147173931006
"06059",2.9,2.78363400203971
"06061",3.1,2.94486521854021
"06063",4.6,4.40606379792217
"06065",3.3,3.31215242528347
"06067",3.2,2.95755033818034
"06069",2.9,3.11203389379176
"06071",3.2,3.26225882441416
"06073",2.8,2.67983147562824
"06075",2.6,2.32553670674834
"06077",3.3,3.18545337442938
"06079",3.3,3.25103648835432
"06081",2.7,2.51331997749821
"06083",3.2,3.10162802187948
"06085",2.4,2.20459294666753
"06087",3.1,2.88497771851984
"06089",3.9,3.68095363571782
"06091",5.2,4.85352446900895
"06093",4.7,4.27107929965535
"06095",3.3,3.19025087289049
"06097",3.3,3.21475622478608
"06099",3.4,3.24641335071432
"06101",3.7,3.43285905354414
"06103",4.3,3.82174007079014
"06105",5.7,4.74908572068134
"06107",3.4,3.40565217499744
"06109",4.1,4.11866610795866
"06111",3.1,3.01411814196212
"06113",2.7,2.60623045375629
"06115",3.4,3.26766755914312
"08001",2.6,2.87949384998696
"08003",3.4,3.51946883449806
"08005",2.7,2.52357759134175
"08007",3.9,3.73993170438579
"08009",5,4.23562655965738
"08011",4.9,3.86289562344169
"08013",2.5,2.14725106276182
"08014",2.3,2.13265774549767
"08015",3.6,3.20818730920202
"08017",3.9,3.59969745967626
"08019",3,2.81700193126347
"08021",3.9,4.16693011692096
"08023",4.8,4.66185511380107
"08025",3.5,3.27428185172609
"08027",4.4,3.88425699699526
"08029",4.5,4.08223729213794
"08031",2.3,2.20379657752953
"08033",4.1,5.04147390178396
"08035",2.2,1.94321372621878
"08037",2.6,2.50912081254638
"08039",3,3.08258710148318
"08041",2.7,2.59120754510594
"08043",3.9,3.57853635182702
"08045",2.9,3.1379137561664
"08047",3.1,2.90237780864293
"08049",3.1,3.17121609073204
"08051",2.3,2.25225183389077
"08053",3.5,3.89018414404413
"08055",4.6,4.37737714697726
"08057",4.9,4.39353098926976
"08059",2.6,2.51071792267255
"08061",4.4,3.89438763831124
"08063",4,3.65167189839476
"08065",2.5,2.68893855086419
"08067",3.2,3.10018205647774
"08069",2.6,2.53752558307005
"08071",4.4,4.23262777304191
"08073",3.8,3.26382843979561
"08075",4,3.57998668475147
"08077",3.5,3.3177948893526
"08079",3.6,3.60127006553683
"08081",3.7,3.28723102781957
"08083",4.1,3.92218076402962
"08085",4.1,3.90747902814182
"08087",3.5,3.60156526541814
"08089",4.6,3.99128361349915
"08091",3.4,3.8143409658821
"08093",3.3,3.2785835884353
"08095",4.2,3.72469241602066
"08097",2.8,2.48884847225852
"08099",4,3.74410304517822
"08101",3.7,3.56030073687733
"08103",3.3,3.37391888730648
"08105",3.8,3.84246325713772
"08107",2.8,2.58388147574283
"08109",4.7,4.16121703666993
"08111",3.4,3.28087878889156
"08113",2.8,2.41429099140054
"08115",4.7,4.0430339354942
"08117",2.5,2.37605410755507
"08119",3.5,3.36721075297337
"08121",3.8,3.66215726085017
"08123",2.7,2.90192168452681
"08125",3.8,3.59725693578624
"10001",3.8,3.69887123719745
"10003",3.4,3.23101818886645
"10005",4.4,4.29618751636247
"11001",2.8,2.79625850392417
"12001",3,2.74644393129708
"12003",3.6,3.69010208220669
"12005",3.7,3.4512963102743
"12007",4.6,4.31335464433469
"12009",3.9,3.88406224028656
"12011",3.7,3.62135396985677
"12013",4.8,4.22135993457194
"12015",5,6.10696827771412
"12017",5.3,5.9460131686454
"12019",3.4,3.29445575570151
"12021",4.4,4.88495969058811
"12023",4.6,4.45805027517809
"12027",5.5,5.37563643127639
"12029",5.3,5.06086061222544
"12031",3.5,3.38358902536023
"12033",3.8,3.75808981158125
"12035",4.4,4.80158576656258
"12037",4.9,4.52188146608196
"12039",5.9,5.36907531012118
"12041",4.2,4.09335686801187
"12043",5.5,5.5956035533989
"12045",4.2,4.04785650202367
"12047",5.5,5.15242118037686
"12049",4.4,4.58948477586326
"12051",4.2,4.31835587823448
"12053",4.4,4.84984616517998
"12055",5.6,6.17055464998592
"12057",3.2,3.09245818157219
"12059",4.6,4.22479864904315
"12061",4.6,5.08466888826192
"12063",5,4.72930730298793
"12065",5.2,5.19334281841924
"12067",4.5,4.70700801282248
"12069",4.2,4.58940786018819
"12071",4.3,4.75758616526759
"12073",3,2.78749075280578
"12075",5,4.95603879321394
"12077",4.3,3.65779921641887
"12079",5.5,5.35963295726084
"12081",4.2,4.41658658377524
"12083",4.8,5.19880540780027
"12085",4.4,4.59668325808181
"12086",3.6,3.8307484008221
"12087",3.7,3.73331813988536
"12089",3.6,3.5705530244921
"12091",3.1,3.00042239978245
"12093",4.7,4.49180207940151
"12095",3,2.91378676225261
"12097",3.1,3.48197513052286
"12099",4,3.98795771950163
"12101",3.8,3.97706577522263
"12103",4,4.10444108904387
"12105",4,4.30110647016391
"12107",5.7,5.21021055292611
"12109",3.1,2.6551111215952
"12111",4.3,4.59515967592697
"12113",3.2,2.95793432768942
"12115",4.4,5.04906976691661
"12117",3,2.76516161693871
"12119",5.5,7.68896478979769
"12121",4.7,4.42474152341293
"12123",5.1,4.5933117685982
"12125",4.5,4.28528338924587
"12127",4.1,4.40714688188681
"12129",3.5,3.34295067378118
"12131",3.6,3.24783984834535
"12133",4.6,4.30210022494997
"13001",5.2,4.77074762268235
"13003",5.1,4.4541066944244
"13005",4.4,4.43782462630635
"13007",6.9,6.09633201389733
"13009",4.4,4.24608533692516
"13011",4,3.75462150727865
"13013",3.2,3.3844385323731
"13015",3.4,3.3426412605326
"13017",5.6,4.97827487783268
"13019",4.8,4.37597790196074
"13021",4.8,4.59686595704064
"13023",4.3,4.25520049967499
"13025",4.4,4.05183320968128
"13027",5.9,5.29288326015576
"13029",2.6,2.31713067613197
"13031",3.3,3.31034370739703
"13033",5.2,4.65420571492153
"13035",4,3.99059415924045
"13037",5.4,4.95426457123252
"13039",3.5,3.50850015851621
"13043",4.9,4.61851036614018
"13045",3.5,3.57545667776297
"13047",3.6,3.42261501918754
"13049",4.5,4.40387598370756
"13051",3.7,3.4509472469631
"13053",2,1.79557039787447
"13055",4.9,4.32822767508338
"13057",2.9,2.80039232210073
"13059",3,2.98273410894348
"13061",6.6,6.61439738821665
"13063",4.3,4.39956798250191
"13065",5.2,4.53770313445652
"13067",2.8,2.76315202139945
"13069",4.7,4.24922763801526
"13071",4.7,4.4484828484049
"13073",3,2.79822374500534
"13075",4.9,4.25460521985875
"13077",3.2,3.02105322791495
"13079",4.5,4.39195449063869
"13081",5.7,5.08046433476887
"13083",3.8,3.7533098863231
"13085",3.3,3.24529910452349
"13087",5.2,4.87808204766095
"13089",3.5,3.41932556222344
"13091",5,4.67767687132688
"13093",5.3,5.40827200689555
"13095",5.5,5.11669421185027
"13097",3.5,3.63647337830144
"13099",5.6,5.18436455715628
"13101",3.6,3.70561987310687
"13103",3,2.78258172700691
"13105",4.9,4.72068972480081
"13107",4.8,4.63615913425857
"13109",4.8,4.5549881085638
"13111",5,4.5850512763281
"13113",3.3,3.26391631866558
"13115",3.9,3.75059840858397
"13117",2.4,2.15109467292112
"13119",4.4,4.15162992786278
"13121",2.9,2.76241004636701
"13123",4.5,4.42531422543851
"13125",4.3,3.92589242204168
"13127",4.4,4.20432442321358
"13129",3.9,3.63740989425609
"13131",5,4.73027287518618
"13133",4.6,4.81460763207725
"13135",3,3.24492621592122
"13137",3.8,3.77388688346193
"13139",3.5,3.58157648455798
"13141",7,6.28193190257944
"13143",3.7,3.55423883913731
"13145",3.5,3.38851444257456
"13147",4.5,4.34687162509799
"13149",4.2,4.11926805964962
"13151",3.5,3.68761701099535
"13153",3.3,3.20625615183951
"13155",4.8,4.27271891755986
"13157",3.2,3.16902585554091
"13159",4.2,3.93308269973182
"13161",4.8,4.50615981265205
"13163",5.5,5.15649090214457
"13165",5.5,5.30709819228445
"13167",5.4,4.76830396041453
"13169",4.2,4.05041969192185
"13171",3.9,3.92954902910877
"13173",4.6,4.16728890344848
"13175",4.9,4.63943671867366
"13177",3.2,2.81940613521691
"13179",3.1,3.57006182027028
"13181",5.5,5.01556770960633
"13183",3.3,3.64776020873822
"13185",3.7,3.65125350735437
"13187",3.3,3.37016259707697
"13189",4.9,4.53986408514326
"13191",6.4,5.6987249743451
"13193",6.3,5.42453024787474
"13195",4.3,4.05795217384617
"13197",5.5,5.09669457509039
"13199",5.2,5.09626246191013
"13201",5.5,4.90547672229884
"13205",5.3,5.11257544670012
"13207",3.8,3.72749222879807
"13209",4.4,4.1068625704941
"13211",3.7,3.71870755347137
"13213",3.7,3.64024203698412
"13215",4.1,4.0369609529335
"13217",3.8,3.9623010718222
"13219",2.7,2.25872442993075
"13221",4.1,3.93240216723991
"13223",2.9,2.99261342636542
"13225",4.1,4.25095374268
"13227",4,3.86756819694991
"13229",4.2,3.70775581377454
"13231",3.4,3.38599998864928
"13233",4.1,3.97439227486729
"13235",5.1,5.40726102479948
"13237",4.9,4.62229727721596
"13239",7.3,6.7244596146659
"13241",4.6,4.28909340522028
"13243",7.9,5.94382565725816
"13245",4.4,4.32701435771183
"13247",4.4,4.19281304874504
"13249",4.4,3.64182649985755
"13251",5.2,4.81742979911449
"13253",5.4,5.38195599334701
"13255",4.6,4.58548546424622
"13257",4.5,4.17958586550664
"13259",5.2,4.99604882247691
"13261",4.8,4.79060857286648
"13263",6.6,6.19394832998344
"13265",6.6,6.05874328773568
"13267",4.6,4.34218312600973
"13269",6.3,5.26986929529095
"13271",6.1,5.14334963403591
"13273",6.4,5.88159095578597
"13275",4.6,4.34938609575789
"13277",4.4,4.20380828267943
"13279",4.5,4.24821575185963
"13281",4.9,4.75115743399865
"13283",5.5,4.76282351508238
"13285",4.3,4.1266505697635
"13287",5.6,5.09978221771102
"13289",5.7,5.39101561522202
"13291",4.8,4.75349116286846
"13293",4.7,4.52245557061146
"13295",4,3.77857876136905
"13297",3.7,3.55551465672175
"13299",4.9,4.53390407486485
"13301",6.1,5.6073234554968
"13303",5.4,4.72352385700097
"13305",4.6,4.26622508815494
"13307",6.4,5.41679785667744
"13309",4.8,4.31256005193809
"13311",4,3.91128335325116
"13313",3.7,3.67897737907772
"13315",5.3,4.76485372303801
"13317",5.6,5.17241278788748
"13319",5.2,5.06583044617387
"13321",5,4.94220001180042
"16001",2.8,2.46492595335124
"16003",4.9,4.67230963815647
"16005",3.1,2.89085400959234
"16007",3.9,3.68048369387247
"16009",4.8,4.20481850444893
"16011",3.4,3.27791648001425
"16013",3.3,3.11155384079744
"16015",4,4.03857948828412
"16017",4.2,3.9523765533234
"16019",3,2.70937281228623
"16021",4.4,4.25526316528548
"16023",5.4,4.02858477747622
"16025",4,3.18343741940307
"16027",3.2,3.12397086088542
"16029",3.6,3.43716989421646
"16031",3.4,3.17157740343149
"16033",4.3,3.73427598063377
"16035",4.7,4.41754642238305
"16037",4.7,5.01107858931651
"16039",3.3,3.19633935256962
"16041",3.2,3.13245025166047
"16043",3.4,3.51616006364122
"16045",3.9,3.82771671471424
"16047",4.2,3.84565014427594
"16049",4.6,4.43995492313996
"16051",2.9,2.78817247743947
"16053",3.8,3.45822831107662
"16055",3.5,3.27682648377529
"16057",2.7,2.55065918886712
"16059",4.7,4.36972743769596
"16061",5.3,4.66906960645885
"16063",3.5,3.74592606532025
"16065",1.7,2.11689992828241
"16067",3.7,3.57073004709936
"16069",3.9,3.47605268778365
"16071",3.6,3.43884146248704
"16073",4.4,3.95706062365188
"16075",4,3.56833125307435
"16077",3.9,3.601279308904
"16079",4.6,4.23433271530147
"16081",2.7,2.76355496150166
"16083",3.5,3.21477388819388
"16085",4.3,3.88724691073609
"16087",4.9,4.27263601561968
"17001",3.7,3.47342651045707
"17003",6,5.47289342727232
"17005",3.6,3.46839952085647
"17007",3.5,3.34039677154112
"17009",3.5,3.36955955942761
"17011",4.1,3.91860292609621
"17013",3.7,3.84049122112701
"17015",4.1,4.06879093008968
"17017",3.9,3.74541638255888
"17019",2.7,2.75663781638579
"17021",3.8,3.66579256762578
"17023",3.7,3.45028901309841
"17025",4.4,3.97794030411682
"17027",3.4,3.25087655083434
"17029",3.6,3.49388883060764
"17031",3.2,3.28586756681713
"17033",3.7,3.54288164790634
"17035",3.7,3.64441530580027
"17037",2.9,2.95038755830921
"17039",3.7,3.51579169485151
"17041",3.5,3.70743368988043
"17043",2.7,2.73244641037234
"17045",4.4,3.96868505658211
"17047",4.5,4.26817142137077
"17049",3.5,3.26276312093775
"17051",4,3.89897142667329
"17053",3.8,3.62800981828951
"17055",4.4,4.0439936551131
"17057",4.1,3.74961706398668
"17059",4.8,4.45703114524321
"17061",4.1,3.79959600452059
"17063",3,2.90685492034965
"17065",4.4,4.00275691828213
"17067",4.1,3.88274441931619
"17069",4.7,4.99667982939186
"17071",4.5,4.16050639100631
"17073",3.6,3.55348867855314
"17075",4.3,4.02676270006789
"17077",3.5,3.46755200118988
"17079",3.7,3.57236705344005
"17081",4,3.94973745619042
"17083",3.6,3.62176103397488
"17085",4.2,4.17212062063086
"17087",4,3.96240154727081
"17089",3,3.02972957184666
"17091",3.8,3.58820023705314
"17093",2.4,2.45930474193959
"17095",4.3,3.99861717796367
"17097",2.9,2.77693173320751
"17099",3.7,3.64316425594974
"17101",4,3.66299172065443
"17103",3.9,3.66708331910957
"17105",3.8,3.6231956722957
"17107",3.6,3.57512462346255
"17109",3.5,3.54898580235221
"17111",2.9,2.82216377242653
"17113",2.7,2.59745616837196
"17115",4.1,3.8497179170316
"17117",4,3.82400423671892
"17119",3.4,3.31030842028345
"17121",4.1,3.96265757196227
"17123",4.1,3.92698685867407
"17125",4.2,3.98868898217542
"17127",4.4,4.3074915379747
"17129",3.6,3.35781953019665
"17131",3.9,3.65652898234195
"17133",3,2.66956106575418
"17135",3.9,3.79586687916156
"17137",3.9,3.67609016207161
"17139",3.7,3.67938242495155
"17141",3.6,3.41789648896809
"17143",3.7,3.43192739517435
"17145",4.2,4.03407577888117
"17147",3.3,3.20248556238301
"17149",4.2,3.90401904838792
"17151",4.7,4.45778607279772
"17153",5.7,5.25994273396223
"17155",3.7,3.75125814937276
"17157",4,4.02134655262035
"17159",4,3.7625243909384
"17161",3.9,3.85190087225359
"17163",3.8,3.67285926139653
"17165",4.3,3.97483810685552
"17167",3.5,3.32294151133364
"17169",4.5,4.32785793408434
"17171",3.8,3.58086494011458
"17173",4.1,3.96692101633026
"17175",4,3.90054104556451
"17177",4.3,4.10402414304448
"17179",3.4,3.28849685889874
"17181",4.4,4.15561155316503
"17183",4.4,3.93722539142827
"17185",4.2,3.96804716113163
"17187",3.7,3.66289545933105
"17189",3.6,3.48481491697109
"17191",4.3,4.116918939121
"17193",4.7,4.26107184419944
"17195",3.8,3.80598954286058
"17197",2.9,2.85016067503963
"17199",3.7,3.51305448542963
"17201",4,3.7047284644981
"17203",3.2,3.00129054012164
"18001",4.1,3.68134077295028
"18003",3.4,3.26683410843521
"18005",3.3,3.12868672381935
"18007",4,3.47744685785483
"18009",4.8,4.16812046965245
"18011",2.6,2.37075038878033
"18013",4.1,4.01226686969645
"18015",3.9,3.84706171945176
"18017",4.1,3.76555949930292
"18019",3.4,3.22833976468962
"18021",3.8,3.6142289120821
"18023",3.6,3.5090154385269
"18025",5.2,4.44154730843362
"18027",3.9,3.70662234951674
"18029",3.5,3.37999705043978
"18031",3.5,3.44800338611669
"18033",3.5,3.39183466844246
"18035",3.7,3.60005846042832
"18037",3.6,3.32315752747929
"18039",3.7,3.55838763806124
"18041",4.4,3.95070689081902
"18043",3.3,3.12867111174979
"18045",4,3.81811672599579
"18047",3.7,3.6810487457483
"18049",4.2,3.89248344380423
"18051",3.7,3.4573928140525
"18053",4.1,3.83573536442858
"18055",4.2,3.84697094148418
"18057",2.3,2.04265951695209
"18059",3,2.97677516269207
"18061",3.6,3.42528537025496
"18063",2.8,2.70802720716673
"18065",3.9,3.71543798991529
"18067",4,3.75101887471493
"18069",3.6,3.43468469924565
"18071",3.6,3.45598493339221
"18073",3.5,3.49671799714894
"18075",4.3,3.80034230599316
"18077",3.7,3.65711379826387
"18079",3.9,3.64853162595617
"18081",2.9,2.90868402503718
"18083",3.8,3.64092767945895
"18085",3.5,3.44375329692638
"18087",3.6,3.78719955495593
"18089",4,3.70842285152305
"18091",3.9,3.67369381913121
"18093",3.9,3.66591340570089
"18095",3.8,3.6626607452204
"18097",3.5,3.20810110666159
"18099",3.9,3.65028594279217
"18101",4.2,3.98223802328968
"18103",4,3.65771333820072
"18105",2.7,2.69798819018183
"18107",3.9,3.59291245899647
"18109",3.5,3.39583897835382
"18111",4.1,3.89747524459466
"18113",3.6,3.5106035304196
"18115",4.1,4.04939154518056
"18117",4.2,3.93252535678046
"18119",4.1,3.896507704298
"18121",4.5,4.13658856278083
"18123",3.8,3.53665979600373
"18125",4.1,3.9167574413823
"18127",3.2,3.20926888606003
"18129",3.6,3.44365165493122
"18131",4.2,3.99183328636783
"18133",3.4,3.31594424205583
"18135",4.2,4.00827124742595
"18137",3.6,3.60529391567745
"18139",4,3.73839222443765
"18141",3.4,3.34030874307561
"18143",3.9,3.70577961366595
"18145",3.7,3.56019049049786
"18147",3.6,3.47233313107221
"18149",4.3,3.94799325531864
"18151",3.7,3.6544453832564
"18153",4,3.66084511914153
"18155",4.3,3.89240640357346
"18157",2.7,2.7035609039438
"18159",3.8,3.72582603788901
"18161",3.6,3.68499318992024
"18163",3.7,3.51617507498002
"18165",4,3.69898997497581
"18167",3.8,3.4691585053853
"18169",4,3.77501333255472
"18171",4,3.81726494168471
"18173",3.1,2.9136479447349
"18175",4.1,3.80495779746412
"18177",4.2,3.86321897730298
"18179",3.5,3.51697151920417
"18181",4,3.81407927951272
"18183",3.5,3.53293023932193
"19001",4.1,3.71046941237771
"19003",4.1,3.76517434951856
"19005",4.1,3.87733084423058
"19007",4.8,4.24619164441237
"19009",4.3,3.93550848258339
"19011",3.4,3.2131593067282
"19013",3.3,3.26617313791384
"19015",3.3,3.16671873495434
"19017",3.1,2.97780731301919
"19019",3.3,3.21326625834155
"19021",3.6,3.34946209758033
"19023",4,3.70627776491351
"19025",3.8,3.65945922410867
"19027",3.7,3.43305411376738
"19029",4.3,3.8949576221961
"19031",3.6,3.44283731955902
"19033",3.9,3.7046817763205
"19035",4.3,4.0135692398296
"19037",3.9,3.7096065878375
"19039",4.3,3.75681613908867
"19041",3.8,3.5550363094399
"19043",4.5,4.12640504333365
"19045",3.9,3.60947242992107
"19047",4,3.68863600547133
"19049",2.3,2.02923683026753
"19051",3.8,3.96395200158585
"19053",3.9,3.75141605099724
"19055",3.9,3.51637009212746
"19057",3.8,3.705748845148
"19059",3.8,3.83270582771314
"19061",3.3,3.08764849288424
"19063",4,4.01400412057471
"19065",4.1,3.80983524831159
"19067",4,3.84961932603992
"19069",4.2,3.92095842931893
"19071",3.9,3.73414305998221
"19073",4.1,3.88637239134363
"19075",3.4,3.29962912098574
"19077",3.8,3.66625061426496
"19079",3.6,3.55336501072303
"19081",3.9,3.85130412973001
"19083",4,3.71957883402488
"19085",3.7,3.34977866934993
"19087",3.7,3.508161930857
"19089",3.8,3.63214866736832
"19091",4.1,3.75219433166157
"19093",3.9,3.67368166774911
"19095",3.5,3.27588773931808
"19097",3.9,3.71667000435186
"19099",3.6,3.41577539637836
"19101",4,3.69324124369069
"19103",2.5,2.28440829329301
"19105",3.7,3.56682765245703
"19107",4.1,3.82326972345824
"19109",4.1,3.90218762290093
"19111",4,3.76063034547189
"19113",3.1,2.92092288485789
"19115",3.7,3.775092937991
"19117",4.3,4.02200792699626
"19119",3.5,3.28510077673462
"19121",3.1,3.1599133151811
"19123",3.6,3.40094878128829
"19125",3.2,2.96783157634614
"19127",3.6,3.52112556028138
"19129",3.3,3.10134604391697
"19131",3.8,3.51569723802473
"19133",4.1,3.89012308296509
"19135",3.6,3.43543902439257
"19137",4.1,3.79967541342955
"19139",3.5,3.39588496581028
"19141",3.9,3.64515758892718
"19143",4.4,3.96396189919078
"19145",4.3,3.96881202694494
"19147",3.8,3.70363912450915
"19149",3.3,3.31627041679786
"19151",4.2,3.83139316959413
"19153",2.8,2.56962476724205
"19155",3.6,3.32476616249057
"19157",3.6,3.42034339432478
"19159",3.8,3.8030205070629
"19161",3.9,3.7607493568613
"19163",3.3,3.05737853490597
"19165",3.9,3.66861496038372
"19167",2.9,2.87089310781169
"19169",2.3,2.27032763535448
"19171",4.1,3.85294749034983
"19173",4,3.92190859985682
"19175",3.7,3.64621947259867
"19177",4.4,4.09662242297006
"19179",3.9,3.69921770140925
"19181",2.8,2.74519852264771
"19183",3.6,3.43927335274088
"19185",4.3,4.21836418478663
"19187",3.6,3.5703600751766
"19189",3.6,3.54815627111157
"19191",3.4,3.39020639817928
"19193",3.4,3.27707500142326
"19195",3.8,3.68076808794767
"19197",4.2,3.78475002826442
"20001",3.9,3.86726564100429
"20003",4.2,4.04567346304653
"20005",3.4,3.50896682766625
"20007",4.3,3.88912530754214
"20009",4,3.86424580491378
"20011",4,3.59135657704278
"20013",4.2,4.04947102182751
"20015",3.1,2.89483487048512
"20017",4.3,3.7974445963818
"20019",5,4.43023868198943
"20021",4.3,3.85426776763793
"20023",4.7,4.20121564751402
"20025",3.7,3.76533376170405
"20027",4.1,3.95193473885258
"20029",3.8,3.64858542903346
"20031",3.9,3.98862032284449
"20033",4.2,4.4800561015303
"20035",3.7,3.58433361797992
"20037",3.5,3.25684310441142
"20039",4.2,4.13097083002363
"20041",3.7,3.65281647433386
"20043",3.5,3.56146687261256
"20045",2.5,2.39430704413717
"20047",4.2,4.06439749036788
"20049",5,4.59372761629389
"20051",3,2.93028626209834
"20053",3.7,3.68365181717735
"20055",3.2,3.28915244266137
"20057",3.3,3.36777701193553
"20059",3.5,3.32014388558453
"20061",2.7,2.83459724881996
"20063",3.9,3.79070932900037
"20065",4.6,3.92135638029422
"20067",2.9,3.06153373784159
"20069",3.4,3.29613158264418
"20071",3.4,3.38576414559518
"20073",4.5,4.38689825863145
"20075",3.2,3.37349012920794
"20077",4.7,3.99907053651311
"20079",3.5,3.56195070627612
"20081",3.7,3.6738828187639
"20083",3.5,3.51271644949051
"20085",3.7,3.64852866362578
"20087",3.4,3.33764038187587
"20089",5.1,4.50871600483254
"20091",2.5,2.26950327743451
"20093",3.6,3.58514402159355
"20095",3.7,3.50162445281326
"20097",3.7,3.66057296481859
"20099",4.3,3.90422076433997
"20101",4,3.89988830418509
"20103",3,2.85391616148722
"20105",4.5,3.97682082534415
"20107",3.9,3.90215945760454
"20109",3.9,3.66363624401656
"20111",3.3,3.45410134649552
"20113",3.3,3.20400466191923
"20115",3.9,3.69893903771848
"20117",4.2,3.72740904489367
"20119",3.7,3.44388224893026
"20121",3.2,3.07038652506623
"20123",3.9,3.71441339814206
"20125",4.3,4.00960409728174
"20127",4.2,4.00966920787012
"20129",4.2,4.11075268903199
"20131",3.6,3.17535486487001
"20133",4,3.89716796236424
"20135",4.1,4.04738331850474
"20137",3.9,3.55752780313424
"20139",3.8,3.71234885168245
"20141",4.4,4.05068740083102
"20143",3.8,3.46291323991788
"20145",3.9,3.815546602562
"20147",4.3,3.8424929807813
"20149",2.9,2.6764364690556
"20151",3.7,3.60986899660904
"20153",4.7,4.20026581278665
"20155",3.9,3.76697237619571
"20157",4.6,4.07321035348193
"20159",3.5,3.51991954795507
"20161",2.2,2.17286959734626
"20163",3.8,3.68530808996295
"20165",4.4,3.99825044997152
"20167",4.5,4.24236674816708
"20169",3.6,3.45664130081463
"20171",3.4,3.30924756094678
"20173",3.4,3.32699873752684
"20175",3.2,3.56967444507512
"20177",3.5,3.47984646203547
"20179",3.7,3.79585360401405
"20181",3.7,3.44934739323818
"20183",4.3,4.12032215483846
"20185",4,3.71523138382095
"20187",4.1,3.51157841493688
"20189",4.2,3.82091776950958
"20191",3.8,3.45605677790058
"20193",3.1,3.20393297966885
"20195",3.8,3.82921723985552
"20197",3.5,3.61726412308076
"20199",4.3,4.02507104908601
"20201",3.8,3.68618443352582
"20203",4.2,4.0208500619568
"20205",4.3,3.90301260725827
"20207",4.3,4.14255006066181
"20209",3.8,3.87342139553374
"21001",NA,4.09058681471812
"21003",NA,3.81518004428011
"21005",NA,3.30383461871963
"21007",NA,3.98499346270162
"21009",NA,4.09658200345534
"21011",NA,4.18011764124779
"21013",NA,4.56225310384346
"21015",NA,2.72416597342216
"21017",NA,3.86513595827513
"21019",NA,4.08039886401258
"21021",NA,3.62354710687245
"21023",NA,4.12570399147703
"21025",NA,4.57965790320881
"21027",NA,4.28356614142192
"21029",NA,3.30760365200499
"21031",NA,4.18898022940171
"21033",NA,4.07638927791228
"21035",NA,3.30188248395164
"21037",NA,3.0113319048862
"21039",NA,4.03550321157945
"21041",NA,4.00411909655695
"21043",NA,4.29032613958872
"21045",NA,4.67678184396379
"21047",NA,3.42406585179858
"21049",NA,3.65093861542346
"21051",NA,4.42093474234216
"21053",NA,4.29128915126523
"21055",NA,4.19690207075923
"21057",NA,5.26675247595818
"21059",NA,3.49204382835506
"21061",NA,4.39163004352113
"21063",NA,5.1037149191065
"21065",NA,4.50888241053494
"21067",NA,2.85777881792093
"21069",NA,4.26933609845262
"21071",NA,4.64605002341225
"21073",NA,3.500389595099
"21075",NA,4.78440149841172
"21077",NA,3.7256594220172
"21079",NA,3.95123818188082
"21081",NA,3.36554972426606
"21083",NA,4.06954466621561
"21085",NA,4.01028464610468
"21087",NA,4.61515821162108
"21089",NA,4.18140246714304
"21091",NA,3.77857464376813
"21093",NA,3.1666123319762
"21095",NA,4.73190759784757
"21097",NA,3.95669291619618
"21099",NA,4.21616344191031
"21101",NA,3.85088435143155
"21103",NA,4.01631810226103
"21105",NA,5.03913157769391
"21107",NA,4.05151603771764
"21109",NA,4.46180613101195
"21111",NA,3.32023812276601
"21113",NA,2.99689029511402
"21115",NA,4.29968673796716
"21117",NA,2.95750218046807
"21119",NA,4.67054029021879
"21121",NA,4.89754376851899
"21123",NA,3.98918268200678
"21125",NA,3.92581835748725
"21127",NA,4.45382098234194
"21129",NA,4.90405642056379
"21131",NA,4.85690543301666
"21133",NA,4.84090928425886
"21135",NA,4.57241482034116
"21137",NA,4.17909061546676
"21139",NA,4.27823093398737
"21141",NA,3.88612800326273
"21143",NA,4.14736240761677
"21145",NA,3.79996280000952
"21147",NA,4.79676113047794
"21149",NA,3.63813031322735
"21151",NA,3.06355375809757
"21153",NA,4.92341614300899
"21155",NA,4.03924678796134
"21157",NA,3.93934969586866
"21159",NA,4.88014176459515
"21161",NA,4.12899876281389
"21163",NA,3.4148290108326
"21165",NA,5.13809754036357
"21167",NA,3.67697091566045
"21169",NA,4.57473686770699
"21171",NA,4.3044300684332
"21173",NA,3.61338240699161
"21175",NA,3.87469882927399
"21177",NA,4.05645401430969
"21179",NA,3.29704410373523
"21181",NA,4.12092984769961
"21183",NA,3.77846088034844
"21185",NA,2.28941468536179
"21187",NA,4.17532299818929
"21189",NA,4.8821267152434
"21191",NA,3.82688136597979
"21193",NA,4.50475300466604
"21195",NA,4.56695766832081
"21197",NA,3.9157101430859
"21199",NA,4.13194502426152
"21201",NA,4.63568860161916
"21203",NA,4.52462393961293
"21205",NA,3.54377684759376
"21207",NA,4.61731339969067
"21209",NA,2.72633448945573
"21211",NA,3.15710504476494
"21213",NA,3.55933493764417
"21215",NA,3.07629843468042
"21217",NA,3.74090679066669
"21219",NA,4.21486500700242
"21221",NA,4.518241709832
"21223",NA,3.85069620704098
"21225",NA,4.15573979057291
"21227",NA,3.09736425445588
"21229",NA,3.89995265770008
"21231",NA,4.66938688577129
"21233",NA,3.91890281817016
"21235",NA,3.94588304403231
"21237",NA,5.53980277147131
"21239",NA,3.28286391223902
"22001",4.9,4.41411241903995
"22003",4.5,4.17626613168035
"22005",3.3,3.13085947366884
"22007",5.1,4.75337640200296
"22009",5.5,5.02565179772781
"22011",4,3.74963218061859
"22013",6.8,5.79012376697357
"22015",3.8,3.56355042827641
"22017",5.1,4.81903041150879
"22019",4,3.86863929557465
"22021",5.2,4.64436458438416
"22023",4,3.77638325410053
"22025",5.3,4.91024528140079
"22027",7.1,6.21734050342661
"22029",6,5.39791497173166
"22031",5.3,4.85486647937084
"22033",3.8,3.82899164787688
"22035",6.8,6.15548417727812
"22037",4.7,4.79936687090379
"22039",5,4.56577983406723
"22041",5.7,4.94020573179722
"22043",4,3.9069918609682
"22045",4.9,4.67946010751954
"22047",4.7,4.72592025488718
"22049",5.4,5.11906349720282
"22051",4.1,4.19259617308958
"22053",4.4,4.15856165742004
"22055",3.6,3.36742126645975
"22057",4.2,3.92884403098687
"22059",3.8,3.65864619773561
"22061",4,3.86573455499976
"22063",3.4,3.26676317404961
"22065",7,5.95422338459338
"22067",6.2,5.71640702164892
"22069",4.6,4.51639378435646
"22071",4.5,4.28988347722635
"22073",4.4,4.16042369723883
"22075",3.8,3.75645197673242
"22077",5.2,5.1545251515608
"22079",4.5,4.24698334261016
"22081",6,5.49585666266398
"22083",5.3,4.73880656198431
"22085",5.3,5.05369950341985
"22087",4.2,4.00708009166554
"22089",3.6,3.43857490541736
"22091",6.1,5.92956184287047
"22093",4.8,4.58424222995376
"22095",4.6,4.51238335267992
"22097",5.5,4.93708265765481
"22099",4.6,4.38650400020789
"22101",5.4,4.96197284259926
"22103",3.6,3.41745799331874
"22105",4.1,4.07204945456657
"22107",7.9,6.97829757813508
"22109",4.2,4.07194578563279
"22111",5.6,5.31085410396412
"22113",4.4,4.08930335744023
"22115",3.7,3.64377982411339
"22117",5.3,4.96767677883903
"22119",6,5.26711497279251
"22121",3.9,4.00577386045091
"22123",5.1,4.44144133592024
"22125",4,4.01312021404703
"22127",5,4.76903268238138
"23001",3.7,3.44441036614956
"23003",4.5,4.06585313366004
"23005",2.9,2.72470203275561
"23007",3.9,3.63491073270861
"23009",3.8,3.62505384509854
"23011",3.6,3.41074091564073
"23013",3.9,3.64548571048458
"23015",3.9,3.7971260663974
"23017",4.4,3.8845850875569
"23019",3.6,3.36868183310288
"23021",4.7,4.26215183299741
"23023",3.6,3.39418707239328
"23025",4.4,3.88808027011803
"23027",3.8,3.65368596245788
"23029",4.6,4.16048154892782
"23031",3.4,3.30903183097407
"24001",4.2,3.83071505174399
"24003",2.9,2.82641837089982
"24005",3.5,3.37559798168055
"24009",3,2.95498005456302
"24011",4.3,3.84626003916407
"24013",2.9,2.9294853362474
"24015",3.5,3.32108237680396
"24017",3.4,3.56447136370397
"24019",4.9,4.54989510353576
"24021",2.8,2.81214990694754
"24023",4.2,3.94520573026456
"24025",3.1,3.01838933969815
"24027",2.6,2.57790381838194
"24029",4.2,4.03661607598569
"24031",2.9,2.90371809269964
"24033",3.9,3.82103844135033
"24035",3.4,3.2852874314719
"24037",3,2.95034653804012
"24039",4.3,4.20831696028842
"24041",4.3,4.1300122121802
"24043",3.8,3.56120394206766
"24045",3.7,3.6448893356723
"24047",4.2,4.02533912214379
"24510",4.4,3.88953776954968
"25001",3.8,3.84172870027741
"25003",3.7,3.52866056384656
"25005",3.5,3.20318770251157
"25007",3.5,3.32743611371801
"25009",3.1,2.98488813164425
"25011",3.6,3.42847440982214
"25013",3.7,3.44232831518842
"25015",2.7,2.81968320007752
"25017",2.5,2.38349414171246
"25019",2.5,2.30145567654699
"25021",2.7,2.50410122520094
"25023",3.2,3.00909367287168
"25025",2.8,2.71221799890961
"25027",3.1,2.92755826654332
"26001",5.2,5.19930112127114
"26003",4.3,4.15361285316447
"26005",3.5,3.33409394522622
"26007",4.6,4.2963975708953
"26009",4,3.933516990427
"26011",4.7,4.44175086693247
"26013",4.6,4.15548821729563
"26015",3.5,3.43100781116324
"26017",3.9,3.81644330720708
"26019",4.1,3.95490940356425
"26021",4.2,3.845646031595
"26023",4.2,3.86195077881502
"26025",4,3.75916094198779
"26027",4.2,4.03785473659927
"26029",3.9,3.73283752431149
"26031",4.6,4.41289428316742
"26033",4,3.79991412501593
"26035",5.1,4.61540058316223
"26037",3.2,3.11131193793971
"26039",4.8,4.34067554941379
"26041",4.4,4.24600590953209
"26043",4,3.76598525096152
"26045",3.4,3.45010232873718
"26047",3.6,3.39790363717205
"26049",4.2,3.88323951411885
"26051",4.9,4.52977457284678
"26053",4.9,4.38918020154252
"26055",3.3,3.11876733615008
"26057",3.7,3.48593791037412
"26059",4.2,3.8658413366305
"26061",3.2,2.97295204973891
"26063",4.6,4.41178346917654
"26065",2.9,3.01256221940947
"26067",3.4,3.27033295334318
"26069",5.3,4.85536443048721
"26071",5,4.69724246948638
"26073",3.2,3.1978367884493
"26075",3.7,3.60355127783541
"26077",3.1,2.98172994189937
"26079",4.3,3.89288567056924
"26081",2.9,2.81417133166631
"26083",4.3,4.07222077740178
"26085",5.6,4.80211615535685
"26087",3.7,3.63817046452244
"26089",3.8,3.87036752499725
"26091",3.8,3.70656070564894
"26093",3,2.872504193556
"26095",4.5,4.05619337542593
"26097",5.2,4.74055444483684
"26099",3.5,3.52786059949725
"26101",4.4,4.25184606431609
"26103",3.3,3.17442008206647
"26105",4.4,4.14859629489269
"26107",4.1,3.86959002598889
"26109",4.5,4.25719137345624
"26111",3.4,3.15891160147627
"26113",4.2,3.8900329335081
"26115",3.6,3.56339666663214
"26117",3.8,3.63416823271886
"26119",5.4,5.10693787984543
"26121",3.9,3.61945852967601
"26123",4.2,3.86052725745946
"26125",3,2.91170656768205
"26127",4.3,3.919622157764
"26129",4.9,4.60018144378972
"26131",5.5,5.23757704825622
"26133",4.4,4.0914394540814
"26135",5.5,4.80430915496993
"26137",3.8,3.59228040003189
"26139",2.9,2.79512825203747
"26141",5.1,4.86757051873664
"26143",5.1,5.02652372025393
"26145",4.3,4.06400695089186
"26147",3.8,3.68395397858523
"26149",3.9,3.77592647838061
"26151",4.4,4.15877165780284
"26153",5.1,4.55861857756439
"26155",3.8,3.64234581329007
"26157",4.2,3.98355792756554
"26159",4,3.84371925742393
"26161",2.7,2.56909633129724
"26163",4.4,3.98508515896696
"26165",4.1,3.70155100560561
"27001",5,4.77559206975195
"27003",3,2.95179506294401
"27005",3.9,3.6768562977148
"27007",3.7,3.48634242480359
"27009",3.1,2.92061567700194
"27011",4.4,4.04014273068798
"27013",2.9,2.83371648625785
"27015",3.7,3.52477451493614
"27017",3.5,3.33555661760675
"27019",2.5,2.18482861336574
"27021",4.4,4.24760317675072
"27023",4.1,3.87665375106981
"27025",3.1,3.08851466106258
"27027",2.8,2.63688338154591
"27029",4.3,4.04843635102897
"27031",4,3.66593621763953
"27033",4.2,3.86399991828166
"27035",3.8,3.59095027758169
"27037",2.7,2.6603051145498
"27039",2.9,2.83524858235861
"27041",3.7,3.5096067750584
"27043",4.2,3.81567663478128
"27045",3.8,3.60587201393735
"27047",4.1,3.9248707189141
"27049",3.5,3.36535292249728
"27051",4.1,3.82777329726321
"27053",2.8,2.61170344862449
"27055",3.6,3.54870905599133
"27057",4.1,3.785552558962
"27059",3.3,3.22705214811138
"27061",4.1,3.91741602785673
"27063",3.8,3.64825458024777
"27065",4,3.71379840339076
"27067",3.7,3.54924843621868
"27069",4,3.81249495386045
"27071",4.3,4.22344560622538
"27073",4,4.01270877838955
"27075",4.2,3.94290068757765
"27077",4,4.0332845595846
"27079",3.3,3.23098265559152
"27081",4,3.72486707641367
"27083",3.4,3.23146772678403
"27085",3.5,3.48870368041689
"27087",5.3,4.73120317616789
"27089",3.9,3.75034843221024
"27091",4.1,3.79816341542439
"27093",3.7,3.53979204680636
"27095",3.7,3.50969862962537
"27097",3.8,3.53193556926981
"27099",3.7,3.49141049619979
"27101",4.1,3.9240024059265
"27103",3.1,2.93705010495475
"27105",4,3.83743456139793
"27107",4,3.78051836108855
"27109",2.8,2.63529963303289
"27111",4,3.73860670114761
"27113",3.5,3.42105181358658
"27115",4.1,3.88632333046066
"27117",4.1,3.64320198540263
"27119",3.6,3.33838348700814
"27121",4,3.80317608021817
"27123",3,2.91879876204905
"27125",3.8,3.75098885143706
"27127",4.1,3.81464588308664
"27129",4,3.73918852757023
"27131",3.1,3.14646590297696
"27133",3.7,3.3205989194406
"27135",3.7,3.5220935584111
"27137",3.5,3.29036324074367
"27139",2.5,2.35466215142889
"27141",2.6,2.59258477407917
"27143",3.6,3.4639581716358
"27145",3.2,3.11242621163488
"27147",3.4,3.19850080856452
"27149",3,3.11832102503747
"27151",4.3,3.81824273208559
"27153",4.4,4.04177206701109
"27155",4.4,4.13153857300574
"27157",3.7,3.55649172874709
"27159",4.1,3.66406549429752
"27161",3.5,3.29898726587475
"27163",2.7,2.57562448942017
"27165",3.9,3.83243760718994
"27167",3.9,3.51977200113742
"27169",3.1,3.11617523679216
"27171",2.7,2.55473683212502
"27173",3.9,3.63588089054141
"28001",6.3,5.90504060300405
"28003",4.5,4.16178383726224
"28005",6.5,6.34078572881141
"28007",5.3,5.13781455640784
"28009",5.2,5.19941679431173
"28011",6.1,5.50188167013744
"28013",5.6,4.89720303049598
"28015",5.9,5.44126841371446
"28017",5.6,5.23698681084805
"28019",5.2,4.94267635231546
"28021",6.1,6.11192167416683
"28023",5.5,5.15135202920952
"28025",5.8,5.56210413548056
"28027",6.5,6.08400630547228
"28029",5.4,5.17782379051754
"28031",4.7,4.5831273308216
"28033",3.4,3.27058117879582
"28035",3.8,3.79938478888643
"28037",5.7,5.14800008547791
"28039",3.9,3.72034411022406
"28041",4.2,4.08401109805616
"28043",5.3,4.89063910548401
"28045",4.3,4.16314077724461
"28047",4,3.92616584874869
"28049",4.9,4.89549221301221
"28051",7,6.23356168352533
"28053",7.7,5.97163981537131
"28055",5.1,5.92864214834922
"28057",3.7,3.67685297685449
"28059",4,3.81305332612488
"28061",5.8,5.54206079064021
"28063",7.2,6.13040938995656
"28065",6.8,6.30010192932648
"28067",4.7,4.40838679593286
"28069",5.7,5.89516584797777
"28071",3.1,2.84085776841763
"28073",3.6,3.29442853927649
"28075",5.2,4.88823682446126
"28077",5.8,4.91262962184091
"28079",5.1,5.03193842501634
"28081",3.8,3.70162017175333
"28083",6.2,5.73213011326043
"28085",4.6,4.44992036849658
"28087",4.5,4.35428922996341
"28089",3.4,3.01185820862717
"28091",5.3,4.89071104417028
"28093",5.6,5.24919856349455
"28095",5.1,4.62649671972465
"28097",6.1,5.61093236199896
"28099",4.9,4.77966816134959
"28101",4.8,4.66561959328463
"28103",6.5,6.02336118281665
"28105",3.2,3.26230082705083
"28107",5.5,5.14382570261633
"28109",4.4,4.32378198135592
"28111",4.9,4.55924532571398
"28113",5.7,5.34251049423801
"28115",4,3.73513419935486
"28117",4.2,3.80845208355711
"28119",7,6.21391984371834
"28121",3.4,3.32456106945772
"28123",5.4,4.7981139040461
"28125",7.8,6.10135920293272
"28127",4.9,4.76831624974657
"28129",5.3,4.83978186933103
"28131",4.1,4.25567186072089
"28133",5.8,5.47142056195399
"28135",5.7,5.55493148911764
"28137",4.1,4.09565805893293
"28139",4.6,4.21422788202474
"28141",4.7,4.35302310996797
"28143",6.3,5.77108245711405
"28145",4.3,3.88436425650376
"28147",5.5,5.24809401997249
"28149",4.7,4.77746678289424
"28151",6.5,5.84991386685272
"28153",5.5,4.85227160958734
"28155",4.1,4.03475913052877
"28157",6.2,5.98848504349687
"28159",5.9,5.68253855735758
"28161",5.8,5.49091160290506
"28163",5.5,5.15592984921222
"29001",3.1,3.1175545341674
"29003",3.6,3.46214680030006
"29005",4.7,4.22969153784523
"29007",4.4,4.10422933661112
"29009",4.7,4.52122947469882
"29011",4.9,4.22765626755925
"29013",4.4,3.99786047359745
"29015",5.4,5.0441647728282
"29017",4.6,4.13887009363418
"29019",2.7,2.5159370580103
"29021",3.9,3.63508652032841
"29023",4.8,4.42795957063014
"29025",4.1,3.89093372168746
"29027",3.6,3.39478433507998
"29029",4.6,4.56000356236354
"29031",3.4,3.21499931641079
"29033",4.4,3.88907680168014
"29035",5,4.50423137842753
"29037",3.3,3.27128561219994
"29039",5,4.40521490542552
"29041",4.6,4.25357569479157
"29043",3.2,2.9167266861533
"29045",4.8,4.01307984025534
"29047",3,2.88999161879474
"29049",3.8,3.56249071516187
"29051",3.3,3.03391491676857
"29053",3.8,3.60299699196947
"29055",4.4,4.27936015637072
"29057",5.1,4.45546082472352
"29059",4.7,4.49239657337695
"29061",4.6,4.10664445677127
"29063",4,3.672483696571
"29065",4.7,4.2136066331715
"29067",4.9,4.6326612174332
"29069",5,4.73351943047918
"29071",3.7,3.49638380411711
"29073",4.3,4.00841336570103
"29075",4.1,3.78072229714077
"29077",3.4,3.21347216477549
"29079",4.7,4.28882295965874
"29081",4.8,4.01690051800849
"29083",4.6,4.22809910327132
"29085",6.7,5.37646750649753
"29087",4.5,4.23346281972011
"29089",3.7,3.6318222524821
"29091",4.8,4.33073633172011
"29093",4.7,4.46557383155744
"29095",3.6,3.36810028534603
"29097",3.8,3.54428500492579
"29099",3.3,3.24153228947556
"29101",2.9,2.94742714470306
"29103",4.9,4.37327630667564
"29105",4.5,4.02740838010429
"29107",3.7,3.54381853134857
"29109",4.3,3.99008028967585
"29111",4.1,3.90440814402112
"29113",3.3,3.29178496001459
"29115",4.3,3.94936259671181
"29117",4.1,3.86821029730416
"29119",4.8,4.2674830262716
"29121",4.1,4.04868083009056
"29123",4.1,4.08901532421285
"29125",4.3,4.23568663825936
"29127",3.9,3.513639741339
"29129",4.9,4.07370691920841
"29131",4.1,3.84030243155052
"29133",5.2,4.54029948590972
"29135",3.7,3.66946462822297
"29137",4.9,4.44145836827153
"29139",4.4,4.01143408451331
"29141",5.1,4.81195140362507
"29143",5.1,4.71062563505667
"29145",4.1,3.81411303577747
"29147",3.3,3.39835458227229
"29149",5.4,4.82107135941402
"29151",3.5,3.24050130279965
"29153",6.1,5.39591479806321
"29155",5.6,5.01296209864383
"29157",3.9,3.58721459453661
"29159",3.9,3.71718991849901
"29161",3.6,3.30136716207387
"29163",4.3,3.8534697777261
"29165",2.8,2.65693502283699
"29167",4.1,3.92223011038155
"29169",2.5,2.7368409899518
"29171",4.3,4.35266381292156
"29173",4.5,4.02053789288448
"29175",4,3.71311355189845
"29177",4,3.81779583599798
"29179",5.2,4.59852410831506
"29181",5,4.55239419575617
"29183",2.8,2.60467787027773
"29185",5.3,4.70279203100059
"29186",3.9,3.70996549750305
"29187",4,3.83820181639994
"29189",3.4,3.23988292204609
"29195",3.7,3.52002385286005
"29197",3.9,4.01045696926383
"29199",4.3,4.30094582340189
"29201",4.2,4.00710622737212
"29203",4.9,4.50391937236344
"29205",4.8,4.09159324943774
"29207",4.6,4.24917236372819
"29209",5,4.81291452716787
"29211",4.5,4.13606983343431
"29213",4.2,4.0155392146856
"29215",4.9,4.38497255343985
"29217",4.6,4.20663666701723
"29219",3.7,3.57195829375712
"29221",4.6,4.04843348441656
"29223",5.7,5.13779688256066
"29225",3.8,3.67459575154226
"29227",5,4.42525332400288
"29229",5,4.29867990410756
"29510",3.9,3.69853598809966
"30001",3.8,3.51849731182283
"30003",5,4.50192855420478
"30005",4.7,4.25561126473732
"30007",3.7,3.85070362713848
"30009",4.1,3.99488394277428
"30011",4.7,4.71514714703772
"30013",3.6,3.32428346505871
"30015",4.2,4.02472329524037
"30017",3.6,3.3588386814968
"30019",4.1,4.35828937637205
"30021",3.5,3.35752488662262
"30023",4.6,4.07210873600795
"30025",3.6,3.81122777989973
"30027",4.2,4.1012188504271
"30029",3.4,3.22287422142759
"30031",2.3,2.18284236443999
"30033",4.3,4.36546577539858
"30035",5.3,4.55895105369405
"30037",5.4,4.77923570558762
"30039",4.6,4.29239169997006
"30041",4,3.59310447392605
"30043",3.5,3.45656305326829
"30045",4.7,4.32567640966922
"30047",4.5,4.2471271836744
"30049",3.2,2.837808087015
"30051",5.1,3.96004559925034
"30053",5.1,4.76474782208313
"30055",4.1,4.18323699783763
"30057",3.8,4.10198666481516
"30059",4.6,4.57347236364234
"30061",4.6,4.36387321520947
"30063",2.8,2.55467883998459
"30065",4.5,4.63364141942314
"30067",3.7,3.53042863824177
"30069",4.5,4.00201026291412
"30071",4.3,4.07804545057437
"30073",4.9,4.20807881312513
"30075",4.2,4.63112080591979
"30077",3.9,3.55106354543794
"30079",6.3,5.47497632342729
"30081",3.8,3.91855307465581
"30083",3.2,3.14434718673989
"30085",4.6,4.59658077421311
"30087",4.6,4.43575706893477
"30089",5.2,4.91009915112503
"30091",4.1,3.91949368214402
"30093",3.6,3.31720497810685
"30095",3.8,3.75895248489062
"30097",4,3.88359904120782
"30099",4.1,3.79877335206313
"30101",4,3.38100008258414
"30103",4.6,3.65344100392177
"30105",4.3,4.0452711293801
"30107",4.7,5.01061918747829
"30109",4.2,4.08960088013831
"30111",3.2,2.98452256654042
"31001",3.4,3.23644236008071
"31003",4,3.85601746338377
"31005",3.9,3.41372582345427
"31007",3.9,4.01812889207165
"31009",4,4.24260659330962
"31011",4.1,3.80390091168079
"31013",3.8,3.62840714218377
"31015",4.8,4.5983586679886
"31017",4.2,4.19979763877934
"31019",2.9,2.89979679453257
"31021",4.1,3.88732552704016
"31023",3.5,3.35790872459541
"31025",3.2,2.9583219127199
"31027",3.6,3.45022113750293
"31029",4,4.01632167816716
"31031",4.1,3.63222233867123
"31033",4,3.53746135032148
"31035",3.6,3.46543700282373
"31037",3.5,3.39524221565612
"31039",3.8,3.52161302121817
"31041",3.8,3.507689697434
"31043",3.3,3.52761598040682
"31045",3.2,3.23243315498176
"31047",3.6,3.83758986010702
"31049",4.4,4.17366065075531
"31051",4.1,3.60481711942698
"31053",3.6,3.41107049203598
"31055",2.9,2.62904102264109
"31057",4.4,3.8791206388631
"31059",3.7,3.68773479957509
"31061",4.6,4.22976969189785
"31063",3.8,3.90912854066414
"31065",4.2,3.96436807574463
"31067",3.9,3.67955216617821
"31069",5,4.50533702967588
"31071",4,3.77584499618508
"31073",3.8,3.76685045117963
"31075",3.8,3.55845772957118
"31077",4.1,4.05456041420056
"31079",3.5,3.36303360855613
"31081",3.3,3.19315468592272
"31083",4.1,3.95427181617929
"31085",4.5,4.17097622434663
"31087",4.3,4.05395378714566
"31089",4,3.52455078126605
"31091",4.3,4.19732821422782
"31093",3.6,3.52359826696372
"31095",4,4.02436943914791
"31097",3.5,3.26923889521624
"31099",3.3,3.10166720125974
"31101",4.2,4.01823628327707
"31103",4.8,3.8263048545378
"31105",4.9,4.59455705226817
"31107",4.5,4.21922242528485
"31109",2.8,2.65256560787722
"31111",4,3.5836411677834
"31113",3.8,3.63199968173483
"31115",4.2,3.93887344784341
"31117",4.4,3.51957174174248
"31119",3.4,3.32447311358477
"31121",3.7,3.62356001671299
"31123",4.2,3.92717058190243
"31125",3.9,3.80982368624266
"31127",3.7,3.58690136476429
"31129",4.1,4.08755713200419
"31131",3.4,3.38608767371184
"31133",4.9,4.46839128188204
"31135",3.7,3.75955888895888
"31137",3.7,3.41697553896115
"31139",3.5,3.37491445788
"31141",3.4,3.27511714595764
"31143",3.7,3.73693865639269
"31145",3.8,3.57616844980672
"31147",4.2,4.00268067723185
"31149",3.9,3.70027074941692
"31151",3.3,3.26473408117137
"31153",2.5,2.25151479066636
"31155",3.1,2.96439050787602
"31157",3.8,3.7068868358717
"31159",3,2.90398568238446
"31161",4.5,4.40510660179457
"31163",4.4,4.10136163827254
"31165",5.2,3.88769447719018
"31167",3.5,3.41745599652646
"31169",4.2,3.86360652507802
"31171",3.6,4.2111663318529
"31173",3.9,3.63221318361858
"31175",4.2,3.66506170018037
"31177",3.1,2.91493859989216
"31179",2.9,3.04480164180159
"31181",3.8,3.65238478220929
"31183",4,3.97387335378272
"31185",3.5,3.37480309057037
"32001",3.8,3.61885920461685
"32003",3.4,3.46316814302984
"32005",4.2,4.15434806666932
"32007",3.3,3.04082095964471
"32009",6.1,4.12671526090863
"32011",5.2,4.02718687860563
"32013",3.5,3.35523733413164
"32015",4.1,3.1154268799198
"32017",4,3.63026739927974
"32019",3.9,3.85142452406833
"32021",6,4.77843207280226
"32023",5.2,4.87423514179705
"32027",3.8,3.46193424703194
"32029",4.1,4.7382418500961
"32031",3.2,3.03952814537156
"32033",4.2,3.61093875983697
"32510",3.7,3.53752040138289
"33001",3.6,3.50939753688621
"33003",3.8,3.89069561314581
"33005",3.4,3.3061013976138
"33007",4.4,4.02369376374199
"33009",3.2,3.19271454046869
"33011",2.9,2.77310793777859
"33013",3.1,3.00336205889862
"33015",2.9,2.79862725251457
"33017",2.8,2.81065355480401
"33019",3.8,3.58057086838123
"34001",3.7,3.64857048555336
"34003",2.8,2.82153536039633
"34005",3.1,3.03229069200639
"34007",3.3,3.29338196473276
"34009",3.9,3.79768066762619
"34011",4,3.80090116772545
"34013",3.6,3.309864191094
"34015",3,2.98641421928378
"34017",2.6,2.8353291338462
"34019",2.8,2.72755632393813
"34021",3.1,3.0398001463698
"34023",2.8,3.03127913082128
"34025",2.9,2.76036438672402
"34027",2.6,2.55013317830224
"34029",3.6,3.41652970482292
"34031",3.4,3.45447875492563
"34033",3.8,3.7182999731083
"34035",2.6,2.6665696180881
"34037",2.9,2.93133659570538
"34039",3.2,3.17555932527041
"34041",3.2,3.18917754928634
"35001",3.4,3.54563245889078
"35003",6.1,6.27189191132102
"35005",4,3.77029863281109
"35006",4.7,4.82538032966397
"35007",4.7,4.38836329451792
"35009",3.5,3.42115058494073
"35011",4.9,4.63188386376543
"35013",3.6,3.92389151514408
"35015",3.3,3.1020000502752
"35017",4.9,4.73848976235754
"35019",4.3,4.30003743346347
"35021",6.4,4.51033590903164
"35023",4.8,4.6682283659655
"35025",3.4,3.29589853015993
"35027",4.7,4.72164041642369
"35028",2.4,2.07491848348309
"35029",5.3,4.65241344650522
"35031",6,5.44949496784139
"35033",4.7,5.0831519385142
"35035",3.9,3.74445089755753
"35037",5.4,4.63382060013441
"35039",4.5,4.84498045505686
"35041",3.4,3.6448056701997
"35043",3.4,3.5367219673722
"35045",4.7,4.48553285730998
"35047",4.4,4.50237125706397
"35049",3.8,3.97935631730624
"35051",6.4,5.7385214327104
"35053",4.6,4.70202301214569
"35055",4.4,4.32279744030355
"35057",5,4.55780082682687
"35059",4.5,4.22289344772068
"35061",3.9,4.00771982427962
"36001",3,2.94659892052161
"36003",3.7,3.54380413065497
"36005",4.4,4.05199430940046
"36007",3.7,3.51740095836825
"36009",4.1,3.86214349336291
"36011",3.9,3.62306998840961
"36013",4,3.86288520403606
"36015",3.8,3.57192470222223
"36017",4.1,3.77606080296593
"36019",3.5,3.30000866458994
"36021",3.9,3.64385932038458
"36023",3.1,3.09343695196059
"36025",4.3,3.99773513480363
"36027",3.1,3.10042615892998
"36029",3.4,3.32460228551751
"36031",4,3.78234095378719
"36033",3.9,3.52537736088055
"36035",4,3.65405765790589
"36037",3.5,3.47276625012499
"36039",3.9,3.68038818090863
"36041",4.5,4.54357891031537
"36043",3.9,3.70108363118323
"36045",3.1,3.01772080543998
"36047",3.6,3.30162903507742
"36049",3.9,3.59348470306731
"36051",3.4,3.29576426137012
"36053",3.4,3.33701875839866
"36055",3.3,3.11303015895082
"36057",3.8,3.64227626841306
"36059",2.9,2.91060653060413
"36061",2.7,2.76673888963434
"36063",3.7,3.60747472220136
"36065",3.7,3.46787279966271
"36067",3.4,3.14491416164532
"36069",3.4,3.28307018184759
"36071",3.2,3.06568207296789
"36073",3.9,3.68621913080455
"36075",3.7,3.3724226485031
"36077",3.4,3.43460464347685
"36079",2.9,2.90297236638235
"36081",3.5,3.61931048018403
"36083",3.1,3.04500435432684
"36085",3.2,3.17960956411115
"36087",3.4,2.93726612851851
"36089",3.8,3.42356924291259
"36091",3,2.85482336688058
"36093",3.3,3.18612963583948
"36095",3.8,3.77046953796063
"36097",4.1,3.75462262026439
"36099",4,3.67612649282627
"36101",3.8,3.53800253885215
"36103",3,2.98243501103441
"36105",3.7,3.48361916574258
"36107",3.8,3.56327928446661
"36109",2.4,2.34271880984695
"36111",3.5,3.41736992346666
"36113",3.6,3.47014433151688
"36115",3.8,3.62404876294827
"36117",3.7,3.53076460293149
"36119",3,2.87767297582515
"36121",3.7,3.60305675549153
"36123",4,3.91217873300066
"37001",3.8,3.80503436598835
"37003",4.1,4.02767223596644
"37005",5.3,4.75287147863066
"37007",5.5,5.18901767105334
"37009",4.6,4.34019079577768
"37011",4.2,3.79150137463066
"37013",5,4.89042736377118
"37015",6.3,5.63416884524371
"37017",5.3,5.13889950212721
"37019",4.3,4.531596582041
"37021",3.4,2.99172151862244
"37023",4.4,4.17569695445158
"37025",3.1,2.87823727214239
"37027",4.3,3.93215963503072
"37029",3.3,3.21383327168882
"37031",4,3.79089609748718
"37033",5,4.89505301546702
"37035",3.7,3.64215132356097
"37037",4,3.85743501477057
"37039",5.1,4.68293686732006
"37041",5.5,5.17053190268872
"37043",4.8,4.44580805685872
"37045",4.4,4.06918711257325
"37047",5.1,4.81638428499938
"37049",4,3.9527704043508
"37051",3.6,3.76248665959946
"37053",3.2,3.16768066086171
"37055",3.5,3.15866472064585
"37057",4.1,3.836382065162
"37059",3.9,3.79443630837006
"37061",4.9,4.79637850682503
"37063",3,3.09227717734955
"37065",5.7,5.41578660527109
"37067",3.7,3.504826165039
"37069",3.9,3.88094078863733
"37071",3.7,3.51360009190925
"37073",5.1,4.86215368309398
"37075",4.3,4.23760894718503
"37077",4.2,4.02847849475
"37079",4.9,4.69373008913586
"37081",3.6,3.63693812080784
"37083",6.3,5.60773573751911
"37085",3.5,3.56311499701009
"37087",4.1,3.81893643580431
"37089",4.1,3.77356129423075
"37091",6,5.4708031161975
"37093",3.8,3.97323863807495
"37095",5.5,5.01578060261316
"37097",3.3,3.07714295564029
"37099",3.8,3.86625186329956
"37101",3.3,3.28199831335255
"37103",5.5,5.13003498613435
"37105",4,3.95777145105617
"37107",5.8,5.16309370921311
"37109",3.6,3.37646051282372
"37111",4.3,3.97805826698871
"37113",4.7,4.46957699399806
"37115",3.8,3.56623533184078
"37117",5.8,5.59331199054823
"37119",2.8,2.67762652263762
"37121",4.2,4.15511869741586
"37123",4.8,4.60768837062248
"37125",3.7,3.68376541722139
"37127",4.6,4.59316999375844
"37129",3.3,2.96962905070536
"37131",6.7,6.03888111582595
"37133",2.6,2.51682077018401
"37135",2.7,2.45367139986687
"37137",5,4.88691922034683
"37139",4,3.9278618171925
"37141",3.6,3.41338697732699
"37143",5,4.99678360376792
"37145",4.7,4.61601485123688
"37147",3.6,3.78254270694864
"37149",4.7,4.45341307758576
"37151",4.1,3.8958611417809
"37153",5.2,4.66966093292669
"37155",5.8,5.45397555082669
"37157",4.7,4.48906134044883
"37159",4,3.89122682170055
"37161",4.7,4.22812046731523
"37163",4.7,4.83238430736353
"37165",5.6,5.0328365070987
"37167",4,3.90736525974508
"37169",4.3,4.11003085357544
"37171",4.5,4.10443359485035
"37173",4.8,4.37868744039258
"37175",4.3,4.1092787099795
"37177",5.7,5.38806062105798
"37179",2.9,2.599699681355
"37181",5.2,5.15709037352669
"37183",2.6,2.2932535605947
"37185",6.5,6.03770730665141
"37187",6.8,5.96541725890074
"37189",3.1,2.90242828498646
"37191",4.4,4.22138930037223
"37193",4.7,4.35369782318605
"37195",5.2,4.90173407844801
"37197",4.3,4.12695144513595
"37199",4.5,4.32988572396139
"38001",4.8,4.60856988692866
"38003",3.7,3.50361221631901
"38005",4.8,4.38749104154948
"38007",3.9,4.15165970812426
"38009",3.9,3.88100221942389
"38011",3.8,3.86091174204418
"38013",3.5,3.55474121734585
"38015",2.9,2.82080196898266
"38017",2.4,2.42576353703639
"38019",4,4.08378987828752
"38021",3.6,3.49072129442753
"38023",4.1,4.03057564333011
"38025",3.6,3.77659793584776
"38027",4.4,4.10986508257095
"38029",4.6,4.26953202758576
"38031",3.8,3.65296071517238
"38033",4.5,4.41963837320399
"38035",2.7,2.75234072530352
"38037",5.3,4.60326420584896
"38039",4.3,4.12064190274565
"38041",3.9,4.1122904924674
"38043",4.3,4.18914405516569
"38045",4.2,4.06823514738753
"38047",4.6,4.13332736993692
"38049",3.8,3.77384241933531
"38051",5,4.75256688866051
"38053",2.8,3.10939249946063
"38055",3.9,4.05734600935263
"38057",4,3.72995617997851
"38059",3,2.95484927067853
"38061",3.7,3.76537722835599
"38063",4,4.00457383945646
"38065",3.8,3.97469292578054
"38067",4.1,4.06433732850753
"38069",3.9,3.73531342125796
"38071",4,3.78009772555575
"38073",3.8,3.75164685140204
"38075",3.5,3.45850939837439
"38077",3.4,3.43404311225493
"38079",5,4.97264016787573
"38081",3.7,3.90302822502675
"38083",5,4.49147516151876
"38085",6,5.46907584309979
"38087",4.9,4.14922824286274
"38089",3,2.92375012820377
"38091",4.1,4.113341793924
"38093",3.6,3.43644525469721
"38095",4.9,4.22729320361641
"38097",3.3,3.28507234873613
"38099",4.1,3.84460085751293
"38101",2.7,2.7926870595318
"38103",4.6,3.95914639799225
"38105",2.7,2.7239423413118
"39001",4.6,4.22176537831901
"39003",3.9,3.77929676256993
"39005",4,3.83622641749554
"39007",4.5,4.08451730617498
"39009",3.1,3.19823045635119
"39011",3.5,3.46440412197153
"39013",4.1,4.00407556478905
"39015",4.2,4.08362853678433
"39017",3.3,3.16145776001426
"39019",4.4,4.17209783568182
"39021",3.6,3.64838359046755
"39023",4.2,4.00189190833402
"39025",3.3,3.18788611094422
"39027",3.9,3.77157387675011
"39029",4.3,4.03691307077198
"39031",4.5,4.13110250566437
"39033",4.2,3.93641246382025
"39035",4,3.82377525526096
"39037",4.1,3.82571621720817
"39039",3.6,3.72092052754314
"39041",2.5,2.31711136138631
"39043",4,4.00216286451111
"39045",3.3,3.19417138927812
"39047",4.1,3.92617009904672
"39049",3.1,3.02811265669798
"39051",3.6,3.63950812008814
"39053",4.4,4.09039585156985
"39055",3.5,3.34231919694835
"39057",3.1,3.15692788820026
"39059",4.3,4.08989022158299
"39061",3.5,3.27459503884702
"39063",3.3,3.32667879614256
"39065",3.6,3.70956482427019
"39067",4.4,4.44207000555123
"39069",3.7,3.69892311475154
"39071",4.2,3.93323684510419
"39073",4.4,4.17803047597155
"39075",3.9,3.8608197387061
"39077",3.8,3.71702456675755
"39079",4.1,3.94960479600986
"39081",4.2,4.12017232248805
"39083",3.6,3.62886838786323
"39085",3.5,3.55307305691294
"39087",4.3,3.99393443934154
"39089",3.4,3.30796169714584
"39091",3.9,3.73411707909009
"39093",3.7,3.67375159246336
"39095",3.9,3.68464868185256
"39097",3.4,3.4528552115885
"39099",4.3,4.15193094337996
"39101",4.1,3.94569140872556
"39103",3.2,3.08665835212457
"39105",5,4.56393563909999
"39107",3.5,3.38414659411731
"39109",3.5,3.44420044462827
"39111",4.8,4.59003175046177
"39113",3.9,3.6425039293751
"39115",4.6,4.42357042290814
"39117",3.8,3.82408739403658
"39119",3.9,3.79414095612226
"39121",5.4,4.43594658727727
"39123",3.9,4.13104167949976
"39125",3.9,3.72463022031847
"39127",4,3.91502955315394
"39129",3.5,3.43544063729143
"39131",4.8,4.19551118185798
"39133",3.3,3.30112023851426
"39135",3.8,3.78150846660215
"39137",3.3,3.34298848419166
"39139",4.1,3.98058336594196
"39141",4.1,3.92316908352943
"39143",3.9,3.90952420781993
"39145",4.4,4.19434620589638
"39147",3.6,3.66625252609602
"39149",3.7,3.51440999433351
"39151",3.9,3.72688342353823
"39153",3.6,3.50645487032023
"39155",4.4,4.18046515750439
"39157",4,3.79619931067388
"39159",2.6,2.55545104879023
"39161",3.7,3.66571990836056
"39163",4.4,4.2199964019246
"39165",2.8,2.61958271045673
"39167",4.1,3.96206880733292
"39169",3.7,3.56012417569392
"39171",4,3.84927413988067
"39173",2.9,2.99090751107725
"39175",3.6,3.61243223577119
"40001",5.3,4.84516581006598
"40003",4,3.77154425780938
"40005",4.6,4.52037474058845
"40007",4.1,3.94312624874773
"40009",4,3.79512810597443
"40011",4.3,4.07761166138624
"40013",4.2,3.99204052695285
"40015",4.3,4.31254721502251
"40017",2.8,2.87089513845243
"40019",4,3.98421391621783
"40021",4.2,4.177529731102
"40023",5.3,4.9374136990741
"40025",4.1,3.9980575926673
"40027",3,3.01102466459421
"40029",5.4,4.86948336395008
"40031",3.6,3.58704280742162
"40033",4.7,4.15139043269764
"40035",5.1,4.47511709275067
"40037",4.1,3.95948390745241
"40039",3.4,3.16845981265533
"40041",5.3,4.96758631329415
"40043",4.1,4.03038153962319
"40045",4.4,4.25707258237461
"40047",3.7,3.64529043926281
"40049",4.2,4.02795972951529
"40051",3.6,3.63380101387247
"40053",4.3,4.07703984312323
"40055",3.9,3.71605681345554
"40057",4.8,4.59791707005824
"40059",4.1,4.01369299400471
"40061",4.9,4.66428680355036
"40063",4.7,4.55011582678553
"40065",3.7,3.46724994581776
"40067",5.1,4.64749924942733
"40069",4.8,4.45384083401258
"40071",4.3,4.08650891507224
"40073",3.6,3.63620210902168
"40075",5.1,4.40196252507106
"40077",5.5,4.96583126088416
"40079",4.7,4.38835381369894
"40081",4.3,4.19415154189745
"40083",3.5,3.41525070682028
"40085",4.3,4.321391168073
"40087",3.3,3.29120709537917
"40089",4.8,4.60582212594857
"40091",5.6,5.2622138883928
"40093",4.1,4.11264236577976
"40095",4.8,4.68125791588573
"40097",4.5,4.42317533573783
"40099",4.4,4.17052891826756
"40101",4.6,4.29959649033989
"40103",4.1,4.02266435178732
"40105",4.7,4.46737688794329
"40107",5.4,4.78768965895172
"40109",3.5,3.2823070643086
"40111",4.6,4.33341608852917
"40113",4.5,4.22476819593777
"40115",4.7,4.48738909081013
"40117",4.4,4.30234009107308
"40119",2.9,2.8913944158721
"40121",4.5,4.32401713616129
"40123",3.8,3.74330273740595
"40125",3.9,3.83240125967492
"40127",5.6,5.10875616159056
"40129",4.5,4.10081243412961
"40131",3.6,3.52327320135926
"40133",5,4.57077446122365
"40135",5.1,4.57969221376423
"40137",4.4,4.05201622043819
"40139",3.5,3.52091835536125
"40141",4.7,4.34312078461693
"40143",3.4,3.27215507539651
"40145",3.5,3.45996402404945
"40147",4.1,3.73932837320902
"40149",4.1,3.84150756145668
"40151",3.5,3.23724246842071
"40153",3.7,3.42180546702891
"41001",4.4,4.02033772134561
"41003",2.8,2.62675356268852
"41005",3.1,2.87612006719803
"41007",4,3.7863779335531
"41009",3.7,3.50438333601588
"41011",4.7,4.23319295693392
"41013",3.9,3.90618458014055
"41015",5.2,4.72963640665348
"41017",3.2,2.93735984338353
"41019",4.5,4.20321184733122
"41021",4.9,4.65432971598992
"41023",4.9,4.75384279611927
"41025",4.9,4.23509090252702
"41027",3.2,2.87937314496126
"41029",3.8,3.55715800960774
"41031",3.9,3.79458909474137
"41033",4.9,4.28264288122178
"41035",4.3,3.91952614569901
"41037",4.7,4.09206281793392
"41039",3.6,3.3523943256811
"41041",4.7,4.37561567533823
"41043",3.7,3.5489237615582
"41045",4,3.66338715080963
"41047",3.5,3.26252769509722
"41049",4.1,3.86093818435286
"41051",2.7,2.4173757114225
"41053",3.4,3.22438072532071
"41055",4.7,4.18703487482644
"41057",4.3,4.08274070831214
"41059",3.6,3.4660130729775
"41061",3.9,3.65810645496021
"41063",4.1,3.91183942270646
"41065",4,3.6998312732497
"41067",2.6,2.37288423570012
"41069",5.6,4.96527985774537
"41071",3.3,3.18760693022731
"42001",NA,3.63246034319769
"42003",NA,3.1256508442173
"42005",NA,4.0130409940711
"42007",NA,3.69754428389866
"42009",NA,4.10185774236864
"42011",NA,3.45544042575509
"42013",NA,3.6741642510133
"42015",NA,3.82430153017006
"42017",NA,2.97423256469228
"42019",NA,3.07137062371284
"42021",NA,3.98963589821818
"42023",NA,4.95498961595639
"42025",NA,3.86739315724852
"42027",NA,2.69887672487035
"42029",NA,2.54967955022903
"42031",NA,3.6983726906896
"42033",NA,3.82095867522349
"42035",NA,3.64822751360991
"42037",NA,3.60266055174139
"42039",NA,4.00325800280261
"42041",NA,3.09229343544888
"42043",NA,3.4228044747117
"42045",NA,3.08758355072595
"42047",NA,3.8902323183212
"42049",NA,3.56726101879163
"42051",NA,4.1312423627322
"42053",NA,4.12322508697023
"42055",NA,3.53208679256423
"42057",NA,4.02104543815278
"42059",NA,3.72445111001355
"42061",NA,3.8272099559714
"42063",NA,3.59604004561654
"42065",NA,4.02242620916835
"42067",NA,3.89369106141974
"42069",NA,3.4892827225287
"42071",NA,3.31077035422503
"42073",NA,4.00387806570479
"42075",NA,3.6190114955212
"42077",NA,3.30115769301924
"42079",NA,3.66791607036883
"42081",NA,3.61226717848248
"42083",NA,3.68863932191491
"42085",NA,3.96717193588828
"42087",NA,4.09952489083363
"42089",NA,3.59097541679628
"42091",NA,2.75330826507187
"42093",NA,3.36701345506206
"42095",NA,3.33630261927838
"42097",NA,3.79474519528831
"42099",NA,3.65303927489404
"42101",NA,3.61314106906656
"42103",NA,3.80249745489878
"42105",NA,4.28798193065973
"42107",NA,3.70293888447654
"42109",NA,3.58232042187287
"42111",NA,4.02762791780956
"42113",NA,4.59367989130845
"42115",NA,4.05043943290184
"42117",NA,3.89571781103341
"42119",NA,3.38594995362696
"42121",NA,4.15512034289016
"42123",NA,4.09387760842217
"42125",NA,3.40145246081155
"42127",NA,4.01535864532321
"42129",NA,3.62081144694975
"42131",NA,3.79395868254994
"42133",NA,3.34195254252056
"44001",2.9,2.74631061423201
"44003",3.3,3.1717252976958
"44005",3.3,3.11307932140539
"44007",3.2,3.22074444119703
"44009",3.1,2.98359026616763
"45001",5,4.47938421957176
"45003",4.1,3.7614396823752
"45005",6.4,5.81121017213171
"45007",4,3.6330995836498
"45009",5.9,5.39954615845697
"45011",5.9,5.10205605487068
"45013",4,3.75718248267826
"45015",3.3,3.20195868118271
"45017",5,4.8495847346466
"45019",3.2,2.69529059433227
"45021",4.4,4.08027504426241
"45023",5.1,4.6773214726336
"45025",5.2,4.67838879372009
"45027",5.8,5.17791929317357
"45029",5.2,4.76037343019337
"45031",5,4.58606867506485
"45033",6,5.29725089927856
"45035",3.4,3.25814978188254
"45037",4.6,4.38275898782158
"45039",5.9,5.2363196527662
"45041",4.5,4.27455559462914
"45043",4.8,4.65554114398443
"45045",3.3,3.02305355742245
"45047",4.5,4.00575736986002
"45049",5.6,5.14389599619741
"45051",4.3,4.19316473074945
"45053",4.8,4.70222118924255
"45055",4.1,3.9574025431004
"45057",3.9,3.79424919756649
"45059",4.5,4.31772875516053
"45061",5.9,5.34605181098739
"45063",3.5,3.13475082269577
"45065",6.3,6.00429945900683
"45067",6.4,5.58767789118875
"45069",6,5.3182067376918
"45071",4.5,4.22113055035039
"45073",4.6,4.06328237977189
"45075",5.7,5.1778718816377
"45077",3.6,3.46101893122745
"45079",3.5,3.32773856155122
"45081",4.9,4.66159307817767
"45083",3.7,3.63661398163033
"45085",4.6,4.26233658228563
"45087",5.8,4.83147555397148
"45089",6,5.55180875691223
"45091",3.1,2.851044801229
"46003",3.8,3.69044545763903
"46005",4,3.68422951686741
"46007",5.7,4.99299311912066
"46009",4.1,3.76255284154023
"46011",2.5,2.42012970114036
"46013",3.3,3.08968287787976
"46015",4.2,3.61039578850837
"46017",4.9,5.02294960989115
"46019",4,3.51786614876284
"46021",4.5,4.0637783535679
"46023",4.7,4.24624638362145
"46025",4.3,4.02900530994705
"46027",2.5,2.49322420944991
"46029",3.8,3.39317414108598
"46031",6,5.39066981408063
"46033",4.3,4.33209772537128
"46035",3.8,3.46649470900094
"46037",4.7,4.33684184425517
"46039",3.8,3.52296323758952
"46041",5.1,4.8728266923856
"46043",4.4,3.88014969060566
"46045",4,3.54883255547132
"46047",5.2,4.69459072860785
"46049",4.7,4.44450168462949
"46051",4.1,3.74265412868323
"46053",4.6,4.15063931460042
"46055",4.5,4.32828709068685
"46057",3.1,2.91549341371208
"46059",3.8,3.74741152285795
"46061",3.5,3.09642222091576
"46063",3.4,3.48773497903425
"46065",3.2,3.10453598214501
"46067",3.8,3.62027607897449
"46069",4.4,4.18458886580303
"46071",6,5.19873381485992
"46073",4.4,4.42056583651121
"46075",4.6,4.02261810451239
"46077",3.9,3.73929909912207
"46079",3.6,3.37903367387629
"46081",3.8,3.61959751300457
"46083",2.6,2.32229707738725
"46085",4.8,4.41805102617861
"46087",3.4,3.12055676918694
"46089",5.1,4.44568507937141
"46091",3.9,3.81989113938279
"46093",3,3.13238722138855
"46095",6.6,5.57933928226152
"46097",4.3,4.10415085180609
"46099",2.8,2.6799130440067
"46101",3.7,3.52646248803628
"46102",6.3,5.50309221549367
"46103",3.5,3.41145856138637
"46105",4.6,4.1823607136341
"46107",4.1,4.09018136014048
"46109",5,4.6116327964111
"46111",3.9,3.65448524785478
"46115",4.2,3.71219358358116
"46117",3.4,3.40526368979593
"46119",3.9,3.90264955541235
"46121",6.2,5.61435070497085
"46123",5,4.26832407422747
"46125",3.6,3.38102532600824
"46127",3.2,2.96061357005512
"46129",4.2,3.91692926781714
"46135",3.6,3.33249698712181
"46137",5.5,5.12144211577165
"47001",3.9,3.68552312662106
"47003",3.7,3.45478655451621
"47005",5,4.63334232690585
"47007",5.2,4.5415587031568
"47009",3.7,3.46450042558581
"47011",3.7,3.52067051700565
"47013",4.7,4.29827106490861
"47015",4.2,3.84044372196583
"47017",4.4,4.14827625772602
"47019",4.6,4.04891286651214
"47021",3.3,3.17193741347307
"47023",3.9,3.84612557167609
"47025",4.3,4.06649767748647
"47027",5.4,5.02308971858502
"47029",5.1,4.53159651212165
"47031",4,3.69286711479699
"47033",4.4,4.37812488604347
"47035",5.3,4.81428983875379
"47037",2.9,2.89083715928616
"47039",5.3,4.72115669720134
"47041",4.5,4.14016761538224
"47043",3.5,3.4048001551678
"47045",4.2,4.00532677940356
"47047",4.3,4.3265919924316
"47049",5.1,4.6242932346507
"47051",3.9,3.85317288390787
"47053",4.2,3.93735275007183
"47055",4.4,4.16792111985984
"47057",4.5,4.20078994602286
"47059",4.4,4.11155649307216
"47061",5,4.35296716981309
"47063",4.3,3.80401762320689
"47065",3.6,3.39527978801163
"47067",6.3,5.24357626029932
"47069",4.9,4.78105956605199
"47071",5.1,4.6675420148543
"47073",4.6,4.17776304396871
"47075",5.9,5.57384638436876
"47077",4.4,4.08087687490153
"47079",5,4.59093923622678
"47081",4.1,3.84787832601763
"47083",4.2,4.11475671025409
"47085",4.3,4.08577406554344
"47087",5,4.67989219711903
"47089",4,3.69409954618575
"47091",5.1,4.57326033762996
"47093",3.2,2.80642557018883
"47095",5.6,4.71470271405096
"47097",4.9,4.56795908541319
"47099",4.3,3.87471205354445
"47101",4.4,4.18473138845231
"47103",4.2,3.89337105202022
"47105",4.3,4.12460072737409
"47107",4.2,3.94898807370511
"47109",4.7,4.34392107616419
"47111",4.1,3.70124458267366
"47113",4.3,4.39958030169639
"47115",4.7,4.13984439510677
"47117",3.7,3.5586048324911
"47119",3.4,3.39501526867449
"47121",4.7,4.2558575207415
"47123",4.7,4.25608070936659
"47125",2.7,2.80162501804413
"47127",4.2,3.8993635896571
"47129",4.3,4.04184884150358
"47131",4.7,4.35840131921688
"47133",4.6,4.22364901232495
"47135",4.9,4.5640675041984
"47137",5.9,5.34665371971433
"47139",4.3,4.05759394549626
"47141",3.5,3.46326031035352
"47143",4.4,3.94412852066199
"47145",4.4,3.9847271966591
"47147",3.4,3.2545395430733
"47149",2.7,2.58534507086132
"47151",4.9,4.35457879910678
"47153",4.9,4.37005993528056
"47155",4.1,3.76910533127396
"47157",4.2,4.14428516447388
"47159",3.8,3.58800788560688
"47161",4,4.03969753050432
"47163",4.2,3.73361084117036
"47165",3.3,3.06390801849399
"47167",3.8,3.59456094285244
"47169",3.2,2.83625682692406
"47171",4.8,4.08829578916792
"47173",4.2,3.87715659256014
"47175",4.7,4.33471275232491
"47177",4.2,3.86016544331919
"47179",3.6,3.260687823263
"47181",4.6,4.12931935813882
"47183",4,3.91263147619633
"47185",4.6,4.10801123543096
"47187",2.5,2.18038218948688
"47189",3,2.90598244479891
"48001",3.9,4.06939603544479
"48003",3.1,3.10471627949656
"48005",4.2,4.05557147439195
"48007",4.6,4.46112170786069
"48009",3.8,3.77146120506833
"48011",3.7,4.0255943763939
"48013",3.5,3.74822365969519
"48015",4.2,4.1167391674991
"48017",3.8,3.97667727956897
"48019",4.5,4.69870349708109
"48021",3.5,3.62868278940691
"48023",4.6,4.38600606041652
"48025",3.2,3.46956562414369
"48027",3.2,3.22073545921867
"48029",3,2.97750488611873
"48031",3.7,3.95647384825318
"48033",3.9,2.94125443089405
"48035",4.3,4.25126924751452
"48037",4.1,4.01952584490555
"48039",2.9,2.9926518234284
"48041",2.6,2.87564216042127
"48043",3.3,3.7033500454658
"48045",5.2,4.56074982391777
"48047",4.4,4.50340360854009
"48049",4.1,3.83567352580149
"48051",4,4.24080096018381
"48053",3.9,3.72550491174739
"48055",3.6,3.68572618839498
"48057",3.8,3.70779815007524
"48059",3.9,3.69891645972803
"48061",3.9,3.78135798292615
"48063",4.7,4.61745304753507
"48065",3.4,3.67474711128633
"48067",4.9,4.54987284575844
"48069",3.8,3.82315449218828
"48071",2.9,3.2039815699832
"48073",4.3,4.26157463537021
"48075",3.4,3.60959025893185
"48077",4,3.82740401678948
"48079",4.9,4.6643402410003
"48081",4.9,4.45389702886832
"48083",4.6,4.28548094216757
"48085",2.3,2.44477020126531
"48087",4.4,4.75865301057105
"48089",4.2,4.15113500445513
"48091",3,3.00560968182381
"48093",4.3,4.20214644646483
"48095",4,4.04950275150457
"48097",3.8,3.80382668135772
"48099",2.8,3.16221717196709
"48101",5.5,4.76980827426498
"48103",3.5,3.25215561222184
"48105",4.1,3.42820182061071
"48107",4.5,4.58070839375729
"48109",4.7,5.05340123412082
"48111",3.6,3.47848953845882
"48113",3.2,3.50104510614866
"48115",3.9,3.41748908529985
"48117",3.9,3.7786336779766
"48119",4.1,4.15446749456548
"48121",2.4,2.47354309731705
"48123",4.4,4.13775011825822
"48125",5,4.35509757621145
"48127",5.5,4.91292332568162
"48129",4.4,4.39286907485474
"48131",4.3,4.3973803333135
"48133",4.3,3.94864442494567
"48135",3,3.09299036184682
"48137",5.3,4.49781723308011
"48139",3,3.1471399055729
"48141",3.2,3.71697769494728
"48143",3.1,3.1349155729711
"48145",4.7,4.40938380193083
"48147",3.9,3.77264495637126
"48149",4.1,4.15319542338284
"48151",4.1,3.99785250346939
"48153",4.4,4.14461653341109
"48155",5.7,5.42105417084889
"48157",2.7,2.75174513177207
"48159",3.8,3.96401715333462
"48161",4.4,4.36249248538678
"48163",3.4,3.45177027226705
"48165",3.1,3.25389817746275
"48167",3.3,3.19735115817454
"48169",3.8,3.30618020724565
"48171",4.1,4.08930179690431
"48173",2.8,3.19139906029228
"48175",4.4,4.3321037713195
"48177",4.3,4.17670419917638
"48179",3.9,3.70312462716131
"48181",3.6,3.59545330960007
"48183",3.9,3.98417537452757
"48185",4.1,4.00467610387469
"48187",3,3.00679661032908
"48189",3.8,3.72366714245709
"48191",5.1,4.78329578512825
"48193",4.6,4.24055629038461
"48195",3.6,3.10077511420152
"48197",4.5,4.37686558525597
"48199",3.7,3.55126254294364
"48201",3.3,3.32488079842116
"48203",4.1,4.13868345772362
"48205",3.3,3.22189330739493
"48207",4.3,3.83953098615092
"48209",2.5,2.64855117945014
"48211",3.3,3.25153783827293
"48213",4.4,4.25518810600733
"48215",3.6,3.66951043735141
"48217",4.1,4.09199193007282
"48219",3.6,3.51921517815883
"48221",3.7,3.66815742617244
"48223",4,3.76776092632764
"48225",5.1,4.76295948286679
"48227",3.4,3.20267559287333
"48229",3.3,4.00566183499633
"48231",3.5,3.61181321968428
"48233",3.7,3.6764088121954
"48235",3.7,3.79833080908634
"48237",4,3.68588791700478
"48239",4.2,4.08106555479818
"48241",5,4.8238852807301
"48243",6.1,6.25649754581019
"48245",4.3,4.27766104485947
"48247",5.3,3.47489490296209
"48249",4,3.90273514568502
"48251",3.2,3.25314877069681
"48253",3.6,3.74255149308174
"48255",3.5,3.77178058405846
"48257",2.9,3.24443863493294
"48259",3.1,2.93725004147818
"48261",4.4,6.71532819581293
"48263",4,4.25138699685563
"48265",4.4,4.13770998026351
"48267",5,4.55568830996274
"48269",5.3,3.73909128158927
"48271",4.3,4.09208700822636
"48273",3.2,3.83220664514644
"48275",4.4,4.21025035968912
"48277",4.3,4.12118189041305
"48279",4.2,4.00598521848591
"48281",3.9,3.76190663485209
"48283",3.8,4.49923211527375
"48285",4.4,4.17791003354767
"48287",4.4,4.0763282544193
"48289",4.6,4.5293365046973
"48291",3.7,3.79299729255101
"48293",4.7,4.56393668901798
"48295",4.1,4.04670700424974
"48297",4.4,4.30404457494724
"48299",4.9,4.72368793437291
"48301",NA,7.51799778997511
"48303",3,3.07186878260551
"48305",4,3.61732032337634
"48307",4.4,4.03462296139462
"48309",3.5,3.55199890816073
"48311",4.9,3.82144711291214
"48313",3.8,3.89203475444564
"48315",5.6,5.33162383488266
"48317",3,3.05652807955877
"48319",4.3,4.05453592756108
"48321",4.3,4.23954099393181
"48323",3.6,3.48555078550968
"48325",3.4,3.52113685017263
"48327",5.2,5.0293413581268
"48329",2.6,2.68690035606371
"48331",4.3,4.20762171412751
"48333",4.3,4.24054559455407
"48335",3.5,3.34454080572578
"48337",4.1,3.990170848203
"48339",2.9,2.74015119778058
"48341",3.6,3.58711705662076
"48343",4.8,4.81151321369806
"48345",4.5,4.32841292744311
"48347",3.8,3.95523319965083
"48349",4.2,4.19951535838061
"48351",6,5.3109936111294
"48353",4.6,4.02266655580752
"48355",3.5,3.53577790564488
"48357",3.6,3.45875783635473
"48359",3.6,3.25309313230291
"48361",3.6,3.57982071690212
"48363",4.2,3.97521956776005
"48365",4.2,4.2117951010698
"48367",3.1,3.05087912577283
"48369",3.6,3.58050498657193
"48371",3.7,3.79194350237289
"48373",4.3,4.30236121857379
"48375",4.1,3.7821316599654
"48377",5.5,5.21003094549353
"48379",4.3,4.20759153846689
"48381",3,2.87728447580717
"48383",3.2,2.77561021385508
"48385",5.4,5.45557489616737
"48387",5.3,5.04377378355393
"48389",3.8,3.51835037077891
"48391",4.6,4.5617128634768
"48393",3.5,3.34722995733168
"48395",4.5,4.42567506392996
"48397",2.5,2.44611609257174
"48399",4.1,3.69376094780128
"48401",4,4.07292548459314
"48403",5.4,5.13453307960505
"48405",6.8,5.90149338192296
"48407",4.8,4.54771511279448
"48409",3.6,3.51449795623002
"48411",4.2,3.96269152984564
"48413",3.8,3.85618549882281
"48415",3.6,3.23909790209343
"48417",3.6,3.55266389506233
"48419",4.8,4.6731938861082
"48421",3.3,3.53096525866914
"48423",3.7,3.66830662702395
"48425",3.5,3.64477764434083
"48427",4.2,4.04374029029795
"48429",4,3.78047054526518
"48431",2.7,3.05928377062729
"48433",4.9,4.3748013276222
"48435",4.2,3.34142144085866
"48437",4.4,4.15416105099487
"48439",3,3.12508868998223
"48441",3.1,3.04480078000051
"48443",3.7,4.85069482984023
"48445",4.2,3.91514457495764
"48447",4.9,4.0371567949883
"48449",4.2,4.21422884548911
"48451",3.4,3.18150171092251
"48453",2.2,2.16847267306783
"48455",5,5.02708959973571
"48457",4.8,4.7067962126487
"48459",4.2,3.88646858772557
"48461",4.2,4.13742398029816
"48463",3.7,3.74044484872728
"48465",3.4,3.33040241215454
"48467",4,3.83408640029293
"48469",3.7,3.75713583273417
"48471",3.6,3.63574907699936
"48473",2.9,3.47730823002828
"48475",3.5,3.36080000789889
"48477",3.8,3.98708590189919
"48479",3.2,3.19481351260916
"48481",4,3.98380981451918
"48483",4.3,4.21329421712175
"48485",3.4,3.29230920842844
"48487",4.7,4.11113510854053
"48489",4.2,3.97439480584889
"48491",2.4,2.39207748501718
"48493",3.3,3.48831773107181
"48495",3.3,3.1955882295278
"48497",3.4,3.45959950849319
"48499",4.5,4.60059052770055
"48501",3.2,3.25418950242508
"48503",3.9,3.76664375396577
"48505",4.6,4.35541798165162
"48507",4.9,4.43901211570689
"49001",3,3.26940046849302
"49003",2.9,2.76722222099352
"49005",2.4,2.25700835987088
"49007",3.9,3.53937371636764
"49009",4.4,3.69847975578185
"49011",2.4,2.20216932027607
"49013",3.4,3.27954570822427
"49015",3.5,3.43884934321066
"49017",3.7,3.64361626334984
"49019",3.6,3.43695700059088
"49021",3,2.81022996021942
"49023",2.8,2.86364168549758
"49025",3.7,3.56655326263189
"49027",3.6,3.43963760159037
"49029",2.5,2.32308010210422
"49031",5.2,4.34093277633935
"49033",3.7,3.61374827838578
"49035",2.5,2.54581760558894
"49037",4.7,4.4420316034597
"49039",3.3,3.24654557253878
"49041",3.3,3.2353163067892
"49043",2.5,2.18043470757798
"49045",2.4,2.45413923087785
"49047",3.2,3.21399145778905
"49049",2,2.0116262980743
"49051",2.6,2.31308059729164
"49053",3.5,3.40783190459198
"49055",4.2,3.7348950591467
"49057",2.6,2.65983289815291
"50001",3.2,3.11093566670682
"50003",3.7,3.38798504235
"50005",3.7,3.50717343925085
"50007",2.6,2.36319253155732
"50009",4.9,4.1798094759027
"50011",3.4,3.10093057637122
"50013",3.4,3.1319113127977
"50015",3.1,2.78239819407843
"50017",3.6,3.37415125506279
"50019",4,3.61835794763687
"50021",3.8,3.57804821749234
"50023",3.2,2.93113031413322
"50025",3.7,3.43393029110781
"50027",3.6,3.38760708915551
"51001",5.3,4.86377127485741
"51003",2.9,2.64260134886099
"51005",4.6,4.44060983040917
"51007",4.8,4.27788756426907
"51009",4.4,4.15815906869975
"51011",4.3,4.20032526025184
"51013",1.9,1.82385429098257
"51015",3.8,3.75624826662047
"51017",5.8,4.97281027890886
"51019",3.8,3.57027995135147
"51021",4.1,4.39950723968223
"51023",3.7,3.70039759613684
"51025",5.4,5.04105725027457
"51027",5.4,5.03393717384986
"51029",4.8,4.48947701086452
"51031",4.1,3.86832000013464
"51033",3.9,3.85312227704866
"51035",4.9,4.6073697016153
"51036",5.6,5.36066506477144
"51037",5.6,4.73322398132713
"51041",3.1,3.02802719795927
"51043",3.5,3.49075877817995
"51045",4.3,4.13263847418543
"51047",3.5,3.53460295197819
"51049",4.7,4.55542085894894
"51051",5.3,4.96167660923162
"51053",4.1,4.05543417112272
"51057",5.2,4.96347694631154
"51059",2.5,2.48832120524023
"51061",3.1,2.97686143910187
"51063",4.1,4.00211814312388
"51065",3.5,3.58837432312163
"51067",4.4,4.17653693812881
"51069",3.4,3.29857919206592
"51071",4.1,3.93709609908345
"51073",3.6,3.45934767592984
"51075",3.4,3.37132451236881
"51077",5.3,4.82221281856665
"51079",3.6,3.59297633913387
"51081",4.8,4.26156224938642
"51083",5.9,5.21542055070854
"51085",3.2,2.87135523908991
"51087",3.3,3.25301637275348
"51089",5.4,4.89202207379653
"51091",4.6,4.46524481953063
"51093",3.8,3.55443686882653
"51095",3.5,3.39572306850562
"51097",4.9,4.70969280663249
"51099",3.2,3.01920995511919
"51101",3.4,3.45900121623288
"51103",5.6,5.5266823896763
"51105",5.2,4.92825795952786
"51107",2.2,2.10571626007939
"51109",4,3.83283774726341
"51111",5.5,5.04456925777864
"51113",4,3.90474218555461
"51115",4.6,4.48368260349895
"51117",5.4,5.11125148546748
"51119",5,4.74277455728989
"51121",2.7,2.49968753056573
"51125",4.6,4.37321229394993
"51127",3.2,3.22820968947
"51131",5.4,5.06762841422476
"51133",5,5.34129238133018
"51135",4.7,4.36327898587325
"51137",3.7,3.64468420606157
"51139",4.2,4.00725985206884
"51141",5.1,4.69266579242815
"51143",5.2,4.76615505054222
"51145",3.4,3.13385848010423
"51147",3.9,4.00308635328355
"51149",3.1,3.25508861835223
"51153",2.7,2.73671336213413
"51155",4.2,4.03612842455217
"51157",4.4,3.97047567317206
"51159",4.5,4.15227474909825
"51161",3.4,3.17198443056454
"51163",4.2,3.97205869444682
"51165",3.6,3.49813005708047
"51167",4.8,4.61746990256086
"51169",5,4.71814825834121
"51171",4.2,3.97481121960912
"51173",4.7,4.33566168484533
"51175",4.5,4.33142336588891
"51177",3.2,3.15824300958303
"51179",2.7,2.64811389692838
"51181",5,4.76317108090324
"51183",4.6,4.57173521673535
"51185",4.7,4.55994858083422
"51187",3.5,3.39541314961126
"51191",4.1,3.84894132769853
"51193",5.5,4.84034517718538
"51195",4.4,4.19061296715275
"51197",4.3,4.18282514718833
"51199",2.9,2.63792084940304
"51510",2.4,2.34408268804293
"51520",4.5,4.12143210211613
"51530",3.9,3.73183736916608
"51540",2.8,2.45663840731405
"51550",3.2,3.12289066838952
"51570",3.4,3.54986262742445
"51580",5,4.60520705151741
"51590",5.8,5.25745807306286
"51595",5.9,5.21409716953278
"51600",2.5,2.544897039203
"51610",2.2,1.81650131450333
"51620",5.2,4.57354765135826
"51630",2.7,2.81794271848126
"51640",4.7,4.48085172612665
"51650",4.1,4.11018137707686
"51660",2.7,2.98760989332326
"51670",5.1,4.5879241324778
"51678",2.3,2.00975697351181
"51680",3.2,3.2135987965662
"51683",2.7,2.85669914155819
"51685",3,3.11372329945662
"51690",5.3,4.53943338904546
"51700",3.6,3.80580019349339
"51710",3.4,3.5627101566734
"51720",4.4,4.4339255075595
"51730",5.4,5.1280720017981
"51735",3.1,2.54361073950671
"51740",4.3,4.30871171942142
"51750",2.6,2.95012874907809
"51760",3.5,3.49923842469034
"51770",4.3,3.90289512532079
"51775",3.4,3.30607661511527
"51790",3.7,3.46554993629874
"51800",3.6,3.62145865447041
"51810",3.1,2.9733538888615
"51820",3.8,3.49950842696763
"51830",2.7,3.01532074185261
"51840",3.9,3.47288586219152
"53001",3.8,3.77692885455846
"53003",4.3,3.81806238618159
"53005",3.1,2.93489285013422
"53007",3.5,3.48168121751192
"53009",4.4,4.2022458658005
"53011",3,2.88058199386375
"53013",4.2,4.17979626953476
"53015",3.8,3.65886954923641
"53017",3.5,3.55160302471056
"53019",5.2,4.81608743697537
"53021",3,3.15371676936802
"53023",3.9,4.22273853815307
"53025",3.5,3.61833930004505
"53027",4.2,3.9891655849882
"53029",3.5,3.5622566389666
"53031",4.4,4.53580000520139
"53033",2.3,2.16697998638322
"53035",3.1,2.97837781740005
"53037",3.2,3.04698051477674
"53039",4,3.792723236729
"53041",3.9,3.80728666870245
"53043",4.1,4.00010208539255
"53045",4,3.97933344720934
"53047",4.5,4.30429849661111
"53049",4.7,4.59075144009021
"53051",4.5,4.3137648298515
"53053",3,2.88052786006425
"53055",3.9,3.99886042864683
"53057",3.6,3.56691846095102
"53059",3.8,3.68973961425987
"53061",2.7,2.68122052652435
"53063",3.2,2.96897797263493
"53065",4.4,4.07243844026826
"53067",3.1,2.97794194997455
"53069",5.1,4.72580574135143
"53071",3.4,3.330946635382
"53073",3,3.03051227382556
"53075",2.5,2.43009470571288
"53077",3.6,3.59998808375033
"54001",4.5,4.53893748157583
"54003",3.4,3.248485220525
"54005",4.6,4.54045809868148
"54007",5.4,4.85704683640085
"54009",4.1,4.09866568603851
"54011",3.9,3.50275215824707
"54013",6,5.46436072061465
"54015",5.2,4.82605797750212
"54017",4.4,4.21733442422828
"54019",4.7,4.3491606324121
"54021",4.1,3.53465741381705
"54023",4.6,4.22960144064121
"54025",4.8,4.35440893399133
"54027",4.5,4.24223666170294
"54029",4.4,4.22320904057898
"54031",5,4.34081268712183
"54033",4,3.53616786875351
"54035",4.4,4.1064661803525
"54037",3.3,3.18701120413378
"54039",4.2,3.72074435152768
"54041",4.4,4.24709031685125
"54043",5.1,4.82022263126719
"54045",5,4.6213264557053
"54047",6.1,5.34597064635361
"54049",3.7,3.5542654902509
"54051",4.4,4.10483125756441
"54053",4.7,4.41327377895314
"54055",4.7,4.25919645349491
"54057",4,3.95844542557865
"54059",5.7,5.20662863600362
"54061",2.7,2.46603070235686
"54063",4.9,4.53496230488197
"54065",4.4,4.23210020672101
"54067",4.6,4.34161118325478
"54069",3.9,3.67302716249842
"54071",5.1,4.59951742038504
"54073",3.9,3.57788884203234
"54075",5.4,4.73774504755415
"54077",4.1,3.97025617894968
"54079",3.6,3.20677597856655
"54081",4.7,4.23571433031413
"54083",4.3,4.000273323315
"54085",5,4.75220465947888
"54087",5.3,4.61372752290965
"54089",5.4,4.91691447449683
"54091",4.3,3.97327753670947
"54093",4.6,4.38876393509182
"54095",4.7,4.52611759643423
"54097",4.4,4.17838848463229
"54099",4.6,4.26463166478255
"54101",5.5,4.90773813977262
"54103",4.6,4.31928529178107
"54105",4.9,4.45842747277505
"54107",4.2,3.76448329906124
"54109",5.1,4.83208067693203
"55001",5,4.74290506397784
"55003",4.3,3.82367062369097
"55005",4.1,3.77990659956327
"55007",4.3,4.06243213161211
"55009",3.1,2.95812266393294
"55011",3.9,3.70912349905484
"55013",4.9,4.56699159362973
"55015",3,2.76199374203397
"55017",3.6,3.3473052530834
"55019",4.1,3.79678143044244
"55021",3.4,3.23771828036839
"55023",4.4,4.10097558120986
"55025",2.4,2.35130842731677
"55027",3.5,3.2986594974575
"55029",4.1,4.10583955398439
"55031",3.5,3.36502371214409
"55033",3,2.9754446196635
"55035",2.9,2.91871882704928
"55037",4.3,4.13226516299835
"55039",3.5,3.40008671225304
"55041",5,4.40119464713966
"55043",3.5,3.29968826967364
"55045",3.5,3.26148869209527
"55047",4.3,3.89550214340022
"55049",3.4,3.20953520607262
"55051",4.7,4.52524777579471
"55053",4.1,3.77923248474725
"55055",3.2,3.14198868333902
"55057",4.3,3.85137346274491
"55059",3.2,3.06544785620414
"55061",3.7,3.57048033597896
"55063",3,2.95519523067969
"55065",3.9,3.60649041066628
"55067",4.5,4.16948134757784
"55069",4.1,3.82879893696545
"55071",3.8,3.67289514168882
"55073",3.4,3.26369065703542
"55075",4.2,3.94038603209357
"55077",4.6,4.19849584599177
"55078",5,4.30424910320845
"55079",3.6,3.35002575014403
"55081",3.9,3.42645779825133
"55083",3.9,3.66791132422136
"55085",4.1,3.89617138376238
"55087",3,2.81269359924908
"55089",3,2.77618159914942
"55091",3.8,3.799262191051
"55093",2.9,2.81769099041884
"55095",3.8,3.58387538056762
"55097",3.1,3.0018172549781
"55099",4.7,4.33599643070305
"55101",3.5,3.36845750116175
"55103",4.4,4.06024029381452
"55105",3.4,3.28354575986816
"55107",4.7,4.15441027856732
"55109",2.9,2.56490405610658
"55111",3.5,3.36315725458317
"55113",4.8,4.27810297815238
"55115",4.1,3.8289485065398
"55117",3.4,3.27631088540955
"55119",4.1,3.67999409908016
"55121",3.7,3.45290931154777
"55123",4.1,3.7145267310306
"55125",4.4,4.28012865439018
"55127",3.3,3.25955588152889
"55129",4.5,4.11766365947426
"55131",3.2,2.97504532136375
"55133",2.9,2.80785489548315
"55135",3.8,3.6121768625588
"55137",4.4,4.1969055788508
"55139",3.2,3.06535264373921
"55141",3.9,3.63584013067996
"56001",2.4,2.38146722851537
"56003",4,4.0110911267189
"56005",2.9,2.90116903971725
"56007",3.8,3.60123155236824
"56009",3.6,3.36825465135557
"56011",3.6,3.69522119633085
"56013",3.9,3.92282504177494
"56015",3.9,3.80475821983179
"56017",4.8,4.06841815856123
"56019",4.3,3.95552131610211
"56021",3.1,3.13121006684589
"56023",3.5,3.46014323686721
"56025",3.2,3.08129736322967
"56027",4.4,4.54878599133554
"56029",3.7,3.59295529602718
"56031",4.4,4.32198672756134
"56033",3.5,3.39306922678962
"56035",3.6,3.75950011954444
"56037",3.2,3.22746753669633
"56039",2.4,2.53270822802579
"56041",3.3,3.2247876789832
"56043",4.3,3.94586585842769
"56045",3.9,3.98738994637537
