"county_fips","per_diabet","pred_outcome"
"01001",13,11.8755491307476
"01003",13.1,12.5016639123571
"01005",18.9,18.5700868281437
"01007",15.1,14.3643691527371
"01009",14,13.362002609437
"01011",22.4,19.7747387028938
"01013",18.2,18.8259077334811
"01015",14.5,14.6847059982708
"01017",18.2,17.2078556295892
"01019",15.2,14.8800930761922
"01021",13.7,13.6177774303228
"01023",20.3,18.9126411209621
"01025",18.5,18.4948697886268
"01027",16.6,15.6077162380996
"01029",15.4,13.2782921848604
"01031",13.6,13.643642745794
"01033",14.6,15.0404889949296
"01035",20.4,19.3833520716819
"01037",18.1,17.3531512772877
"01039",14.6,15.2907750121752
"01041",15.8,15.5050027748363
"01043",14.1,13.0907874937976
"01045",15.6,14.4048764339045
"01047",21.4,20.6207053848481
"01049",16.4,14.3908626464993
"01051",12.9,12.4261975913535
"01053",17.6,16.6241702917127
"01055",15.4,14.5495393886123
"01057",16.6,15.9964575123749
"01059",15.8,14.2775865988853
"01061",15.9,15.3585634864943
"01063",24.9,23.8207369328572
"01065",19.3,19.4243479585683
"01067",17.8,16.1186451697753
"01069",15.3,14.5774248621331
"01071",15.6,14.7220491049429
"01073",14.3,14.2572539508188
"01075",15.7,15.485619384205
"01077",12.7,13.809269025004
"01079",16.1,14.8041340705095
"01081",11.5,10.8138075490751
"01083",12.8,12.1393765123946
"01085",22.7,20.7960940564954
"01087",20.2,21.0968327637765
"01089",12.1,11.5989736949529
"01091",19.1,17.9456418596767
"01093",15.9,14.7841934362269
"01095",13.3,13.2617353329692
"01097",15.4,14.8927116769392
"01099",19,18.3915353711538
"01101",17.1,15.921890452149
"01103",15.3,13.5387418081117
"01105",22,21.8345452340798
"01107",17.2,17.3260686138083
"01109",13.1,14.7513164310162
"01111",16.2,15.5543317343656
"01113",17.5,16.3096706645947
"01115",12.6,12.5799207791798
"01117",10.9,9.927677684383
"01119",18.7,20.3829546148052
"01121",16.9,15.9651231757801
"01123",16.9,16.5090134464559
"01125",12.2,12.4776926085464
"01127",15.8,14.2256163068428
"01129",17.4,16.027800749812
"01131",23.1,21.6752124797131
"01133",15.5,15.0609545310814
"04001",20.1,18.1895499537967
"04003",13.9,12.6998942741791
"04005",9.9,10.8460593367875
"04007",16.5,15.7690441269727
"04009",12.9,12.8105000562206
"04011",12,10.8232860766838
"04012",19.7,18.2987168855403
"04013",11.4,10.1581343396883
"04015",15.7,15.0049397724422
"04017",16,16.0149389682286
"04019",11.7,11.5698444310135
"04021",14,12.0671793077526
"04023",16.9,14.3125496279063
"04025",13.8,13.4533147581106
"04027",15.5,13.9300877627415
"05001",17.2,14.9266826100841
"05003",18.6,16.9782755264413
"05005",16.8,15.3542768132575
"05007",11.4,9.71946611026999
"05009",13.9,12.9794470820792
"05011",18.1,15.9368902570326
"05013",16,14.6808587968171
"05015",16.5,14.3093702038926
"05017",22,19.5370540280345
"05019",14.1,13.2001103630187
"05021",15.9,14.4047949935013
"05023",16,14.4874150871378
"05025",17.2,13.5163674601284
"05027",15.1,15.1867609180234
"05029",16.8,13.9814255257699
"05031",12.7,11.9024451962198
"05033",14.7,12.7138918168805
"05035",17.4,16.4626285367029
"05037",16.8,14.9517615139904
"05039",19.1,17.1200725193003
"05041",21.5,18.8106693746659
"05043",15.3,13.9098036225881
"05045",11.8,10.1294025826428
"05047",15.8,14.3549936538674
"05049",19.1,15.1825272463758
"05051",15.3,13.7745862697628
"05053",13.2,11.4973700369981
"05055",14.3,12.5362089097501
"05057",17.5,16.4766718998059
"05059",15.6,13.7187933601795
"05061",15.6,15.2121817594979
"05063",14.8,13.4584438404649
"05065",15.4,14.8013068742956
"05067",16.1,14.9753422507266
"05069",17.3,16.5916972966414
"05071",16.3,13.6849275236947
"05073",21.2,18.2753541180674
"05075",15.6,13.529255889821
"05077",20,19.1080511843773
"05079",15.1,13.6637690994273
"05081",15.8,14.0874029638735
"05083",15.7,13.3003858591232
"05085",13.1,10.6004626480208
"05087",15.4,14.6032159568554
"05089",18.2,15.7657135511504
"05091",15.9,14.57899041907
"05093",17.6,15.5969679734689
"05095",20.7,18.869297993537
"05097",18.2,15.4571924524344
"05099",18.8,17.8095431042348
"05101",16.7,14.3572123416286
"05103",18.1,16.6906041561611
"05105",15.5,13.067706974304
"05107",22.2,20.1531645919473
"05109",15.3,13.5366686081125
"05111",16.6,14.6863245108628
"05113",16.3,14.2286746423692
"05115",13.9,11.976248934422
"05117",16,13.8600066388886
"05119",14.1,12.7363578729099
"05121",15.7,13.7557909370382
"05123",18.8,18.2331321524982
"05125",12.6,10.4214384739657
"05127",16.7,14.3486043016382
"05129",19,16.3392243713054
"05131",15.1,12.8294939886165
"05133",15.9,15.2572097579851
"05135",16.2,15.184857269985
"05137",18.1,16.3260406447931
"05139",16.3,14.9039825179406
"05141",18.4,15.4794263007886
"05143",11.3,10.3792975300533
"05145",14.4,12.1476767122682
"05147",19,16.4889062458375
"05149",16.3,13.1257491232487
"06001",9.9,10.3672145849865
"06003",11.7,11.4877208038267
"06005",12.4,12.7115569707797
"06007",10.6,11.3199062408805
"06009",13.4,13.8095795818073
"06011",12.9,13.2194889216321
"06013",11.2,10.6792452835782
"06015",13.5,12.5795994515482
"06017",10.3,10.4639186333815
"06019",13.1,12.8612302300127
"06021",12.6,13.3230323975335
"06023",10.7,11.5265078618325
"06025",15.4,14.3402352067586
"06027",12,12.5851843841234
"06029",12.8,12.7333392984048
"06031",12.1,12.3836669580391
"06033",12.6,13.6186707719893
"06035",11.2,11.7102529909199
"06037",12.3,12.0529884860979
"06039",13.5,14.0820841101626
"06041",9.8,8.48047411599958
"06043",14.2,13.4649146263698
"06045",12.6,13.2457914351013
"06047",13.3,13.907597887401
"06049",14.1,14.0044436979747
"06051",10.3,10.2291834386903
"06053",11.9,12.8169889559555
"06055",11.6,11.07608097576
"06057",12.6,11.2708661960086
"06059",11.1,10.4041506349883
"06061",10.6,9.85745441756463
"06063",12.8,13.282272379891
"06065",11.3,12.3181447685464
"06067",11.4,11.7013316970309
"06069",10.9,12.2249289300928
"06071",12.5,12.5837953359206
"06073",9.9,10.004504520304
"06075",9.9,9.10210604112892
"06077",12.1,13.1609432545481
"06079",9.6,10.6638236412764
"06081",10.3,9.85247017992297
"06083",10.4,11.1531025943387
"06085",10.7,9.41884732978583
"06087",10,10.2449142172199
"06089",11.7,12.1499105272639
"06091",13.6,14.2400170335163
"06093",13.4,13.5371963148883
"06095",12.5,12.362646799063
"06097",10.3,11.0293511400903
"06099",11.3,12.6931820366132
"06101",12.9,12.8749143520757
"06103",12.2,13.1564417006776
"06105",14.6,14.6988547339723
"06107",13.1,13.4324404304399
"06109",11.9,12.6637348666102
"06111",11.5,10.7868109194978
"06113",9.7,10.1398705102999
"06115",11.2,12.3809580593402
"08001",9.6,10.1448969487706
"08003",10.4,12.0236306095965
"08005",8.2,8.89025641212048
"08007",10.9,11.476864463072
"08009",12.9,13.6739203836223
"08011",12.9,13.1168998511657
"08013",6.7,6.3890185354085
"08014",7,6.29847341951614
"08015",10.6,10.2648451360278
"08017",10.2,12.2641509854819
"08019",8.5,8.37315062684927
"08021",13.8,13.5447979925102
"08023",17.7,16.1215081739584
"08025",11.3,12.4157779144585
"08027",12.5,11.914763742115
"08029",11.6,12.7603688763887
"08031",7.2,7.8021500528039
"08033",10.3,15.0929585431739
"08035",6.9,5.47185441702031
"08037",7.8,7.31161313841303
"08039",9.1,9.51376957734139
"08041",8.3,8.98549502980701
"08043",11.2,11.2746777058915
"08045",8.4,9.49058263822466
"08047",9.5,8.61648690827378
"08049",8.5,9.79802774414959
"08051",6.4,6.49046599204218
"08053",10.7,11.8719952562278
"08055",13.9,14.39564778781
"08057",12.9,13.3184089175833
"08059",8.2,7.63757880587327
"08061",12.1,13.3927818836011
"08063",10.7,12.7101404694557
"08065",7.9,9.08150344521025
"08067",8.2,9.29904791660302
"08069",6.9,7.73484205887919
"08071",13.7,15.5351268741976
"08073",10.3,10.4471425345645
"08075",10.4,11.2506797096512
"08077",9.4,10.3954032798298
"08079",10.6,9.38049483614185
"08081",10.3,10.6701467417379
"08083",11.6,12.2960245969306
"08085",11,11.9789665457308
"08087",9.9,11.8430954675883
"08089",14.5,14.7384826220696
"08091",10.2,10.9637864272565
"08093",9.5,9.9515146284197
"08095",11.6,11.7954669672879
"08097",7.5,6.89664219993299
"08099",11.9,13.6792892658159
"08101",11.7,12.5470789942744
"08103",9.2,11.0968250685251
"08105",10.9,11.6460678866757
"08107",8.1,7.8168091581085
"08109",14.4,13.7260614117894
"08111",10.1,11.336653188805
"08113",8.3,6.63789289274418
"08115",13.9,12.7817849447741
"08117",7.8,6.88993869745306
"08119",9.9,10.2306105705824
"08121",10.2,11.1493530139906
"08123",8.8,9.33078996893019
"08125",10.7,12.1268999362567
"10001",12.8,12.8135986458379
"10003",13.1,11.4623377852135
"10005",14.2,13.7202231080347
"11001",7.9,10.1698184220469
"12001",10.1,10.1498412629502
"12003",11.8,13.1245778585366
"12005",11.6,12.1829847211588
"12007",14.1,14.9323748453382
"12009",12.6,12.7513262195412
"12011",14.1,12.7144481911513
"12013",14.1,14.7580846269696
"12015",15.3,18.5165946490622
"12017",15.2,18.4207467065132
"12019",11.5,11.5082804825183
"12021",13.5,14.9668587703248
"12023",14.2,15.0069540386185
"12027",17.5,17.387560565557
"12029",15.7,16.4454847684628
"12031",12.7,12.194280776261
"12033",12.2,13.5111508801597
"12035",14.5,15.4955659672257
"12037",14.2,15.8657253243931
"12039",16.9,18.7015936481803
"12041",13,13.8911211967171
"12043",17.5,18.4688732041286
"12045",13.5,14.0718512205669
"12047",16.2,17.6322447504735
"12049",15.5,16.11215484785
"12051",15.6,15.1726868411459
"12053",14.8,15.7328227312678
"12055",17.3,19.3750739060251
"12057",12,11.1579762674931
"12059",13.9,14.4381455921804
"12061",14.7,15.7545200237858
"12063",15.6,16.3318200034811
"12065",15.4,17.1614798664582
"12067",14.7,15.7065582972301
"12069",14.9,14.9875180393276
"12071",14,15.136177293358
"12073",10,10.636092145354
"12075",14.2,16.1926772299864
"12077",13.6,13.306748000758
"12079",17.1,18.2394263318956
"12081",14.2,14.131902071664
"12083",15.6,16.7754377502945
"12085",13.1,14.4221033677826
"12086",15.3,13.2398611771609
"12087",12.6,12.253599974768
"12089",12,12.0374411337813
"12091",10.9,10.9970143341833
"12093",15.2,14.7939179884634
"12095",11.6,10.8005570736751
"12097",13.4,12.7492828141724
"12099",13.2,13.2296828155857
"12101",12.3,13.3228378752472
"12103",12.6,13.2473838735782
"12105",14.6,14.7138895927975
"12107",16.5,17.3328240765714
"12109",9.8,9.05092136528272
"12111",14.8,15.2531854082218
"12113",10.9,10.6441584221803
"12115",12.6,15.4136868264472
"12117",11.2,9.83276799821899
"12119",16.5,22.496587656701
"12121",14.3,15.1102630679317
"12123",15.2,15.231584043341
"12125",13.7,14.4039596920046
"12127",12.5,14.4294202125399
"12129",12,11.5883900388726
"12131",11.8,11.3641680294644
"12133",13.7,14.8677752770516
"13001",15.1,16.4374390959331
"13003",16.4,15.8819971702687
"13005",14.5,15.5968433496951
"13007",19.9,19.4987709251294
"13009",14.3,15.2172863452121
"13011",12.9,12.8465435074246
"13013",11.4,12.0741270989481
"13015",11.7,12.1172296301889
"13017",17.3,17.3287690835402
"13019",14.6,15.01875506994
"13021",15.7,16.5337554557937
"13023",13.1,14.1767608794219
"13025",13.8,13.8822573952161
"13027",18.5,17.8335227320206
"13029",9.8,9.09342332114053
"13031",10.8,12.3800259823042
"13033",15.8,16.1799337642154
"13035",13,14.4657518783484
"13037",17.6,17.8568823654295
"13039",11.8,12.595546330188
"13043",16.3,16.5308272481108
"13045",11.4,12.9966348585024
"13047",11.3,12.2745767978562
"13049",14.7,15.5043482053751
"13051",12.5,12.6397560481449
"13053",7.5,7.56455129653326
"13055",14.3,15.1942497953939
"13057",11.2,10.0232491378171
"13059",10.7,11.2282377966761
"13061",19.4,21.2457427529813
"13063",14.9,16.5796093021691
"13065",16.5,16.7159102832469
"13067",9.7,10.4545166927562
"13069",14.7,15.2671905909189
"13071",15.3,15.8139759296034
"13073",12,10.4605436474247
"13075",15.2,15.4931163998102
"13077",11.1,10.9373125611659
"13079",15.4,15.363336697868
"13081",16.3,17.6590772099567
"13083",11.5,12.3902724984018
"13085",11.1,11.0304223383005
"13087",16.2,16.9223021925691
"13089",12.6,12.8528039082614
"13091",15,16.1199649799247
"13093",17.2,18.537790906471
"13095",17.7,18.1408059474195
"13097",13.7,13.558398035493
"13099",17.2,18.5012131571767
"13101",13.2,14.2742161969458
"13103",10.2,10.4433216641637
"13105",15.6,16.1019255016789
"13107",15.1,16.1553129449782
"13109",16.1,16.0604433663208
"13111",15.6,14.4852595838875
"13113",12.2,11.6667327262635
"13115",13.6,13.5907704143571
"13117",9.3,8.16999726052051
"13119",13.4,13.8757304607503
"13121",10,10.6578394455007
"13123",14.1,14.2643357643539
"13125",13.7,13.4652897863599
"13127",13.9,14.1013982074479
"13129",13.8,12.8556384457968
"13131",16.2,16.1713705874331
"13133",16.3,16.8318165056958
"13135",12.5,12.111672979174
"13137",12.9,12.9609936191284
"13139",13.1,12.6864216351448
"13141",21.1,21.3364958455725
"13143",11.3,12.104419200964
"13145",12.8,12.0022516914479
"13147",14.1,14.6887075744613
"13149",13.5,13.6754973304546
"13151",12.8,13.5292048088618
"13153",11.3,11.7256671144061
"13155",15.4,15.5866724269519
"13157",11.7,11.1831544599358
"13159",13.9,13.7483569297176
"13161",15.6,15.3908470279586
"13163",18.6,18.1263436871707
"13165",17.4,18.7829294680546
"13167",17.1,16.8318539585206
"13169",14.1,14.1023132142708
"13171",13.3,14.2636547937552
"13173",16,15.4723090868344
"13175",15.3,16.4058797991725
"13177",11.5,10.4015289452965
"13179",11.6,13.5631428975664
"13181",15.7,16.833934740336
"13183",11.9,13.6062382737028
"13185",12.2,13.4542884143884
"13187",10.9,11.2816716329689
"13189",15.6,15.6189673421696
"13191",19.1,18.7600962060169
"13193",20.3,19.1831009390686
"13195",13.9,13.7637851624382
"13197",16.9,17.1207613879552
"13199",16.8,17.7093644980411
"13201",16.9,17.1019511761919
"13205",17.7,18.1045493176016
"13207",13.1,13.23859817701
"13209",15.7,14.6201142287524
"13211",12.4,13.0349178495206
"13213",12.9,12.6544753390613
"13215",15.4,14.7947693221121
"13217",13.6,14.5002905321788
"13219",10,8.06475426481745
"13221",13.8,13.4308204279693
"13223",10.9,11.0902374708819
"13225",14.3,15.477768779033
"13227",12.5,13.1339150965588
"13229",13.6,13.3688739425616
"13231",11.3,11.6971823757508
"13233",13.2,13.8022509635101
"13235",15.6,18.0148642228882
"13237",16.3,15.8906668098726
"13239",20.9,22.6619591929747
"13241",14.5,14.1154953667011
"13243",23.6,20.6090667152851
"13245",15.2,15.8645216327274
"13247",15.4,15.2790450358289
"13249",14.5,12.646919790308
"13251",16.7,16.6271132464491
"13253",17.5,17.6952554199881
"13255",14.8,15.7679917754637
"13257",14.1,14.1687146028326
"13259",15.4,16.5415090779728
"13261",16,16.8776353045924
"13263",19.8,20.3917244377504
"13265",20.2,20.8126856112798
"13267",14.3,15.2384933160914
"13269",18.5,18.0967987864471
"13271",17.8,18.0325641646367
"13273",19.6,19.7977045930387
"13275",15.1,15.1396632534622
"13277",14.9,15.0935010418819
"13279",14.2,15.5886945388434
"13281",15,15.0089717525048
"13283",16.5,17.126105406614
"13285",14.2,14.9715078670136
"13287",17.8,17.3254643063876
"13289",17.6,18.1958664453557
"13291",15.5,15.4467216115065
"13293",15.5,15.689088434441
"13295",13.3,13.1395506348419
"13297",13,12.6759722680979
"13299",14.8,15.9022835408384
"13301",18.6,19.6308341751211
"13303",16.7,16.86421503197
"13305",14.6,14.7190560028726
"13307",19.2,19.1583064768903
"13309",16.3,16.2732324206108
"13311",12.3,13.3603545357044
"13313",14.4,12.6886787217253
"13315",15.3,16.4667635805396
"13317",17.1,17.7155469371995
"13319",17.1,17.5132972179061
"13321",15.3,16.9171766098594
"16001",8.7,8.1188883054963
"16003",14.2,13.9092698911568
"16005",10.1,9.59180701541285
"16007",11.4,11.354750173885
"16009",13,13.1884128363097
"16011",10.8,10.9932532445792
"16013",10.4,9.48117503998397
"16015",12.5,12.7590392461055
"16017",11.7,12.0341623564317
"16019",9.9,9.0386756872052
"16021",12.6,13.2129935501739
"16023",14.6,12.7754817652723
"16025",11.1,10.1048177473583
"16027",10.5,10.9860327651961
"16029",10.4,11.2207632547188
"16031",10.7,11.0096984256814
"16033",13.3,13.7331243790687
"16035",13,13.6810587168436
"16037",13,13.8226209614429
"16039",10.4,11.0539034219204
"16041",10,10.8628817032753
"16043",11.1,11.4608248917877
"16045",11.4,12.2634021049611
"16047",12.6,13.0333013176135
"16049",13.6,13.6825896339465
"16051",10.1,9.41403726904629
"16053",12.1,12.0413041492059
"16055",9.9,10.6882512282386
"16057",8.1,7.95312579985318
"16059",13,12.9478619833136
"16061",14.2,14.1498889251892
"16063",11.7,12.7613199792113
"16065",5.1,7.64595120011443
"16067",12.4,12.3182399595222
"16069",11.5,11.291422693378
"16071",11,11.2193449160585
"16073",12.5,13.5979125254368
"16075",12.9,11.743615593111
"16077",12.2,12.2805727433488
"16079",15,13.7426679651746
"16081",9.3,8.71196375039139
"16083",10.2,10.8966291833334
"16085",13.8,11.4493371790995
"16087",13.6,13.8443770492487
"17001",11.7,11.2169629665
"17003",18.4,18.5115876703109
"17005",12.6,11.5924102096835
"17007",12.4,11.1884628676992
"17009",11.8,11.1954511090855
"17011",14.4,12.5246621206457
"17013",12.2,11.9190096540596
"17015",13,12.4490603504182
"17017",13.1,12.0957304735972
"17019",9.3,10.0475408257015
"17021",12.3,11.718495065663
"17023",11.6,11.3395847096671
"17025",13.5,12.9472469459976
"17027",11,10.5773730445653
"17029",11.7,11.6504474897561
"17031",11.9,12.0367253137587
"17033",12,11.6989365166807
"17035",12.2,12.1103847088129
"17037",9.9,9.9070186499798
"17039",12,11.2852317912342
"17041",11.9,12.7238380604059
"17043",10.9,9.16195138388589
"17045",13.6,12.3872932176895
"17047",12.6,13.5986683331686
"17049",10.7,10.7659134756863
"17051",12.2,12.7184287776904
"17053",11.6,12.000098918272
"17055",14.1,12.9212597888209
"17057",13.5,12.0308575015537
"17059",14.8,14.6901885325168
"17061",13.1,12.2339534902296
"17063",10.2,9.74064008254516
"17065",13.3,13.0673812946003
"17067",12.6,11.9405645733501
"17069",14.7,15.3902601710966
"17071",13.5,12.491888031086
"17073",11.1,11.5008936396002
"17075",13.5,12.9579185380829
"17077",11.9,12.1553589730402
"17079",11.8,11.5797811807521
"17081",12.8,12.960807969754
"17083",11.7,11.2454312486143
"17085",13.5,12.7757350271105
"17087",12.3,12.936931804288
"17089",11.3,10.7787681692799
"17091",12.7,12.6186310294289
"17093",9.5,8.99529352584083
"17095",13.7,13.1731838660963
"17097",11.9,9.44743450266938
"17099",12.6,12.0203306754458
"17101",13.3,12.1512152549953
"17103",13.3,11.8704127923208
"17105",12.2,11.8475641040489
"17107",12.1,11.8015371812752
"17109",11.8,11.4650474545953
"17111",10.8,9.17301155812608
"17113",10,9.0897997823626
"17115",12.9,12.7340281075098
"17117",13.2,12.1064859646681
"17119",10.9,11.1185819465665
"17121",13.3,13.0815989007761
"17123",13.3,12.6642690183775
"17125",13,12.6335290944874
"17127",14.4,14.0737207591396
"17129",11.5,10.5815400092567
"17131",12.5,11.7085404953921
"17133",10.2,8.43088557435649
"17135",12.5,12.0789130411458
"17137",12.6,12.0239122985964
"17139",11.1,12.144312401775
"17141",12.7,11.1722317646872
"17143",12,11.9303201856535
"17145",14.1,13.1455408087031
"17147",11,10.4512420404898
"17149",12.9,12.3198106897603
"17151",15.1,14.6235512801397
"17153",17.2,17.6176835289639
"17155",12,11.6756907554212
"17157",12.8,12.7722190177512
"17159",12.6,12.2593824346778
"17161",12.8,13.1694206198058
"17163",12.8,12.6640300934115
"17165",13.8,12.9648548375947
"17167",11.5,10.9466791400934
"17169",13.8,13.5817975478054
"17171",11.8,11.4861847156049
"17173",13,12.2215543636059
"17175",12.6,12.4079120950912
"17177",13.9,13.5994205692597
"17179",11.5,10.6186839992593
"17181",13.2,13.5925703587264
"17183",14,13.3211846792363
"17185",13.5,12.8501026853406
"17187",13,12.4112096877509
"17189",11.5,11.1007306527078
"17191",13.1,13.3296546892561
"17193",14.5,13.6717040306516
"17195",12.3,12.311596116337
"17197",10.9,10.2757954547885
"17199",12.3,11.4588512224119
"17201",13.6,12.8168327524743
"17203",11.7,9.49352784296339
"18001",14.4,12.4702978217137
"18003",12.6,11.7442003915737
"18005",11.8,11.3189405209867
"18007",14.2,12.374812864721
"18009",14.7,13.9399440497158
"18011",10.3,8.82273211800979
"18013",13.9,13.2343116408064
"18015",12.9,12.9288002976311
"18017",14.3,13.4034679304375
"18019",11.8,11.6614553535544
"18021",12.6,12.3400944703996
"18023",12.8,12.6862582747864
"18025",15,14.2711569169342
"18027",13.1,13.1611220079997
"18029",11.5,11.9030472408588
"18031",11.7,12.0889435282665
"18033",11.5,12.0623959912092
"18035",12.4,12.724125531868
"18037",12.5,11.4905480729417
"18039",13.1,12.5920743981629
"18041",15.5,13.8028785673193
"18043",12.5,10.9835905402656
"18045",12.9,13.0788633494989
"18047",11.8,12.5281232431287
"18049",14.2,13.2631926268115
"18051",13.3,11.8985513627008
"18053",14,13.6002853734747
"18055",14,12.8627176367744
"18057",9.1,7.96434691663159
"18059",11.3,10.963059739403
"18061",12.7,11.8901046125458
"18063",11.5,10.0525483747651
"18065",14.1,13.1512290341445
"18067",13.1,13.1707001776427
"18069",12.8,12.1125766818445
"18071",13.5,12.5631691557437
"18073",12,12.1133140019829
"18075",14.8,13.2171652636923
"18077",12.8,12.8864110136845
"18079",12.9,12.8685325822131
"18081",11.9,10.7498923059093
"18083",12.6,12.1888828587985
"18085",12.3,11.9306279674735
"18087",12.2,12.841848403446
"18089",13.7,13.2566602070028
"18091",14,12.591393551177
"18093",13.8,12.685810099542
"18095",13.3,13.1473966203387
"18097",13.2,12.3149044453084
"18099",13.1,12.4232615676732
"18101",13.9,13.0048656387964
"18103",13.2,12.9305987898429
"18105",9.1,9.8308688265353
"18107",13.6,12.2758395605557
"18109",13.1,11.8490177503575
"18111",13.7,13.1652326078499
"18113",11.9,12.0208715553638
"18115",13.7,14.1400373783267
"18117",13.7,13.5923064314067
"18119",14.5,13.272637709607
"18121",13.5,13.86360348501
"18123",12.8,11.8511655063526
"18125",13.5,13.1114589411073
"18127",11.4,10.9605153224382
"18129",11.8,11.2349321356495
"18131",13.8,13.514559940173
"18133",11.7,11.7627583228662
"18135",14.2,13.7008544690209
"18137",12.6,12.6326731370274
"18139",13.1,12.956646978038
"18141",12.5,11.6936720493617
"18143",14.2,13.1133318513994
"18145",13.4,12.5026448416136
"18147",12.4,11.9778445219352
"18149",13.3,13.0191642864935
"18151",12.3,11.9287203059958
"18153",13.1,12.5736288830721
"18155",13.6,14.072226411313
"18157",10,10.1286529406303
"18159",12.5,12.7495071892637
"18161",13,12.834515654823
"18163",11.9,11.941035731902
"18165",13.1,12.3505968725266
"18167",12.5,11.8911710899231
"18169",13.2,13.0003136110446
"18171",12.8,12.5299704783678
"18173",11.3,10.0996623835174
"18175",13.3,13.0548691535431
"18177",14.2,13.5474885703425
"18179",12.5,12.3838431866979
"18181",13.4,12.9556248392504
"18183",11.8,11.8275858723975
"19001",12.9,11.6173359599637
"19003",13.2,11.7402480041045
"19005",13.2,11.9992348412208
"19007",14.5,13.0326228825627
"19009",13.3,11.8414724959527
"19011",12.3,10.0566599059108
"19013",11.4,10.89867803773
"19015",10.7,10.1338069201766
"19017",10.8,9.26598607662626
"19019",11.7,10.1297604628824
"19021",12.4,11.3278545817815
"19023",12.9,11.581823894551
"19025",12.5,11.1991925924476
"19027",12.1,10.8760054260328
"19029",13.7,11.9234091164603
"19031",11.5,10.6971286897554
"19033",12.8,11.4402585562278
"19035",13.5,12.0269174495421
"19037",12.1,11.076373857643
"19039",13.7,12.9022481478542
"19041",11.7,10.9861896467386
"19043",13.3,12.3950062204842
"19045",12,11.5560771430616
"19047",14.5,12.3476874608504
"19049",8.8,6.80210187110105
"19051",12.2,12.3642362830417
"19053",11.4,11.7078090270479
"19055",11.6,10.7752061570435
"19057",12.8,12.1370464228623
"19059",13.2,11.3309427956462
"19061",11.3,9.87020602015907
"19063",12.9,12.831624609191
"19065",13.4,11.9163844790066
"19067",12.8,11.9499482774574
"19069",13.3,12.0560115052419
"19071",12,11.7018476957674
"19073",13,11.8403975494694
"19075",11.1,10.0216946595128
"19077",11.7,11.3262285941571
"19079",12.1,11.0757008273122
"19081",11.8,11.5250670154498
"19083",12.9,11.5087330885393
"19085",12.8,10.7291039834808
"19087",12,11.1164251484989
"19089",12.6,10.950260587215
"19091",13.3,11.6605780575061
"19093",12.3,11.381051240403
"19095",11.5,10.3484135011139
"19097",13.1,11.4837724220549
"19099",11.1,10.7553534019067
"19101",13.7,11.6159306849601
"19103",8.4,7.67935387386329
"19105",12.1,11.1729789654966
"19107",13.1,11.9743606906095
"19109",13.1,12.0486476645334
"19111",13.5,11.9971249549924
"19113",11.3,9.52796104698541
"19115",14.4,12.7531248003111
"19117",14.4,12.6298659969771
"19119",10.7,10.2592371775704
"19121",10.4,9.84159063777121
"19123",11.6,10.886515914203
"19125",10.2,9.43530085345111
"19127",12.4,11.6740652098703
"19129",12.2,9.90996687236616
"19131",12.1,10.7973554046818
"19133",13.5,12.2875214094739
"19135",11.3,10.8494834566143
"19137",13.5,11.8395050568769
"19139",12.3,11.2612673620992
"19141",13.3,11.3142960097858
"19143",13.1,12.2261361665443
"19145",13.1,12.6255545769847
"19147",12.2,11.5124693173087
"19149",11.1,10.3128135495974
"19151",12.7,11.879321767083
"19153",10.5,8.84091374669535
"19155",12.8,10.8801441121996
"19157",11.5,10.6365678077271
"19159",13.4,11.9959859703341
"19161",12.1,11.4116830599024
"19163",11.1,10.3279877890638
"19165",13.1,11.4504070919731
"19167",10.2,9.15903680751066
"19169",7.6,7.62424802649485
"19171",14,12.6328613271411
"19173",13.3,12.7473027967668
"19175",11.8,11.3968943017426
"19177",13.9,12.8926001840165
"19179",13.9,12.3770085164822
"19181",11,8.83636731544006
"19183",11.6,10.8494286178403
"19185",13.8,13.0823199017722
"19187",11.6,11.4090112596163
"19189",11,10.6618279335064
"19191",10.1,10.3675264610384
"19193",12.4,10.97159399731
"19195",12.4,10.9562242448638
"19197",14.3,11.9659925906663
"20001",13.4,13.2817764112705
"20003",13.6,13.8563292678271
"20005",11.9,11.9476762849866
"20007",14.5,13.603753914226
"20009",13.2,13.2821103089924
"20011",13.6,12.4944168828897
"20013",13.3,13.5536956568303
"20015",11,10.2397895333874
"20017",13.9,12.8165971938168
"20019",15.6,15.3116764790967
"20021",14.2,13.1763295335192
"20023",14.4,13.5068986850336
"20025",12.1,12.7585020641209
"20027",13.7,12.2847180041852
"20029",13.5,12.5073191604663
"20031",14.3,12.7878942819975
"20033",12.9,13.4499649365552
"20035",13.1,12.603282738224
"20037",11.3,11.315736904883
"20039",14.6,13.0514022646942
"20041",12.8,12.5187742222701
"20043",11.7,12.1651286889775
"20045",9.1,8.83029880705134
"20047",14.5,13.840022644264
"20049",17.5,15.0623701054873
"20051",9.5,10.0929379004561
"20053",13.6,12.214915041638
"20055",13.9,13.1819797954335
"20057",14.1,12.6433659826234
"20059",11.3,11.3503263163465
"20061",9.6,11.2876804935677
"20063",12.6,12.8431188194944
"20065",14.8,13.2380918918128
"20067",13,11.5496417811292
"20069",11,11.4644940377333
"20071",11.6,11.9602937896187
"20073",15.6,14.9101316010041
"20075",12.5,13.3826923694791
"20077",16.1,13.9520846000244
"20079",11.7,12.1503246641446
"20081",13.6,13.9280176871971
"20083",12.5,12.1300392096089
"20085",13.1,12.7053955440909
"20087",11.8,11.1469329112332
"20089",15.5,14.5065719290128
"20091",8.8,8.27967666378798
"20093",14.5,13.3762694842463
"20095",12.8,12.0388416374426
"20097",11.1,12.6966504336777
"20099",13.8,12.9741876342724
"20101",13.9,13.6112730449069
"20103",11.2,10.3993973317425
"20105",14.4,12.8215562754066
"20107",14.2,12.7952537577276
"20109",13.6,11.7884408056886
"20111",11.4,12.1353830231313
"20113",11.1,11.1846614952114
"20115",12.5,12.1731336710625
"20117",13.4,12.0413195455206
"20119",13.2,12.1216380994345
"20121",11,10.4883971378518
"20123",13,12.4734004845568
"20125",14.7,13.8843107425002
"20127",13.6,12.8254378069955
"20129",14.2,14.0998034556104
"20131",10.8,10.7429688538682
"20133",13.7,13.2328151060367
"20135",14,13.4909216372405
"20137",12.3,12.2839861529047
"20139",13.1,12.2707103009316
"20141",13.7,12.968605894565
"20143",12.6,11.2966671768526
"20145",12.7,13.0873166548933
"20147",14.2,12.8200153585832
"20149",10.1,8.97171145102058
"20151",12.6,11.9681453714648
"20153",15.1,13.4051646250008
"20155",13,13.0175464884763
"20157",14.2,12.4711017799159
"20159",12.3,12.2023153291066
"20161",7.7,8.22886551409079
"20163",11.8,11.9240969171024
"20165",13.9,13.2493146324987
"20167",13.3,14.0650156528417
"20169",13.2,11.9034369380248
"20171",13.4,11.9267638530797
"20173",11.7,11.6925879108727
"20175",14,14.5671017853201
"20177",13,12.4207290790923
"20179",12.1,12.1262848732541
"20181",13.6,11.2096818242577
"20183",14,13.2497800921231
"20185",13.3,12.2928996335451
"20187",14.7,13.6073439047322
"20189",14.3,14.4869412895396
"20191",12.9,12.3117694959456
"20193",10.9,10.9194092271765
"20195",13.3,12.7856619216449
"20197",12.7,11.9605407165583
"20199",13.9,12.14363116118
"20201",12.9,12.2100231254376
"20203",14.1,13.401196578205
"20205",13.6,13.3853632972874
"20207",14.8,13.7524567467482
"20209",16,15.7065733639291
"21001",14.5,14.3563804809588
"21003",14.7,13.3681726343847
"21005",13.5,11.7203905170007
"21007",15.4,13.5226575153809
"21009",14.7,14.2859421778362
"21011",13.6,14.242286454264
"21013",17.4,15.9101434178147
"21015",11.7,9.89763892278627
"21017",15.5,13.5467868978203
"21019",14.8,14.3287864605315
"21021",13.3,12.8996761492019
"21023",14.6,13.4576015895528
"21025",15.9,15.3270346769386
"21027",17.4,14.6654465549493
"21029",12.9,11.7629620856427
"21031",15.6,14.4897887472141
"21033",14.8,14.2674635374232
"21035",12.4,11.9413718264325
"21037",12,10.7276973407244
"21039",15.4,14.2047560830143
"21041",15,14.4344845579676
"21043",16,15.0563333666418
"21045",18,16.3491564199569
"21047",12.6,12.3453191676559
"21049",14,13.1806207831956
"21051",16.3,15.3531712252789
"21053",16.4,14.9344072388139
"21055",15.4,14.021444759696
"21057",17.9,17.0318609197943
"21059",13.3,11.8139271250982
"21061",15.6,14.7437834632538
"21063",16.7,15.8051292094345
"21065",16.5,15.6394046038462
"21067",11.6,10.2284928828272
"21069",15.8,14.2152001238851
"21071",15.7,16.5096515822382
"21073",13.1,12.2287702628488
"21075",18.8,16.3658179281079
"21077",13.7,12.8899148581932
"21079",15.6,13.3026264141507
"21081",12.6,11.9830366148747
"21083",14.7,13.6620571114498
"21085",15.4,14.010257584276
"21087",17.3,15.2172006560529
"21089",15.1,15.0279262130257
"21091",13.6,12.6653404785536
"21093",13.5,11.3297044686452
"21095",17.9,17.1214215768827
"21097",13.8,13.6769235761781
"21099",16.4,14.6300019167206
"21101",13.4,13.0919135797449
"21103",15.5,13.6825190059567
"21105",16,14.9023569491353
"21107",16.1,13.623978273852
"21109",17.2,14.9850589406596
"21111",13.5,11.9149814334467
"21113",12.1,10.9121450452895
"21115",16.3,15.0225749865859
"21117",11.7,10.6285190623916
"21119",17.8,16.0348082224823
"21121",15.8,15.8978488088522
"21123",15.3,13.5440593006589
"21125",14.8,13.5209208964854
"21127",16,15.6203479365372
"21129",18.9,16.7911964593514
"21131",17.5,17.0988770647336
"21133",16,16.6674257680993
"21135",17.7,16.1674752794045
"21137",15.3,13.946324991349
"21139",15,13.9654594631506
"21141",14.8,13.7523992925385
"21143",15.2,13.543072490197
"21145",15.3,12.6910898462912
"21147",17,16.5786037101144
"21149",14.2,12.2359741767392
"21151",11.3,10.7968584180055
"21153",18.6,16.5520877409999
"21155",15.2,14.2888011305871
"21157",14.1,12.8735940125419
"21159",17,16.0913641456797
"21161",14.9,14.1031909915747
"21163",12.6,11.9197788086235
"21165",17.2,16.5946009533972
"21167",14.1,12.61394547495
"21169",15.5,15.1710717228453
"21171",14.9,14.4536748607794
"21173",14.1,12.9763228257982
"21175",14.6,13.218544808834
"21177",15.3,13.3802172477145
"21179",12.5,11.4327317057367
"21181",14.7,14.1033026117242
"21183",14.6,12.8691551655318
"21185",10.2,8.53653976170898
"21187",14.5,13.6570199182273
"21189",17,17.7847604020727
"21191",14.7,13.4725546489396
"21193",15.4,15.2285349388977
"21195",15.6,15.3782312664975
"21197",14,13.7180036319162
"21199",15.8,14.3489170712552
"21201",17.4,14.4551065134205
"21203",16.4,15.2286222133794
"21205",12.9,12.1179208792266
"21207",17.6,15.1505021328515
"21209",10.9,9.74028820354907
"21211",12.3,11.0824635074115
"21213",13.5,12.5268368599486
"21215",12.8,10.7328588811963
"21217",13.6,12.5977884854167
"21219",16.3,15.3211197574932
"21221",17.1,14.9894297246502
"21223",13.8,13.2223748459616
"21225",15,13.9881478075696
"21227",12,11.4160847090642
"21229",14.6,13.5245667309509
"21231",18.2,16.0702902411085
"21233",15.3,13.7427666005554
"21235",13.8,13.5815387984658
"21237",20.2,18.5958153722541
"21239",12.9,11.0257631918249
"22001",14.3,14.054096347049
"22003",14.3,13.8513645574132
"22005",12.1,10.8225664832664
"22007",16.7,16.0094578048346
"22009",17.3,16.3680163310044
"22011",13.2,12.3413489780878
"22013",20.4,19.0152926401703
"22015",13.2,12.2399318157874
"22017",17.2,16.3164646330984
"22019",15.2,13.2422384494405
"22021",16.2,14.8043564365214
"22023",14.4,11.8334309954841
"22025",16.5,14.8648772765748
"22027",21.5,19.8237568334576
"22029",18.1,17.8120966408728
"22031",16.3,15.5313310980139
"22033",12.8,13.5326046633908
"22035",21.1,20.1608681203192
"22037",15.8,15.8837075006168
"22039",17.4,15.7312658655756
"22041",17.7,16.1519164251436
"22043",14.3,12.9416707455545
"22045",16.5,15.6980592152141
"22047",16,16.2529001528955
"22049",17.3,16.9166310468432
"22051",15,14.5019445187402
"22053",13.9,13.5905236950241
"22055",12.9,11.6874482026975
"22057",14.5,13.1489475523203
"22059",13.1,11.8623904357379
"22061",12.6,13.0298336459137
"22063",11.9,10.6114374492631
"22065",21.3,20.3079046275266
"22067",19.1,18.6931270326888
"22069",15.3,15.8245631100993
"22071",14.9,15.4777619562177
"22073",14.5,14.3289434800247
"22075",14.1,12.9593861932196
"22077",17.5,17.0895970849086
"22079",15.6,14.2951924669364
"22081",18.3,17.511232699923
"22083",17.4,16.0083986502762
"22085",17.4,16.728533109916
"22087",14.9,13.6645058536681
"22089",12.7,11.9075197101345
"22091",18.4,19.3089307960277
"22093",16.4,15.9100879084991
"22095",17,16.4265727048228
"22097",17.3,16.8413326681987
"22099",15.3,14.7568732164514
"22101",18.4,16.5269328627439
"22103",13.4,11.5207409092505
"22105",14,13.9058001549594
"22107",24.6,22.4688776055723
"22109",13.9,13.83398904334
"22111",17.2,16.4699608445226
"22113",14.5,13.2354892207786
"22115",12,12.2850715376741
"22117",17.7,16.6423927481041
"22119",19,17.184877706686
"22121",14.2,13.5717570426827
"22123",16.5,14.5828714269733
"22125",14.9,13.9821702295712
"22127",16.4,15.835191032744
"23001",11.1,11.4288159447182
"23003",13.7,12.6981523464194
"23005",9.1,8.25934738302181
"23007",10.6,10.9923292768709
"23009",10.5,10.5417148644523
"23011",10.7,10.6314786712848
"23013",10.4,10.83546627203
"23015",11,10.6539503573641
"23017",12.4,12.1294406453264
"23019",10.6,10.7321437635126
"23021",13.1,13.0528391460528
"23023",10.7,10.1314028124844
"23025",12.2,12.3440722163731
"23027",10.5,10.8266283124999
"23029",13.1,12.727369895469
"23031",10.2,10.2567149683068
"24001",13.7,12.5939264103766
"24003",9.8,10.121460449244
"24005",12.4,11.6213841106201
"24009",11,10.2996650344721
"24011",14,13.0522409933668
"24013",10.4,10.022652540952
"24015",12.8,11.020975524998
"24017",13.2,12.7912535365599
"24019",15.4,14.7602687224918
"24021",11.2,9.9932708402288
"24023",13.7,13.3009801862515
"24025",10.8,10.4401309316896
"24027",10,9.54473664151945
"24029",12.8,12.9910249588356
"24031",10.6,10.3806701220992
"24033",14.5,14.0856021338997
"24035",11,10.9742188783317
"24037",11.9,10.3984012275736
"24039",14.6,14.035047084067
"24041",13.1,13.0073623609568
"24043",12.9,12.0064455305667
"24045",13,12.5262472804679
"24047",14.3,13.1258364926252
"24510",14.3,13.4685878030746
"25001",10.7,11.3728393921359
"25003",10.9,11.0602917575894
"25005",11.3,11.163485547167
"25007",11.6,10.7399901388055
"25009",9.7,10.3813660142005
"25011",9.7,10.4409999228852
"25013",12.7,12.2468649213594
"25015",8.8,8.64557087059849
"25017",7.7,8.27960393371523
"25019",8.8,9.00749981788914
"25021",9.1,8.56074594582608
"25023",10.1,10.1727908669859
"25025",9.3,10.5364922032699
"25027",10.7,10.219809505416
"26001",15.8,15.4163288670814
"26003",12.9,12.2734812828566
"26005",11,10.9907698439199
"26007",13.1,13.3073210779804
"26009",11.8,11.7413613903806
"26011",14.1,13.4660789008122
"26013",13.1,12.8823649039154
"26015",10.3,11.0267861881814
"26017",11.3,12.4788198832808
"26019",12.7,11.7401259469797
"26021",12.5,12.6841809523702
"26023",12.6,12.620908343962
"26025",12.5,12.7416636269922
"26027",12.5,13.0779805545388
"26029",12.8,11.1703796154799
"26031",13.9,13.1979134801074
"26033",11.9,12.1114645163607
"26035",14.3,14.3880813332239
"26037",9.6,10.0709460298946
"26039",14.2,13.0047337364194
"26041",12.2,12.6983116408287
"26043",11.1,11.2844149639658
"26045",10.6,11.3318029076482
"26047",11,10.18391376518
"26049",12.5,13.1124689161866
"26051",13.8,14.053583682266
"26053",14.5,12.8898935566198
"26055",10.1,9.76559035973681
"26057",10.5,11.0030938369636
"26059",12.4,12.4087347127251
"26061",9.4,9.59958272319232
"26063",13.2,13.5104064611669
"26065",8.8,9.81964239680665
"26067",10.7,10.587180149762
"26069",15.3,14.8605056305521
"26071",14.9,13.8992877633518
"26073",9.3,10.2121552244904
"26075",11.7,11.9130303165912
"26077",9.5,9.76861955755711
"26079",13.3,12.0103763711728
"26081",10.2,9.45820971067019
"26083",12.5,12.6198079851244
"26085",16.2,14.6726689263892
"26087",12,11.5240974232581
"26089",11.9,11.2714436299778
"26091",11.5,12.0885946384932
"26093",9.6,9.35788878177213
"26095",14.5,13.9881460895939
"26097",15.2,14.2802440824846
"26099",11.6,12.3594129596527
"26101",12,12.7626911079442
"26103",10.3,9.94872241247085
"26105",12.4,12.5622680254401
"26107",12.1,11.7151759461765
"26109",13,12.5776427552036
"26111",10.3,9.86811680215205
"26113",12.6,12.024571687014
"26115",12.1,12.2074447109904
"26117",11.4,11.4257293978303
"26119",14.8,15.1894331381244
"26121",13.2,11.9856871378648
"26123",12.3,12.0472943801153
"26125",9.3,9.47860279762665
"26127",12.7,12.1204927156834
"26129",14,13.824063811413
"26131",15.8,15.5734200577167
"26133",12.7,12.4466340985953
"26135",15.2,14.5728219945334
"26137",12.5,11.1500645920456
"26139",8.8,9.13155741591111
"26141",14.5,14.4708994630878
"26143",15.3,15.1916333564466
"26145",13.2,13.3188736748638
"26147",12.4,12.4018019745496
"26149",12.5,12.6891853087892
"26151",13.2,12.8920426730737
"26153",15.8,13.9550374889974
"26155",11.6,11.9467186331947
"26157",13.4,12.4614472134342
"26159",12.9,12.4319369983967
"26161",8.3,7.65349138988078
"26163",13.1,13.3918152727018
"26165",12.1,11.6809406209774
"27001",14.1,14.3642832712089
"27003",9.9,9.75427380902404
"27005",11.7,11.3939482109344
"27007",11.5,11.4748685576714
"27009",9.3,9.42252850027284
"27011",13.5,11.9893573296369
"27013",9.3,9.02575238296765
"27015",11.5,10.9222057489011
"27017",10.9,10.6504800768498
"27019",8.3,7.1118975936382
"27021",13.6,13.2598774045106
"27023",11.7,12.0196329890497
"27025",10.1,9.6860486898315
"27027",8.8,8.80769462208369
"27029",12.1,12.6010487421716
"27031",12.5,11.1427651473119
"27033",12.8,11.9567888580966
"27035",11.7,11.1271003992222
"27037",10.2,8.88812914102743
"27039",9.2,8.84538109970344
"27041",12,10.8182116652372
"27043",12.2,11.63846060395
"27045",12.2,10.7678752916112
"27047",13.4,12.4443428690736
"27049",10.4,10.4417429977206
"27051",12.8,11.7148205865607
"27053",8.5,8.99124781750174
"27055",11.8,10.7470028235614
"27057",12.4,11.7263748067262
"27059",10.3,10.0248122525747
"27061",11.7,12.0198961029899
"27063",11,11.2376454798236
"27065",12,11.4161348950998
"27067",11.8,11.2673595646601
"27069",12.6,11.7785576857467
"27071",13.4,13.0887052815333
"27073",12.7,12.0379588173654
"27075",12.6,11.8321249657987
"27077",13,12.4911641734141
"27079",11.6,10.0657143105153
"27081",12.4,11.3521030664821
"27083",11,10.4333032775608
"27085",10.9,10.9239444240214
"27087",15.6,15.6428282064345
"27089",11.7,11.4446603859693
"27091",12.3,11.6175239456185
"27093",11.1,10.8058747093991
"27095",12.1,11.144613892734
"27097",11.4,10.9644618228568
"27099",12.2,11.1932521215598
"27101",13.4,11.9132315269214
"27103",9.8,9.42849992532719
"27105",13.1,12.6210869268972
"27107",11.4,11.5371074762805
"27109",9.8,8.64623853137899
"27111",13.9,11.4302451522617
"27113",10.8,10.5540205147466
"27115",12.7,12.0469404010323
"27117",12.1,11.6069216392037
"27119",11.3,10.7165669922843
"27121",12.1,11.6197615299016
"27123",10.5,10.1439771837257
"27125",12.8,11.6170388603589
"27127",11.6,11.7596666582737
"27129",12.6,11.4927142014669
"27131",9.9,10.0761776418795
"27133",11.4,10.1649186379236
"27135",11.2,11.1878564343682
"27137",11,10.3394196211439
"27139",9.1,7.94105379224885
"27141",9.1,8.52630245620117
"27143",11.4,10.6723265882115
"27145",10.4,9.98873435720812
"27147",11,10.2485153854339
"27149",9.7,10.284156001918
"27151",12.4,11.6249046629002
"27153",13,12.5336597390177
"27155",12.6,12.2191306854116
"27157",10.9,10.7511428564675
"27159",12.4,11.282589109842
"27161",10.4,10.4038495547172
"27163",8.3,8.5139872493567
"27165",12.7,12.3714813686785
"27167",11.8,10.6806869556024
"27169",9.4,9.64444924644149
"27171",9.6,8.30687333647349
"27173",12,11.1589461406173
"28001",20,19.4631155244005
"28003",14.8,14.5777274450275
"28005",20.5,20.4381523667901
"28007",17.7,17.7484727808856
"28009",17,17.7092266428457
"28011",17.6,18.847801298477
"28013",17.5,16.5951815369285
"28015",19.1,17.3081616748441
"28017",17.7,18.4659549934054
"28019",16.5,16.7594104848881
"28021",19.6,21.4074429379354
"28023",17.2,17.5309343946079
"28025",18.8,19.0706895186669
"28027",21.7,21.1274077976408
"28029",17.6,17.7610716206315
"28031",16,16.138301394705
"28033",12.2,12.0403215920734
"28035",13.1,13.7292119023977
"28037",17.4,17.1423543420769
"28039",13.6,12.625900186762
"28041",13.8,13.2752451808216
"28043",17.4,16.9562070605745
"28045",14.7,13.9397317731003
"28047",13.9,13.839705963869
"28049",17.5,17.3094298526504
"28051",21.7,21.2470078073187
"28053",23.7,21.4539625444606
"28055",15.7,21.0177546397538
"28057",12.8,12.5198012574667
"28059",13.2,13.4985192162286
"28061",18.3,18.3909169151604
"28063",22.1,21.0204780877751
"28065",20.2,20.8768655970727
"28067",14.9,15.054101706132
"28069",17.5,19.5310481070255
"28071",10.9,10.1241651938884
"28073",12.5,11.3777922166768
"28075",16.5,16.9936787739873
"28077",17.9,16.5983594750472
"28079",18.1,17.1386676219735
"28081",14.1,13.1628194148319
"28083",20.6,20.2461598315398
"28085",16,15.0927645939136
"28087",15.5,15.4835850229953
"28089",12,10.326735487989
"28091",16.8,16.9577968570487
"28093",17.2,17.6267485540312
"28095",16.6,15.9777950053064
"28097",20.8,19.0328189511356
"28099",16.7,16.9084553372911
"28101",16.1,16.3450429863548
"28103",19.5,20.1645123426811
"28105",11.1,11.7675733789612
"28107",18.3,17.2257727990678
"28109",13.8,14.3504493711066
"28111",17,15.1818464823264
"28113",18.3,18.5519237870562
"28115",13.1,13.1682915005221
"28117",13.3,13.7317792928063
"28119",21.6,21.3503794342613
"28121",12,11.3453281151768
"28123",18.3,16.7010499629234
"28125",24.1,20.4126720256044
"28127",16,15.7800383645953
"28129",16.6,15.9148850198962
"28131",14.8,14.7907912930166
"28133",18.3,18.797497575733
"28135",17.8,18.997446886301
"28137",14.3,14.6765526133544
"28139",14.3,14.5258636241006
"28141",14.5,14.8221778936154
"28143",19.8,19.4701913400645
"28145",13.6,13.1566003099277
"28147",17.5,17.2219295090349
"28149",15.7,16.0584643188082
"28151",19,20.3146364414767
"28153",16.1,16.0807408661644
"28155",14.4,14.1870173846805
"28157",20,19.2511566528812
"28159",17.7,19.0206569455921
"28161",18.1,18.0768465626657
"28163",17.1,17.5218341319994
"29001",10.2,10.3953610074427
"29003",11.8,11.2365127563066
"29005",13.7,13.2974821142497
"29007",13.6,13.7289416474895
"29009",13.7,14.9282731211777
"29011",15,14.1072172312983
"29013",12.8,13.5060033859077
"29015",16,16.2102063695655
"29017",14.1,14.294297419874
"29019",8.8,8.87868563045324
"29021",12.6,12.6943454031226
"29023",13.6,14.8547703334875
"29025",13.6,12.9113657020098
"29027",12.1,11.017729884919
"29029",14.4,14.6863647349483
"29031",11.3,10.9051921378807
"29033",13.1,12.3954379590734
"29035",14.4,14.9776295643077
"29037",10.9,11.5142680658849
"29039",15.4,14.5911096580967
"29041",13.1,13.4195099808557
"29043",10.8,9.99793258078488
"29045",14.6,12.7576692434149
"29047",10.5,10.6309381968245
"29049",11.3,11.496968445686
"29051",10.6,10.427178951285
"29053",12.6,12.2394082906246
"29055",14.2,13.995714592053
"29057",15.5,14.8145116560331
"29059",14,14.7161681592239
"29061",13.9,12.78733467207
"29063",11.6,12.520500296051
"29065",14.9,14.0326462856086
"29067",15.1,15.0005526100741
"29069",14.9,16.0453410053998
"29071",11.7,11.5453729959786
"29073",12.9,12.8267979910142
"29075",12.9,11.8870052238644
"29077",10.1,11.1562273558881
"29079",14.1,13.9064821752046
"29081",14.1,12.6239333141381
"29083",13.9,13.9154353003051
"29085",17.6,17.5539270164992
"29087",14.2,13.3170699321047
"29089",12,12.0347857913272
"29091",14.8,14.3750200486261
"29093",14.7,14.1827956451058
"29095",11.7,13.1368775359736
"29097",11.7,12.445902023074
"29099",11.1,10.8215112847805
"29101",9.5,10.436881183934
"29103",14,13.8456847976143
"29105",13.6,13.1514433932763
"29107",12,11.914382941233
"29109",12.8,13.3215952672752
"29111",12.9,12.7421061060625
"29113",10.6,11.0011257120816
"29115",14.1,12.5584046047837
"29117",12,12.7318416520173
"29119",14.8,14.5306855522539
"29121",13,13.1553647969027
"29123",12.5,13.3028901929557
"29125",13.9,13.592048076146
"29127",12.2,11.585611922599
"29129",13.9,12.9297858003509
"29131",12.8,12.5177852794609
"29133",16.3,15.6825529887527
"29135",12.4,12.0398302969156
"29137",14.6,14.1373349499441
"29139",13.3,13.0385440829361
"29141",15.1,15.6850704659996
"29143",15,15.9503698331203
"29145",12.1,13.009426154485
"29147",10.9,10.8700413278909
"29149",15.3,15.8818904573158
"29151",10.5,10.2838885282568
"29153",17.7,17.4360019852679
"29155",16.5,17.3847134984776
"29157",12.9,11.9485438591253
"29159",12.1,12.956878954493
"29161",11.2,10.8786265794017
"29163",13.5,12.5079822303177
"29165",10.5,9.77319199191244
"29167",13.2,13.0221771534652
"29169",8.3,9.96459494167556
"29171",12.7,13.5035399202773
"29173",13.9,12.9357605830684
"29175",12.4,12.4883530943613
"29177",12.6,12.6492010731224
"29179",15.2,14.986453349599
"29181",14.2,15.2919003344073
"29183",9.9,8.60728933199488
"29185",15.2,15.5294302097095
"29186",13.1,12.2774263643838
"29187",12.2,12.7783474327323
"29189",12.1,11.0091988874651
"29195",12.2,12.3210085390623
"29197",11.8,13.0041727211609
"29199",13.2,13.1010760804502
"29201",14.5,13.6151257753534
"29203",15.2,14.4098300162712
"29205",14.7,12.9162043492467
"29207",14.1,14.1897658565159
"29209",15.8,15.3960997557408
"29211",15.1,14.1159787411185
"29213",13.8,13.8158307038875
"29215",14,14.5920836858995
"29217",13.1,13.8286223733117
"29219",12,11.7483935300773
"29221",13.3,13.2962690015722
"29223",15.5,16.5984721872237
"29225",11.9,12.2430083064708
"29227",14.8,13.5238135746934
"29229",14.8,14.6742116674189
"29510",12.4,13.4184162129758
"30001",9.9,10.3125229283605
"30003",13.6,14.9438985778565
"30005",13.3,13.6009301161046
"30007",11.5,11.8816696381836
"30009",10.6,11.4226811119424
"30011",11.9,14.4119587285711
"30013",9.5,10.4001244235261
"30015",11.4,11.8024138841751
"30017",9.9,10.4435249386171
"30019",11,13.0919798269901
"30021",9.4,9.94104454367046
"30023",11.1,12.7773077855614
"30025",9.2,11.3663809875923
"30027",10.7,12.0523944798982
"30029",8.4,9.82032477438954
"30031",6.2,6.81093692911353
"30033",10.8,11.7582703725555
"30035",15,14.9282929291338
"30037",14.3,13.2290183728276
"30039",11.9,12.177363810724
"30041",10.5,10.9597537381405
"30043",9.9,9.9263022235344
"30045",11.6,12.029812352724
"30047",12,12.8015462494279
"30049",8.2,8.4727227793282
"30051",13.3,12.1069126440522
"30053",12.5,14.3697527182365
"30055",10,12.2787520882363
"30057",10.4,11.9205008632153
"30059",11.2,12.1647854941964
"30061",11.7,12.474611865592
"30063",7.3,8.04936089974741
"30065",11.7,12.8934187542811
"30067",9.7,10.4666931645348
"30069",11.8,10.5156057455543
"30071",10.7,11.9556704954969
"30073",11.4,12.4108669384816
"30075",12.1,13.0722638320236
"30077",10.5,10.8542916542212
"30079",16.3,15.2033397008434
"30081",10.1,11.8424546415411
"30083",9.3,10.0979615333293
"30085",13.4,15.3907550846184
"30087",12.5,14.0806250962918
"30089",13.3,14.7159638804248
"30091",10.2,11.6378497054544
"30093",9.5,10.5022149100446
"30095",9.7,10.7696041131578
"30097",10.4,11.5352966524396
"30099",10.2,11.700909376391
"30101",9.9,10.6486392218109
"30103",11.6,10.6079552006981
"30105",11.2,12.0865079311337
"30107",12.4,14.7111723063144
"30109",11.4,12.4293414587211
"30111",9.3,9.20914234051829
"31001",11.3,10.8397748850132
"31003",11.9,11.8753863650471
"31005",11.7,11.2043862673844
"31007",13.1,12.6537312435316
"31009",13.6,13.7791193349006
"31011",12,11.5396992163972
"31013",12.2,11.8906081950478
"31015",14.1,13.981254817305
"31017",12.7,12.6018235229667
"31019",10.5,9.84587044967138
"31021",13,12.1618999734025
"31023",10.7,10.8966718794973
"31025",10.5,9.98334172508692
"31027",11.8,10.663455910548
"31029",13,13.2803468333529
"31031",13.8,11.5258077758345
"31033",12.6,11.1406642120672
"31035",12.4,11.4506643645208
"31037",13.4,12.0133335048009
"31039",12.4,11.2497398231357
"31041",12.7,11.3975227567664
"31043",13.6,12.4218573309406
"31045",10.4,10.1752438537982
"31047",13.6,13.1289170972755
"31049",14.2,13.437599308834
"31051",13.4,11.480911192973
"31053",11.5,11.2462063817974
"31055",10.5,9.48548415892446
"31057",12.9,11.0260634329131
"31059",12.2,11.679282729385
"31061",13.9,13.3988088164195
"31063",12.8,12.7917373945287
"31065",13.5,12.6991562590838
"31067",13.4,11.9838970178267
"31069",15.3,13.6889680876373
"31071",12.2,11.5438296820063
"31073",11.8,12.282007467992
"31075",11.8,11.3811470602413
"31077",12.2,12.664372038055
"31079",12.2,11.7423873934183
"31081",11.3,10.6899896159972
"31083",12.7,12.6146294037608
"31085",15.5,12.570704952896
"31087",13.5,12.8930281328527
"31089",13.5,10.7826805260451
"31091",12.3,11.3289454078913
"31093",11.5,11.177212364661
"31095",13.5,13.1555928809056
"31097",11.2,11.5381193507322
"31099",12.1,10.5019407984627
"31101",13.6,12.7727317383615
"31103",14.4,10.4681259535489
"31105",15,14.1528422783819
"31107",13.9,12.7462046112404
"31109",9.5,9.41208519992159
"31111",14.5,11.6824269883451
"31113",10,11.5641313860507
"31115",13.8,12.6955844959546
"31117",13.7,12.7474133775952
"31119",11.7,10.8774615053519
"31121",12.1,12.0202281523274
"31123",12.6,12.2637738340103
"31125",12.8,11.7588950605277
"31127",11.3,11.4578082698934
"31129",12.5,12.9505123142938
"31131",11.7,11.3889710563348
"31133",14.4,14.4249617632885
"31135",12.5,11.7094757574904
"31137",10.7,11.2591362959261
"31139",10.8,10.6295909980044
"31141",11.3,10.8952005303704
"31143",12.3,11.8466931171233
"31145",11.2,11.9888087647551
"31147",14.3,13.3028353544214
"31149",12.9,11.1741580849872
"31151",13.3,11.4982864873639
"31153",10.3,8.25542692540404
"31155",10.7,9.8103967536366
"31157",13,11.810273934799
"31159",9.2,9.63419493661817
"31161",13.1,13.7820356897141
"31163",14.1,12.9887980389824
"31165",16.2,12.2767212729081
"31167",12.1,10.8959229594622
"31169",14.1,12.5994945672837
"31171",12.5,13.3274151623895
"31173",14.7,13.1638061408306
"31175",12.6,11.5733697615254
"31177",10.4,9.43848489689852
"31179",9.4,9.81826540455304
"31181",13.2,11.7725154011913
"31183",14,12.9997061665449
"31185",10.5,10.9931904361167
"32001",11.2,12.5405628498367
"32003",11.2,12.4529168468065
"32005",11.5,12.2778786208949
"32007",10.1,11.0100435701339
"32009",15.9,12.6546073705942
"32011",13.3,14.0082820755879
"32013",12.2,11.6350244846635
"32015",11.9,11.1573323195136
"32017",12.2,11.7698202924653
"32019",12.2,12.9348826402964
"32021",15.7,16.1687458952732
"32023",15.4,15.2189385535568
"32027",11.5,11.8478480104654
"32029",12.4,13.6966131974417
"32031",10.8,10.9043849144676
"32033",12.2,11.8994385819116
"32510",12.1,11.9905218549353
"33001",11,10.6156336963261
"33003",10.6,11.0837990434189
"33005",10.4,10.092095175747
"33007",12.1,12.8885359568824
"33009",9.6,9.53877601118482
"33011",9,9.40356215215918
"33013",9.7,9.51228419039987
"33015",9.4,8.86043609939514
"33017",9.8,9.11731127373879
"33019",11.5,11.1171102580473
"34001",12.1,12.7085320093631
"34003",10.1,10.1465887045173
"34005",10.1,10.8575352520161
"34007",11.3,11.8562360276983
"34009",12.1,12.0465653943102
"34011",12.6,13.4180195693988
"34013",11,12.8307263254639
"34015",10.1,10.3491565306277
"34017",9.8,11.2844699053673
"34019",9.8,9.01955185667998
"34021",10,11.3106676772465
"34023",11.1,11.5475292494567
"34025",9.8,9.45041168845474
"34027",8.9,8.95422915695174
"34029",10.9,11.1520994936689
"34031",11.9,12.5745828505977
"34033",10.7,12.4824808245829
"34035",9.2,9.90466843840014
"34037",9.3,9.93406989425139
"34039",10.5,12.0460630995306
"34041",9.7,10.7422099210107
"35001",10.3,11.7496428518243
"35003",19,19.442610454602
"35005",13.1,14.3046360462522
"35006",15.6,16.3265536313147
"35007",15,15.2922696577907
"35009",10.6,13.4085823239258
"35011",15.6,15.6966618019332
"35013",12.4,13.5887398113117
"35015",12.6,11.9643921478675
"35017",15.6,14.897150968456
"35019",16.1,15.4291778893803
"35021",17.9,14.9484179714442
"35023",15.6,16.017379402107
"35025",12.5,13.3975720353306
"35027",14.5,16.4909520993284
"35028",7.7,4.98988482064922
"35029",17.6,15.6057683807587
"35031",17.2,18.3361351537374
"35033",19,18.6318692955246
"35035",12,13.6454490068929
"35037",16.1,17.2850413206701
"35039",16.6,16.5572322304479
"35041",11.2,14.1053562852364
"35043",11.9,11.6973022918353
"35045",13.8,15.5892613873715
"35047",16.3,15.8597878143463
"35049",11.9,12.4305726996993
"35051",16.7,18.18976024414
"35053",15.7,16.4323388234482
"35055",14.7,13.9561954395839
"35057",15.4,15.8354851853349
"35059",15,15.6633632886734
"35061",13.5,13.7674391618717
"36001",9.1,10.3142618585592
"36003",10.7,11.8010882242229
"36005",16,16.1031636853746
"36007",10.3,11.9439078895057
"36009",12.1,12.9263625883829
"36011",11.7,11.949998220513
"36013",11.8,12.9048627511183
"36015",11.9,11.9633069052112
"36017",12.6,12.500142545014
"36019",11.4,10.9426043988294
"36021",10.9,11.4956245851877
"36023",9.9,10.7205673376856
"36025",12.7,12.6260972214225
"36027",10.1,10.9396364430304
"36029",10.3,11.6828917421476
"36031",11.4,11.4577066541491
"36033",12,12.4321571828109
"36035",12.3,12.4396010430442
"36037",11.3,11.6842878936952
"36039",10.9,12.3123103244153
"36041",14.6,13.7367645647126
"36043",11.4,12.0393376498239
"36045",10,10.7957556877114
"36047",11.6,12.6180909063424
"36049",11.2,11.8714774561422
"36051",10.3,10.9232947899491
"36053",9.8,11.1052251387445
"36055",10.2,11.2035099549878
"36057",12.5,12.709885647797
"36059",10.9,10.692809300087
"36061",9.1,10.1930229082853
"36063",11.3,12.0961948775801
"36065",11.1,11.9889658593216
"36067",10.9,11.1156854670579
"36069",10.5,10.4911037818123
"36071",10.3,11.5197505809623
"36073",10.7,12.485186818661
"36075",10.9,11.689589798609
"36077",10.3,10.87819837165
"36079",10.2,10.0298748046348
"36081",12.3,14.0470574468924
"36083",10.1,10.5707192803077
"36085",11.3,11.4605127804963
"36087",11.6,10.7221481294834
"36089",11.4,11.570236339214
"36091",8.9,9.06822262227687
"36093",10.2,11.4558350411231
"36095",11.7,12.0029371756215
"36097",12.3,12.2680626413739
"36099",11.3,11.7792688803949
"36101",10.9,11.5140296980206
"36103",10,10.6966339549741
"36105",12.8,12.4568206300965
"36107",11,11.479180881634
"36109",7.7,8.76217832798159
"36111",10.8,11.500982872078
"36113",11,10.8608790831772
"36115",11.3,12.0263222340836
"36117",10.8,11.5984922211214
"36119",9.8,10.5866602934885
"36121",10.8,11.7466692196864
"36123",12,11.5710900183251
"37001",12.7,13.0098273107174
"37003",12.1,13.4303356297772
"37005",15.7,15.0957400348953
"37007",16.4,17.539822496182
"37009",13.4,14.0692252558308
"37011",12.5,11.8538930015173
"37013",15.7,15.8246777831817
"37015",19,19.0943426584407
"37017",16.8,17.547181128028
"37019",14.2,14.4150805309804
"37021",9.9,10.1916979958814
"37023",13,14.0897775347431
"37025",10.8,10.4456968226447
"37027",13.1,13.4722664136222
"37029",11.2,10.6495335430406
"37031",13.1,12.256472473985
"37033",15.9,16.3165652575727
"37035",12,12.4635321785275
"37037",13.5,12.6608670930574
"37039",15.6,15.1821661373623
"37041",16.3,16.5615143972018
"37043",14.3,14.1572067106836
"37045",13.6,14.527086403128
"37047",16.2,16.6097448720007
"37049",13.7,13.249491421486
"37051",11.6,13.6205366771464
"37053",11.2,10.9542121955485
"37055",11.4,10.2657603451654
"37057",12.3,12.853055918424
"37059",12.5,12.561390749811
"37061",15.3,16.0410056671351
"37063",10.3,11.1784885988369
"37065",17.5,18.2826626226605
"37067",12.1,12.308599295224
"37069",13.3,13.1928283016357
"37071",12.5,12.4734495649182
"37073",15.4,16.1654141350174
"37075",13.8,14.2243674705671
"37077",14.3,13.7901355045971
"37079",15.3,15.9239643842037
"37081",11.8,12.7521093369241
"37083",18.6,18.5902614870395
"37085",12.2,12.4440367147506
"37087",12.4,12.858521856333
"37089",12.4,12.5658664379916
"37091",18.1,18.2466421727307
"37093",13,14.3895887920764
"37095",17,17.986792571777
"37097",11.4,10.6120801972266
"37099",11.4,12.9626939960504
"37101",12.1,11.482735957987
"37103",16.5,16.7849887890273
"37105",13.7,13.6430459352811
"37107",17.2,17.4597761619848
"37109",12.2,11.4325682826307
"37111",13.9,13.2684796065754
"37113",14.1,14.5069482668663
"37115",12.3,11.589602373345
"37117",18.2,18.3044141998732
"37119",10.5,10.222072836709
"37121",12.9,13.5486062566277
"37123",14.5,15.3616894832917
"37125",12.1,12.2128741190234
"37127",14.6,15.7154541070314
"37129",10.2,10.2964869998078
"37131",20,19.7286884376416
"37133",8.5,9.35348484349199
"37135",8.8,8.41533777547084
"37137",15.8,15.7403564253682
"37139",13,13.8275801146848
"37141",12.3,11.795104720654
"37143",15.1,16.4828726643496
"37145",14.9,15.3414660955037
"37147",11.4,13.2481572590371
"37149",12.2,13.7189160088913
"37151",13.1,13.0561902434029
"37153",14.8,15.9464756017028
"37155",17.4,19.1917145124625
"37157",14.9,15.4562544135052
"37159",13.2,13.5408156163878
"37161",14.4,14.3924031865841
"37163",15.7,16.6726430800152
"37165",16.9,17.7068300913092
"37167",12.2,13.0887551376784
"37169",13.1,13.7549643251155
"37171",14.2,13.6303691867152
"37173",14.3,13.9905376736611
"37175",12.6,13.2147624176656
"37177",16.2,16.1899407983391
"37179",10.8,9.27653043977917
"37181",16.2,17.4849010467594
"37183",9.2,8.41142538025301
"37185",19.1,19.8646470455872
"37187",18.9,18.6502105117793
"37189",9.2,9.90172972609644
"37191",13.9,14.6620756668376
"37193",13.7,14.2982569959486
"37195",16.4,16.6382423665721
"37197",13.7,13.6032253656055
"37199",13.9,14.000406316645
"38001",13.2,13.1027849332356
"38003",10.7,11.043393868894
"38005",15.1,15.322651622464
"38007",10.9,11.9800434788308
"38009",12.2,11.9190693169714
"38011",12.2,11.7854915104317
"38013",10.6,11.0247988912073
"38015",9.4,9.08890640714498
"38017",7.8,8.29285665602949
"38019",11.9,12.6855943279063
"38021",11.5,10.7185205358754
"38023",12.9,11.8816705789683
"38025",10.8,11.7275497766353
"38027",12.8,12.6775919812775
"38029",12.7,12.4241229630054
"38031",11.1,11.4063436979194
"38033",12.9,12.2260344337828
"38035",8.5,9.26507708946529
"38037",15.2,13.5675026132336
"38039",12.7,12.0199752304353
"38041",11.5,12.4549442967415
"38043",12.1,12.9210730224905
"38045",11.6,12.171627227247
"38047",13.4,11.8042624699616
"38049",11.6,11.5446970368379
"38051",14.5,13.7132814740605
"38053",9.6,10.5017465630227
"38055",11.3,12.1006826678409
"38057",12.1,11.2467540654963
"38059",10.3,9.64390136700365
"38061",11.8,12.4678131396838
"38063",12.2,12.0370635567196
"38065",12.5,12.4773328028599
"38067",12.5,12.3562985259775
"38069",11,11.0549147816775
"38071",11.3,12.0282657515407
"38073",11.2,11.5047093170116
"38075",11,10.3937217393586
"38077",10.3,10.770912891213
"38079",16.7,17.108299714847
"38081",11.5,11.7147926144227
"38083",13.3,13.7099343227059
"38085",19.1,18.4316451284105
"38087",12.5,11.9819666435925
"38089",9.4,9.34339653193474
"38091",11.5,11.7396125573197
"38093",11,10.7514656170287
"38095",14.8,13.0148579621635
"38097",10.4,10.1951387913965
"38099",13.1,11.8941439445113
"38101",8.9,9.24485649948894
"38103",12.4,11.8558685376263
"38105",8.8,8.97845836071853
"39001",16.4,14.2018301398147
"39003",15.2,13.3242247506795
"39005",14,12.8982189353394
"39007",15.1,13.9465012706675
"39009",11.3,11.8489934610045
"39011",12.5,12.1907843377073
"39013",15.1,13.940616295016
"39015",14.3,13.9060975688499
"39017",12.9,11.6023650169895
"39019",16.1,14.1451184347391
"39021",13.8,12.9920677732007
"39023",15,14.1236525508385
"39025",12.8,11.2836827101018
"39027",14.2,13.0629275267562
"39029",15.4,13.5419765786356
"39031",15.3,14.4106091878025
"39033",15.6,13.9301644823425
"39035",12.9,12.7883190507227
"39037",14.6,13.2461746269737
"39039",13.9,12.8591604343174
"39041",10.2,8.62821788859618
"39043",13.9,13.4072693104668
"39045",13.1,11.6690074636066
"39047",15.8,13.7565615160683
"39049",11.8,11.3008211389532
"39051",14.3,12.4583132858365
"39053",15.7,14.5278541969089
"39055",12.9,10.0705736838543
"39057",12.2,11.4744173437348
"39059",15.4,14.4956017183015
"39061",14.2,12.1152915875684
"39063",12.8,11.739078874614
"39065",14,12.8964954837083
"39067",15.3,15.3869354733086
"39069",13.9,12.5425799947832
"39071",15,13.6924436768884
"39073",16.1,14.5603765665125
"39075",13.3,11.9945162497531
"39077",13.9,12.9168577273536
"39079",15,13.9094464941711
"39081",14.2,14.5524642179213
"39083",11.8,12.7835911065722
"39085",13.7,11.7879021751923
"39087",15.6,14.435851416129
"39089",12.8,11.7696706248959
"39091",14.4,12.9243624857527
"39093",14.1,12.69283390156
"39095",14.5,12.6939575358703
"39097",13.2,12.4972893122403
"39099",15.4,14.0090250211222
"39101",14.7,14.1558841351512
"39103",13.3,10.3971149081127
"39105",16.7,15.6537911046847
"39107",13.3,12.1199623960009
"39109",13,12.2768356463195
"39111",15.8,15.8940379873713
"39113",14.2,13.3581970146706
"39115",15.4,16.0928655446823
"39117",15.6,13.2203947711737
"39119",14.1,13.5129860331123
"39121",18.9,16.4508044692071
"39123",14.6,13.5409772251798
"39125",14.7,12.7049196626664
"39127",14.5,13.7265691584838
"39129",12.6,12.3937471610301
"39131",16.1,14.5405113180583
"39133",11.8,11.1288147864058
"39135",14.3,12.9993855870824
"39137",12.5,11.2433618268977
"39139",14.5,13.9176134151693
"39141",15.5,13.7446510382551
"39143",14.8,13.3334879997577
"39145",15.1,14.7864016593241
"39147",14.1,12.8103280077897
"39149",13.6,12.3794709317253
"39151",13.3,12.9379554031282
"39153",13,11.8304425542628
"39155",16.1,14.2551248375954
"39157",15,13.0241881247186
"39159",9.3,9.49199381848319
"39161",13.3,12.819944610824
"39163",16,14.9795262102464
"39165",11.5,9.69187420927337
"39167",15,14.1182437386926
"39169",12.3,11.9068446643157
"39171",14.4,12.9827842829063
"39173",11.1,10.3202902699148
"39175",12.9,12.4495575357695
"40001",17.6,17.2007866980922
"40003",13.3,12.25788254383
"40005",15.5,15.3353855927354
"40007",13.6,13.520382312057
"40009",12.8,13.4324236715436
"40011",15.5,13.6059550141047
"40013",14.1,13.8270230353462
"40015",15.2,15.1746033910667
"40017",11.5,10.2782232566112
"40019",13.8,14.039785639331
"40021",15.4,14.7118230223219
"40023",17.1,16.7200486837808
"40025",13.9,13.2579881520932
"40027",11.4,10.8349503170544
"40029",17.2,16.4792042619231
"40031",12.5,13.0555651026146
"40033",16.1,14.5449417206585
"40035",17.4,15.7867086788928
"40037",14.1,13.567268036963
"40039",11.7,11.5930906760209
"40041",17.3,16.6186782042675
"40043",14.4,13.9181615429211
"40045",14.7,14.6103052186831
"40047",12.7,12.895715656808
"40049",14.4,13.8225533578286
"40051",12.9,12.3807217910733
"40053",15.6,13.4713159574236
"40055",14,14.2192663972308
"40057",17.1,16.4348643834325
"40059",14.8,13.4860871749455
"40061",16.5,15.9579244165475
"40063",16.1,15.8008620025823
"40065",13.6,12.36409562505
"40067",16.6,15.5310676368266
"40069",15.5,15.3422467240011
"40071",14,14.3194530635424
"40073",12.7,12.5415239598021
"40075",17.2,15.137379784896
"40077",17.2,16.2223831540623
"40079",15.8,15.0719044034958
"40081",14.4,13.8255272933058
"40083",12.9,11.7528721781927
"40085",14.5,14.5555121413368
"40087",12.5,11.5011386682638
"40089",16.9,15.9463984099547
"40091",17.9,17.8618591291337
"40093",13.7,13.7999976896492
"40095",16.2,16.0219987634711
"40097",15.5,15.1381699054932
"40099",14.9,14.275714019017
"40101",14.6,14.6297852513919
"40103",14.1,13.5268551088837
"40105",15.4,15.2714997311318
"40107",17.2,16.2846606131563
"40109",12.5,11.9349800815862
"40111",16.2,15.1172439961402
"40113",15.5,14.5637343513792
"40115",16.1,15.4759141439708
"40117",14.1,14.3136120956889
"40119",10,10.686674543073
"40121",15,14.8663012360366
"40123",14.1,13.2850450489836
"40125",13.8,13.3438654675082
"40127",18.6,16.8442811185074
"40129",15.2,13.4552748843053
"40131",12.4,12.3010529708253
"40133",16,15.7648981891476
"40135",16.8,15.6615221388481
"40137",14.2,13.9058025264968
"40139",14.5,14.0520775224087
"40141",17,14.8484486573359
"40143",12.5,11.8158425937613
"40145",12.2,12.1633934306963
"40147",14.8,12.995394306347
"40149",14,13.2974862368602
"40151",11.3,11.3459067064871
"40153",13.3,12.8535566473516
"41001",13.1,12.3198533255548
"41003",8.7,8.19995259267931
"41005",9.5,9.13468041931312
"41007",11.2,11.7086493986195
"41009",11.2,11.192505186881
"41011",13.3,13.0910853055573
"41013",12.5,12.1414679218821
"41015",15.8,13.7860768515201
"41017",10.1,9.36250259746206
"41019",13,12.8913179562425
"41021",13.2,13.6519426611217
"41023",13.6,14.2699605944644
"41025",13.6,13.3731481289019
"41027",10.7,9.42798859223086
"41029",12,11.2776386443701
"41031",12.4,12.5061177094698
"41033",13.7,13.3342783028861
"41035",12.9,12.6534922324391
"41037",13.7,12.9517257164472
"41039",10.3,10.7017598085948
"41041",14.2,13.246766200517
"41043",10.8,11.4486135626615
"41045",13.4,12.3294871440535
"41047",12.3,11.1161352750159
"41049",13.5,12.6330596529285
"41051",8.7,8.07302645222347
"41053",11.3,10.2829512262236
"41055",12.9,12.7268963522206
"41057",12.9,12.4034159817828
"41059",11.7,11.1411282488748
"41061",11.2,11.473392543692
"41063",11.8,12.0648086103109
"41065",11.8,11.7650918737327
"41067",9.3,8.09980345027505
"41069",15.6,14.1700592441332
"41071",10.7,10.3704587787945
"42001",10.9,11.7419282366905
"42003",11,10.4501879256711
"42005",12.3,12.7696394037818
"42007",11.8,12.3775351799349
"42009",12.6,13.3395940614781
"42011",11.5,11.6835507356474
"42013",12.7,11.7180399577378
"42015",12.2,12.1537173023476
"42017",11.1,9.9299727898832
"42019",9.7,9.55577514154827
"42021",12.6,12.7573253368229
"42023",15.4,14.6636651935323
"42025",12.4,12.212224057824
"42027",8.7,9.07739658350473
"42029",9.2,8.77826482845941
"42031",11.3,12.285190235049
"42033",13,12.1145924733346
"42035",10.8,11.4008971723298
"42037",11.1,11.5046668024766
"42039",12.2,12.9175253529739
"42041",10.2,10.2541946086669
"42043",12.2,11.6465652551802
"42045",10.8,10.8711205631849
"42047",12.7,12.0400847925196
"42049",11.6,12.0416761389988
"42051",13.2,14.0699985153601
"42053",13.6,14.1636559819574
"42055",11.5,11.6582028596359
"42057",11.6,13.250829003078
"42059",12,12.9321865017681
"42061",11.5,12.2722861132657
"42063",10.9,11.9443561158459
"42065",12.6,12.8322006592246
"42067",12.3,12.3643381116599
"42069",11.5,11.3567708290379
"42071",10.6,10.9606199885815
"42073",12.5,13.3041639910948
"42075",11.5,11.8349226890984
"42077",11.6,11.4355610217981
"42079",12,12.0461574641007
"42081",11.4,11.6131632998901
"42083",11.8,12.0322295002957
"42085",11.6,13.0996356402568
"42087",13,12.6273446021922
"42089",12.6,12.3985346207469
"42091",10.3,9.57647300500116
"42093",12,10.700448663595
"42095",10.9,11.2765376135922
"42097",12.5,12.0115827054852
"42099",11.2,11.9119989312509
"42101",14.6,13.2455688843974
"42103",12.4,12.474871935193
"42105",13.2,13.2982528252347
"42107",12.5,11.8646012826437
"42109",11.3,11.3930973390647
"42111",12.1,13.0754948147874
"42113",14.9,13.6567511789903
"42115",11.4,12.4865302754379
"42117",12.8,12.2849219433581
"42119",10.7,10.765597834835
"42121",13.3,13.4073677275616
"42123",12.5,12.8583149311123
"42125",11.2,11.1923815709104
"42127",13.5,12.6948571839731
"42129",10.6,11.486291693123
"42131",12.4,12.1282632634437
"42133",10.3,11.1702804850606
"44001",9.9,8.39901469936132
"44003",10.7,10.5299504815324
"44005",9.7,9.59022094873551
"44007",11.6,11.9517818348429
"44009",9.8,9.05894692806972
"45001",15.2,15.4274716107384
"45003",13,13.4609142541683
"45005",19.9,20.669469121586
"45007",13.2,12.8650027197551
"45009",18,18.8681824012896
"45011",16.8,17.5206431529955
"45013",12.5,12.6871766186415
"45015",11.8,12.0161014251652
"45017",16.6,17.2470295558673
"45019",10.6,9.89431586855172
"45021",13.6,14.3648972668982
"45023",15.1,16.1763951440025
"45025",15.2,16.2639013987175
"45027",17.6,18.1732267627186
"45029",16.9,16.5459664921633
"45031",15.2,16.3361979900048
"45033",19.4,18.7083672402493
"45035",12.2,12.0805913653213
"45037",15.3,15.4229437159005
"45039",19.6,18.794152314885
"45041",14.5,15.4102519045803
"45043",15.4,15.8092976849373
"45045",10.1,11.0573676062135
"45047",14.3,14.6444183102986
"45049",17.7,18.1288722907787
"45051",13.9,13.9991482747824
"45053",16.3,16.5362323506839
"45055",14,14.0944643139505
"45057",12.7,13.2141069330381
"45059",14.7,15.0192718706673
"45061",19,19.2060931332823
"45063",11.8,11.3626017023541
"45065",18.2,19.8549296624486
"45067",19.7,19.5481848980157
"45069",18.7,18.5629055321725
"45071",14.8,15.0853135951732
"45073",14.3,13.6656921925698
"45075",18.4,18.6093038107537
"45077",10.9,12.3146015354542
"45079",11.9,12.8942293424082
"45081",15.7,15.844173348709
"45083",12.5,13.1093138483164
"45085",14.5,15.5447750011363
"45087",16.9,16.5402193802711
"45089",18,19.6161375826523
"45091",10.6,10.4290566224762
"46003",10.4,10.8064593529704
"46005",12.2,11.3764507910596
"46007",13.6,15.9230386098722
"46009",11.1,11.8921773970599
"46011",7.1,7.97644867543622
"46013",9.1,9.94991172683537
"46015",11.6,11.7420242997632
"46017",15.7,17.9573074859687
"46019",10.7,11.0078256475039
"46021",12.3,11.427047299884
"46023",12.8,13.7682466693906
"46025",11,11.8611655250952
"46027",7.4,8.98013292596129
"46029",10.7,10.8245134767445
"46031",16.1,17.9055627803426
"46033",13,13.115192820305
"46035",11.1,11.4054880372325
"46037",12.6,13.0185255231857
"46039",11.5,10.7455616177647
"46041",15.2,16.7023038882129
"46043",11.3,12.6383152089852
"46045",10.6,10.5938397379622
"46047",14.4,15.006984610446
"46049",12.6,13.1303177892319
"46051",10.9,11.444155660442
"46053",13,12.831447185744
"46055",11.8,13.1008314697726
"46057",8.8,9.66149991157138
"46059",10.8,11.4429011329753
"46061",9.9,9.77307353526265
"46063",9.9,10.9388375925715
"46065",9,9.96555246088472
"46067",10.2,10.968393301661
"46069",10.5,11.8127975179569
"46071",15.5,17.7157387352807
"46073",12.4,13.4610988914014
"46075",11.8,12.0592765693373
"46077",10.8,11.1001011361712
"46079",10.2,10.287028447643
"46081",9.9,10.784441756521
"46083",7.8,7.6503979196729
"46085",14.3,14.6699681552658
"46087",9.6,9.89830313280698
"46089",12.4,13.2403616551392
"46091",10.4,11.6952827557627
"46093",8.2,9.86281054023837
"46095",16.4,19.1830119576647
"46097",11.4,12.1827979149735
"46099",8,9.13820750284775
"46101",11,11.1811143695851
"46103",9.9,10.9609562599651
"46105",10.3,12.4734925962081
"46107",11.6,11.9802276497634
"46109",14.6,15.2013720405279
"46111",10.8,11.1042746897715
"46115",11.2,11.2614598318285
"46117",10.2,10.2624579190068
"46119",11,12.1094317219963
"46121",16.4,19.3026461550215
"46123",13.6,13.9527930785035
"46125",10.1,10.6064879156645
"46127",9.6,9.34954074110522
"46129",11.9,12.1415873540047
"46135",9.9,10.5338036766024
"46137",15.1,17.730445069355
"47001",14.3,13.2982314840303
"47003",13.6,12.3774162247842
"47005",16.9,15.6743868065397
"47007",16.9,15.609842919869
"47009",13.6,12.3497738140699
"47011",13.3,12.6835293442966
"47013",15.6,15.1220243880727
"47015",14.3,13.2880671126724
"47017",15.8,14.3672148889851
"47019",16.6,13.4976543351904
"47021",12.9,11.7505341241787
"47023",14.6,13.6188028730086
"47025",14.8,13.8122191082978
"47027",18.1,16.8014398920993
"47029",17.2,15.3492663437218
"47031",15,13.2316429653762
"47033",16.1,15.3337627693686
"47035",18.1,16.1715838877356
"47037",12,11.5451659717473
"47039",17.5,15.6074785348798
"47041",16.4,14.2258676926328
"47043",13.2,12.4231970409131
"47045",15.1,13.7010134297683
"47047",16.2,14.9247555973411
"47049",17.1,15.3682807456248
"47051",15.1,13.7789275314826
"47053",15.6,14.1475372306115
"47055",15.4,14.4457383055835
"47057",17.5,14.2896478570308
"47059",15.8,13.9831430432671
"47061",15.8,14.5601935574822
"47063",14.4,13.6663386035246
"47065",13.3,12.513316848019
"47067",19.4,17.3198330019897
"47069",17.1,16.9013524748165
"47071",15.7,15.6547289513806
"47073",14.7,14.3180862900901
"47075",20.3,19.110183852295
"47077",16,14.3671423657348
"47079",17.4,15.4831699740012
"47081",14.6,13.2592341911531
"47083",14.5,14.3857502215085
"47085",16.1,13.8136879769848
"47087",17,15.6509650244745
"47089",14.1,12.7981600461279
"47091",16.9,14.6690768673044
"47093",12.2,10.3398175278991
"47095",17.1,15.7741595705245
"47097",17.1,15.9472889097943
"47099",15.3,13.4645732005495
"47101",16.4,15.0323145918287
"47103",14.8,13.4874654513478
"47105",15.8,14.101513670473
"47107",14.3,13.7377646761396
"47109",16.3,14.8531796723635
"47111",14.2,13.4355129159391
"47113",15.2,15.5532604264184
"47115",15.1,14.334725446502
"47117",14.8,12.7940863466445
"47119",12.5,12.2076555714957
"47121",14.8,14.6401209425363
"47123",16.2,14.6096745877189
"47125",11.2,10.8972880876304
"47127",14.7,13.3658093746825
"47129",15.8,14.5737242286755
"47131",15.9,14.7220690110551
"47133",15.1,14.3765022702488
"47135",16,15.4308294988939
"47137",18.9,16.9569083742135
"47139",15.8,13.7560452796378
"47141",11.9,12.4639935590761
"47143",16.5,13.7783489949227
"47145",15.1,13.8931182843017
"47147",12.7,11.8838774196548
"47149",11.8,10.1262517030346
"47151",15.9,15.2894415414108
"47153",16.5,14.8162260069783
"47155",13.5,13.1443109452652
"47157",16,15.2776266311305
"47159",13.3,12.9927379117417
"47161",14.7,14.0304421413671
"47163",15.2,12.9116012992352
"47165",12.1,11.3789699252611
"47167",13.8,12.4941367189739
"47169",12.1,10.6923758256215
"47171",16.3,14.6762457896666
"47173",14.8,13.8032598817001
"47175",17,15.4587152251214
"47177",15.9,13.8796125925768
"47179",13.7,11.1927962586898
"47181",15.6,14.4537828880478
"47183",12.9,13.9429705595892
"47185",15.6,14.5829144408629
"47187",10.5,8.38400050107042
"47189",12.2,10.9041138019715
"48001",14.3,14.2341509965645
"48003",13.5,12.9123943257591
"48005",16.1,14.2204284892846
"48007",17,15.4664745344519
"48009",13.5,12.7525078701104
"48011",13.4,13.1672629510874
"48013",15.9,14.149241857049
"48015",14.7,13.2991759715099
"48017",14.6,14.7477864884466
"48019",15.9,14.6940225506273
"48021",13.9,12.8619277726153
"48023",13.8,13.7094537496971
"48025",15.7,14.0833799748741
"48027",13.1,12.336752458348
"48029",15.3,11.5597270426286
"48031",15,12.804950915619
"48033",12.2,9.61584811707935
"48035",16.4,14.5774763440759
"48037",14.6,14.0116905833798
"48039",13.2,10.8241347969239
"48041",9.7,10.7243280228811
"48043",15,13.906067003971
"48045",20.8,17.4661117945394
"48047",20.1,18.3783768628426
"48049",14.5,13.544571825494
"48051",15.7,13.9790838030413
"48053",14.4,12.6956117414562
"48055",15.7,14.164674171466
"48057",15.2,12.3681889230851
"48059",14,12.7954879074948
"48061",20.5,15.9620628450752
"48063",16.3,15.6532334546041
"48065",12.4,12.1016590653426
"48067",15.9,15.2067708943856
"48069",16.4,14.3593013017618
"48071",11.9,11.9558022973488
"48073",15.7,14.8492520649407
"48075",13.3,12.5232738917501
"48077",13.8,12.648530479353
"48079",19.2,17.816126655818
"48081",17.8,15.488854024277
"48083",16.6,15.116470124093
"48085",9.9,9.35121761430531
"48087",16.5,16.5168822806922
"48089",15.8,13.1708799373978
"48091",12,9.8397838411126
"48093",16.4,14.7000575079735
"48095",19.1,15.8695076518034
"48097",13.6,12.8377549161524
"48099",11.2,12.3080345829234
"48101",19.6,15.8990037634661
"48103",15.3,12.6044978206533
"48105",17.2,14.5890011813747
"48107",17.6,16.8091908851192
"48109",20.3,17.185322422858
"48111",14.7,13.4264307071384
"48113",12.9,13.0482592786122
"48115",16.3,15.3849422594978
"48117",17.6,15.6033428558769
"48119",14.1,13.2830852077426
"48121",10.3,9.41854199061166
"48123",16.4,14.7077777575857
"48125",16.8,14.6416616773717
"48127",23.7,20.0758837556179
"48129",15,15.3747087660643
"48131",18.6,16.5989925500645
"48133",14.7,13.6282639105399
"48135",13.4,13.4595220821818
"48137",22.8,17.2600610647621
"48139",11.9,11.5152561453279
"48141",15.8,14.4758443718315
"48143",11.8,11.3328471581061
"48145",16.8,15.7545279329632
"48147",13.6,12.58291158232
"48149",14.6,13.5663867622774
"48151",16.7,14.2669623698931
"48153",18.9,15.6264953743258
"48155",18.6,17.9444590371912
"48157",12.6,9.39886448999324
"48159",12.6,12.8681548624465
"48161",15.8,14.4369202660908
"48163",16.2,14.5050906572879
"48165",13.1,14.1843346142334
"48167",13.1,11.9386940465884
"48169",13.8,13.2639492415653
"48171",14.6,13.0263687858204
"48173",11.9,10.2667434186742
"48175",17,13.8521874879742
"48177",16.2,14.2042233025598
"48179",15.1,13.9671496299536
"48181",13.9,12.5260725184764
"48183",14.4,13.9999878493029
"48185",15.6,14.1429130092018
"48187",13.2,10.6146262110932
"48189",16.1,14.7237641983746
"48191",18.1,16.6490693259629
"48193",15.8,14.2571820987014
"48195",13.7,11.195763876518
"48197",15.3,14.1998430572155
"48199",13.1,12.9294939217947
"48201",14.3,12.9656855531117
"48203",14.7,14.1517181915243
"48205",12.3,12.2584621685342
"48207",15.7,13.9386953804107
"48209",10.9,10.0572267805137
"48211",13.2,11.5660047059488
"48213",15.4,14.4025798712473
"48215",18.5,15.9286043043019
"48217",15.7,14.0929144606418
"48219",15.4,14.2537740523777
"48221",12.7,12.3888807103837
"48223",13.8,13.061583900323
"48225",17.5,16.2971527353284
"48227",14.1,12.9102632287573
"48229",16.5,17.5634194134984
"48231",13.1,12.6680871310884
"48233",13.7,13.6541481178381
"48235",14.4,13.7254588960388
"48237",13.4,12.826949704804
"48239",16.2,14.2018444331671
"48241",16.6,16.557016789009
"48243",21.1,21.5300297849813
"48245",16.9,15.9122772621233
"48247",21.8,16.2910186569216
"48249",18.2,16.057745700411
"48251",13,11.7294716314019
"48253",14.7,14.2428783566584
"48255",14.6,14.2076023144053
"48257",12.2,11.8395002320227
"48259",11.8,9.10062547975278
"48261",26,15.1672543293033
"48263",14.4,13.3248027251037
"48265",16.2,14.0185979361455
"48267",17.4,14.2509622657344
"48269",19,13.7873271517314
"48271",18.2,15.0890024355553
"48273",14.6,15.4625512250326
"48275",16.6,15.0554288987088
"48277",14.8,13.7978703855097
"48279",17.5,15.8212905647623
"48281",15.2,13.1943255446302
"48283",16.5,17.1877822594571
"48285",15.1,13.47299602547
"48287",15.9,14.1509934074386
"48289",16.6,15.1204978767911
"48291",14.6,14.4775032392865
"48293",17.8,16.1067323460146
"48295",16.1,14.4109175325793
"48297",16.7,16.6103695591748
"48299",16.2,14.8538103122053
"48301",12.8,14.8755536297389
"48303",11.5,11.7269095304778
"48305",17,13.8192780939001
"48307",16.6,14.4047569340001
"48309",13.6,12.939299163467
"48311",20,15.7552813003257
"48313",13.5,13.680868221861
"48315",18.4,16.8876833581133
"48317",13.7,13.2375425989659
"48319",15.1,12.1803720738448
"48321",17.5,15.0094242190088
"48323",19.2,15.5873218500616
"48325",14.9,12.3716358960202
"48327",18.1,18.0845249933638
"48329",11.2,11.017009706912
"48331",15.3,14.4201846616507
"48333",14.9,13.538179421752
"48335",14.2,14.5605976860731
"48337",13.9,13.4427026138099
"48339",12,10.4010774033965
"48341",16.2,14.6662233546072
"48343",16.1,15.8430162384513
"48345",15.6,14.5316956608923
"48347",13.2,13.9822107266372
"48349",15.7,14.6939220445902
"48351",18.7,17.9998372211238
"48353",16.7,14.479566062665
"48355",16.5,13.4197120046285
"48357",14.3,13.3919460053621
"48359",13.6,11.261472070433
"48361",13.4,12.8125291189148
"48363",14.4,13.6784301311151
"48365",15.2,14.8685184085176
"48367",11.5,10.7376207428543
"48369",16.7,13.7877809238582
"48371",16.5,15.3306428927403
"48373",17.3,14.5334449635526
"48375",16,14.996701008585
"48377",24.3,23.6046450841116
"48379",15.4,13.6338052729632
"48381",11,10.2789780067418
"48383",14.6,11.6233668242671
"48385",20.4,19.1797665743339
"48387",17.6,16.6468469748824
"48389",17.1,14.3808778413828
"48391",18.7,15.697036828548
"48393",13.5,12.0404528197185
"48395",15.4,14.9313970881804
"48397",10.6,8.93002778109225
"48399",15.2,13.7043989378758
"48401",13.8,14.0542998152206
"48403",18,16.7652919705804
"48405",20.1,19.683384250592
"48407",16.1,15.5398632451964
"48409",15.7,13.6829998690606
"48411",14.7,14.5952470788003
"48413",17.1,16.6313139448516
"48415",14.6,12.810688759184
"48417",13.3,12.0140390374043
"48419",16.7,16.1380617893712
"48421",14.2,13.3066020510093
"48423",13.8,13.0016422194765
"48425",12.3,12.0892859869751
"48427",20.5,18.3624824481301
"48429",14.8,13.6136372113067
"48431",12.2,11.2888492801943
"48433",16.6,13.7923484575175
"48435",19.1,13.8731943699206
"48437",16.7,15.7322209494357
"48439",12.7,11.7810595129207
"48441",12.2,11.8974573379663
"48443",17.2,14.3406486998188
"48445",17.6,15.7200974785231
"48447",15.8,14.4570454669328
"48449",15.8,14.859977370795
"48451",14.1,12.1827756982497
"48453",10.8,8.32162764187786
"48455",16.9,16.251130487288
"48457",15.4,15.4688723122383
"48459",15.4,13.3373536527379
"48461",17.3,15.8990947619439
"48463",16.6,15.8489081987439
"48465",16.8,13.6569642046662
"48467",14.3,13.1908497902313
"48469",15.1,13.9117387658028
"48471",13.7,13.4997117636054
"48473",11.9,12.8618843535273
"48475",15.3,12.8150162810573
"48477",14.8,13.313780328449
"48479",15.4,14.1904975712705
"48481",15.7,14.2322462884442
"48483",16.1,15.3936474350152
"48485",13.1,12.0670375847839
"48487",17.2,14.2949503427355
"48489",19.5,17.238447221748
"48491",10.4,8.74436089669097
"48493",14.6,12.0072704212484
"48495",15.2,13.7213104792658
"48497",13.2,11.9471975319141
"48499",15.1,14.8147196172178
"48501",15.9,14.0999971288999
"48503",14.6,12.9861001065553
"48505",22,19.0059294448503
"48507",21,17.0625622753161
"49001",10.5,9.75793203796921
"49003",9.5,9.39213499105383
"49005",7.9,7.64439394133469
"49007",12.9,11.4395519125086
"49009",13.6,10.9993791115315
"49011",9,7.46649996235464
"49013",10.8,11.3757549559267
"49015",12.2,11.2801487594293
"49017",12.7,11.7823805409045
"49019",12.3,10.6844206319365
"49021",9.4,9.49238973225705
"49023",9.5,9.65581301853982
"49025",12.6,11.2084218227026
"49027",11.7,11.3399768543545
"49029",9,7.6960035131485
"49031",16.6,14.398955361225
"49033",11.2,10.6570992333624
"49035",9.1,8.67533636112249
"49037",15.1,14.5756503755908
"49039",10.2,10.6256268046206
"49041",11.3,10.6409790565906
"49043",9,6.60608875707932
"49045",9.3,8.94362027033084
"49047",10.7,10.8274802542346
"49049",6.7,6.95548092036584
"49051",8.6,7.30547722554318
"49053",10.3,10.5277114669978
"49055",12.3,11.3447476824836
"49057",9.8,9.13353956835418
"50001",7.7,9.24528688812105
"50003",9.6,10.0881216398244
"50005",10.4,10.8108749461542
"50007",7,7.34398750252207
"50009",11.5,12.838859871052
"50011",8.6,10.2085850993716
"50013",8.7,9.05201995576654
"50015",8.2,8.15240922434011
"50017",8.6,9.98448586311679
"50019",10.1,11.1902341081956
"50021",9.2,10.9398170904847
"50023",8.2,8.75961961359568
"50025",8.6,10.2853118651419
"50027",8.6,9.87767042465059
"51001",17.8,16.0442832214981
"51003",10.6,8.93237365953409
"51005",15.7,15.2784749318162
"51007",15.8,13.9945200807053
"51009",15.4,14.2465017312733
"51011",15.3,14.339267331213
"51013",8.9,6.97877902552724
"51015",13.2,12.9812307719411
"51017",18,17.2386105406092
"51019",12.8,12.0809670145206
"51021",13.9,14.5001661662114
"51023",13.7,12.5889803959893
"51025",18.3,17.2613855396341
"51027",17.8,16.9853858011756
"51029",16.7,15.4468268388787
"51031",14.2,13.2200724611865
"51033",14.6,13.4035922746806
"51035",15.1,15.0940774555513
"51036",19.8,17.7803765052782
"51037",18.6,15.7212406795861
"51041",12.4,10.8672733123711
"51043",12.9,11.6352899021164
"51045",14.5,14.7740982764955
"51047",13.6,12.2197964208895
"51049",16.1,15.2698648711182
"51051",16,16.7792301623306
"51053",15.6,13.9763036841549
"51057",19.2,16.6376850836641
"51059",10.7,9.1488509189041
"51061",11.7,10.4716376025142
"51063",14.1,13.4372666244153
"51065",13.5,11.9245811775077
"51067",15.4,14.1451550230806
"51069",13.3,11.3279359073216
"51071",13.9,13.4916858231239
"51073",13.2,11.6673693848543
"51075",13.3,11.257259121326
"51077",17.5,15.7599471162335
"51079",13,12.4322294243315
"51081",16.9,15.0454626525604
"51083",19.1,17.1617651643281
"51085",12.7,9.94777538379419
"51087",12.8,11.5847828141129
"51089",18.6,16.7949528857792
"51091",15.3,14.9995387479327
"51093",14.7,12.4013246734978
"51095",13.5,11.3536222959981
"51097",17.4,14.6899835848379
"51099",12.4,10.6641197618827
"51101",14,11.8551987410258
"51103",18.5,17.452581789633
"51105",16.5,16.0986663702684
"51107",10.2,8.22033578526769
"51109",13.6,13.0968605080503
"51111",18.5,16.5817343413089
"51113",14.6,13.5277039106837
"51115",15.7,14.1377047487002
"51117",18.1,16.7423741893941
"51119",17,15.2374130933559
"51121",9.8,9.25197717538827
"51125",15.6,14.3847145720002
"51127",11.8,10.7437934756639
"51131",18.1,16.6071562533196
"51133",18,16.8496110734781
"51135",16.9,15.3295952484547
"51137",13.6,12.887875042533
"51139",14.5,13.6104446450474
"51141",17.1,15.5544137770298
"51143",18,16.1028333223228
"51145",12.1,10.7221480411035
"51147",12.9,13.0945158713903
"51149",12.3,11.6958412229361
"51153",12,10.3421284448454
"51155",13.7,14.0339336324129
"51157",15.1,13.0537125196183
"51159",16.7,14.0190005532137
"51161",12.2,10.8942212480663
"51163",14.4,13.2506089053617
"51165",12.2,11.9161598216908
"51167",16.5,16.0094926726828
"51169",16.6,15.6302302125282
"51171",14.7,13.5719965634887
"51173",15.9,15.0118790437988
"51175",15.6,14.3794771188547
"51177",13.1,11.2884618743664
"51179",11.5,9.95948097665646
"51181",18,15.9192669764947
"51183",16.5,15.5568267048164
"51185",15.7,15.7635282932389
"51187",13.2,12.1937505473043
"51191",14.3,13.0505413990495
"51193",18.6,16.1525357677051
"51195",15.3,14.3484961632781
"51197",13.9,14.442228041763
"51199",11.5,9.34662056472919
"51510",10.2,8.69304335457732
"51520",15,13.9711497657675
"51530",13.6,13.6224312092011
"51540",11.1,9.02774348847466
"51550",13.4,11.2971718189162
"51570",13.2,12.5683260031592
"51580",14.7,15.1821753788413
"51590",20,18.1697014785571
"51595",20.2,18.1949882839476
"51600",11.8,9.36124164158404
"51610",9.8,6.51107804603906
"51620",18.3,16.0329562737934
"51630",11.5,10.6849373945365
"51640",16.2,14.5434531146234
"51650",14.4,14.5895768983779
"51660",10,11.1109363567764
"51670",17.9,15.8182638039529
"51678",7.9,6.57458556544393
"51680",10.9,11.5281557539516
"51683",12.4,11.0220941151384
"51685",13.8,12.0873019183004
"51690",18.1,16.5664432645494
"51700",13.1,13.5780620900347
"51710",12.8,12.8572103258885
"51720",15.2,16.0229113561267
"51730",18.8,18.3801248793527
"51735",11.2,8.88246067398498
"51740",15.4,15.4056500628595
"51750",8.3,10.2090756134152
"51760",13.6,12.5766274080052
"51770",15.2,13.5135462948104
"51775",11.6,11.0170558205811
"51790",13.6,11.8100364659946
"51800",13.6,12.882813792651
"51810",12.2,10.7188738027025
"51820",13.3,12.3359592064847
"51830",10.1,10.2696891973617
"51840",13.6,11.5254971594631
"53001",12.6,12.9259435522306
"53003",12.2,11.9006454099401
"53005",10.3,9.68385115063201
"53007",11.1,11.2396473035705
"53009",11.9,12.5436406045807
"53011",9.9,9.54083078475228
"53013",11.9,12.596671521935
"53015",11.7,11.6359727594702
"53017",11.5,11.8051906002499
"53019",15.4,14.0984201536994
"53021",11.2,11.1608940780584
"53023",12.8,12.053690246652
"53025",11.8,12.0861759661658
"53027",12.9,12.5823874377412
"53029",10.2,10.6613351421004
"53031",12.2,12.688759342796
"53033",7.4,7.26346405570796
"53035",9.4,9.55101065546817
"53037",9.2,9.42894812007309
"53039",12.7,11.543538965869
"53041",11.9,11.8712074696642
"53043",12.3,11.9235982967414
"53045",11.9,12.3639901048116
"53047",13.8,13.4321106204363
"53049",14.9,13.7364692890818
"53051",12.4,12.7578404880373
"53053",9.8,9.70427238388096
"53055",11.7,11.2347614502569
"53057",10.5,11.1529557079528
"53059",11.9,11.1042656214869
"53061",10.2,8.99927810814624
"53063",10.2,9.50130656130071
"53065",12.6,12.4546229845992
"53067",10.3,9.48045793024959
"53069",13.4,13.990688537765
"53071",10.8,10.6617937756002
"53073",9.8,9.60182031907482
"53075",8.1,7.37136039029837
"53077",12.7,12.2418715324541
"54001",16.1,16.5530157190515
"54003",13.6,11.2505208556234
"54005",17.5,15.907372232446
"54007",17.4,16.5818778889084
"54009",16,13.4032101269763
"54011",15.2,12.782914678345
"54013",20.1,19.2752140841328
"54015",18.6,17.0733548524744
"54017",15.8,14.8328256098312
"54019",18.4,15.4892110988423
"54021",14,12.1678027110649
"54023",17.6,14.4651213923146
"54025",17.4,15.0799537379043
"54027",18.4,14.7055009114846
"54029",16.8,14.0681782787815
"54031",18.1,14.9215758378838
"54033",15.6,12.4686388295775
"54035",16,14.976876825802
"54037",13.8,11.1334257711467
"54039",15.9,13.5681721895842
"54041",16,14.7656196185673
"54043",18.6,16.9775184478106
"54045",18.5,16.3520427447779
"54047",22.8,20.0856364814932
"54049",15.3,12.5949484724527
"54051",16.3,14.0621919013363
"54053",16,15.5124700709969
"54055",15.9,15.1012633645863
"54057",15.1,13.3405069423523
"54059",19.3,17.3836571915198
"54061",10.9,9.06062587902003
"54063",17.3,14.3294845539394
"54065",15.7,13.7724842002449
"54067",17.5,15.2236377245248
"54069",13.7,12.3434758308222
"54071",17.5,15.5277039092232
"54073",15.1,12.7735804286563
"54075",19.5,16.7668834804356
"54077",16.1,14.1799857031566
"54079",13.9,11.75909271447
"54081",17.1,15.5671862882967
"54083",16,14.2586908535082
"54085",19.1,16.6001621112956
"54087",18.1,16.2936688547983
"54089",18.7,17.2733810340853
"54091",16.4,14.1401388049201
"54093",16,14.2500323136928
"54095",17,15.0760555211324
"54097",16.8,14.7731801898837
"54099",17.1,14.656737523994
"54101",18.6,17.3915939438754
"54103",16.8,15.3004842326609
"54105",19,16.3147714850912
"54107",15.5,13.5858599580712
"54109",19.3,17.0994194321277
"55001",15.5,13.898407871495
"55003",13.3,11.8115504595148
"55005",12.5,11.6252541268465
"55007",13,12.5221735908864
"55009",10,9.46137139833327
"55011",11.7,11.2246807855106
"55013",14.3,13.5149986503431
"55015",9.8,8.53533166017609
"55017",10.4,10.3195932221791
"55019",11.3,11.1396486713472
"55021",10.7,9.94605534820759
"55023",13.1,12.3427055599829
"55025",8.3,7.61882665379415
"55027",11.8,10.1342467279122
"55029",12.6,12.2390746055917
"55031",10.7,10.3835068885912
"55033",9.9,9.20655983447865
"55035",8.9,9.08627835242395
"55037",14.6,12.1621044953145
"55039",11,10.6628802462584
"55041",14.1,13.1557261957214
"55043",11,9.85785525726424
"55045",10.7,10.0890484414757
"55047",13.8,11.667188691479
"55049",10.5,9.70853818722736
"55051",13.9,13.3095259883693
"55053",12.2,11.3616066409312
"55055",10,9.8160379747286
"55057",13,11.3808073495007
"55059",11.6,10.5059723404794
"55061",10.9,10.5200625816459
"55063",9.3,9.31207901876133
"55065",11.3,10.7226368587092
"55067",12.8,12.4210286144322
"55069",12.4,11.4773837482329
"55071",11.5,11.1854995276307
"55073",10.1,10.0387730852293
"55075",13.6,11.9308972367978
"55077",14.4,12.3480933379057
"55078",16,14.0340864322812
"55079",11.5,11.9652320790305
"55081",11.3,10.3913965191695
"55083",13.1,11.0379856140884
"55085",12,11.7956342097761
"55087",10.1,8.82452710289168
"55089",9.6,8.47759359226282
"55091",11.7,11.1834386539567
"55093",9.5,8.81663192477818
"55095",11.7,10.9218691635161
"55097",9.6,9.24455427097561
"55099",13.5,12.901895001392
"55101",12,11.2850938806197
"55103",12.4,12.4433069585814
"55105",10.8,10.9855666485954
"55107",13.8,12.2570963986706
"55109",8.7,8.116464058252
"55111",11.5,10.427399772389
"55113",13.1,13.1604713480037
"55115",12.3,11.5354215911178
"55117",10.6,10.2847226083053
"55119",12.5,10.9363770201129
"55121",11.2,10.6035232272915
"55123",11.9,10.7875603277154
"55125",13.7,13.0713993888284
"55127",9.9,10.3617669623875
"55129",12.6,12.4092218262829
"55131",10,9.2529199738184
"55133",9.5,8.78182368042873
"55135",11,10.8089929136109
"55137",13.5,12.4938284074689
"55139",9.5,9.74200784711685
"55141",11.4,11.1385286782991
"56001",7.6,7.22822613706808
"56003",11.3,12.1156137812444
"56005",9.3,9.262826155447
"56007",11.6,11.203363005122
"56009",11.3,10.4570888801735
"56011",11.5,11.0330078264056
"56013",12.1,12.5252240197234
"56015",10.9,11.6673143148805
"56017",14,12.1056761206323
"56019",12.3,12.2208512463066
"56021",9.5,9.7843238052233
"56023",10.4,10.9328868473717
"56025",10.7,9.70707971453546
"56027",13.1,12.9872912550423
"56029",10.2,10.9379741191011
"56031",13,13.2818424414025
"56033",10.1,10.2452851463704
"56035",10.8,11.4517162015649
"56037",10.2,10.3917537664407
"56039",7.9,7.45667803777526
"56041",10.4,10.4920224668271
"56043",12.3,11.9793467082231
"56045",12.4,12.4923958292776
