"county_fips","per_copd","pred_outcome"
"01001",7.8,7.00537500000001
"01003",7.9,7.73079166666667
"01005",11.7,10.625375
"01007",10.3,10.0210416666667
"01009",10.5,9.1625
"01011",12.3,11.143
"01013",10.9,10.5048125
"01015",9.1,9.07320833333333
"01017",11.3,10.1590833333333
"01019",10,10.2353125
"01021",9.2,9.31118750000001
"01023",12.5,10.8316666666667
"01025",11.3,10.3140208333333
"01027",11.9,10.6682916666667
"01029",12,9.36864583333334
"01031",8.2,8.42425000000001
"01033",9.3,9.57083333333335
"01035",11.7,10.8653333333333
"01037",10.9,9.45506249999997
"01039",9.4,10.53375
"01041",10,9.85783333333332
"01043",10.8,8.93870833333332
"01045",10,9.04847916666667
"01047",11,10.7222708333333
"01049",13,10.2374375
"01051",7.6,7.54639583333334
"01053",10.9,10.5567083333333
"01055",10.4,9.46081250000001
"01057",12.1,10.9357083333333
"01059",11.4,9.30729166666666
"01061",11,10.7187083333333
"01063",13,11.4764791666667
"01065",10.7,10.5097291666667
"01067",12.5,9.33356249999999
"01069",9.6,8.79858333333332
"01071",12,10.53975
"01073",7.4,6.95331250000002
"01075",11.2,10.5829791666667
"01077",8.3,8.0196875
"01079",11.4,9.80827083333334
"01081",6.9,6.19577083333334
"01083",7.5,6.66695833333333
"01085",12,10.5858333333333
"01087",10.3,9.901
"01089",6.4,5.40308333333333
"01091",11.3,9.8048125
"01093",12.4,10.678625
"01095",8.8,8.65152083333334
"01097",9.7,8.50337499999999
"01099",11,10.6071666666667
"01101",8.3,7.49222916666665
"01103",9.8,7.87339583333334
"01105",12,12.3782916666667
"01107",10.5,10.3458333333333
"01109",7.2,7.7965625
"01111",10.6,9.91768750000001
"01113",10.1,9.16429166666667
"01115",7.9,8.08908333333333
"01117",5.5,5.61612500000001
"01119",9.5,10.4204791666667
"01121",10.3,9.8924375
"01123",10.6,10.0689375
"01125",7.4,7.02664583333334
"01127",12.4,9.89777083333337
"01129",11.3,10.0038541666667
"01131",13.3,11.5457708333333
"01133",11.6,11.3629583333333
"04001",13.5,10.9098333333333
"04003",9.3,8.09485416666667
"04005",6.7,6.1689375
"04007",11.5,10.0901875
"04009",7.1,8.55131249999999
"04011",6.3,7.43800000000002
"04012",14.5,10.4740625
"04013",6.3,5.8549375
"04015",11.8,9.79864583333332
"04017",11.7,10.0482083333333
"04019",6.8,6.76233333333334
"04021",8.3,7.71285416666666
"04023",6.5,8.72216666666666
"04025",10.7,8.68162499999999
"04027",7.6,8.60297916666665
"05001",11.1,9.88293750000003
"05003",11.3,10.9454583333333
"05005",12.3,10.0118541666667
"05007",6.1,5.67756250000001
"05009",9.2,9.50335416666668
"05011",10.9,9.83320833333335
"05013",9.4,9.40102083333332
"05015",10.8,9.13881249999999
"05017",12.3,11.0367708333333
"05019",9.1,8.10337500000002
"05021",12.1,11.1462083333333
"05023",10.5,9.81699999999999
"05025",12.3,9.49527083333335
"05027",8.7,9.17947916666663
"05029",11.8,9.69054166666669
"05031",9.1,7.33445833333335
"05033",10.5,9.20685416666666
"05035",9.2,8.86129166666665
"05037",10.7,9.94729166666668
"05039",11,9.73431249999999
"05041",13.1,11.150875
"05043",8.9,8.64
"05045",6.8,7.03652083333333
"05047",11.7,11.1030833333333
"05049",15.8,11.1885208333333
"05051",9.2,8.57916666666666
"05053",8.8,8.9113125
"05055",10.8,9.37297916666666
"05057",10,9.79731250000001
"05059",10.1,9.61402083333334
"05061",8.6,9.64087499999999
"05063",10.8,9.91366666666668
"05065",10.3,9.6576875
"05067",11.2,10.4820416666666
"05069",9.4,9.08572916666667
"05071",12,10.0652708333333
"05073",14.2,11.1246666666667
"05075",12.5,10.733125
"05077",11.6,11.6551041666667
"05079",9.3,9.06422916666668
"05081",9.7,9.07672916666666
"05083",11.8,9.63835416666669
"05085",8.3,8.13495833333332
"05087",11.2,10.2661666666667
"05089",13,11.377875
"05091",10.6,9.33897916666666
"05093",10.9,9.21018750000001
"05095",13,10.9339375
"05097",12.7,10.3052708333333
"05099",11.5,12.3742916666667
"05101",12.1,8.73408333333332
"05103",10,10.1816041666667
"05105",10.3,9.82441666666666
"05107",12.8,11.4270833333333
"05109",10,10.0558125
"05111",12.9,10.665375
"05113",11.3,10.53775
"05115",9.6,8.40183333333333
"05117",11.1,8.67724999999999
"05119",7.5,7.06302083333334
"05121",12.4,10.3248541666667
"05123",11,11.2711666666667
"05125",7.5,7.31375000000001
"05127",12.1,10.392
"05129",14.6,11.7007916666666
"05131",10,8.08231249999999
"05133",9,9.43025000000004
"05135",11.8,11.3755
"05137",13.6,11.6843125
"05139",8.9,9.28947916666666
"05141",14,11.411375
"05143",7.5,6.01379166666666
"05145",10.4,9.09424999999998
"05147",12.2,10.7573541666667
"05149",11.5,8.8639375
"06001",4.3,4.30833333333333
"06003",7.1,7.13543749999999
"06005",8.3,7.68216666666666
"06007",7.2,7.11285416666666
"06009",9.2,8.80477083333334
"06011",7.3,7.746625
"06013",5.5,5.13327083333333
"06015",10.8,8.5886875
"06017",6,6.78660416666666
"06019",6.5,6.6079375
"06021",7.8,8.8335625
"06023",7.8,7.3880625
"06025",6.1,7.1460625
"06027",7.1,7.87085416666666
"06029",7.1,6.5204375
"06031",6.3,6.44762499999999
"06033",8.2,9.36
"06035",8,9.00366666666666
"06037",4.8,5.45779166666667
"06039",7.5,8.76533333333332
"06041",4.9,5.4409791666667
"06043",10.9,8.46802083333334
"06045",8.4,8.74537500000001
"06047",7.4,6.79497916666667
"06049",10,9.28175000000001
"06051",6.4,6.54479166666667
"06053",6.5,6.1406875
"06055",7,6.13408333333333
"06057",9.6,7.23220833333333
"06059",5.1,5.00239583333333
"06061",6.1,6.11127083333333
"06063",8.7,8.26922916666668
"06065",5.9,6.26002083333334
"06067",6.3,5.856125
"06069",4.7,6.12895833333334
"06071",5.8,5.95564583333334
"06073",5.1,5.01829166666667
"06075",3.4,4.58466666666668
"06077",5.6,6.40060416666668
"06079",5.7,6.39660416666667
"06081",4.4,4.37466666666667
"06083",5.2,5.75058333333333
"06085",4.1,3.99997916666667
"06087",5.7,5.80620833333333
"06089",8.1,8.17512499999999
"06091",9.3,9.16443750000001
"06093",9.1,9.3871875
"06095",5.8,6.08629166666667
"06097",5.9,6.27489583333332
"06099",5.8,6.50441666666667
"06101",7.6,7.15647916666667
"06103",8.2,9.56050000000002
"06105",10.4,9.90897916666666
"06107",6.7,6.7276875
"06109",8,8.13345833333332
"06111",5.8,5.80597916666667
"06113",5.7,5.552875
"06115",7.6,6.92677083333334
"08001",5.5,5.64681250000001
"08003",6.2,7.32535416666667
"08005",5.3,5.00341666666667
"08007",7.2,7.14218749999998
"08009",10.9,8.9271875
"08011",8.8,9.67791666666666
"08013",4.9,4.84720833333333
"08014",3.8,4.44272916666667
"08015",8.6,6.97718749999999
"08017",7.3,7.91629166666667
"08019",5.4,6.0986875
"08021",7.5,8.47620833333333
"08023",9.6,9.23375
"08025",7.8,9.77225000000001
"08027",9.1,7.39714583333333
"08029",8.7,8.86933333333334
"08031",5.3,4.53041666666667
"08033",7.4,9.07952083333332
"08035",4.6,4.17389583333334
"08037",5,5.06962499999999
"08039",6.5,6.17483333333334
"08041",5.6,5.09635416666667
"08043",8.7,8.66345833333334
"08045",5.8,5.88189583333334
"08047",6.8,6.00045833333335
"08049",5.8,6.67358333333333
"08051",4.3,5.19564583333335
"08053",7.5,7.38306249999999
"08055",9.2,8.84508333333334
"08057",10.7,8.91814583333335
"08059",5.4,5.18164583333334
"08061",10.5,10.1525208333334
"08063",7.9,8.21668749999999
"08065",4.3,5.53489583333334
"08067",5.5,6.13110416666668
"08069",4.5,5.27218749999999
"08071",8.6,9.87904166666666
"08073",8.2,7.82052083333332
"08075",8.2,7.65989583333332
"08077",7,7.15516666666667
"08079",8.6,6.79833333333334
"08081",8.6,7.47089583333332
"08083",8.7,8.13306249999999
"08085",7.9,8.13516666666665
"08087",6.6,7.58127083333333
"08089",10.5,9.16027083333334
"08091",6.9,6.92606249999999
"08093",6.6,7.02545833333333
"08095",8.9,8.22137499999999
"08097",4.5,5.73645833333334
"08099",8,8.80191666666668
"08101",6.9,7.95225000000001
"08103",6.9,7.71391666666666
"08105",6.2,7.53729166666667
"08107",5.9,5.45966666666667
"08109",10.2,8.86537500000001
"08111",6.7,7.51535416666665
"08113",5.7,5.43945833333333
"08115",11.9,8.45958333333334
"08117",5.4,5.11881249999999
"08119",7,7.01724999999999
"08121",7.7,7.32741666666667
"08123",5.8,5.82464583333332
"08125",8.6,7.994875
"10001",7.4,7.36254166666667
"10003",6.6,5.88602083333333
"10005",9,8.3627083333333
"11001",4.3,4.62020833333332
"12001",6.6,5.94464583333334
"12003",9.1,8.32722916666666
"12005",8.6,6.96279166666666
"12007",11.8,9.80691666666666
"12009",8.4,7.31243749999999
"12011",7.9,6.23347916666668
"12013",11.8,9.9075625
"12015",11.7,8.27516666666666
"12017",11.6,9.56116666666668
"12019",7.5,6.52170833333333
"12021",8.8,6.82860416666666
"12023",11.2,9.56750000000001
"12027",13.2,11.1361666666667
"12029",13.4,10.503875
"12031",8,6.35187500000001
"12033",9,7.21489583333334
"12035",10.1,8.04131249999998
"12037",11.4,9.58797916666665
"12039",10.2,9.70310416666663
"12041",11.9,8.88220833333333
"12043",13.5,10.9926666666667
"12045",10.2,8.62060416666665
"12047",12.9,10.95225
"12049",11,11.3072291666667
"12051",8.7,8.62002083333332
"12053",11,8.4659375
"12055",12.5,9.34943749999998
"12057",6.7,5.75262500000001
"12059",11.8,10.0720416666667
"12061",10.4,7.97360416666666
"12063",12,10.3161458333333
"12065",10.1,9.59699999999999
"12067",13,9.79925
"12069",9.7,7.8608125
"12071",9.6,7.71672916666665
"12073",6.5,5.65704166666667
"12075",12,10.6237083333333
"12077",10.8,8.98212500000001
"12079",12.6,10.6983541666667
"12081",10,7.65002083333333
"12083",11.8,9.07443750000001
"12085",9.5,7.05983333333332
"12086",6.7,6.62227083333334
"12087",8.5,6.66802083333332
"12089",8.3,7.712
"12091",7,6.25935416666667
"12093",12,9.28795833333332
"12095",6.1,5.47516666666668
"12097",6.6,6.16633333333334
"12099",9.1,6.73191666666667
"12101",7.5,7.62391666666666
"12103",10.1,7.13391666666666
"12105",9.4,8.18089583333334
"12107",13,10.9167083333334
"12109",5.8,6.05802083333334
"12111",9.3,7.809875
"12113",8.4,6.42654166666666
"12115",9.2,7.01679166666666
"12117",6.2,5.69122916666667
"12119",11.1,7.95741666666664
"12121",11.6,9.29633333333332
"12123",12.4,9.58633333333334
"12125",9.9,9.20114583333333
"12127",8,7.7971875
"12129",8.4,6.86318750000001
"12131",8.6,7.34362500000001
"12133",11.1,10.0409791666667
"13001",10.2,11.1561875
"13003",11.2,10.1013958333333
"13005",10.9,10.2289375
"13007",12.7,10.1337916666667
"13009",8.5,8.22091666666667
"13011",10.3,8.28839583333334
"13013",7,6.65429166666667
"13015",8.2,7.35564583333334
"13017",12.2,10.5930625
"13019",11.6,10.2702083333333
"13021",9.3,8.55604166666666
"13023",8.6,9.10114583333332
"13025",11.4,10.1435416666667
"13027",12.3,10.7632291666667
"13029",6.1,5.77214583333335
"13031",6.7,7.126
"13033",9.3,9.36425
"13035",8.6,9.23183333333333
"13037",10.5,10.1905833333333
"13039",8.1,7.5680625
"13043",12.1,10.0443125
"13045",7.1,7.62608333333335
"13047",7.9,7.50245833333333
"13049",10,9.49922916666666
"13051",6.6,6.55012500000001
"13053",5,5.55995833333336
"13055",11.3,10.677
"13057",7.4,5.53010416666666
"13059",6.6,5.68881249999998
"13061",10.9,11.1618541666666
"13063",7.2,6.99668750000001
"13065",12.5,10.9195625
"13067",4.4,4.69872916666665
"13069",9.9,9.54191666666671
"13071",10.4,9.56220833333338
"13073",7.6,5.701125
"13075",10.1,9.44297916666667
"13077",6.6,6.17714583333335
"13079",10.1,9.81543750000002
"13081",9.9,10.1695833333334
"13083",8.1,8.21368749999999
"13085",7.4,6.99920833333334
"13087",10.3,9.689375
"13089",6.3,5.08493749999999
"13091",9.1,10.0365
"13093",9.8,10.3554791666667
"13095",10.3,9.41314583333332
"13097",7.2,6.26281250000002
"13099",10.7,9.97762500000002
"13101",8.1,8.41410416666665
"13103",6.2,6.4763125
"13105",10.4,10.42125
"13107",10.8,9.94329166666667
"13109",11.1,9.62683333333334
"13111",11.5,9.24920833333335
"13113",5.7,5.54547916666667
"13115",10.2,8.48341666666667
"13117",4.8,4.419
"13119",10,10.0345416666667
"13121",4.6,4.62910416666664
"13123",9.7,9.26768750000002
"13125",10.3,9.94554166666668
"13127",7.9,7.88506250000004
"13129",11,8.49262499999999
"13131",10.8,9.957
"13133",9.9,8.37362499999999
"13135",5.6,4.94008333333332
"13137",9.5,8.50581249999999
"13139",9.5,7.19183333333334
"13141",12.4,11.9484583333333
"13143",8.5,8.73927083333333
"13145",7.6,6.70299999999998
"13147",9.1,8.72868749999998
"13149",10.4,9.73360416666667
"13151",5.9,5.80202083333333
"13153",6.1,6.05029166666666
"13155",10.9,9.81187499999999
"13157",7.9,6.66202083333333
"13159",9.8,8.67808333333335
"13161",12.3,9.69181250000003
"13163",12.3,10.0803333333334
"13165",12.3,11.7581458333333
"13167",12.4,10.6725
"13169",9.6,9.1726875
"13171",9,8.51885416666666
"13173",12.3,9.31039583333334
"13175",10,9.61279166666666
"13177",7,5.998875
"13179",6.5,6.61475000000002
"13181",9.7,10.670375
"13183",7.6,8.16804166666667
"13185",7.7,7.11970833333333
"13187",7.8,7.75927083333334
"13189",9.6,9.22122916666666
"13191",12.9,10.8829583333333
"13193",13.2,10.9523125
"13195",10.5,9.61239583333334
"13197",11.2,9.60679166666668
"13199",10.9,10.589625
"13201",12.2,9.94889583333335
"13205",10.9,11.1550416666667
"13207",8.7,7.92106249999999
"13209",10.6,9.06585416666667
"13211",7.8,7.38222916666667
"13213",9.8,9.15720833333332
"13215",8,7.24485416666666
"13217",7.2,7.10789583333334
"13219",6,5.30766666666667
"13221",9.8,7.94529166666665
"13223",6.8,5.90527083333335
"13225",8.1,8.73441666666665
"13227",9,8.44945833333335
"13229",10.1,9.37304166666667
"13231",8.3,7.50645833333332
"13233",9.1,9.08093749999999
"13235",10.5,10.8378125
"13237",11,8.93691666666667
"13239",12.8,10.6969375
"13241",10.4,8.71708333333331
"13243",15.3,11.7860833333333
"13245",8.2,8.08687500000001
"13247",7.7,6.72145833333335
"13249",9,8.19254166666666
"13251",10.8,10.0682291666667
"13253",11.1,10.8842916666667
"13255",9.5,9.17575000000001
"13257",10.5,9.23085416666666
"13259",9.2,9.09504166666668
"13261",9.2,8.83570833333332
"13263",11.5,11.1616666666666
"13265",11.3,11.4408958333333
"13267",9.7,8.97100000000006
"13269",12.7,11.1991875
"13271",11.1,11.0901666666667
"13273",12.3,11.41425
"13275",9.5,8.46193750000001
"13277",9.2,8.66004166666665
"13279",9.1,9.38991666666666
"13281",10.2,8.77341666666666
"13283",12.2,11.4656458333333
"13285",8.3,8.49083333333332
"13287",12.1,10.5977708333333
"13289",10.9,10.7787083333333
"13291",11.3,8.86539583333333
"13293",11.2,9.97306250000002
"13295",9.9,8.71810416666666
"13297",8.8,7.75893750000001
"13299",10.9,9.53529166666666
"13301",10.9,11.05425
"13303",9.8,9.41070833333334
"13305",10.7,9.59783333333335
"13307",11.9,11.1138958333333
"13309",11.8,9.84187500000002
"13311",8.9,8.85910416666667
"13313",9.8,7.43712500000001
"13315",10,9.92352083333332
"13317",10.2,10.209
"13319",11,10.4475
"13321",10.2,10.2679583333333
"16001",5.1,5.31916666666666
"16003",10.1,9.50189583333335
"16005",6.7,6.20599999999999
"16007",7.8,7.7208125
"16009",9.2,9.20237499999999
"16011",6.7,7.58768750000001
"16013",6.2,6.40256249999999
"16015",8.1,8.2561875
"16017",8.5,8.48127083333334
"16019",6.5,5.96658333333333
"16021",9,10.1480625
"16023",10.7,10.868625
"16025",6.5,6.76295833333334
"16027",6.2,6.83583333333334
"16029",7,7.88987499999999
"16031",6.6,7.29637500000001
"16033",7.5,7.83474999999999
"16035",8.9,9.01268749999999
"16037",8.6,8.66349999999998
"16039",6.8,7.12352083333334
"16041",7.3,7.47054166666668
"16043",7.5,7.63041666666667
"16045",7.8,8.3738125
"16047",8.9,8.26537499999999
"16049",10.4,8.84208333333334
"16051",7.2,6.4180625
"16053",7.8,7.73477083333333
"16055",6.7,7.32445833333334
"16057",5.3,5.58983333333334
"16059",9,8.672
"16061",9.7,9.94795833333334
"16063",7.3,8.42322916666666
"16065",4.7,5.93214583333333
"16067",7.9,8.50764583333333
"16069",7.1,7.56575000000001
"16071",6.9,8.19725
"16073",8.3,8.85391666666665
"16075",9.6,8.04975
"16077",7.8,8.014625
"16079",12.2,10.4634583333334
"16081",5.7,5.58137500000001
"16083",6.6,7.431625
"16085",10,7.64329166666665
"16087",8.8,9.86804166666665
"17001",7.5,7.67233333333332
"17003",11.5,11.3114375
"17005",9.3,8.50583333333332
"17007",7.6,6.76779166666668
"17009",7.6,8.14860416666667
"17011",10.9,8.59277083333332
"17013",7.7,7.56787500000001
"17015",8.4,8.54372916666666
"17017",8.1,8.15100000000001
"17019",5.2,5.30045833333334
"17021",8.5,8.55858333333335
"17023",7.6,7.31199999999999
"17025",9.8,10.4184375
"17027",7.4,6.86666666666666
"17029",8.3,8.06379166666666
"17031",5.6,5.29729166666667
"17033",7.9,7.80858333333333
"17035",8.1,7.90816666666668
"17037",6.2,6.18654166666666
"17039",7.6,7.63156249999998
"17041",8.3,8.11947916666666
"17043",4.8,4.78654166666666
"17045",9.9,8.66383333333334
"17047",8.4,10.0717916666667
"17049",6.6,7.22333333333333
"17051",8,9.22695833333334
"17053",7.6,8.22310416666667
"17055",10.5,10.2621041666667
"17057",9.6,8.709875
"17059",11,11.96725
"17061",9.6,9.11504166666669
"17063",6.3,5.9085625
"17065",9.6,9.47891666666667
"17067",7.8,8.06243749999999
"17069",10.2,9.711125
"17071",9.2,7.71106250000001
"17073",6.6,7.3729375
"17075",9.2,8.556875
"17077",8,7.00716666666667
"17079",7.6,7.43839583333334
"17081",8.5,8.81733333333334
"17083",7.7,7.39206249999999
"17085",8.4,7.46191666666666
"17087",7.7,9.6615
"17089",5.4,5.38712499999999
"17091",7.6,8.28820833333331
"17093",4.7,4.99529166666667
"17095",9.3,8.7646875
"17097",5.9,4.9763125
"17099",8,8.79281250000001
"17101",10.2,8.76112500000001
"17103",8.8,8.03197916666667
"17105",7.9,7.79095833333334
"17107",8.2,7.86522916666666
"17109",8.6,7.74685416666668
"17111",6.2,5.71625
"17113",6.2,5.31833333333333
"17115",7.9,8.48674999999999
"17117",9.6,9.21641666666667
"17119",6.3,7.12875
"17121",9.1,9.83583333333335
"17123",9.5,8.40297916666667
"17125",8.7,9.59372916666666
"17127",10.1,9.67925000000002
"17129",7.5,7.18349999999999
"17131",8.2,7.7095
"17133",6.1,6.1900625
"17135",8.6,8.83712500000001
"17137",8.5,8.25389583333332
"17139",7.4,7.92993749999999
"17141",9,7.14518749999999
"17143",6.7,7.13987500000001
"17145",10.9,9.66993750000002
"17147",7.1,6.99385416666668
"17149",8.9,9.21595833333334
"17151",10.1,10.573
"17153",10.2,11.439875
"17155",7.2,7.368625
"17157",8.7,8.93145833333335
"17159",8.7,9.10558333333333
"17161",6.9,7.809125
"17163",6.8,7.14025000000001
"17165",9.6,9.59845833333337
"17167",6.9,7.01581250000001
"17169",9.4,10.334875
"17171",7.8,7.6889375
"17173",9.5,8.39927083333334
"17175",8.5,8.32914583333334
"17177",9,8.83881249999999
"17179",7.4,7.253
"17181",8.3,9.26418749999997
"17183",9.6,9.04847916666665
"17185",9.4,8.90764583333333
"17187",9,8.74329166666666
"17189",7.3,7.17604166666665
"17191",8.8,9.78550000000001
"17193",11.3,10.6972916666667
"17195",7.5,8.00079166666667
"17197",5,5.34710416666667
"17199",8,7.5533125
"17201",8.9,7.99631249999999
"17203",8.6,6.49420833333334
"18001",12.5,8.31770833333333
"18003",8.4,6.5006875
"18005",8.3,6.2499375
"18007",11.8,9.03885416666668
"18009",11.9,11.1073958333333
"18011",6.8,5.26447916666667
"18013",9.8,7.79552083333335
"18015",9.5,8.04629166666667
"18017",10.8,9.08716666666666
"18019",8.3,7.34972916666667
"18021",9.6,9.11118749999999
"18023",9.5,8.21929166666667
"18025",11.6,12.6240416666667
"18027",11.2,8.39929166666665
"18029",8,7.12404166666666
"18031",8.7,7.73845833333333
"18033",8.2,8.16099999999999
"18035",10.1,8.80668750000002
"18037",8.9,7.16064583333334
"18039",9.2,7.43420833333332
"18041",13.4,10.212875
"18043",9.4,6.99000000000003
"18045",9.3,9.7850625
"18047",8.7,7.40512499999997
"18049",11.3,9.38191666666666
"18051",10.9,8.40745833333333
"18053",10.3,9.76897916666667
"18055",10.9,9.34377083333335
"18057",5.1,4.40464583333332
"18059",7.9,6.19816666666668
"18061",9.7,7.28760416666665
"18063",7.2,5.4314375
"18065",10.4,8.79793750000001
"18067",9.4,8.03799999999999
"18069",9,7.98824999999999
"18071",10.6,8.03681250000001
"18073",8.7,7.42689583333333
"18075",12.1,9.874875
"18077",9.8,9.27914583333334
"18079",9.9,9.29558333333335
"18081",7.8,6.20266666666667
"18083",9.8,8.31077083333335
"18085",8.7,7.17845833333334
"18087",11,9.22545833333333
"18089",8.6,7.73193749999999
"18091",9.8,8.27222916666666
"18093",11.1,8.34591666666665
"18095",9.9,8.4086875
"18097",8.4,6.23139583333333
"18099",9.2,7.92806249999998
"18101",11.6,9.63508333333334
"18103",9.8,9.59177083333335
"18105",6.4,5.38447916666667
"18107",11.4,8.49772916666666
"18109",10.2,7.325375
"18111",10.7,9.014625
"18113",8.3,7.51610416666667
"18115",10.3,9.05708333333333
"18117",10.2,9.85216666666669
"18119",11.3,9.05162500000001
"18121",10.3,10.2179375
"18123",9.9,8.95514583333334
"18125",10.5,9.41443749999999
"18127",7.9,6.65181249999999
"18129",8.1,7.40043749999999
"18131",10.4,9.59706250000001
"18133",8.8,7.39258333333332
"18135",11.6,9.25927083333333
"18137",9.8,8.1665
"18139",9.3,9.25708333333335
"18141",8.2,7.11662500000001
"18143",12.5,10.46075
"18145",10.4,8.95097916666665
"18147",8.6,7.18527083333332
"18149",10.1,9.50308333333334
"18151",8.3,7.34595833333332
"18153",10.4,8.95100000000002
"18155",10.3,10.6248333333334
"18157",6.8,5.8425
"18159",9.1,8.27204166666666
"18161",10,7.47806249999998
"18163",8,7.55285416666667
"18165",9.9,9.52387500000004
"18167",8.8,8.34941666666666
"18169",10.1,8.40475
"18171",9.5,8.92997916666669
"18173",7.3,6.42654166666667
"18175",10.5,10.0154166666667
"18177",11.1,9.42489583333333
"18179",9.6,7.67458333333333
"18181",10.1,8.039875
"18183",8.6,7.53802083333333
"19001",8,7.93227083333336
"19003",8.1,7.62233333333334
"19005",8.5,8.32656249999999
"19007",9.8,9.65785416666666
"19009",8.7,8.40541666666666
"19011",8.2,7.16308333333333
"19013",7.4,7.14764583333334
"19015",6.3,6.8621875
"19017",6.8,6.51685416666667
"19019",7.5,7.34720833333334
"19021",6.9,6.90104166666666
"19023",8.2,8.50131250000002
"19025",8.3,7.4918125
"19027",7.6,7.18254166666666
"19029",9.1,9.0500833333333
"19031",7,7.34737499999997
"19033",8.2,7.52091666666666
"19035",8.7,8.66089583333332
"19037",8.3,7.74539583333333
"19039",8.7,9.52975000000001
"19041",7.2,7.86166666666665
"19043",8.7,8.95187499999999
"19045",7.8,8.19508333333331
"19047",8.6,9.47168749999999
"19049",4.8,4.82349999999999
"19051",9,7.83054166666667
"19053",7.4,8.25083333333335
"19055",7,7.47564583333333
"19057",7.9,8.45612499999998
"19059",8.7,7.26349999999999
"19061",7.5,6.89137500000002
"19063",8.4,9.02149999999998
"19065",9.1,8.42466666666668
"19067",8.1,8.21570833333333
"19069",8.5,8.81320833333332
"19071",6.7,7.52385416666667
"19073",8.2,8.31614583333335
"19075",6.9,6.87347916666666
"19077",7.1,7.88066666666667
"19079",7.5,7.27616666666666
"19081",7.1,8.09868750000001
"19083",8.3,7.50435416666667
"19085",8.5,7.27818749999998
"19087",7.8,7.66025
"19089",8.8,7.84870833333333
"19091",8.1,8.687625
"19093",7.7,8.15227083333335
"19095",7.4,7.39839583333333
"19097",8.7,8.21579166666667
"19099",6.8,7.43558333333333
"19101",8.8,6.95972916666666
"19103",4.6,5.09172916666667
"19105",7.5,7.86874999999999
"19107",8.6,8.52056250000002
"19109",8.2,8.14154166666668
"19111",9.2,8.53972916666666
"19113",5.8,6.17933333333333
"19115",9,8.48731249999999
"19117",10.5,10.8092291666667
"19119",6.9,7.11035416666666
"19121",6,6.79147916666666
"19123",7.2,7.98372916666667
"19125",6.1,6.47945833333334
"19127",7.5,7.69433333333332
"19129",7.7,6.79820833333334
"19131",7.7,7.35399999999999
"19133",8.6,9.20291666666665
"19135",6.9,7.80422916666665
"19137",8.9,9.0368125
"19139",7.1,7.46374999999999
"19141",9.2,8.33335416666666
"19143",8.2,9.35095833333335
"19145",8.4,8.83929166666665
"19147",7.5,8.0075
"19149",6.8,6.96404166666667
"19151",7.7,8.28316666666668
"19153",6.5,5.27454166666667
"19155",8.1,7.41995833333334
"19157",7.6,7.51572916666668
"19159",9,7.78145833333333
"19161",7.3,7.5361875
"19163",6.5,6.32568749999999
"19165",8.6,7.76770833333334
"19167",6.7,6.11591666666667
"19169",4.3,5.07722916666668
"19171",8.6,9.49345833333335
"19173",9,8.62443749999999
"19175",8.3,7.94941666666666
"19177",9,8.54124999999999
"19179",8.5,9.0333125
"19181",7.3,6.14100000000001
"19183",7.7,7.51893749999999
"19185",10.2,9.81189583333335
"19187",6.7,8.12147916666667
"19189",6.1,7.11085416666667
"19191",5.9,7.16037500000001
"19193",7.3,7.06689583333334
"19195",7.8,7.34664583333331
"19197",9.4,8.54810416666666
"20001",9.9,9.61954166666667
"20003",9.3,9.35647916666668
"20005",8.3,8.3734375
"20007",9.2,9.08575
"20009",8,8.57333333333333
"20011",10.1,8.32506250000001
"20013",8.4,9.04722916666667
"20015",6.9,6.26618750000001
"20017",9.6,7.98031250000001
"20019",10.4,10.3346041666667
"20021",9.8,9.06289583333334
"20023",9.3,9.33068750000002
"20025",7.6,7.89349999999999
"20027",9.7,7.78279166666666
"20029",9,8.28775
"20031",10.8,8.30410416666665
"20033",8,7.89091666666668
"20035",8.6,7.73983333333334
"20037",7.7,7.37570833333332
"20039",10,8.20524999999999
"20041",8.3,7.74172916666667
"20043",7.7,8.14764583333333
"20045",5.9,5.03431249999999
"20047",8.8,9.08104166666666
"20049",13.1,9.79702083333334
"20051",6.2,5.90397916666668
"20053",9.5,7.61837499999999
"20055",6.8,6.65164583333334
"20057",7,6.64875
"20059",7,6.879875
"20061",5.8,6.16150000000001
"20063",8.1,7.80195833333333
"20065",9.6,8.44608333333333
"20067",6.9,6.12210416666668
"20069",7,6.8005625
"20071",6.8,7.45058333333335
"20073",11.2,10.6031875
"20075",6.7,7.08627083333334
"20077",11.9,10.0147083333333
"20079",7.4,7.4328125
"20081",7.9,8.25783333333332
"20083",7.8,8.01514583333334
"20085",8.3,7.63002083333334
"20087",7,7.0940625
"20089",10.2,9.66989583333332
"20091",4.3,4.69395833333333
"20093",8.3,9.15618750000002
"20095",8.9,7.59014583333333
"20097",6.4,7.81579166666667
"20099",8.5,8.51366666666666
"20101",8.8,8.3260625
"20103",6.6,5.87877083333333
"20105",9.2,8.32435416666667
"20107",9.8,8.27731249999999
"20109",9.9,7.67358333333334
"20111",7.1,7.48877083333334
"20113",7.3,6.99408333333336
"20115",8,7.67466666666667
"20117",9.3,8.08108333333333
"20119",8.7,7.29995833333333
"20121",6.5,6.319
"20123",8.8,8.11783333333333
"20125",11.1,8.76054166666666
"20127",9.2,7.99972916666665
"20129",8.4,8.76402083333334
"20131",7,7.1041875
"20133",9.2,8.78554166666664
"20135",9.7,8.20047916666666
"20137",7.9,7.77635416666666
"20139",9.1,8.01945833333334
"20141",9.1,8.52604166666667
"20143",8,7.37285416666668
"20145",7.5,8.33060416666666
"20147",9.6,9.33722916666667
"20149",6.6,5.96295833333335
"20151",8.5,7.45275
"20153",9.7,8.55095833333333
"20155",8.4,8.01641666666666
"20157",9.3,8.21835416666666
"20159",7.5,7.6545
"20161",5.6,5.03118750000002
"20163",7.4,7.41827083333332
"20165",9.3,8.64522916666668
"20167",8.3,9.58560416666667
"20169",8.2,7.037625
"20171",9.2,7.23710416666665
"20173",6.4,6.68772916666667
"20175",6.4,6.58989583333335
"20177",7,7.41289583333335
"20179",7.2,7.39797916666665
"20181",9.4,7.42095833333334
"20183",9.2,7.89791666666667
"20185",8.6,7.961375
"20187",8.1,8.12860416666667
"20189",7.9,9.12743750000001
"20191",8.7,7.89795833333333
"20193",7.2,6.84858333333334
"20195",8.5,7.73802083333334
"20197",8.2,7.38850000000001
"20199",8.4,8.26266666666666
"20201",8.4,7.76475000000001
"20203",8.1,8.93102083333333
"20205",8.8,9.59835416666668
"20207",10.7,8.86693750000001
"20209",8.5,6.9613125
"21001",11.6,9.83272916666669
"21003",11.9,9.74731250000001
"21005",10.4,7.32710416666666
"21007",12.4,8.92922916666667
"21009",11.7,10.4077083333333
"21011",10.1,12.401125
"21013",15.5,13.1159583333333
"21015",7.7,5.77654166666667
"21017",11.7,8.42339583333333
"21019",11.2,9.28989583333332
"21021",9.7,7.89366666666668
"21023",11.3,10.0724375
"21025",14.2,13.0358125
"21027",15.1,12.3895833333333
"21029",9.8,7.40908333333333
"21031",12.8,12.0464583333333
"21033",11,10.1390833333333
"21035",9.4,7.89633333333334
"21037",8.3,6.07179166666667
"21039",11.9,12.4322708333333
"21041",12.2,10.9268125
"21043",12.9,12.5288125
"21045",17.4,13.5299583333333
"21047",9.2,7.13006249999999
"21049",10.4,9.17389583333334
"21051",14.9,12.9833333333333
"21053",13.8,12.4297083333333
"21055",12.2,11.3143958333333
"21057",15.1,11.8248333333333
"21059",10.2,7.93089583333333
"21061",13.1,11.2743958333333
"21063",14.5,13.406625
"21065",14.6,13.2887916666667
"21067",7.7,5.25277083333334
"21069",13.2,11.5806041666667
"21071",12.8,14.2958333333333
"21073",8.9,7.54960416666667
"21075",15.5,12.1661458333333
"21077",10.4,9.07252083333336
"21079",12.9,9.65291666666667
"21081",10.2,8.0064375
"21083",10.8,9.64889583333334
"21085",13.1,12.0444166666667
"21087",14.9,12.4860208333333
"21089",11.8,9.95422916666669
"21091",10.1,9.6574375
"21093",9.4,7.398625
"21095",16.3,13.94275
"21097",10.5,9.98231250000003
"21099",14.1,11.5568541666666
"21101",8.9,9.264875
"21103",12.9,9.93258333333335
"21105",11.7,9.14410416666667
"21107",13.5,10.2337291666667
"21109",16.7,13.794625
"21111",8.2,6.66197916666668
"21113",8.5,7.10622916666668
"21115",14.5,12.0953125
"21117",8.3,5.87168750000001
"21119",16.9,13.4437708333334
"21121",13.9,13.2799583333333
"21123",13,10.7344791666667
"21125",12.5,10.9998958333333
"21127",13.7,13.9419583333333
"21129",17.2,15.1048958333333
"21131",15.2,15.7793333333333
"21133",12.6,14.7099791666666
"21135",15.7,14.3877916666667
"21137",12.8,10.6950208333333
"21139",10.9,11.4892291666667
"21141",11,10.0393333333333
"21143",11.4,8.64341666666666
"21145",12,8.04064583333335
"21147",15.3,14.5315208333333
"21149",11,7.60272916666666
"21151",8.6,7.22483333333334
"21153",17,15.3321458333333
"21155",11.8,11.0864583333333
"21157",11,8.56081249999999
"21159",15.6,11.8860833333333
"21161",11.7,9.43077083333333
"21163",9.4,8.30199999999999
"21165",14.4,14.5332708333333
"21167",10.8,8.12766666666667
"21169",12.5,12.5402916666667
"21171",11.7,11.6552083333333
"21173",12,9.66222916666667
"21175",12.5,9.73333333333334
"21177",12.1,10.4334791666667
"21179",8.9,7.44874999999999
"21181",12.4,11.41675
"21183",12.2,9.22095833333335
"21185",6.1,5.01064583333334
"21187",11.6,9.03200000000002
"21189",14.7,13.7976458333333
"21191",12.2,10.0423333333333
"21193",13.1,12.3542083333333
"21195",13.2,12.5385625
"21197",11.1,11.422
"21199",13.2,10.9154166666667
"21201",14.9,13.5333541666667
"21203",14.7,13.6819375
"21205",10.9,8.31954166666666
"21207",16.6,11.5196666666667
"21209",7.7,6.25425
"21211",8.3,6.64004166666668
"21213",9.9,8.54470833333333
"21215",9.6,6.64299999999999
"21217",10.8,8.6374375
"21219",13.4,9.84516666666668
"21221",13.9,9.40708333333331
"21223",10.6,9.32887499999999
"21225",12,11.1970833333333
"21227",8.1,6.71091666666667
"21229",11,8.74443750000002
"21231",16.1,12.585875
"21233",12.2,10.2585416666667
"21235",11.5,10.1805208333333
"21237",19.4,16.8303541666666
"21239",8.7,6.50135416666666
"22001",10.2,9.85283333333334
"22003",9.9,9.47508333333332
"22005",7.3,5.94195833333334
"22007",11.3,9.95206250000002
"22009",12.5,11.7028125
"22011",9.4,8.17320833333333
"22013",13,11.9897291666666
"22015",8,7.2031875
"22017",8.9,9.37552083333331
"22019",8.8,8.1419375
"22021",11.4,11.5425416666666
"22023",10.2,8.44685416666667
"22025",10.8,9.6325625
"22027",14.4,12.9114583333334
"22029",11.9,10.3102916666667
"22031",10,9.94804166666666
"22033",6.8,6.79
"22035",13,12.4168333333333
"22037",9,9.28135416666666
"22039",12.9,11.6906875
"22041",12.4,10.8599375
"22043",10.5,9.17610416666666
"22045",10.7,9.49412500000001
"22047",9.6,9.34816666666667
"22049",11.6,11.7902916666667
"22051",8.8,7.28385416666667
"22053",9.5,9.29095833333334
"22055",8,6.6219375
"22057",10.1,8.56983333333332
"22059",9.4,8.97477083333334
"22061",7.9,7.08331249999999
"22063",8.3,7.63275
"22065",13.3,11.0935625
"22067",12.3,11.8776458333333
"22069",9.4,8.98547916666664
"22071",7.3,6.75216666666666
"22073",9.4,8.29889583333332
"22075",8.5,6.92139583333333
"22077",11.6,10.4999375
"22079",8.9,8.86279166666665
"22081",12,11.249875
"22083",11.5,9.95454166666665
"22085",11.6,11.1220833333333
"22087",9.6,6.95679166666667
"22089",7.5,6.09325
"22091",10.9,11.8662083333333
"22093",8.9,7.85718749999998
"22095",9.2,7.68670833333332
"22097",10.9,10.8989791666667
"22099",9.9,9.50920833333335
"22101",12.3,10.0606458333333
"22103",9,6.43510416666666
"22105",8.9,8.53549999999999
"22107",15.5,12.4393958333333
"22109",8.9,8.20664583333332
"22111",11.2,11.0977916666666
"22113",9.7,9.06481249999999
"22115",8.1,7.78816666666667
"22117",10.6,11.023625
"22119",12.3,11.719625
"22121",8.1,7.3221875
"22123",12,10.5406458333334
"22125",7.4,8.15685416666668
"22127",10.9,10.2919791666666
"23001",8.8,8.17185416666667
"23003",11.2,9.39568750000001
"23005",7.4,5.83620833333334
"23007",8.5,8.40239583333335
"23009",8.7,7.64749999999999
"23011",9.3,7.87204166666668
"23013",8.7,7.36558333333332
"23015",9.1,7.24370833333331
"23017",11.3,8.99112499999999
"23019",8.5,7.73018750000001
"23021",11.2,9.47318750000001
"23023",8.2,7.247625
"23025",11.4,9.67862500000002
"23027",9.3,7.96366666666666
"23029",11.3,8.89466666666667
"23031",8.4,7.21725000000001
"24001",9.1,8.53839583333331
"24003",4.9,5.21195833333333
"24005",6.7,6.02514583333332
"24009",5.8,5.87108333333335
"24011",9.9,8.74783333333332
"24013",6.5,6.03481250000001
"24015",7.9,7.23708333333333
"24017",6.1,5.90345833333334
"24019",9.2,9.35495833333332
"24021",6.1,5.4708125
"24023",8.9,7.80735416666666
"24025",5.6,5.86022916666667
"24027",3.9,4.11627083333334
"24029",7.8,7.34741666666667
"24031",3.9,4.47858333333334
"24033",5.3,5.5336875
"24035",6.8,6.4705625
"24037",6.6,5.86270833333334
"24039",9.5,9.19670833333335
"24041",8.1,7.30454166666668
"24043",7.9,7.67074999999998
"24045",7.7,7.28670833333334
"24047",7.8,7.58558333333332
"24510",6.9,6.8756875
"25001",7.3,6.46206250000002
"25003",8.5,7.05947916666667
"25005",8.4,7.16712500000001
"25007",8.2,6.8589375
"25009",5.4,5.9786875
"25011",6,7.13297916666667
"25013",8.4,7.45539583333334
"25015",6.3,5.77683333333335
"25017",4.4,4.63314583333335
"25019",4.5,5.09447916666667
"25021",5.5,4.876625
"25023",7.7,5.93435416666667
"25025",5.4,4.89493749999998
"25027",7.3,5.96731250000001
"26001",13.3,9.72745833333331
"26003",10.4,8.08968749999999
"26005",8.7,6.97410416666666
"26007",10.7,10.4979166666667
"26009",8.8,7.7430625
"26011",11.7,9.45597916666666
"26013",10,8.79147916666665
"26015",7.5,7.11991666666665
"26017",8.2,8.85741666666665
"26019",10.1,7.88293749999998
"26021",9.3,7.68664583333335
"26023",10.9,9.37991666666667
"26025",9.8,8.51577083333331
"26027",10.2,8.37431249999999
"26029",10.2,7.60935416666667
"26031",12.1,8.53066666666667
"26033",8.8,8.46083333333333
"26035",11.9,12.5011041666667
"26037",6.9,6.81737500000002
"26039",11.9,8.98747916666666
"26041",9.4,8.67077083333332
"26043",8.1,7.52956249999999
"26045",7.1,6.67252083333334
"26047",7.8,7.07408333333332
"26049",8.1,8.51712499999999
"26051",11.1,10.7041875
"26053",12.3,8.69825
"26055",7.5,6.97164583333333
"26057",7.5,8.73795833333335
"26059",10.5,9.35000000000002
"26061",7.2,6.69770833333332
"26063",11.1,8.70574999999999
"26065",6.2,5.86225
"26067",8.3,8.22085416666667
"26069",12.1,10.6981041666667
"26071",12.5,9.15587500000001
"26073",7.9,7.473375
"26075",9.5,8.00612499999999
"26077",7.1,5.85364583333333
"26079",12.1,9.45027083333334
"26081",7.2,5.49533333333334
"26083",8.5,7.29812499999999
"26085",13.2,10.9835
"26087",10.1,7.81104166666666
"26089",7.7,6.86670833333333
"26091",8.9,7.93354166666667
"26093",7.2,6.2285
"26095",12,9.87008333333332
"26097",11.1,8.88575
"26099",9.5,6.72733333333332
"26101",8.8,8.15835416666667
"26103",8.2,6.908375
"26105",9.4,8.50264583333334
"26107",10.8,8.73699999999997
"26109",10.5,8.35606250000001
"26111",7.9,6.78275
"26113",10.7,8.68191666666666
"26115",9.5,7.73449999999999
"26117",8.8,8.66362500000001
"26119",11.7,11.4360208333333
"26121",10.1,7.70208333333331
"26123",10.2,9.58633333333335
"26125",5.7,5.17179166666667
"26127",9.3,8.802875
"26129",11.4,11.5678958333333
"26131",12.5,9.84397916666667
"26133",11,10.3992291666667
"26135",13.6,10.4152916666667
"26137",11.4,7.69137500000001
"26139",5.9,6.019
"26141",11.7,9.11270833333335
"26143",11.8,9.59304166666667
"26145",10.4,8.90662499999999
"26147",10.3,8.09318750000001
"26149",11.1,8.5904375
"26151",11.7,10.257375
"26153",14,9.33789583333332
"26155",9.8,8.20564583333332
"26157",11.8,8.98716666666667
"26159",11.4,8.48395833333332
"26161",5.4,4.95024999999999
"26163",9.1,8.19056249999999
"26165",10.2,8.63162499999999
"27001",8.3,9.13187500000003
"27003",5.1,5.87466666666667
"27005",6.8,7.726625
"27007",6.9,7.56429166666665
"27009",5.1,6.42210416666668
"27011",9.4,7.99075000000001
"27013",6.5,5.99389583333332
"27015",7.1,6.95922916666666
"27017",6.3,7.65295833333331
"27019",5,4.769875
"27021",8.1,8.48358333333334
"27023",7.2,8.08089583333334
"27025",5.9,6.65075
"27027",5,5.9360625
"27029",7.5,8.28906249999999
"27031",6.6,6.82102083333333
"27033",7.3,8.37341666666666
"27035",6.5,7.74402083333333
"27037",4.9,5.0639375
"27039",5.1,5.8853125
"27041",7.5,7.21552083333335
"27043",7.4,8.09275
"27045",8.5,7.54477083333332
"27047",8.6,8.38347916666667
"27049",5.8,7.07133333333334
"27051",8.4,7.93770833333335
"27053",4.6,4.71289583333331
"27055",6.9,7.12343750000001
"27057",7.4,7.90264583333332
"27059",6.2,7.30764583333334
"27061",7.3,7.93689583333331
"27063",6.3,7.826875
"27065",7.8,9.09391666666666
"27067",7.1,7.36068750000001
"27069",8.2,7.92995833333332
"27071",8.4,8.88562499999999
"27073",8.1,7.66327083333333
"27075",7.9,7.69281250000001
"27077",7.8,8.02279166666666
"27079",7.6,6.90822916666665
"27081",7.8,7.6000625
"27083",6.3,7.26960416666667
"27085",6.7,7.46856249999999
"27087",10,10.2910833333333
"27089",7.4,7.48483333333333
"27091",7.4,8.37122916666667
"27093",6.3,7.29793749999999
"27095",8.1,8.49931250000001
"27097",7.4,7.88316666666669
"27099",7.3,7.55577083333334
"27101",8.9,7.64233333333333
"27103",5.8,6.16329166666667
"27105",7.4,8.19833333333334
"27107",6.8,7.44104166666667
"27109",5.1,5.3651875
"27111",9.3,7.63095833333334
"27113",6.3,7.39139583333334
"27115",7.5,8.80391666666665
"27117",7.7,8.55910416666666
"27119",6.5,7.36160416666667
"27121",7.6,7.58633333333333
"27123",5.8,5.07729166666666
"27125",8.1,7.82879166666667
"27127",6.5,8.01539583333333
"27129",7.9,7.84600000000001
"27131",5.8,6.34368749999998
"27133",7.2,7.27318750000001
"27135",6.9,7.75943750000001
"27137",6.8,7.44652083333334
"27139",5.1,4.76806249999999
"27141",5.2,5.6493125
"27143",7,7.37814583333334
"27145",6.5,6.64639583333334
"27147",6.3,6.68629166666667
"27149",6,6.86777083333334
"27151",7.4,8.27247916666665
"27153",8.4,9.26037499999998
"27155",7.6,8.10310416666669
"27157",6.2,7.12714583333333
"27159",7.9,8.61341666666666
"27161",6.2,7.24054166666666
"27163",3.7,5.14379166666667
"27165",7.1,8.42783333333333
"27167",7.4,7.6270625
"27169",5.6,7.29379166666669
"27171",5.5,5.76264583333333
"27173",7.4,7.58068750000002
"28001",11.5,9.7786875
"28003",10.4,9.47410416666667
"28005",13.6,12.1332708333333
"28007",10.6,9.89239583333334
"28009",10.7,10.4475416666667
"28011",8.9,9.18129166666664
"28013",12.6,10.5277708333333
"28015",13.6,10.2595416666667
"28017",11.4,11.1587083333333
"28019",10.4,10.5170208333333
"28021",10.5,10.2276875
"28023",10.6,10.550875
"28025",10.6,9.69079166666665
"28027",12.5,9.76956249999999
"28029",9.9,9.46979166666665
"28031",10.6,10.0449166666667
"28033",6.8,6.34935416666668
"28035",7.5,7.29337500000001
"28037",10.5,10.4596875
"28039",9.9,9.5518541666667
"28041",9.1,8.93616666666667
"28043",10.7,8.86979166666665
"28045",11,8.2478125
"28047",8.5,8.10881249999999
"28049",9.1,7.58233333333333
"28051",12.1,10.6926458333333
"28053",13.6,10.1688333333333
"28055",9.3,10.4403333333333
"28057",9.7,8.99087499999999
"28059",7.6,7.83143749999999
"28061",10.4,10.089875
"28063",11.1,10.055
"28065",11.3,10.8384583333333
"28067",8.9,9.28895833333328
"28069",9.2,10.3618125
"28071",7.1,6.43183333333336
"28073",7.9,7.22216666666667
"28075",9.8,8.89927083333332
"28077",12.1,10.3526458333334
"28079",11.7,9.9013125
"28081",8.9,7.35885416666667
"28083",12.2,9.42031249999999
"28085",10.1,9.15660416666664
"28087",8.5,8.193625
"28089",6.1,5.196875
"28091",11,10.2498958333333
"28093",10.4,10.1417916666667
"28095",10.6,9.74083333333334
"28097",13.6,10.5710625
"28099",11.9,10.2092083333333
"28101",10.5,9.55016666666666
"28103",10.9,10.085
"28105",6.5,6.11960416666666
"28107",11.5,9.61583333333333
"28109",9.4,9.72912500000002
"28111",13.4,10.6265833333333
"28113",10.9,10.182875
"28115",8.5,8.95477083333332
"28117",9.5,9.38258333333334
"28119",12.1,10.791875
"28121",7.9,6.67991666666667
"28123",11.7,9.98256249999999
"28125",14.2,10.474125
"28127",10.6,9.5925625
"28129",11.4,10.3882708333333
"28131",10.5,10.1395
"28133",10,9.81887499999999
"28135",10.6,10.6082291666667
"28137",8.7,9.11181249999998
"28139",9.8,9.55162500000001
"28141",10.2,10.8386458333333
"28143",11.5,9.8610625
"28145",9.4,8.62081249999999
"28147",10.6,9.96008333333334
"28149",8.6,8.21404166666667
"28151",9.8,9.45435416666665
"28153",9.8,9.54252083333331
"28155",9.8,9.80614583333334
"28157",11,10.3725833333333
"28159",10.7,10.6946875
"28161",11.5,10.5325833333333
"28163",9.9,9.75820833333335
"29001",8.2,7.36856249999999
"29003",8.7,7.13683333333333
"29005",10.4,8.44339583333333
"29007",11.9,9.7432916666667
"29009",10.7,10.4117916666667
"29011",12.9,10.2220833333333
"29013",9.8,11.2515625
"29015",13.1,11.0947708333333
"29017",11.7,10.954625
"29019",5.5,5.51316666666667
"29021",9.1,7.73314583333333
"29023",11.3,10.4504791666667
"29025",11,9.96872916666668
"29027",8.9,7.28068749999999
"29029",11,9.43031250000001
"29031",8.5,7.11766666666669
"29033",10.4,7.86816666666666
"29035",12,11.4081458333333
"29037",7.6,7.07989583333335
"29039",13.4,10.3890625
"29041",9.9,8.86547916666667
"29043",8.1,6.80702083333335
"29045",13.2,9.49439583333335
"29047",6.8,5.84060416666667
"29049",8.5,7.99035416666665
"29051",7.1,6.22852083333334
"29053",9.7,8.09227083333333
"29055",12.1,9.94287500000003
"29057",12.4,11.1680416666667
"29059",11.8,12.1671041666667
"29061",12,9.03768750000001
"29063",8.9,8.4270625
"29065",13.1,10.0379583333333
"29067",12.1,11.1532083333333
"29069",12.2,10.2760833333334
"29071",8.8,7.4555
"29073",9.5,8.5015625
"29075",10.8,9.368875
"29077",6.9,6.95352083333335
"29079",11.9,10.2322291666667
"29081",11.2,10.3458333333334
"29083",11.2,10.2053333333333
"29085",14.8,12.0315208333333
"29087",12,8.16141666666668
"29089",9,7.86660416666665
"29091",13,10.943125
"29093",12.1,9.49079166666666
"29095",7,6.66204166666668
"29097",8.6,7.97131249999998
"29099",8.7,6.79097916666667
"29101",7.4,6.54725
"29103",12.3,9.09820833333333
"29105",11.1,9.53175
"29107",9.6,7.65725
"29109",9.3,8.97125
"29111",11,9.87262500000001
"29113",8.1,8.05437500000001
"29115",12.1,10.131125
"29117",9.2,8.33710416666665
"29119",12.1,9.26052083333334
"29121",10.2,8.72202083333332
"29123",9.8,9.23779166666667
"29125",12,9.76022916666669
"29127",9.2,8.22935416666666
"29129",11.3,9.31239583333331
"29131",9.9,8.96789583333332
"29133",13.2,9.92106250000001
"29135",10.2,7.84087499999999
"29137",11.6,10.589375
"29139",10.4,9.74045833333334
"29141",12.4,11.2517083333333
"29143",11.8,10.0183541666667
"29145",8.3,8.44156249999999
"29147",9.2,8.2805
"29149",12.4,12.4365416666667
"29151",7.7,6.89268749999999
"29153",15.1,12.45225
"29155",12,11.467125
"29157",10.6,8.41179166666665
"29159",9.4,8.47660416666667
"29161",8.9,7.37545833333332
"29163",11.3,9.74052083333333
"29165",6.7,5.37966666666668
"29167",11.4,9.46650000000001
"29169",5.3,6.60164583333332
"29171",9.1,8.92610416666667
"29173",10.9,9.43652083333333
"29175",9.4,9.04422916666668
"29177",9.5,9.08035416666666
"29179",12.7,10.973125
"29181",12.1,11.3535833333333
"29183",6.7,5.48629166666667
"29185",12.1,11.3345
"29186",10.6,7.95460416666669
"29187",9.5,8.97693750000001
"29189",8,5.73404166666666
"29195",8.5,7.413375
"29197",8.9,9.86368750000001
"29199",11.5,9.6749375
"29201",10.9,8.56916666666665
"29203",13.3,10.0071875
"29205",11.8,9.82252083333335
"29207",11.7,10.5004583333334
"29209",11.9,9.52614583333334
"29211",11,9.75975000000001
"29213",10.8,8.93470833333334
"29215",11,10.5924166666667
"29217",10.3,10.174375
"29219",9.5,8.12804166666666
"29221",10.9,11.2879583333333
"29223",13,13.1223125
"29225",9.6,8.36564583333333
"29227",11.5,11.0573125
"29229",12.1,11.7926666666667
"29510",7.9,6.46450000000001
"30001",7.4,7.42312499999999
"30003",9.5,9.00445833333334
"30005",9.5,9.08154166666667
"30007",9.4,7.95008333333332
"30009",7.9,7.85137499999999
"30011",9.2,9.69664583333334
"30013",7.8,7.22166666666667
"30015",8.3,8.22160416666666
"30017",7.4,7.14322916666667
"30019",8.4,8.21172916666667
"30021",7.3,7.05710416666665
"30023",8.3,9.41258333333333
"30025",6.8,8.86329166666666
"30027",8.3,8.30295833333333
"30029",6.7,7.04347916666666
"30031",4.5,4.98525000000001
"30033",8.8,7.85947916666666
"30035",11.4,9.30456249999998
"30037",13,9.39370833333335
"30039",8.9,8.2115
"30041",8.2,7.8328125
"30043",7.2,7.0181875
"30045",8.8,8.43839583333333
"30047",9.1,8.483625
"30049",6.2,6.25760416666666
"30051",13.1,9.02383333333333
"30053",10.5,10.3347291666666
"30055",7.1,7.82645833333333
"30057",7.7,7.73520833333334
"30059",7.7,7.55945833333331
"30061",8.8,8.33047916666666
"30063",5.4,5.72808333333335
"30065",8.9,8.53831250000001
"30067",7.2,7.32312499999999
"30069",8.8,7.24533333333332
"30071",7.9,7.9871875
"30073",8.5,8.89256249999998
"30075",9.7,8.38052083333334
"30077",8.7,7.57437499999999
"30079",14.5,9.33972916666666
"30081",7.3,8.32693750000002
"30083",7.1,8.59006249999999
"30085",10,9.32516666666666
"30087",9.2,9.34756249999999
"30089",9.8,10.2864375
"30091",7.3,8.08308333333333
"30093",7.2,7.50443750000001
"30095",6.6,7.22312500000001
"30097",7.4,7.79439583333334
"30099",7.8,8.55660416666669
"30101",8,7.75133333333333
"30103",8.5,7.5240625
"30105",8.1,8.56024999999999
"30107",10.2,10.1908125
"30109",8.8,9.29591666666666
"30111",6.5,6.403
"31001",6.9,7.07629166666666
"31003",6.8,7.9926875
"31005",7.6,7.335375
"31007",7.5,7.54379166666667
"31009",9,8.97456250000001
"31011",7.8,7.76554166666668
"31013",6.9,7.79106249999999
"31015",8.6,9.34989583333332
"31017",8.1,8.11327083333335
"31019",7.1,6.11
"31021",8.2,8.90818750000001
"31023",6.2,7.40747916666667
"31025",6.7,6.568625
"31027",7.6,7.10331249999999
"31029",8,8.33916666666668
"31031",9.1,7.64545833333334
"31033",7.8,7.79781249999999
"31035",7.9,7.64237500000001
"31037",7.4,7.85195833333333
"31039",7.8,7.46097916666667
"31041",8,7.92127083333334
"31043",7,6.990625
"31045",6.4,7.02010416666666
"31047",8,7.97324999999999
"31049",8.3,8.28104166666667
"31051",8.1,7.70158333333333
"31053",7.5,7.43122916666665
"31055",6.2,5.06368749999999
"31057",7.7,7.72510416666666
"31059",7.7,7.49916666666666
"31061",9.1,9.56927083333334
"31063",8.5,8.55035416666666
"31065",9.2,8.19368749999999
"31067",9.1,8.59558333333333
"31069",10.4,8.62445833333334
"31071",7.3,7.87414583333332
"31073",6.9,7.71043750000001
"31075",7.2,7.92991666666667
"31077",7.4,8.58522916666668
"31079",6.7,7.02389583333334
"31081",6.7,6.74802083333336
"31083",7.3,7.75597916666668
"31085",10.6,9.54293749999999
"31087",8.8,8.5735625
"31089",8.6,7.5368125
"31091",7,7.61602083333335
"31093",7.1,7.30610416666667
"31095",9,8.89254166666668
"31097",6.3,7.31645833333333
"31099",8.1,6.96520833333335
"31101",8.4,8.53639583333332
"31103",8.3,7.29406249999999
"31105",9.8,9.27195833333331
"31107",9.4,8.61702083333333
"31109",5.7,5.2835625
"31111",10.1,7.78302083333331
"31113",5,7.2618125
"31115",8.1,8.06539583333333
"31117",8.8,8.07535416666668
"31119",6.9,7.23360416666667
"31121",7.8,8.28179166666665
"31123",7.9,7.67412500000001
"31125",8.1,8.76137500000001
"31127",7.4,7.78239583333334
"31129",7.9,7.97529166666669
"31131",7.4,7.51864583333333
"31133",10.2,9.40702083333334
"31135",8,7.49745833333333
"31137",6.3,7.79843749999999
"31139",6.6,7.21889583333332
"31141",6.7,6.83422916666666
"31143",7.9,8.09560416666666
"31145",6.5,8.14670833333333
"31147",10,8.66766666666666
"31149",8,8.21762500000001
"31151",7.9,7.73697916666665
"31153",5.1,4.83570833333333
"31155",6.4,6.39554166666667
"31157",7.1,7.85352083333333
"31159",5.4,6.19647916666668
"31161",7.6,8.707375
"31163",9.7,8.29700000000001
"31165",10.9,8.78487500000002
"31167",7.5,7.33483333333333
"31169",8.9,7.99585416666668
"31171",7.7,8.26749999999999
"31173",8.6,8.642625
"31175",7.9,7.99383333333336
"31177",6.4,6.54729166666668
"31179",5.6,7.17872916666668
"31181",8.2,7.42797916666665
"31183",8.6,8.84447916666667
"31185",6.2,7.20564583333332
"32001",8.1,7.93450000000001
"32003",6.8,6.34745833333333
"32005",7.6,7.57168749999999
"32007",6.6,7.06966666666668
"32009",10.9,8.9495
"32011",9.4,10.6440208333333
"32013",9.2,7.51458333333333
"32015",8.2,8.05958333333334
"32017",9.9,7.64266666666667
"32019",9,8.44320833333334
"32021",11.6,10.8395
"32023",10.9,10.2035833333333
"32027",7.5,8.41641666666666
"32029",8.4,8.43752083333332
"32031",6.9,6.30306250000001
"32033",9.2,8.56954166666666
"32510",8.7,7.43764583333333
"33001",8.6,7.61854166666667
"33003",8.8,7.21239583333333
"33005",8.1,7.27112499999999
"33007",8.6,8.79066666666665
"33009",7.1,7.04637499999999
"33011",5.6,5.89945833333333
"33013",6.6,6.36514583333333
"33015",6.1,5.97039583333334
"33017",6.6,6.12145833333334
"33019",8.8,7.81252083333332
"34001",6.6,7.21383333333335
"34003",4.8,4.77783333333333
"34005",5.3,5.75474999999998
"34007",5.7,6.27814583333334
"34009",8.3,6.94633333333332
"34011",7.6,7.86349999999999
"34013",4.9,5.92575000000002
"34015",6.3,5.8675
"34017",4.1,4.77858333333333
"34019",6.1,5.64722916666669
"34021",5.1,5.26787500000001
"34023",4.5,4.89429166666666
"34025",5.4,5.36635416666667
"34027",4.7,4.87202083333335
"34029",7.3,7.35495833333333
"34031",6,6.19433333333333
"34033",6.4,8.1610625
"34035",4,4.59212500000001
"34037",6.1,6.0815625
"34039",5.1,5.13283333333332
"34041",5.8,6.30260416666667
"35001",5.6,6.415375
"35003",13.7,11.021875
"35005",7.6,8.64922916666666
"35006",9.2,10.1884375
"35007",8.4,9.3330625
"35009",6.4,6.89372916666667
"35011",9.4,10.0555208333333
"35013",6,7.15060416666667
"35015",6.7,7.07441666666668
"35017",9,8.57658333333333
"35019",6.9,9.84027083333335
"35021",10.5,8.26193750000001
"35023",7.8,10.5284791666667
"35025",6.9,6.85485416666666
"35027",9.5,9.19133333333333
"35028",3.6,4.39618750000003
"35029",10,10.27175
"35031",11.4,10.6621458333333
"35033",7.4,9.69649999999999
"35035",7.2,8.44354166666665
"35037",10.2,10.9103958333333
"35039",7.8,9.91989583333333
"35041",7,7.95891666666666
"35043",6.6,6.76647916666667
"35045",10.2,9.47222916666668
"35047",6.5,8.79577083333334
"35049",6.6,6.75720833333332
"35051",11.1,9.51052083333331
"35053",9.3,11.6870208333333
"35055",7.4,7.79814583333332
"35057",9.6,10.6545833333333
"35059",10.1,10.0074375
"35061",6,8.17349999999999
"36001",5.1,5.85745833333333
"36003",7.8,8.40010416666666
"36005",6.9,7.37443750000001
"36007",7.1,7.57883333333334
"36009",9.3,9.27266666666666
"36011",9.5,8.16704166666665
"36013",8.4,8.39654166666666
"36015",9,8.32402083333333
"36017",9.3,8.49704166666668
"36019",8.1,7.2993125
"36021",7.3,7.34618749999998
"36023",7.5,7.10197916666668
"36025",8.9,8.41747916666666
"36027",6,6.06783333333332
"36029",6.6,6.77429166666667
"36031",8.1,7.82710416666665
"36033",9.5,8.71983333333333
"36035",9.7,8.72056250000002
"36037",8.8,7.69372916666666
"36039",7.4,7.63858333333332
"36041",11.7,8.39312500000001
"36043",8.6,8.32756249999999
"36045",7.4,7.03287499999999
"36047",5.6,5.96372916666668
"36049",8.4,8.89731250000002
"36051",7.4,7.12770833333335
"36053",7.1,7.2426875
"36055",5,6.39372916666666
"36057",9.9,8.77549999999999
"36059",4.8,5.07322916666666
"36061",5.1,5.15093750000001
"36063",8.4,7.56741666666667
"36065",8,7.79962500000001
"36067",8,6.94989583333334
"36069",7,7.15539583333334
"36071",5.3,6.502375
"36073",7.3,8.39516666666668
"36075",8.4,8.91660416666667
"36077",7,7.61502083333333
"36079",5.7,5.98220833333333
"36081",4.6,6.13814583333334
"36083",6.4,6.40433333333334
"36085",5.3,6.0599375
"36087",6.3,5.46352083333333
"36089",8.8,8.77641666666666
"36091",5.5,6.0535625
"36093",6.2,6.6024375
"36095",9.4,7.84014583333333
"36097",9.6,8.42333333333333
"36099",8.4,8.41312499999998
"36101",7.6,7.81056249999999
"36103",5.7,5.77497916666666
"36105",8,8.07093749999999
"36107",7.6,7.53670833333333
"36109",5,5.63179166666667
"36111",7.2,7.10333333333334
"36113",8.6,7.1606875
"36115",8.1,7.99556249999999
"36117",7.3,7.59064583333334
"36119",5.3,4.90202083333334
"36121",7.6,8.23477083333334
"36123",9.4,8.86129166666666
"37001",8.4,7.55266666666666
"37003",9.1,8.69918749999999
"37005",12,9.925375
"37007",9.9,10.222
"37009",10,9.40512500000001
"37011",9,8.49818749999999
"37013",10.9,9.70764583333334
"37015",11.3,10.7309583333333
"37017",10.5,9.79091666666668
"37019",9.8,8.40531249999998
"37021",6.6,6.63747916666666
"37023",9.1,8.98170833333335
"37025",6.2,5.76177083333334
"37027",9.5,8.66914583333334
"37029",7.5,6.61779166666666
"37031",9.7,8.03035416666667
"37033",10.7,9.97116666666667
"37035",8,7.67564583333335
"37037",8.6,6.99560416666666
"37039",12.1,9.62527083333333
"37041",10.5,9.23022916666666
"37043",10.5,8.74441666666666
"37045",9.6,9.10720833333333
"37047",11.2,10.467625
"37049",8.8,7.62602083333334
"37051",6.3,6.66120833333333
"37053",7.8,7.10422916666667
"37055",7.2,6.60387499999999
"37057",8.1,8.67845833333332
"37059",8.9,8.30120833333333
"37061",9.7,9.95437500000003
"37063",5,4.82374999999999
"37065",9.7,9.9553125
"37067",6.8,6.90754166666668
"37069",8.3,7.6010625
"37071",8.5,7.41647916666668
"37073",9.7,9.93195833333335
"37075",11.1,9.3738333333333
"37077",8.8,7.95860416666666
"37079",9.5,9.77831249999999
"37081",6.4,6.62850000000001
"37083",11.6,10.4507083333333
"37085",8.1,7.28343750000002
"37087",9.1,8.34795833333333
"37089",8.4,7.88404166666665
"37091",10.6,10.1027708333333
"37093",7.3,7.42258333333334
"37095",12.4,11.8744583333333
"37097",7.3,6.67293750000001
"37099",7.9,8.30268749999999
"37101",7.7,7.00883333333334
"37103",10.9,10.1309166666667
"37105",9.2,8.40225
"37107",10.6,10.4056875
"37109",9.3,7.402375
"37111",11.9,9.16189583333333
"37113",10,9.17077083333334
"37115",9.5,7.96241666666666
"37117",12,10.9283333333333
"37119",5.3,4.72954166666664
"37121",9.3,9.06252083333336
"37123",9.6,9.66862499999999
"37125",7.6,7.11008333333332
"37127",8.7,8.4378125
"37129",5.9,6.46614583333333
"37131",11.8,11.0124375
"37133",5.6,6.19258333333334
"37135",4.6,5.1774375
"37137",10.3,8.96470833333335
"37139",7.7,7.54439583333333
"37141",8.5,7.28302083333334
"37143",9.6,9.36364583333336
"37145",10.4,9.98395833333334
"37147",6.6,7.09639583333334
"37149",7.1,8.45083333333331
"37151",10.1,9.21022916666666
"37153",9,9.78187500000003
"37155",11.5,10.475375
"37157",10.6,10.4097291666667
"37159",9.2,8.65360416666666
"37161",11,9.45447916666667
"37163",10,9.93822916666667
"37165",11,10.6183125
"37167",8.3,8.647625
"37169",10,9.60152083333332
"37171",11.1,9.9539791666667
"37173",10.3,9.87116666666667
"37175",8.1,7.82754166666665
"37177",10.1,10.4580833333333
"37179",6.4,5.47422916666667
"37181",9.2,9.56691666666666
"37183",4.5,4.53743749999998
"37185",10.7,11.0619166666666
"37187",11.4,11.021625
"37189",6.8,6.57537500000001
"37191",8.3,8.57629166666667
"37193",11,10.1600208333333
"37195",10.2,9.06897916666667
"37197",10.8,9.37635416666668
"37199",11.2,9.2913541666667
"38001",9.6,9.15575000000002
"38003",6.7,7.9379375
"38005",10.6,8.75160416666666
"38007",7.1,7.8410625
"38009",8.6,7.83037500000001
"38011",8.9,8.38399999999998
"38013",6.9,7.02112500000001
"38015",5.7,5.9456875
"38017",5.1,4.998375
"38019",7.2,8.05537500000001
"38021",8,7.48910416666666
"38023",8.4,7.99170833333332
"38025",6.8,7.46050000000001
"38027",9.2,8.0963125
"38029",8.4,8.10881250000002
"38031",7.5,7.39745833333333
"38033",8.7,8.23983333333333
"38035",5.9,5.70922916666668
"38037",11.3,9.1431875
"38039",8.9,7.28933333333333
"38041",8,8.66389583333334
"38043",8,8.51539583333333
"38045",7.7,8.09718749999999
"38047",10.5,7.4859375
"38049",7.9,7.86435416666667
"38051",11.3,10.0134375
"38053",6.4,6.87875
"38055",7.1,7.52845833333333
"38057",7.9,8.11966666666665
"38059",7.4,6.58327083333333
"38061",7.3,7.49812499999999
"38063",8.4,8.11666666666667
"38065",8.3,8.11110416666665
"38067",8.5,7.78614583333332
"38069",7.3,7.74216666666666
"38071",7.5,8.07345833333332
"38073",7.3,7.71716666666667
"38075",7.3,7.04902083333333
"38077",7.2,7.48475000000002
"38079",10.4,9.37722916666666
"38081",7.8,7.57920833333334
"38083",9.1,8.94085416666666
"38085",14,10.9242916666667
"38087",7.8,7.6231875
"38089",6.6,6.39004166666666
"38091",7,7.95437499999999
"38093",7.4,7.54389583333333
"38095",11.1,9.03352083333332
"38097",6.7,6.5264375
"38099",9.6,8.18035416666666
"38101",6.2,5.8383125
"38103",8.2,8.32629166666667
"38105",5.9,5.84960416666667
"39001",13.3,11.800625
"39003",11,7.67293749999999
"39005",10.7,8.52472916666665
"39007",11.2,9.66475000000002
"39009",8,6.88254166666667
"39011",8.9,7.04235416666666
"39013",11,8.97381249999999
"39015",12.3,10.7686875
"39017",9.3,6.575375
"39019",12.8,9.92593750000001
"39021",10.5,8.42670833333333
"39023",11.1,9.5668125
"39025",9.3,6.4690625
"39027",10.8,8.93927083333332
"39029",10.8,9.02545833333335
"39031",12,10.9241041666667
"39033",12.4,9.75316666666668
"39035",8.2,7.17095833333333
"39037",10.7,9.04212500000002
"39039",10.1,7.86470833333334
"39041",5.8,4.97299999999999
"39043",9.4,7.73481249999999
"39045",8.9,6.31377083333333
"39047",12.7,9.95572916666668
"39049",7.2,5.63189583333335
"39051",11.3,7.67116666666667
"39053",12.4,10.05325
"39055",8.7,6.79389583333332
"39057",7.9,5.96756250000001
"39059",12.8,10.3246458333333
"39061",9.5,6.2853125
"39063",8.6,7.24787499999999
"39065",11.6,9.0108125
"39067",11.7,11.1223333333333
"39069",10,8.28845833333334
"39071",11.7,10.1116875
"39073",14,10.4746666666667
"39075",12.6,10.1451875
"39077",9.3,9.23645833333331
"39079",12.7,10.7766041666666
"39081",10.9,9.44502083333334
"39083",7.4,8.33239583333333
"39085",9.5,7.00889583333332
"39087",11.7,9.79225000000001
"39089",9,6.98293750000001
"39091",11,8.08654166666666
"39093",9.7,7.32585416666668
"39095",9.9,7.90495833333333
"39097",9.8,7.80562500000001
"39099",10.2,8.062875
"39101",10.8,9.42489583333334
"39103",9.4,6.38075
"39105",13.8,12.4733125
"39107",10,7.18814583333333
"39109",8.8,7.1213125
"39111",12.8,10.4422291666667
"39113",9.5,7.52560416666667
"39115",11.3,10.9482291666667
"39117",12.4,8.73029166666669
"39119",9.9,9.60781250000001
"39121",13.4,10.82725
"39123",9.7,7.54610416666667
"39125",11.4,9.07010416666667
"39127",11.3,10.5160625
"39129",9.2,8.42797916666667
"39131",12.8,11.7624583333333
"39133",8.1,7.01122916666668
"39135",10.9,8.33633333333333
"39137",8.6,6.76943750000001
"39139",10.5,8.78827083333335
"39141",11.5,9.48089583333335
"39143",10.3,8.61975000000001
"39145",12.1,10.3758958333333
"39147",9.9,7.99616666666667
"39149",10.3,7.71856249999999
"39151",9.1,7.9589375
"39153",7.8,6.68091666666667
"39155",12,9.0694375
"39157",12.9,8.48156250000001
"39159",5.4,5.70752083333334
"39161",9.7,8.39204166666666
"39163",14,11.4695416666667
"39165",7.4,5.09391666666667
"39167",11,8.81008333333332
"39169",9,7.5284375
"39171",11,9.32968749999999
"39173",7.8,6.19058333333333
"39175",9,7.28908333333332
"40001",12.1,9.88881250000001
"40003",8.3,8.14533333333331
"40005",11.6,9.8363125
"40007",8,7.77377083333332
"40009",8.7,8.00814583333333
"40011",10.5,8.66102083333333
"40013",10.2,8.85441666666666
"40015",10.7,9.42829166666667
"40017",7,6.05160416666666
"40019",9.1,8.7861875
"40021",10.4,8.58777083333333
"40023",11.9,10.335375
"40025",7.7,8.079875
"40027",6.7,5.79095833333334
"40029",12.7,10.6242916666667
"40031",7.8,7.00960416666667
"40033",11.7,9.67125
"40035",13.5,10.0545
"40037",9.3,8.88458333333334
"40039",7.4,7.13789583333335
"40041",12.1,10.253875
"40043",10.1,9.01610416666668
"40045",10.2,9.58581250000001
"40047",8.6,7.74510416666665
"40049",10.3,9.17058333333332
"40051",8.5,7.66770833333333
"40053",12,8.63997916666668
"40055",9.8,9.52702083333334
"40057",9.2,9.97187500000002
"40059",9,8.51452083333333
"40061",11.7,10.9991666666667
"40063",11.6,10.0741458333333
"40065",8.4,7.31516666666668
"40067",11.9,10.5667083333333
"40069",11.5,9.145125
"40071",9.2,9.05110416666666
"40073",8.8,8.05775
"40075",12.5,10.1033541666667
"40077",12.7,10.1702916666667
"40079",12.2,10.2611875
"40081",10.5,9.27268750000001
"40083",8.2,7.30252083333333
"40085",9.3,8.92512499999999
"40087",8.6,6.84929166666667
"40089",12.4,9.97991666666665
"40091",12.9,11.3055
"40093",9.2,8.50066666666665
"40095",10.7,10.5124791666667
"40097",11.1,9.53881250000002
"40099",10.1,8.85879166666667
"40101",9.1,9.06152083333331
"40103",9.7,8.24829166666667
"40105",10.7,9.69031250000002
"40107",12.1,10.9474375
"40109",7.3,6.32983333333334
"40111",11.5,9.44672916666668
"40113",10,8.44924999999998
"40115",12,9.91727083333336
"40117",9.8,9.47864583333333
"40119",7.6,6.4346875
"40121",10.7,9.22958333333335
"40123",10,7.85039583333334
"40125",9.9,8.46989583333334
"40127",13.8,11.0395
"40129",10.7,8.61277083333333
"40131",7.9,7.31791666666667
"40133",11.2,10.3078333333333
"40135",12.6,10.0530416666667
"40137",10.1,9.27506250000001
"40139",8,7.26747916666666
"40141",10.9,9.58664583333336
"40143",7.7,6.27743750000001
"40145",7.6,7.1668125
"40147",11,7.48570833333334
"40149",9.8,8.46729166666666
"40151",7.7,7.27816666666665
"40153",9.2,8.02116666666666
"41001",10.3,8.53108333333331
"41003",5.6,5.59779166666667
"41005",5.7,6.06522916666666
"41007",7.6,8.10368750000001
"41009",8.6,7.66322916666667
"41011",8.9,9.28535416666666
"41013",9.1,7.88970833333334
"41015",12.7,9.08597916666665
"41017",6,6.51327083333332
"41019",9.7,9.165
"41021",9,8.86443750000002
"41023",10.5,9.75783333333334
"41025",10,9.24572916666666
"41027",6.1,6.22520833333333
"41029",8.4,7.64135416666667
"41031",7.9,8.33839583333332
"41033",10.5,9.68641666666666
"41035",9,8.8560625
"41037",10.1,9.53564583333332
"41039",7.5,7.14254166666667
"41041",10.5,8.59224999999999
"41043",7.6,7.89899999999999
"41045",9.2,9.29206250000001
"41047",8.4,6.97145833333334
"41049",8.5,9.45364583333335
"41051",6.1,4.95758333333333
"41053",7.8,6.96235416666667
"41055",9.5,10.482875
"41057",8.9,8.2621875
"41059",8.1,7.75008333333332
"41061",8.1,8.45889583333334
"41063",8,8.04985416666667
"41065",8,7.96558333333333
"41067",4.5,5.02527083333334
"41069",12.1,8.74727083333335
"41071",6.9,6.65254166666665
"42001",7.7,7.3544375
"42003",7.2,6.38635416666667
"42005",9.8,8.1515625
"42007",8.4,7.74266666666666
"42009",9.9,9.16395833333334
"42011",7.5,6.9215
"42013",10.2,8.25883333333331
"42015",9,8.71239583333333
"42017",7.6,6.01410416666667
"42019",6.2,6.55677083333333
"42021",9.7,8.55429166666665
"42023",12.3,11.16925
"42025",9.3,8.32845833333334
"42027",6.5,5.66239583333334
"42029",5.1,5.09518750000001
"42031",8.9,8.62485416666665
"42033",10.6,8.67239583333333
"42035",8.6,8.59279166666668
"42037",8.5,8.35179166666665
"42039",9.6,8.86456250000001
"42041",6.9,6.11875
"42043",7.9,6.75554166666665
"42045",5.5,5.75916666666667
"42047",10.1,7.89972916666667
"42049",8.5,7.42333333333334
"42051",10.7,9.32333333333334
"42053",10,10.3117708333333
"42055",8.3,7.86341666666667
"42057",8.6,8.26622916666668
"42059",9.6,8.32862499999999
"42061",8.4,8.29997916666667
"42063",8.2,7.79322916666665
"42065",10.2,9.55850000000001
"42067",9.6,9.03522916666666
"42069",8.1,7.43881250000001
"42071",7.3,6.93775
"42073",9.2,8.59977083333333
"42075",7.7,7.88508333333332
"42077",7.2,6.55252083333333
"42079",8.5,7.98764583333333
"42081",8.5,7.87820833333333
"42083",8.8,8.73006250000001
"42085",8.8,8.23491666666667
"42087",10.3,10.7043125
"42089",7.5,7.11616666666667
"42091",6.6,5.16462500000001
"42093",8.9,7.16833333333333
"42095",6.9,6.64747916666666
"42097",9.7,8.40014583333334
"42099",8.7,7.91166666666666
"42101",8.3,7.01854166666666
"42103",7.7,7.67879166666667
"42105",9.7,8.88114583333332
"42107",9.8,8.24110416666668
"42109",8.4,7.76399999999999
"42111",9,8.4991875
"42113",11.9,8.52904166666668
"42115",7.5,8.40020833333334
"42117",10.3,8.34406249999998
"42119",8.3,7.573625
"42121",10.3,8.77506249999999
"42123",9.7,8.25277083333334
"42125",8.1,7.2171875
"42127",10.3,8.39956249999999
"42129",7,7.42935416666666
"42131",10.4,8.06527083333334
"42133",6.5,7.036875
"44001",6.7,5.63612500000001
"44003",6.4,6.6506875
"44005",5.9,5.89216666666668
"44007",6.5,6.69843750000001
"44009",6.6,6.17102083333335
"45001",9.5,9.74770833333332
"45003",8.5,7.82160416666667
"45005",10.4,11.5587708333333
"45007",8.5,7.89470833333334
"45009",10.3,10.3688125
"45011",9.9,10.55625
"45013",7.3,6.73608333333332
"45015",6,6.4011875
"45017",9.2,9.94197916666667
"45019",5.2,5.54916666666668
"45021",9.5,9.30493749999998
"45023",9.6,10.1660208333333
"45025",8.8,10.25375
"45027",10.3,10.8356875
"45029",10.3,9.78318750000003
"45031",8.7,9.44356250000002
"45033",13.7,11.0148125
"45035",7.3,6.61106250000002
"45037",9.4,9.05447916666667
"45039",11.5,10.65675
"45041",7.8,8.68022916666666
"45043",9.4,8.60904166666665
"45045",5.4,5.93899999999998
"45047",9.2,8.83783333333332
"45049",10.3,9.95029166666667
"45051",8.8,8.30504166666667
"45053",9.2,8.92254166666666
"45055",8.1,8.69283333333332
"45057",7.2,7.76491666666666
"45059",8.7,9.62187499999999
"45061",10.9,10.62075
"45063",6.7,6.86762500000002
"45065",9.5,9.48974999999997
"45067",11.2,11.4499166666667
"45069",10.9,11.2253958333333
"45071",9.2,8.85470833333333
"45073",10.2,8.4299375
"45075",8.9,10.0103125
"45077",8.1,7.698375
"45079",5.6,6.32472916666666
"45081",9.4,9.60072916666667
"45083",7,7.67774999999999
"45085",6.9,8.54789583333333
"45087",11.8,10.4338958333333
"45089",9.7,10.4693958333333
"45091",6.7,5.92216666666667
"46003",7.1,7.46827083333334
"46005",9.3,7.30927083333334
"46007",9.3,9.15122916666665
"46009",7.3,8.046125
"46011",4.1,5.3265625
"46013",5.8,6.68939583333333
"46015",8.2,7.97172916666666
"46017",11.3,11.1443541666667
"46019",7.1,8.26037499999999
"46021",8.5,7.31193750000002
"46023",8.1,8.77997916666666
"46025",7.6,7.94008333333334
"46027",5.5,6.13179166666667
"46029",7.3,7.47504166666665
"46031",11.1,10.2100208333333
"46033",8.4,8.38308333333334
"46035",8.3,8.50277083333332
"46037",8.4,9.11993750000001
"46039",8.8,7.32943749999999
"46041",10.1,9.77593750000001
"46043",7.8,9.41479166666666
"46045",6.9,6.95925
"46047",9.3,9.5658125
"46049",9,9.64035416666665
"46051",6.9,7.91527083333333
"46053",10,8.75510416666669
"46055",8,9.363
"46057",6,6.60174999999999
"46059",7.2,7.32310416666668
"46061",6.8,6.71885416666666
"46063",6.3,6.80879166666666
"46065",5.4,6.29379166666667
"46067",6.6,7.76889583333333
"46069",6.9,7.68879166666666
"46071",10.6,10.5633333333333
"46073",8.2,8.88293750000001
"46075",7.1,8.0581875
"46077",7.4,7.53225
"46079",6,7.209125
"46081",6.3,7.13145833333333
"46083",4.3,5.68847916666667
"46085",10,9.12172916666667
"46087",6.3,7.04660416666668
"46089",8.5,9.43775
"46091",6.5,7.40410416666665
"46093",5.3,6.68658333333334
"46095",11,12.1959375
"46097",7.8,8.52212499999998
"46099",5.3,5.71752083333335
"46101",6.9,7.40764583333335
"46103",6.9,6.81014583333334
"46105",5.8,8.401375
"46107",7.8,7.95158333333335
"46109",10.4,10.2087083333333
"46111",7.4,7.44952083333332
"46115",7.7,7.75302083333333
"46117",6.9,7.08145833333333
"46119",6.9,7.98522916666666
"46121",11.5,11.5154375
"46123",10.4,10.105625
"46125",6.5,7.44816666666666
"46127",5.9,6.39327083333333
"46129",8.1,8.0103125
"46135",6.3,7.1595625
"46137",10.1,10.749375
"47001",10.3,8.17945833333333
"47003",9.9,7.94372916666668
"47005",12.6,11.6729583333333
"47007",13.8,11.4769583333333
"47009",10,7.6441875
"47011",8.8,7.79447916666667
"47013",12.3,11.7207708333333
"47015",11.2,9.28893750000002
"47017",12.1,9.67706250000001
"47019",13.2,9.35210416666665
"47021",9.2,7.51504166666667
"47023",12,9.99389583333333
"47025",11.4,10.0446875
"47027",14.7,12.8232291666666
"47029",14.1,11.7189583333333
"47031",12,8.80716666666668
"47033",11.7,9.56972916666668
"47035",13.6,9.92410416666666
"47037",7.6,5.48081250000001
"47039",14.7,10.9269791666667
"47041",13.8,9.20614583333334
"47043",9.9,8.2405
"47045",11.3,8.78820833333334
"47047",9.7,8.09233333333334
"47049",14.1,11.5800416666667
"47051",11.4,8.81675
"47053",11.5,8.8960625
"47055",11.6,9.22866666666667
"47057",15.4,10.886125
"47059",12.4,9.93522916666667
"47061",12.9,11.7554166666667
"47063",10.1,9.18637500000001
"47065",7.9,6.540375
"47067",17.8,14.2733333333334
"47069",11.1,9.92014583333333
"47071",11.5,10.8811666666667
"47073",11.2,10.6692083333333
"47075",13.3,10.343375
"47077",11.8,10.4108125
"47079",13.8,9.75977083333333
"47081",12,9.39077083333333
"47083",11,9.85729166666668
"47085",13.9,9.05120833333333
"47087",14.7,12.0401875
"47089",10.5,8.43368749999998
"47091",13.5,10.8344791666667
"47093",7.9,6.26006249999999
"47095",13,10.1356875
"47097",12.1,10.1308541666666
"47099",12.6,10.0116875
"47101",14,11.9841458333333
"47103",10.4,8.59627083333333
"47105",11.4,8.44985416666665
"47107",9.9,9.49712500000001
"47109",12.8,10.8007708333333
"47111",11.7,10.1231041666667
"47113",9.1,8.43504166666666
"47115",10.8,10.0826666666667
"47117",11.4,9.07135416666666
"47119",8.2,7.29179166666666
"47121",10.8,10.454
"47123",13.1,10.1759166666667
"47125",7.1,6.04945833333333
"47127",10.4,7.76729166666666
"47129",13.1,11.12625
"47131",11.5,9.97631250000001
"47133",11.6,10.9553541666667
"47135",12.7,9.91162500000002
"47137",16.5,11.2365416666667
"47139",12.7,9.49312500000001
"47141",9.2,7.78139583333333
"47143",14.3,9.54137500000001
"47145",11.3,8.68854166666666
"47147",8.7,7.83347916666667
"47149",7.9,5.85256249999999
"47151",13.1,13.2863958333333
"47153",14.3,9.81443750000002
"47155",9.3,9.00202083333334
"47157",8.7,7.16206249999998
"47159",10.4,9.16683333333334
"47161",11,9.08870833333332
"47163",10.1,8.02995833333332
"47165",8,6.95229166666669
"47167",9.8,7.94904166666667
"47169",9.4,7.63735416666666
"47171",13,9.79477083333334
"47173",11.7,10.8248125
"47175",13.6,11.5740208333333
"47177",13.4,9.59725
"47179",10.8,7.12625000000001
"47181",12.6,10.20875
"47183",9.4,9.4194375
"47185",12.7,10.816
"47187",5.7,4.81756249999999
"47189",7.7,6.19493750000001
"48001",8.3,8.71906250000002
"48003",7.1,6.65989583333334
"48005",9.8,8.745625
"48007",10.2,8.91041666666666
"48009",9,8.10002083333334
"48011",8.5,7.90195833333334
"48013",7,8.32708333333333
"48015",8.1,8.26887499999998
"48017",6.8,7.46358333333333
"48019",9.3,8.726125
"48021",7.6,7.75633333333333
"48023",8.3,8.71408333333332
"48025",7.5,8.2274375
"48027",6.5,6.26608333333334
"48029",5.9,6.04831249999999
"48031",9.4,8.05183333333333
"48033",5.9,6.347875
"48035",11.4,9.10014583333333
"48037",9.2,8.47489583333333
"48039",5.8,5.77358333333333
"48041",5.3,5.72402083333332
"48043",6.7,6.82064583333333
"48045",13.9,11.1541041666666
"48047",7.3,10.0685625
"48049",8.9,8.63241666666666
"48051",9.7,8.82714583333333
"48053",9,7.72262500000001
"48055",7.6,7.83160416666667
"48057",6.9,8.1113125
"48059",9.4,7.93012500000001
"48061",8,7.3323125
"48063",9.3,9.44862499999999
"48065",7.5,7.89964583333333
"48067",10.8,10.447375
"48069",7.6,7.85737500000001
"48071",6.8,7.05797916666667
"48073",9.6,9.21599999999997
"48075",8.3,7.48785416666665
"48077",8.4,7.94391666666668
"48079",10.1,10.8814791666667
"48081",12.3,9.88300000000001
"48083",10.6,9.72431249999998
"48085",4.1,4.41956249999999
"48087",9.6,9.77154166666667
"48089",8.9,8.11758333333331
"48091",6.6,6.23110416666666
"48093",11,9.20147916666667
"48095",11.4,10.6722083333333
"48097",8.7,8.4326875
"48099",7.2,6.58827083333333
"48101",12,9.67841666666667
"48103",7,6.66852083333334
"48105",7.5,8.16908333333333
"48107",9.2,10.6667916666667
"48109",8.5,10.2928125
"48111",7.7,6.40316666666667
"48113",5.5,5.699375
"48115",8.3,8.85241666666667
"48117",8.3,6.95677083333334
"48119",8.6,8.74293749999999
"48121",5,4.71127083333333
"48123",9.1,9.64341666666669
"48125",9.9,8.77333333333334
"48127",10.1,11.0747916666667
"48129",10.4,9.50637499999997
"48131",6.3,10.0920416666667
"48133",9.8,8.84879166666666
"48135",6.4,6.63510416666667
"48137",12.8,10.0544791666667
"48139",6.2,6.2009375
"48141",5.2,6.70858333333333
"48143",8,7.07112499999999
"48145",9.4,9.69852083333334
"48147",8.8,8.10739583333333
"48149",8,8.68647916666668
"48151",10.3,8.72058333333332
"48153",10,9.67958333333333
"48155",12.5,11.4719583333333
"48157",4.6,4.63474999999999
"48159",7,7.59120833333333
"48161",9.7,8.70297916666667
"48163",6.4,8.28299999999999
"48165",6.9,7.57235416666667
"48167",6.6,6.01114583333335
"48169",6.9,8.56016666666667
"48171",9,7.76818749999998
"48173",5.6,6.09791666666669
"48175",8.9,8.69074999999999
"48177",8.6,8.67389583333334
"48179",9.4,8.373
"48181",9.3,8.10933333333333
"48183",8.5,7.8945625
"48185",9.1,8.72727083333334
"48187",6,6.08845833333333
"48189",7.9,7.58239583333333
"48191",10.1,10.49475
"48193",10.7,9.00766666666667
"48195",7.3,6.135
"48197",9.7,8.40806249999999
"48199",8.5,8.85987500000002
"48201",6.3,5.95135416666666
"48203",8.6,8.75756249999999
"48205",6.6,7.013125
"48207",9.6,9.21364583333332
"48209",5.8,5.30058333333333
"48211",7.5,7.24241666666667
"48213",10.5,9.47100000000001
"48215",7.2,6.94275000000001
"48217",10.4,8.85960416666667
"48219",8.3,7.90164583333334
"48221",7.5,7.9688125
"48223",8.4,8.6308125
"48225",10.5,10.2221041666667
"48227",7,6.89541666666666
"48229",7.6,9.96210416666669
"48231",7.9,8.03897916666667
"48233",8.3,7.59637499999999
"48235",7.8,8.47056249999999
"48237",8.7,8.60035416666667
"48239",9.7,9.51222916666667
"48241",11,10.8259583333333
"48243",11.3,9.20560416666666
"48245",8.9,7.70074999999999
"48247",7.7,8.67129166666666
"48249",6.9,9.0088125
"48251",8.1,7.29527083333334
"48253",9.2,8.48639583333332
"48255",7.2,8.57179166666666
"48257",7.2,6.75864583333333
"48259",5.7,6.09820833333334
"48261",14.4,9.37414583333334
"48263",8.6,8.00841666666666
"48265",10,8.61510416666665
"48267",11,8.48895833333331
"48269",13.4,7.43768749999999
"48271",8.4,9.22170833333332
"48273",5.9,7.22916666666667
"48275",9.7,9.16639583333332
"48277",9.9,9.07354166666665
"48279",8.6,9.49166666666666
"48281",9.3,7.92587499999998
"48283",6.8,10.8763958333334
"48285",9.3,8.82322916666665
"48287",9.7,9.24179166666666
"48289",11.5,9.79770833333332
"48291",9.4,8.879375
"48293",12,10.1963541666667
"48295",10.2,8.04954166666667
"48297",9.3,10.6662916666667
"48299",9.9,8.90729166666664
"48301",5.7,8.62835416666667
"48303",6,6.44283333333335
"48305",9.8,8.12422916666666
"48307",10.1,8.84154166666667
"48309",7.8,7.32143750000001
"48311",10.4,9.46687499999999
"48313",8.5,8.3793125
"48315",11.4,10.9297083333333
"48317",7,8.42741666666666
"48319",9,7.25508333333331
"48321",9.6,8.79174999999999
"48323",6.9,7.44099999999999
"48325",6.7,7.45447916666668
"48327",9.4,9.81897916666665
"48329",5.3,5.72529166666668
"48331",8.9,9.32320833333332
"48333",9,7.99858333333334
"48335",7.8,7.85541666666666
"48337",9.1,9.3345625
"48339",7.2,5.75877083333335
"48341",8.4,6.77000000000002
"48343",10.1,10.225875
"48345",9.3,9.01225000000001
"48347",8.1,7.97945833333334
"48349",9.3,9.01479166666665
"48351",13.5,11.0624375
"48353",9.3,9.22066666666665
"48355",6.9,7.56268750000001
"48357",6.9,6.81089583333333
"48359",8.1,7.49877083333334
"48361",8.6,7.94529166666665
"48363",9.1,9.29160416666667
"48365",10.1,9.20718749999999
"48367",6.4,6.49427083333334
"48369",8.1,7.51795833333333
"48371",6.7,8.64116666666665
"48373",10.2,9.71270833333335
"48375",9.3,7.15925
"48377",10.2,10.4558125
"48379",10.1,8.79177083333331
"48381",6.2,6.1729375
"48383",5.6,6.016
"48385",13.1,10.2823333333333
"48387",11.6,11.4067083333333
"48389",7.1,7.99427083333334
"48391",9,10.0967916666667
"48393",8.8,7.931375
"48395",8.5,9.32220833333334
"48397",5.5,4.99997916666667
"48399",8.1,8.44729166666667
"48401",7.6,8.4749375
"48403",12.5,10.3145
"48405",13.5,12.2378749999999
"48407",10.4,10.1315416666667
"48409",6.7,7.50039583333334
"48411",8.8,9.18829166666666
"48413",8.1,10.5479791666667
"48415",7.9,7.5718125
"48417",8.4,7.36197916666667
"48419",10.7,10.3676041666667
"48421",7.6,7.39568749999999
"48423",8.3,7.50435416666665
"48425",6.8,7.33277083333334
"48427",7.6,8.93635416666666
"48429",9.7,9.00654166666666
"48431",6.3,6.68385416666667
"48433",10.4,8.20397916666666
"48435",8.6,7.1774375
"48437",9.2,9.09920833333334
"48439",6.3,5.71372916666667
"48441",7.2,7.00350000000001
"48443",6.5,8.40641666666666
"48445",9.1,8.96447916666667
"48447",9.9,9.4844375
"48449",8.8,8.89516666666668
"48451",8,6.90408333333333
"48453",5.3,4.54989583333333
"48455",10.8,10.2032708333333
"48457",10.7,10.4651875
"48459",11,9.29420833333333
"48461",9,10.3050208333333
"48463",7.1,8.502375
"48465",6.5,7.18154166666666
"48467",10.1,9.21414583333333
"48469",7.9,8.45043749999999
"48471",8.2,7.63122916666667
"48473",6.5,7.23931250000002
"48475",7.3,7.31722916666667
"48477",9.1,7.93174999999998
"48479",4.4,6.74029166666667
"48481",8,8.74264583333335
"48483",10.4,10.0872083333334
"48485",7.7,7.10570833333335
"48487",10.6,9.63641666666667
"48489",7.5,9.28897916666667
"48491",4.8,4.94583333333333
"48493",6.9,7.44354166666667
"48495",6.6,6.96306250000001
"48497",8.6,7.23404166666667
"48499",9.7,9.02777083333333
"48501",7.9,7.42454166666667
"48503",9.4,8.93472916666665
"48505",9.1,9.38481249999999
"48507",7.4,10.5960833333333
"49001",6.3,6.31545833333333
"49003",5.6,6.01133333333332
"49005",5.3,4.847125
"49007",8.2,9.231125
"49009",7.9,7.4343125
"49011",4.4,4.67233333333334
"49013",7,7.2235
"49015",7.9,8.75266666666668
"49017",7,8.04795833333333
"49019",7.7,7.46110416666667
"49021",5.4,6.2431875
"49023",6.2,6.28025
"49025",7.7,7.87812499999999
"49027",6.8,7.60858333333334
"49029",5.5,5.31
"49031",11.6,10.0567291666667
"49033",6.1,7.09564583333333
"49035",4.8,4.89633333333333
"49037",8.5,9.08535416666667
"49039",6.8,7.04652083333333
"49041",7.4,7.83529166666666
"49043",4.8,5.0095
"49045",5.1,5.58343750000001
"49047",7,6.9731875
"49049",3.3,4.44618749999998
"49051",4.4,5.09883333333333
"49053",5.8,7.14595833333333
"49055",7.4,7.73962500000001
"49057",4.8,5.64133333333334
"50001",5.5,6.73587499999999
"50003",7.6,7.20135416666667
"50005",8,7.85162499999999
"50007",6.4,5.31954166666667
"50009",9.7,8.543
"50011",6.8,7.03710416666667
"50013",6.8,6.7121875
"50015",7.2,6.10222916666666
"50017",6.6,7.14881249999999
"50019",8.8,7.52060416666667
"50021",7.5,7.60633333333333
"50023",7.1,6.53345833333333
"50025",6.8,7.18506249999998
"50027",6.1,7.1273125
"51001",11,9.41972916666667
"51003",5.6,5.89202083333334
"51005",10.8,9.82931249999998
"51007",9.7,8.20714583333334
"51009",9.6,8.57285416666667
"51011",10.1,9.09583333333332
"51013",4.3,3.88062500000001
"51015",8.2,7.56906249999999
"51017",12.2,10.0623958333333
"51019",7.7,7.57995833333333
"51021",9.3,8.097125
"51023",9.1,7.27833333333335
"51025",10.2,10.0519791666667
"51027",14.2,13.3760833333333
"51029",10,9.26056250000001
"51031",8.7,7.71887500000001
"51033",8.7,7.94375
"51035",11.2,11.0139583333333
"51036",10.2,9.35614583333333
"51037",12.1,10.4565
"51041",5.9,5.47814583333334
"51043",7.7,6.96279166666666
"51045",10.6,8.75927083333333
"51047",7.8,6.96952083333334
"51049",9.1,8.14175
"51051",12.4,13.3805625
"51053",9.3,8.29029166666667
"51057",11.3,10.5976041666667
"51059",4.1,4.12308333333332
"51061",6.6,6.13006250000002
"51063",9.1,8.10970833333332
"51065",8.5,6.94577083333333
"51067",10.1,8.62500000000001
"51069",8.2,6.6074375
"51071",9.3,8.333125
"51073",8.4,7.27960416666666
"51075",7,6.65208333333332
"51077",13.2,11.1049375
"51079",8.3,7.46704166666667
"51081",8.6,8.49181250000003
"51083",11.2,10.0829166666667
"51085",7.1,6.1625625
"51087",6.3,5.40027083333334
"51089",12.1,10.9496666666667
"51091",9,8.78741666666665
"51093",8.2,7.05852083333334
"51095",7.8,6.220125
"51097",10.7,9.10547916666665
"51099",7.1,6.04829166666667
"51101",8.5,7.21274999999999
"51103",10.3,8.92360416666664
"51105",12.1,12.8097083333333
"51107",4.3,4.06514583333335
"51109",7.8,7.60410416666666
"51111",11.4,9.805
"51113",9.4,7.74704166666666
"51115",9.5,8.22772916666668
"51117",10.9,9.62181249999999
"51119",9.9,8.46091666666665
"51121",6.2,5.442375
"51125",10.1,8.33258333333334
"51127",6.3,6.33464583333333
"51131",9.8,8.77485416666666
"51133",10.3,8.59572916666664
"51135",10.5,9.56085416666669
"51137",8.2,7.72270833333333
"51139",10.4,9.16895833333334
"51141",12.2,8.78291666666665
"51143",11.2,10.3338541666667
"51145",7.4,6.55589583333333
"51147",7.6,7.94549999999998
"51149",7.3,6.39247916666667
"51153",5.4,4.74562500000001
"51155",9.6,8.33447916666666
"51157",9.7,7.57835416666666
"51159",11.8,7.58604166666667
"51161",7.4,6.59514583333332
"51163",9.5,7.88868749999999
"51165",7.9,7.46020833333334
"51167",13.1,12.5916041666667
"51169",12.6,11.6091041666667
"51171",10.5,8.6453125
"51173",12.5,10.9334166666667
"51175",7.8,7.56804166666667
"51177",6.7,6.11164583333334
"51179",5.2,4.90389583333334
"51181",9.4,8.76964583333331
"51183",8.7,8.79204166666668
"51185",10.9,10.4203125
"51187",9,7.80199999999999
"51191",10.8,8.39141666666666
"51193",11.8,10.609875
"51195",11.3,9.80906250000002
"51197",8.9,9.68572916666667
"51199",5.9,5.09320833333334
"51510",4.1,4.36799999999999
"51520",11.4,9.03760416666668
"51530",10.4,9.29197916666666
"51540",7,5.06739583333332
"51550",6.5,5.531875
"51570",8,7.10795833333331
"51580",9.3,9.94564583333334
"51590",11.9,10.1329166666667
"51595",10.9,9.65497916666664
"51600",5.1,4.5136875
"51610",4.4,3.98172916666667
"51620",9.7,8.8469375
"51630",6.7,5.81427083333332
"51640",11.8,9.81045833333333
"51650",6.8,7.11120833333334
"51660",6.1,6.53306249999999
"51670",10.6,9.38535416666667
"51678",5.1,4.91541666666666
"51680",5.9,6.53822916666668
"51683",5.3,5.08872916666667
"51685",6,5.49572916666667
"51690",10.2,9.25716666666666
"51700",6.7,6.2915625
"51710",6.8,6.13477083333333
"51720",11,10.2544791666667
"51730",8.6,9.11772916666667
"51735",6.5,5.99847916666666
"51740",7.9,8.01460416666667
"51750",6,5.79579166666666
"51760",7.1,5.85337500000001
"51770",8.9,7.96364583333334
"51775",6.5,7.06020833333332
"51790",8.8,7.50185416666667
"51800",6.6,6.18749999999999
"51810",6,5.26683333333333
"51820",7.9,7.29047916666666
"51830",6.4,5.30972916666667
"51840",8,6.76064583333334
"53001",7.5,7.51791666666668
"53003",8.6,8.39158333333333
"53005",6.2,6.08999999999999
"53007",7,7.06185416666667
"53009",8.3,8.22712499999998
"53011",5.1,6.24864583333333
"53013",8.6,8.01289583333332
"53015",7.7,8.37843749999999
"53017",7.4,7.02416666666666
"53019",10.8,9.96931249999999
"53021",6.6,6.37297916666667
"53023",8.3,7.8851875
"53025",7.1,7.38577083333334
"53027",9.2,9.15166666666667
"53029",5.9,6.88931249999998
"53031",7.7,7.71206249999999
"53033",3.5,4.12272916666668
"53035",5.9,6.104875
"53037",6.7,6.45604166666666
"53039",9,8.18472916666665
"53041",8.5,8.1859375
"53043",8.9,7.99160416666666
"53045",8.3,8.59191666666665
"53047",9.7,9.15325
"53049",9.3,8.92481250000001
"53051",8.9,8.53402083333333
"53053",5.8,5.81483333333334
"53055",7.7,7.01412500000001
"53057",6.3,7.39477083333333
"53059",8.1,7.55391666666667
"53061",5.2,5.46870833333333
"53063",6.5,6.48914583333333
"53065",9.4,8.87424999999999
"53067",5.4,6.12462499999999
"53069",9.1,9.04718750000001
"53071",6.9,6.93504166666667
"53073",6.9,6.29543749999999
"53075",5.6,5.06839583333334
"53077",7.6,7.244625
"54001",12.5,12.4281666666667
"54003",8.9,7.121875
"54005",14.1,11.6188958333333
"54007",13.9,11.1458958333333
"54009",11.7,8.67454166666665
"54011",11.8,7.84354166666668
"54013",16.5,14.3796666666667
"54015",15.1,14.0249791666667
"54017",12.2,10.1384166666667
"54019",14.5,10.7255
"54021",10.2,7.83825
"54023",14.3,10.2509166666667
"54025",13.1,9.75770833333333
"54027",15.1,11.3250625
"54029",13.2,8.67864583333333
"54031",13.1,10.3636666666667
"54033",11,7.93618750000001
"54035",12.5,10.3413333333334
"54037",8.6,6.37560416666668
"54039",11.9,8.09558333333334
"54041",12.9,9.91737500000001
"54043",16.1,13.3659583333333
"54045",15.5,12.6151458333333
"54047",18.3,13.6569375
"54049",11.5,8.07891666666667
"54051",12.2,8.90868750000001
"54053",12.5,10.6288125
"54055",11.4,9.5110625
"54057",11.3,8.60908333333331
"54059",16.4,14.3689166666667
"54061",8.3,5.36756250000001
"54063",12.9,10.082
"54065",11.3,8.16941666666666
"54067",13.9,9.90704166666668
"54069",9.1,7.75443750000001
"54071",13.1,9.78577083333333
"54073",12.1,9.1035625
"54075",15.4,12.0529166666666
"54077",13,8.98264583333334
"54079",9,7.0301875
"54081",13.7,8.87439583333333
"54083",11.8,9.70416666666666
"54085",16.4,12.8488333333333
"54087",14.5,12.5726666666667
"54089",14.6,11.563125
"54091",13.4,10.0933958333334
"54093",11.5,7.91293750000001
"54095",12.7,8.71547916666667
"54097",13.8,10.4108541666667
"54099",13.1,10.3344583333334
"54101",15.9,11.502375
"54103",13.2,11.4167291666667
"54105",16,11.7633958333333
"54107",12.1,9.10852083333331
"54109",16.2,13.9215208333333
"55001",10.6,10.0527916666667
"55003",9.5,8.64337499999998
"55005",9.2,8.42872916666667
"55007",7.9,7.71797916666665
"55009",6.1,6.1531875
"55011",7.9,7.34470833333332
"55013",9.2,8.65893750000001
"55015",6.2,5.95529166666668
"55017",7.1,7.24460416666668
"55019",8.4,8.83160416666668
"55021",6.7,7.03762499999999
"55023",9.4,8.79289583333331
"55025",4.6,4.83189583333332
"55027",8,7.24210416666666
"55029",8.3,7.46245833333332
"55031",7,7.21516666666667
"55033",6.6,6.70460416666666
"55035",6,6.22870833333334
"55037",10.9,7.86516666666667
"55039",7.4,7.27262499999999
"55041",10.2,9.56285416666666
"55043",8.2,7.93204166666665
"55045",7,6.82533333333334
"55047",11.3,8.57852083333334
"55049",6.5,6.75110416666667
"55051",9.3,8.53295833333335
"55053",8.3,8.72200000000001
"55055",6.3,6.36045833333333
"55057",9,9.43758333333333
"55059",7.6,6.2826875
"55061",7.2,7.26258333333332
"55063",5.8,6.40631250000001
"55065",7.9,7.72320833333333
"55067",9.2,8.7693125
"55069",8.5,8.04258333333333
"55071",7.6,7.68589583333332
"55073",6.6,6.92260416666667
"55075",10.7,8.16947916666668
"55077",10.8,8.36577083333332
"55078",8.9,9.07895833333333
"55079",6.6,6.84720833333333
"55081",7.4,8.04929166666668
"55083",9.3,7.74172916666667
"55085",7,7.83781250000001
"55087",6.7,6.09222916666668
"55089",5.7,5.71245833333334
"55091",7.9,7.55908333333333
"55093",6.5,6.69241666666668
"55095",8.2,7.4275625
"55097",6.5,6.41947916666667
"55099",9.3,9.52570833333332
"55101",7,6.92570833333333
"55103",8.5,9.21408333333332
"55105",6.9,7.14172916666667
"55107",10.3,8.69808333333331
"55109",5.4,5.92912500000001
"55111",8.4,7.09127083333334
"55113",8.5,8.39627083333334
"55115",8.2,8.11258333333334
"55117",6.9,6.8334375
"55119",9,7.82829166666668
"55121",7.1,7.39485416666667
"55123",8.6,8.38985416666668
"55125",8.9,8.300125
"55127",6,6.7989375
"55129",8.2,8.54466666666665
"55131",6.6,6.37787500000001
"55133",5.7,5.54885416666667
"55135",7.4,7.54185416666667
"55137",9.6,8.80562499999999
"55139",6,6.34591666666667
"55141",7.8,7.92437499999999
"56001",5.8,5.12927083333333
"56003",7.8,8.32645833333331
"56005",7.6,6.28233333333334
"56007",8.2,8.16897916666665
"56009",8.4,7.90504166666665
"56011",8.8,7.33120833333333
"56013",8.6,8.33070833333331
"56015",7.5,7.78175
"56017",10.3,8.21060416666667
"56019",8.8,8.33658333333332
"56021",6.9,6.38504166666667
"56023",7.5,7.50714583333333
"56025",8.1,6.690625
"56027",11,9.70614583333333
"56029",7.7,7.88893749999999
"56031",10.1,8.93974999999999
"56033",7.3,7.3770625
"56035",7.5,7.9735625
"56037",7.2,6.7571875
"56039",4.9,5.26864583333333
"56041",8.1,7.05677083333333
"56043",9.2,7.74891666666665
"56045",8.7,8.71656249999999
