"county_fips","per_heartDisease","pred_outcome"
"01001",6.7,6.29941666666666
"01003",7.5,7.20520833333332
"01005",9.5,8.9928125
"01007",8.5,8.12912499999999
"01009",8,7.86370833333333
"01011",10.7,9.19900000000003
"01013",9.1,9.03439583333335
"01015",7.7,7.6464375
"01017",8.6,8.49775
"01019",9.6,8.93174999999998
"01021",7.6,7.56085416666667
"01023",10,9.77752083333335
"01025",8.7,8.95637500000001
"01027",9.3,8.84899999999999
"01029",8.4,7.98797916666667
"01031",7.6,7.45227083333334
"01033",8,8.05658333333335
"01035",11.1,10.634
"01037",9.8,8.80835416666665
"01039",9.2,8.70433333333332
"01041",8.5,8.68304166666666
"01043",7.9,7.93662500000001
"01045",8.1,7.88077083333333
"01047",9.6,9.60206250000003
"01049",8.9,8.52681249999998
"01051",6.7,6.60993750000001
"01053",9.5,8.86731250000002
"01055",8.5,8.18587500000002
"01057",9.4,8.91216666666666
"01059",8.9,7.92066666666666
"01061",9.3,9.11743750000001
"01063",11.9,10.895375
"01065",9,9.1555416666667
"01067",8.9,8.74716666666665
"01069",7.9,7.66158333333334
"01071",9.2,8.73195833333332
"01073",6.6,6.43479166666667
"01075",9.6,9.03147916666665
"01077",7.4,7.16379166666665
"01079",8.4,8.09014583333333
"01081",5.8,5.3054375
"01083",6.4,6.04760416666668
"01085",10.4,9.90677083333333
"01087",8.2,8.56939583333334
"01089",5.8,5.29864583333333
"01091",9,8.61754166666667
"01093",9.4,8.96637500000002
"01095",7.8,7.41187500000002
"01097",7.3,7.00389583333333
"01099",9.7,9.08895833333335
"01101",6.9,6.58979166666669
"01103",7.7,7.13739583333333
"01105",10.9,10.1655416666667
"01107",8.7,9.0031041666667
"01109",6.8,6.77827083333335
"01111",8.7,8.42041666666666
"01113",7.5,7.57474999999999
"01115",7.1,7.15075000000001
"01117",5.7,5.57070833333333
"01119",8.5,9.21489583333333
"01121",8.3,8.2621041666667
"01123",9,8.60789583333333
"01125",5.8,6.06725000000002
"01127",8.6,8.4507708333333
"01129",8.7,9.01383333333333
"01131",10.8,10.1217291666667
"01133",9.9,9.59370833333332
"04001",9.3,8.77327083333334
"04003",8.3,8.13954166666667
"04005",5.4,5.6186875
"04007",9.8,9.4235
"04009",6.4,6.99587500000001
"04011",5.3,6.40816666666667
"04012",13.3,10.311875
"04013",5.7,5.61585416666667
"04015",10,9.40233333333336
"04017",8.9,8.78695833333335
"04019",6.7,6.66908333333333
"04021",6.9,7.40660416666667
"04023",7.5,7.898875
"04025",8.8,8.60625
"04027",7.9,7.88718750000001
"05001",8.6,8.13635416666668
"05003",10.2,9.09670833333333
"05005",11.1,9.36885416666664
"05007",5.6,5.27854166666667
"05009",8.5,8.3648125
"05011",9.4,8.26725
"05013",8.5,8.07933333333334
"05015",9.7,8.7964375
"05017",10.3,9.16897916666668
"05019",7.2,7.05470833333335
"05021",9.3,8.83
"05023",10.3,9.17002083333333
"05025",9.3,8.809125
"05027",7.9,7.87979166666668
"05029",9.4,8.47835416666668
"05031",6.7,6.22975
"05033",8.1,7.70491666666668
"05035",7.9,7.44335416666667
"05037",9.1,8.43004166666667
"05039",9.2,8.84343750000001
"05041",10.8,9.50570833333336
"05043",8.5,7.66560416666667
"05045",6,5.94004166666668
"05047",9.5,9.08283333333334
"05049",11.5,9.48770833333333
"05051",9.3,8.35527083333332
"05053",7.5,7.31089583333332
"05055",8,7.49285416666668
"05057",8.9,8.54250000000001
"05059",8.5,8.24697916666666
"05061",8.6,8.30064583333333
"05063",8.4,8.25837500000001
"05065",10.9,9.29514583333335
"05067",8.9,8.70483333333335
"05069",8.3,7.86833333333334
"05071",8.9,7.98718750000001
"05073",11.8,10.9907083333334
"05075",9.3,8.61952083333333
"05077",10.1,10.2316458333334
"05079",7.6,7.54583333333335
"05081",9.2,8.56695833333333
"05083",9,8.21335416666667
"05085",6.5,6.554375
"05087",9,8.50887499999998
"05089",11.3,10.3675833333333
"05091",8.5,7.83085416666666
"05093",8.1,7.66941666666666
"05095",10.4,9.56783333333333
"05097",11.1,9.99160416666665
"05099",10.3,10.0584166666667
"05101",10.4,9.36575000000001
"05103",9.3,8.71739583333334
"05105",9.1,8.63747916666666
"05107",10.7,9.89537500000001
"05109",9.1,8.58499999999998
"05111",9.1,8.58687499999997
"05113",10.1,9.19154166666667
"05115",7.7,6.88175000000001
"05117",9.6,8.22218750000001
"05119",6.7,6.351875
"05121",9.4,9.0888125
"05123",9.3,9.36145833333334
"05125",7.1,6.62764583333334
"05127",9.5,8.75556250000001
"05129",11.9,10.7619583333333
"05131",7.7,6.7893125
"05133",8.6,7.92866666666669
"05135",10.8,9.99560416666667
"05137",11.8,10.322
"05139",8.7,8.13958333333335
"05141",11.1,10.1033541666667
"05143",5.8,5.34972916666667
"05145",7.9,7.53837500000001
"05147",10.7,9.7583125
"05149",8.7,7.56852083333334
"06001",4.8,4.70722916666666
"06003",7.5,7.02579166666666
"06005",7.8,8.37472916666666
"06007",6.5,6.5233125
"06009",8.7,9.02902083333331
"06011",6.8,6.75904166666667
"06013",5.5,5.35935416666665
"06015",7.7,7.32889583333333
"06017",6.8,6.77202083333333
"06019",6.2,5.89885416666667
"06021",7,7.11231250000001
"06023",7.1,6.84791666666667
"06025",6.7,6.84889583333334
"06027",7.6,7.88354166666667
"06029",6.2,5.78810416666666
"06031",5.8,5.82716666666666
"06033",8.9,8.63450000000001
"06035",7.1,7.16868749999999
"06037",5.3,5.44920833333334
"06039",7,7.22758333333333
"06041",6.4,6.10281249999999
"06043",9.1,8.74727083333335
"06045",8.5,8.36866666666665
"06047",6.1,6.23564583333334
"06049",10,9.31866666666666
"06051",6.3,5.97827083333334
"06053",6.2,5.78593750000001
"06055",6.5,6.16295833333332
"06057",7.9,7.54266666666666
"06059",5.5,5.16687499999999
"06061",5.9,6.05602083333332
"06063",9.3,8.72091666666668
"06065",6,5.89585416666667
"06067",5.7,5.62472916666666
"06069",5.3,5.70529166666665
"06071",5.6,5.56760416666667
"06073",5.2,5.08097916666666
"06075",4.9,5.01589583333333
"06077",5.7,5.875625
"06079",6.4,6.35845833333333
"06081",5.2,5.04266666666666
"06083",6,5.648875
"06085",4.5,4.56458333333332
"06087",5.9,5.85406250000001
"06089",7.3,7.43191666666667
"06091",10.3,9.22427083333335
"06093",9.2,8.95304166666666
"06095",5.8,5.97947916666667
"06097",6.4,6.2715625
"06099",6.1,5.87245833333334
"06101",6.8,6.59854166666668
"06103",8.1,8.05958333333335
"06105",11,9.98193750000001
"06107",6.2,5.99168750000001
"06109",8,8.41239583333331
"06111",5.8,5.70427083333334
"06113",4.9,5.06539583333334
"06115",6,6.04637500000001
"08001",4.7,4.96387499999998
"08003",6.2,6.30839583333334
"08005",4.9,5.01508333333333
"08007",7.9,7.387625
"08009",9.6,9.00612499999998
"08011",9.2,8.95529166666668
"08013",4.8,4.846375
"08014",4.4,4.65970833333333
"08015",7.1,7.01670833333332
"08017",7.6,7.4476875
"08019",6.1,6.51652083333332
"08021",7.5,8.03385416666666
"08023",9.4,8.84383333333334
"08025",6.4,7.17675
"08027",8.8,7.79985416666669
"08029",8.8,8.58931250000001
"08031",4.1,4.342625
"08033",7.9,9.82812500000001
"08035",4.3,4.33800000000001
"08037",5.1,4.97899999999999
"08039",5.9,6.061125
"08041",4.9,4.99825
"08043",7.6,7.85775000000001
"08045",5.5,5.58220833333334
"08047",6.2,6.28133333333332
"08049",6.2,6.40904166666664
"08051",4.6,5.07264583333334
"08053",7.5,7.62004166666665
"08055",9.1,8.76993750000001
"08057",9.6,8.98422916666669
"08059",5.1,5.29368749999999
"08061",8.7,7.8594375
"08063",7.7,7.38416666666667
"08065",4.9,4.90118749999999
"08067",6.2,6.35691666666665
"08069",5.1,5.29745833333333
"08071",8.5,9.28425000000002
"08073",7.3,6.93522916666667
"08075",7.5,7.11295833333333
"08077",6.7,6.72199999999999
"08079",7.3,7.43018749999999
"08081",7,6.60775000000001
"08083",7.8,7.97847916666667
"08085",8,8.12597916666666
"08087",6.6,6.74039583333333
"08089",8.5,8.30983333333334
"08091",7,7.32462499999998
"08093",6.7,7.0196875
"08095",8,7.49877083333333
"08097",5.8,6.08464583333333
"08099",7.6,7.74877083333334
"08101",6.9,7.16683333333332
"08103",6.5,6.68989583333334
"08105",7.4,7.56154166666667
"08107",5.5,5.39766666666666
"08109",9.3,8.61137499999999
"08111",6.9,7.07085416666666
"08113",5.7,5.56697916666667
"08115",9.3,8.41187499999998
"08117",5,5.01068749999999
"08119",6.9,7.08733333333333
"08121",7.4,7.64314583333332
"08123",5.1,5.29774999999999
"08125",7.2,7.04925
"10001",6.6,6.78597916666666
"10003",5.9,5.71841666666667
"10005",9.1,8.40718749999998
"11001",3.8,4.38897916666667
"12001",5.6,5.39172916666666
"12003",6.9,6.91108333333333
"12005",7.3,6.56685416666667
"12007",8.6,8.12150000000001
"12009",7.9,7.14379166666669
"12011",6.7,6.05022916666666
"12013",9.2,8.40472916666667
"12015",10.7,8.30670833333334
"12017",11.1,9.38866666666666
"12019",6.6,6.14077083333334
"12021",9.4,7.17833333333334
"12023",8.9,8.49504166666667
"12027",10.7,9.48574999999999
"12029",10.6,9.56437500000001
"12031",6.3,5.89908333333336
"12033",7.2,6.66218749999999
"12035",9,7.84237500000001
"12037",9.8,8.90166666666666
"12039",9.3,8.76914583333335
"12041",8.3,7.96654166666668
"12043",10.9,10.1457708333333
"12045",8.3,8.22816666666666
"12047",9.9,9.30029166666668
"12049",8.6,8.19641666666669
"12051",8,7.19135416666668
"12053",8.9,8.09093749999999
"12055",11.7,8.93033333333334
"12057",6,5.52252083333334
"12059",9,8.37687500000001
"12061",9.7,7.68212500000002
"12063",9.1,8.73145833333332
"12065",9.3,9.23347916666668
"12067",8.8,8.80520833333334
"12069",8.5,7.79791666666666
"12071",8.9,7.77160416666667
"12073",5.5,5.21737499999999
"12075",9.9,9.47431250000002
"12077",8.4,7.29481250000001
"12079",9.4,9.55995833333334
"12081",8.8,7.25122916666668
"12083",9.7,8.66679166666667
"12085",9.4,7.21354166666667
"12086",6.8,6.13610416666667
"12087",7.9,6.80883333333334
"12089",7.4,7.21760416666667
"12091",6.1,5.75391666666667
"12093",9.4,8.31204166666667
"12095",5.6,5.05183333333334
"12097",5.9,5.58979166666666
"12099",7.9,6.85879166666667
"12101",7.7,7.18452083333331
"12103",8.2,7.12839583333335
"12105",7.7,7.35560416666666
"12107",10.8,9.53591666666667
"12109",6.5,6.18414583333331
"12111",8.4,7.69645833333333
"12113",6.4,6.00412500000001
"12115",9.4,7.28725
"12117",5.9,5.57945833333333
"12119",12.1,7.72424999999999
"12121",9.3,8.4285
"12123",9.7,8.45668749999998
"12125",8.5,8.21202083333334
"12127",8.3,7.64339583333333
"12129",6.9,6.50510416666667
"12131",7.4,6.81016666666665
"12133",8.9,8.36902083333333
"13001",9.1,8.73666666666666
"13003",8.7,8.10685416666668
"13005",7.9,8.28149999999997
"13007",11.3,10.3988125
"13009",7.2,7.13364583333333
"13011",7.6,7.30691666666667
"13013",5.7,5.85264583333333
"13015",6.2,6.32008333333335
"13017",9,8.88810416666671
"13019",8.8,8.51399999999997
"13021",7.3,7.23287500000001
"13023",7.7,7.88437500000001
"13025",8.4,8.13095833333332
"13027",10,9.59918750000001
"13029",4.7,5.14885416666665
"13031",5.6,5.90814583333335
"13033",8.3,8.31502083333332
"13035",6.8,7.13239583333333
"13037",8.1,8.51347916666667
"13039",6.2,6.51166666666667
"13043",8.4,8.21168749999999
"13045",6.3,6.43889583333335
"13047",6.9,6.7209375
"13049",7.8,7.77541666666668
"13051",6.1,6.073375
"13053",3.4,4.81624999999999
"13055",8.9,8.69072916666667
"13057",5.7,5.48835416666666
"13059",5.1,5.02477083333334
"13061",10.5,9.72852083333332
"13063",5.7,5.94637499999999
"13065",8.8,8.36000000000002
"13067",4.9,4.65083333333333
"13069",7.8,7.68706250000003
"13071",8.1,7.85929166666668
"13073",5.4,5.46529166666666
"13075",8.3,7.87406250000001
"13077",5.7,5.6756875
"13079",7.9,8.25366666666666
"13081",9.4,8.78412500000002
"13083",7.4,7.45285416666666
"13085",6.6,6.4841875
"13087",8.3,8.31493749999999
"13089",5.1,4.99735416666666
"13091",8.6,8.73925
"13093",8.6,8.98166666666669
"13095",7.8,7.861875
"13097",5.4,5.47195833333334
"13099",8.8,8.65616666666666
"13101",6.6,6.99018749999999
"13103",5.4,5.6379375
"13105",8.6,8.90683333333332
"13107",8,8.45010416666669
"13109",8,8.06143749999999
"13111",10.2,9.26189583333335
"13113",6,5.87081249999999
"13115",7.1,6.92247916666668
"13117",4.6,4.39968750000001
"13119",8.2,8.69335416666666
"13121",4.6,4.61545833333334
"13123",9.1,8.84374999999997
"13125",7.9,8.13333333333332
"13127",7.9,7.62447916666665
"13129",7.3,6.90402083333333
"13131",8.6,8.50312500000001
"13133",8.6,7.95002083333335
"13135",5.1,4.72514583333334
"13137",7.2,7.40354166666667
"13139",6.7,6.33577083333333
"13141",10.5,10.9028958333333
"13143",6.8,7.37708333333335
"13145",6.4,6.25654166666666
"13147",8.3,8.12652083333334
"13149",7.8,8.60593749999998
"13151",5.2,5.334375
"13153",5.5,5.46302083333334
"13155",8.3,7.89275000000001
"13157",6,5.97666666666667
"13159",7.5,7.49958333333334
"13161",8.5,8.5146041666667
"13163",8.5,8.71010416666666
"13165",8.7,9.15625000000001
"13167",9.3,8.75964583333335
"13169",7.1,7.57397916666667
"13171",6.8,6.90447916666667
"13173",7.9,7.53137500000001
"13175",8.2,8.10458333333334
"13177",5.5,5.507875
"13179",4.8,5.49177083333335
"13181",9.8,9.66420833333334
"13183",5.4,6.75464583333334
"13185",6,6.07670833333335
"13187",6.5,7.08795833333334
"13189",8,8.10343750000001
"13191",11.2,9.82600000000001
"13193",9.5,9.17308333333337
"13195",8,8.20552083333333
"13197",9.4,8.90479166666664
"13199",8.6,8.98902083333334
"13201",9.6,8.62047916666664
"13205",8.4,9.04104166666669
"13207",6.7,7.04527083333334
"13209",7.7,7.93341666666668
"13211",6.7,6.86187499999999
"13213",7.1,7.08652083333334
"13215",6.3,6.42333333333334
"13217",5.9,6.10037500000001
"13219",5.4,5.40070833333334
"13221",7.4,7.38650000000001
"13223",5,5.1485
"13225",6.6,7.07437500000001
"13227",7.9,7.86981250000001
"13229",7.9,7.21108333333333
"13231",6.3,6.61700000000003
"13233",7.3,7.70233333333335
"13235",8.7,9.55202083333335
"13237",9.1,8.46699999999999
"13239",12.1,10.212625
"13241",9.3,8.64795833333334
"13243",12,9.80458333333336
"13245",6.6,6.97764583333333
"13247",6.5,5.99722916666667
"13249",7.8,7.07566666666667
"13251",8.5,8.7601875
"13253",9.5,9.77702083333334
"13255",7.7,8.16377083333335
"13257",8.3,8.19868749999999
"13259",7.9,8.18820833333334
"13261",7.7,7.80022916666665
"13263",10.4,10.4181041666667
"13265",10.4,10.4834375
"13267",7.9,7.72641666666665
"13269",10.3,9.53533333333333
"13271",10.1,9.14506250000003
"13273",9.9,10.0279583333333
"13275",7.8,7.61483333333334
"13277",7.4,7.3634375
"13279",7.7,7.84745833333334
"13281",10.1,8.72729166666669
"13283",9.2,9.10508333333335
"13285",7.1,7.15581250000003
"13287",9.2,8.88827083333335
"13289",9.3,9.55783333333333
"13291",9.9,8.98150000000002
"13293",8.1,8.48770833333334
"13295",7.7,7.81710416666668
"13297",6.6,6.55331250000001
"13299",8.4,8.05504166666669
"13301",9.4,9.9554791666667
"13303",8.3,7.95589583333333
"13305",8,8.06281250000001
"13307",10.7,9.46091666666668
"13309",8.1,7.60106250000001
"13311",7.9,7.97166666666667
"13313",6.9,6.53172916666667
"13315",9.1,8.72906250000001
"13317",9.3,9.274
"13319",8.5,9.11635416666668
"13321",8.6,8.86841666666667
"16001",5.4,5.22114583333333
"16003",9.6,9.54077083333333
"16005",5.9,5.79141666666668
"16007",7.6,7.57510416666669
"16009",9.1,8.60391666666667
"16011",6.5,6.51029166666668
"16013",6.6,6.42587499999999
"16015",8.1,8.27685416666666
"16017",8.4,8.19820833333331
"16019",5.6,5.56952083333335
"16021",8.5,8.83712500000001
"16023",10.5,9.36783333333333
"16025",7.9,6.3079375
"16027",5.9,6.0666875
"16029",6.8,7.19760416666667
"16031",6.5,6.19956249999999
"16033",8.5,6.849375
"16035",9.1,9.02258333333331
"16037",9.4,9.14043750000001
"16039",6.2,6.35120833333333
"16041",6,6.09489583333333
"16043",6.6,6.91933333333334
"16045",7.5,7.94045833333333
"16047",8,7.79358333333336
"16049",9.2,8.99166666666666
"16051",5.5,5.5949375
"16053",7,6.6911875
"16055",6.7,6.79447916666666
"16057",5.3,5.29033333333334
"16059",9.3,9.02410416666663
"16061",10.4,9.41593750000003
"16063",6.7,7.03839583333332
"16065",3,4.7033125
"16067",6.9,7.15931250000002
"16069",7.4,6.97074999999999
"16071",7,7.36085416666666
"16073",8.2,7.93391666666667
"16075",7.7,7.19304166666667
"16077",7.4,6.7048125
"16079",8.7,9.1681875
"16081",5.3,5.31710416666666
"16083",6.5,6.6193125
"16085",8.5,7.69727083333335
"16087",9.6,8.91224999999999
"17001",7.3,7.17849999999998
"17003",10.2,9.81991666666667
"17005",6.9,7.24622916666666
"17007",6.7,6.45575
"17009",6.5,6.84320833333333
"17011",8,8.06772916666666
"17013",7.5,8.26662500000002
"17015",8.2,8.70406250000001
"17017",7.4,7.25102083333333
"17019",5,4.87291666666666
"17021",7.4,7.61202083333336
"17023",7.3,6.973125
"17025",8.5,8.676125
"17027",6.6,6.601
"17029",6.9,6.9566875
"17031",5.3,5.37608333333334
"17033",7.2,7.50689583333335
"17035",7.3,7.57058333333335
"17037",5.5,5.67043750000001
"17039",7.3,7.12608333333332
"17041",6.9,7.23206250000001
"17043",5.3,5.16472916666665
"17045",8.6,8.28304166666667
"17047",8.7,9.27341666666666
"17049",6.8,6.837375
"17051",7.6,8.09874999999999
"17053",7.5,7.53089583333333
"17055",8.4,8.59077083333334
"17057",7.9,7.76456250000001
"17059",9.3,9.84877083333333
"17061",8.1,8.04362500000002
"17063",5.7,5.84016666666666
"17065",8.7,8.02710416666667
"17067",8.2,8.23127083333334
"17069",9.3,9.78645833333334
"17071",8.9,8.44027083333335
"17073",7.2,7.17695833333334
"17075",8.4,8.41193750000003
"17077",6.5,6.26179166666666
"17079",7.3,7.18768749999999
"17081",7.6,7.79797916666667
"17083",7.1,7.16979166666667
"17085",8.5,8.20202083333336
"17087",7.7,8.39297916666665
"17089",5.7,5.30316666666667
"17091",7,6.8724375
"17093",4.4,4.646875
"17095",8.2,7.96506250000001
"17097",5.4,4.97456249999999
"17099",7.3,7.66291666666668
"17101",7.5,7.59847916666667
"17103",7.6,7.55329166666667
"17105",7.3,7.33214583333333
"17107",6.9,7.421125
"17109",6.8,6.87808333333334
"17111",5.6,5.56466666666666
"17113",5.2,5.11683333333331
"17115",7.5,7.44927083333332
"17117",7.7,8.12295833333336
"17119",6.4,6.52
"17121",7.9,8.21741666666669
"17123",8.1,8.04147916666667
"17125",8.3,8.54545833333334
"17127",8.3,8.60989583333335
"17129",7,7.04995833333332
"17131",7.6,7.59695833333332
"17133",5.9,6.03454166666667
"17135",7.6,7.81168750000001
"17137",7.6,7.48499999999999
"17139",7.1,7.37031249999999
"17141",7.1,6.95077083333335
"17143",6.7,6.47239583333334
"17145",7.9,8.21645833333333
"17147",6.6,6.59852083333336
"17149",8.2,8.28662500000003
"17151",9.4,9.128875
"17153",9.5,10.4947916666667
"17155",7.6,8.09247916666665
"17157",7.7,7.89650000000002
"17159",7.7,7.58758333333335
"17161",7.3,7.30237499999998
"17163",6.5,6.46552083333333
"17165",8.2,8.22564583333336
"17167",6.6,6.45539583333333
"17169",8.7,9.1309166666667
"17171",7.5,7.45829166666667
"17173",8.1,8.16377083333333
"17175",7.9,7.96685416666667
"17177",8.3,8.33218750000001
"17179",6.6,6.80820833333332
"17181",8.7,8.40920833333332
"17183",8.2,8.05493750000002
"17185",8.2,8.1136666666667
"17187",7.3,7.4186875
"17189",7.2,7.28129166666665
"17191",8.5,8.48579166666667
"17193",9.2,9.38033333333335
"17195",7.6,7.72412499999999
"17197",5.3,5.2668125
"17199",7.2,7.18122916666665
"17201",7.3,7.10806249999998
"17203",6.4,6.26374999999999
"18001",8.1,7.23464583333333
"18003",6.4,5.91931250000001
"18005",6.6,5.87035416666667
"18007",8,7.21889583333334
"18009",9.6,9.06895833333334
"18011",5.4,5.11456249999999
"18013",8.5,8.24114583333332
"18015",8,7.82668750000001
"18017",8.1,7.52275000000002
"18019",6.7,6.478125
"18021",7.8,7.54627083333336
"18023",7.2,6.95183333333333
"18025",10.4,9.84204166666666
"18027",7.8,7.11477083333333
"18029",7.2,6.703375
"18031",7.1,6.84741666666667
"18033",7.1,6.94375
"18035",7.2,7.32656249999999
"18037",7.4,6.61879166666666
"18039",7.1,6.51304166666665
"18041",8.9,8.4356041666667
"18043",6.7,6.33637500000001
"18045",8.2,8.01352083333335
"18047",7.6,7.33931250000001
"18049",8.5,7.92058333333335
"18051",7.5,7.06558333333333
"18053",8.1,7.79289583333335
"18055",8.5,8.10191666666669
"18057",4.9,4.51395833333334
"18059",6.1,5.88847916666666
"18061",7.3,7.07487500000001
"18063",5.6,5.32860416666666
"18065",7.9,7.75725000000002
"18067",7.7,7.30118749999999
"18069",7.3,6.96391666666668
"18071",7.3,6.71391666666666
"18073",7.2,7.15204166666667
"18075",8.6,7.80731249999999
"18077",7.5,7.55547916666667
"18079",7.8,7.55614583333333
"18081",6,5.67668749999999
"18083",7.6,7.3074375
"18085",7.2,6.7283125
"18087",7.2,7.13070833333333
"18089",7.1,6.90360416666666
"18091",7.7,7.36502083333333
"18093",7.9,7.4095
"18095",7.5,7.15031250000001
"18097",5.9,5.44522916666667
"18099",7.9,7.30391666666668
"18101",8.6,8.83397916666667
"18103",8.1,7.65172916666667
"18105",5.4,5.05535416666666
"18107",7.8,7.3864375
"18109",7.2,6.72022916666667
"18111",8.3,8.08445833333335
"18113",7.2,6.75297916666668
"18115",8.4,7.89764583333334
"18117",8.5,8.16508333333334
"18119",8.4,8.24939583333335
"18121",9.1,8.83735416666668
"18123",7.7,7.7035416666667
"18125",8.4,8.11418750000002
"18127",6.6,6.3493125
"18129",7.4,7.095375
"18131",8.6,8.37616666666668
"18133",6.9,6.78820833333334
"18135",8.5,8.36514583333334
"18137",7.3,7.21320833333334
"18139",8.2,7.81975000000001
"18141",6.5,6.36322916666667
"18143",7.8,7.96191666666666
"18145",7.6,7.28066666666667
"18147",7.6,7.33020833333332
"18149",8.6,8.53433333333333
"18151",7.8,7.38612499999999
"18153",8.1,7.71085416666666
"18155",8.7,8.09725
"18157",5.3,5.02731250000001
"18159",7.8,7.60837499999998
"18161",7.5,7.47552083333334
"18163",7.3,6.82135416666666
"18165",8.2,7.63202083333334
"18167",7.4,6.9848125
"18169",8.1,7.63483333333332
"18171",8.2,7.9615416666667
"18173",6.3,6.13408333333334
"18175",8.3,7.99745833333331
"18177",8.3,7.95864583333335
"18179",7.2,7.19710416666667
"18181",8.1,7.53852083333334
"18183",7.3,7.25047916666666
"19001",8.3,7.62314583333334
"19003",8.4,8.13066666666666
"19005",8.5,8.04725
"19007",9.6,8.82535416666667
"19009",8.8,8.33660416666667
"19011",7,6.91858333333332
"19013",6.5,6.52485416666666
"19015",6.6,6.600625
"19017",6.4,6.17662500000002
"19019",6.7,6.84225
"19021",7.1,6.36322916666667
"19023",8,7.83208333333335
"19025",7.8,7.81445833333334
"19027",7.5,7.10560416666666
"19029",8.7,8.50987500000002
"19031",7.2,7.19322916666666
"19033",7.9,7.52837499999999
"19035",8.7,8.72447916666667
"19037",7.9,7.61308333333333
"19039",8.4,7.82445833333336
"19041",7.6,7.47133333333333
"19043",9.1,8.98516666666666
"19045",7.8,7.40474999999999
"19047",8,7.70739583333336
"19049",4.6,4.75458333333333
"19051",7.6,7.2896875
"19053",7.9,7.78306250000001
"19055",7.9,7.34539583333332
"19057",7.5,7.53672916666666
"19059",7.9,7.60404166666667
"19061",6.5,6.4153125
"19063",8,8.33404166666668
"19065",8.2,7.93079166666669
"19067",8,7.92820833333333
"19069",8.6,8.31479166666666
"19071",8,7.91997916666667
"19073",8.3,8.2364375
"19075",6.9,7.27927083333332
"19077",7.7,7.93068749999999
"19079",7.3,7.35387500000001
"19081",7.9,8.23664583333333
"19083",7.9,7.78472916666666
"19085",7.4,7.18395833333333
"19087",7.5,7.50475000000001
"19089",7.7,7.44468749999999
"19091",8.3,7.96450000000002
"19093",7.9,7.68185416666666
"19095",7.1,6.98914583333333
"19097",7.9,7.84456250000001
"19099",7.1,7.07541666666666
"19101",8.3,7.37145833333333
"19103",4.8,4.7295
"19105",7.4,7.47689583333333
"19107",8.2,8.00879166666669
"19109",8.4,8.04729166666667
"19111",8,7.88037500000001
"19113",6.2,5.90727083333333
"19115",7.4,7.5813541666667
"19117",8.7,8.75239583333334
"19119",7.2,7.05364583333334
"19121",6.2,6.47160416666667
"19123",7.2,7.28729166666666
"19125",6.5,6.24354166666667
"19127",7.1,7.105125
"19129",6.7,6.47639583333336
"19131",7.8,7.32006249999999
"19133",8.3,8.19625
"19135",7.2,7.0240625
"19137",8.1,8.05643750000001
"19139",7,6.82362499999999
"19141",7.9,7.7016875
"19143",8.8,8.42172916666666
"19145",8.5,8.35441666666669
"19147",7.7,7.81010416666665
"19149",6.8,6.99252083333334
"19151",8.4,8.07147916666666
"19153",5.5,5.10010416666667
"19155",7,6.95204166666666
"19157",7.2,7.17260416666667
"19159",7.7,7.97531250000001
"19161",8.1,8.11722916666667
"19163",6.3,5.934875
"19165",7.9,7.63985416666666
"19167",5.9,5.84908333333334
"19169",4.7,4.61191666666667
"19171",8.2,8.149625
"19173",8,8.24550000000003
"19175",7.4,7.38952083333333
"19177",8.8,8.21920833333333
"19179",7.6,7.46614583333336
"19181",5.6,5.94525
"19183",7.3,7.19314583333333
"19185",8.6,9.05777083333333
"19187",7.1,7.39099999999999
"19189",7.2,7.42135416666666
"19191",7,7.2160625
"19193",6.6,6.31377083333334
"19195",7.7,7.83681250000001
"19197",8.6,7.90479166666667
"20001",7.8,7.82910416666665
"20003",8.4,8.05143750000001
"20005",6.9,7.03633333333332
"20007",8.9,8.34060416666667
"20009",8.2,7.77258333333332
"20011",7.9,7.25977083333333
"20013",8.4,8.13306250000001
"20015",6.2,5.93993750000002
"20017",8.9,8.15177083333332
"20019",10.1,9.03177083333335
"20021",8.5,7.74262499999999
"20023",9.8,9.14910416666668
"20025",7.7,8.00220833333332
"20027",8.4,8.38152083333334
"20029",7.7,7.57095833333332
"20031",8.1,7.66972916666668
"20033",8.6,9.14931250000001
"20035",7.4,7.15977083333333
"20037",6.9,6.29352083333334
"20039",8.9,8.68658333333335
"20041",7.5,7.32879166666666
"20043",7.1,7.32770833333334
"20045",4.8,4.71962499999999
"20047",8.6,8.65479166666665
"20049",10.3,9.3375
"20051",6.1,5.66825
"20053",7.5,7.86579166666666
"20055",6.2,5.7234375
"20057",6.4,5.7698125
"20059",7,6.68512500000001
"20061",4.9,5.19885416666666
"20063",8,8.10810416666667
"20065",9.5,8.23991666666666
"20067",5.9,5.5433125
"20069",7,6.49868750000001
"20071",7.1,6.97764583333333
"20073",9.4,8.90110416666666
"20075",6.4,6.43360416666667
"20077",9.3,8.18437499999999
"20079",7.2,6.85166666666666
"20081",7.4,6.78668750000001
"20083",7.2,7.46625
"20085",7.6,7.30425000000001
"20087",7.1,7.10193749999999
"20089",10.8,9.38466666666666
"20091",5,4.91766666666667
"20093",7.1,6.9739375
"20095",7.4,7.09945833333332
"20097",7.7,7.81399999999999
"20099",8.4,7.92793750000001
"20101",8.3,8.08454166666666
"20103",6,5.55487499999999
"20105",9.4,8.32037499999998
"20107",8,7.90268750000001
"20109",7.9,7.81145833333333
"20111",6.6,6.39072916666666
"20113",6.7,6.73147916666667
"20115",8,7.92272916666666
"20117",8.6,7.76864583333334
"20119",7.6,6.66243750000001
"20121",6.5,6.16262499999999
"20123",8.2,7.93710416666664
"20125",8.4,7.93589583333336
"20127",8.8,8.33799999999997
"20129",8.3,8.7005625
"20131",7.5,6.635625
"20133",8.1,7.93525
"20135",8.5,8.42458333333333
"20137",8,7.46268749999998
"20139",7.8,7.59662500000002
"20141",9.4,8.40391666666665
"20143",7.8,7.63660416666667
"20145",8,7.8921875
"20147",8.9,8.55008333333335
"20149",5.9,5.62789583333333
"20151",7.6,7.29674999999999
"20153",9.9,8.89264583333333
"20155",7.9,7.42597916666667
"20157",9.6,8.59754166666664
"20159",7.1,7.00247916666665
"20161",4.3,4.38216666666665
"20163",7.8,7.76066666666666
"20165",9.1,8.40056249999999
"20167",9.2,9.03679166666667
"20169",7.3,6.59920833333334
"20171",7.1,6.57989583333333
"20173",6.5,6.11610416666668
"20175",6,5.79710416666665
"20177",7.1,6.71891666666666
"20179",7.8,7.89970833333332
"20181",7.7,6.98872916666666
"20183",9,8.49120833333333
"20185",8.1,7.7428125
"20187",8.1,6.72243750000001
"20189",8.4,7.36370833333335
"20191",7.7,6.99664583333333
"20193",6.4,6.33160416666665
"20195",8,8.155875
"20197",7.3,7.64131249999999
"20199",8.9,8.34562499999999
"20201",7.9,7.99241666666667
"20203",8.8,8.88431249999999
"20205",8.8,8.45397916666666
"20207",8.9,8.47435416666664
"20209",6.7,6.17470833333333
"21001",NA,8.24179166666667
"21003",NA,8.00106250000001
"21005",NA,6.4094375
"21007",NA,8.08093750000001
"21009",NA,8.05297916666668
"21011",NA,8.75585416666666
"21013",NA,9.45650000000001
"21015",NA,5.41641666666667
"21017",NA,7.19618749999999
"21019",NA,8.16418750000003
"21021",NA,7.01085416666666
"21023",NA,8.77372916666668
"21025",NA,9.704125
"21027",NA,9.53927083333334
"21029",NA,6.75218750000001
"21031",NA,9.00747916666668
"21033",NA,8.21704166666667
"21035",NA,6.57252083333334
"21037",NA,5.7855
"21039",NA,8.70868749999999
"21041",NA,8.23810416666667
"21043",NA,9.25958333333334
"21045",NA,9.83456249999999
"21047",NA,6.14900000000001
"21049",NA,7.08741666666666
"21051",NA,9.04058333333333
"21053",NA,9.09206250000003
"21055",NA,9.31149999999998
"21057",NA,9.90683333333332
"21059",NA,7.10754166666665
"21061",NA,9.35933333333333
"21063",NA,10.3753958333333
"21065",NA,9.52956250000001
"21067",NA,5.12295833333333
"21069",NA,8.95277083333334
"21071",NA,9.81637500000003
"21073",NA,6.83366666666666
"21075",NA,9.177375
"21077",NA,7.41679166666668
"21079",NA,7.8873125
"21081",NA,6.75739583333333
"21083",NA,8.26770833333335
"21085",NA,8.696125
"21087",NA,9.76231249999999
"21089",NA,8.27093750000003
"21091",NA,8.11616666666666
"21093",NA,6.35760416666668
"21095",NA,9.77364583333336
"21097",NA,7.83495833333333
"21099",NA,8.66524999999998
"21101",NA,7.80304166666668
"21103",NA,8.22679166666667
"21105",NA,10.1709375
"21107",NA,8.41529166666669
"21109",NA,9.59722916666666
"21111",NA,6.17181249999999
"21113",NA,6.05327083333334
"21115",NA,8.98906250000001
"21117",NA,5.61952083333331
"21119",NA,9.64252083333336
"21121",NA,10.0076875
"21123",NA,8.31010416666667
"21125",NA,8.46679166666668
"21127",NA,9.50225000000001
"21129",NA,10.544
"21131",NA,10.2832916666667
"21133",NA,10.2660625
"21135",NA,9.71543750000003
"21137",NA,8.85224999999999
"21139",NA,9.80118749999999
"21141",NA,7.96702083333332
"21143",NA,8.32814583333333
"21145",NA,7.28199999999999
"21147",NA,9.41329166666665
"21149",NA,7.38768750000001
"21151",NA,6.05985416666668
"21153",NA,10.4491041666667
"21155",NA,8.22662499999999
"21157",NA,7.97004166666668
"21159",NA,9.80012499999997
"21161",NA,8.05570833333336
"21163",NA,7.00841666666666
"21165",NA,10.6375208333333
"21167",NA,7.40752083333333
"21169",NA,9.52454166666667
"21171",NA,9.07814583333333
"21173",NA,7.50875000000001
"21175",NA,7.92589583333334
"21177",NA,8.77825000000002
"21179",NA,6.76366666666668
"21181",NA,8.687875
"21183",NA,7.67760416666666
"21185",NA,5.07418749999998
"21187",NA,8.67908333333333
"21189",NA,9.87062499999999
"21191",NA,7.54931250000001
"21193",NA,9.24745833333334
"21195",NA,9.54833333333336
"21197",NA,7.98066666666668
"21199",NA,8.49295833333336
"21201",NA,9.84668749999999
"21203",NA,9.87895833333337
"21205",NA,6.74635416666667
"21207",NA,9.52712500000002
"21209",NA,5.5715625
"21211",NA,6.15085416666667
"21213",NA,7.33489583333337
"21215",NA,6.37283333333331
"21217",NA,7.54775
"21219",NA,8.24129166666665
"21221",NA,8.67127083333332
"21223",NA,7.92302083333333
"21225",NA,8.70775000000001
"21227",NA,5.81075
"21229",NA,7.84900000000001
"21231",NA,9.60062499999999
"21233",NA,7.77810416666666
"21235",NA,7.84764583333336
"21237",NA,11.0806666666667
"21239",NA,6.49166666666666
"22001",8.7,8.39691666666668
"22003",8,7.64835416666669
"22005",5.9,5.41016666666667
"22007",8.9,8.2946875
"22009",9.6,9.23570833333333
"22011",7.5,7.14245833333335
"22013",11.1,10.1297083333333
"22015",6.7,6.35029166666666
"22017",8.4,7.87566666666666
"22019",7.2,6.79620833333333
"22021",9.4,9.31908333333333
"22023",8,7.03652083333332
"22025",9.3,9.08693750000001
"22027",11.6,10.7322083333333
"22029",10.1,9.0734166666667
"22031",8.9,8.4874375
"22033",6.3,6.07354166666667
"22035",10.1,9.81002083333334
"22037",8.1,8.08816666666667
"22039",8.8,8.2904375
"22041",9.9,9.03339583333333
"22043",7.5,7.45518750000001
"22045",8.5,7.78291666666667
"22047",7.8,7.70343750000003
"22049",9.6,9.46472916666669
"22051",7.5,6.77531249999999
"22053",8.1,7.66993750000001
"22055",6.5,6.06833333333335
"22057",7.9,7.15047916666668
"22059",7,7.20912500000001
"22061",6.7,6.11335416666667
"22063",6.6,6.37745833333334
"22065",10.5,9.17343750000002
"22067",10,9.81470833333335
"22069",7.7,7.30785416666667
"22071",7,6.0748125
"22073",7.5,6.64972916666666
"22075",6.8,6.26170833333333
"22077",9.1,8.66725
"22079",7.9,7.56425
"22081",9.9,9.86322916666666
"22083",9,8.12866666666668
"22085",9.9,9.22977083333334
"22087",7.4,6.24310416666668
"22089",6.5,5.73912500000001
"22091",9.8,10.0341041666667
"22093",7.8,7.17952083333334
"22095",7.2,6.43885416666668
"22097",9,8.1624375
"22099",8,7.73835416666669
"22101",9.2,8.28066666666667
"22103",7,6.172375
"22105",7.3,7.15291666666667
"22107",12.8,11.1878958333333
"22109",7.7,6.90608333333333
"22111",10.2,10.0093541666667
"22113",8.1,7.78104166666667
"22115",6.8,6.60208333333335
"22117",9.3,9.05158333333335
"22119",10.2,9.77375000000001
"22121",6.5,6.5295
"22123",9.4,8.66122916666667
"22125",6.9,6.79068749999999
"22127",8.9,8.34654166666668
"23001",7.5,7.216125
"23003",9.5,8.74187499999999
"23005",6,6.00066666666666
"23007",8.3,7.940875
"23009",7.9,7.4994375
"23011",7.6,7.20393749999999
"23013",8.1,7.39377083333332
"23015",8.4,7.56625
"23017",9,8.27735416666666
"23019",7.7,7.07077083333332
"23021",10.1,9.21233333333332
"23023",7.7,7.318625
"23025",9.3,8.61508333333332
"23027",8.2,7.61468749999999
"23029",9.8,8.75727083333333
"23031",7.2,6.79875
"24001",7.9,7.85960416666669
"24003",5.3,5.18104166666664
"24005",6.2,5.90039583333333
"24009",5.5,5.66354166666666
"24011",7.7,7.22804166666667
"24013",6,5.77818749999998
"24015",6.6,6.49687500000002
"24017",5.2,5.37306250000001
"24019",8.7,8.56570833333333
"24021",5.4,5.25797916666664
"24023",8.3,8.06141666666665
"24025",5.8,5.72241666666664
"24027",4.8,4.70310416666667
"24029",8.1,7.4879375
"24031",5.3,4.9890625
"24033",5.5,5.47270833333333
"24035",6.7,6.35249999999999
"24037",5.7,5.4205
"24039",7.5,7.76543750000002
"24041",8.4,7.75777083333334
"24043",7.2,6.848875
"24045",6.5,6.45506249999999
"24047",8.1,7.73433333333333
"24510",6.4,5.9873125
"25001",8,6.90933333333332
"25003",7.8,7.0389375
"25005",6.8,6.43304166666667
"25007",7.3,6.77087499999998
"25009",6.2,5.811875
"25011",7.3,7.31918749999999
"25013",7,6.69616666666666
"25015",5.5,5.89256249999998
"25017",4.9,4.83066666666665
"25019",5.1,4.91629166666667
"25021",5.2,5.17360416666666
"25023",6.2,5.87937499999999
"25025",4.8,4.62793749999999
"25027",6,5.71431249999999
"26001",11,9.82335416666668
"26003",8.7,8.32260416666668
"26005",7.1,6.56943750000001
"26007",9.5,9.13714583333335
"26009",8.5,7.66629166666668
"26011",9.8,9.05764583333334
"26013",9,8.63552083333335
"26015",7.2,6.96410416666666
"26017",7.8,7.79181250000001
"26019",8.5,7.71689583333334
"26021",8,7.22131249999999
"26023",8.3,8.02793750000001
"26025",7.6,7.23589583333332
"26027",8.3,7.84064583333333
"26029",8.2,7.57277083333334
"26031",9.5,8.81362499999996
"26033",7.8,7.73343750000001
"26035",10.2,10.2110208333333
"26037",6.6,6.34158333333332
"26039",10,8.86189583333332
"26041",9.1,8.58835416666666
"26043",8.3,7.86577083333332
"26045",6.8,6.60579166666666
"26047",7.5,7.30735416666667
"26049",7.8,7.35597916666666
"26051",10.1,9.37741666666666
"26053",10.3,9.16683333333332
"26055",6.8,6.61747916666667
"26057",7.3,7.394
"26059",8.7,8.04822916666667
"26061",6.6,6.26860416666667
"26063",9.4,8.635375
"26065",5.6,5.54483333333332
"26067",6.7,6.76120833333333
"26069",10.9,9.64404166666667
"26071",10.3,9.26241666666665
"26073",6.2,6.12754166666668
"26075",7.5,7.25333333333333
"26077",5.9,5.51958333333332
"26079",8.7,8.21914583333335
"26081",5.7,5.3219375
"26083",9.5,7.70033333333334
"26085",10.9,9.99879166666665
"26087",7.6,7.34781250000001
"26089",8.3,7.49235416666666
"26091",7.6,7.44347916666667
"26093",6.2,5.89649999999999
"26095",8.9,8.61016666666666
"26097",10.4,9.38577083333334
"26099",6.8,6.33941666666665
"26101",9.1,8.33649999999998
"26103",6.9,6.75835416666666
"26105",8.9,8.49883333333332
"26107",8.2,8.00185416666664
"26109",9.3,8.56714583333333
"26111",7.1,6.6373125
"26113",8.6,7.99306250000001
"26115",7.4,7.16527083333332
"26117",7.6,7.48577083333333
"26119",11.2,10.3095833333333
"26121",7.4,6.9686875
"26123",8.5,8.11316666666666
"26125",5.9,5.49499999999999
"26127",8.7,7.94022916666668
"26129",10.1,10.1969166666667
"26131",11.6,9.81616666666668
"26133",9.1,8.84572916666666
"26135",11.2,10.3305833333333
"26137",7.9,7.37862499999997
"26139",5.8,5.71072916666665
"26141",10.8,9.33858333333334
"26143",10.7,9.28143749999998
"26145",8,7.86102083333336
"26147",7.7,7.29302083333332
"26149",7.8,7.44133333333335
"26151",8.9,8.74497916666667
"26153",10.3,9.0536875
"26155",7.7,7.47489583333333
"26157",8.4,8.20368750000004
"26159",8,7.5616875
"26161",5.1,4.92479166666666
"26163",7.4,6.77458333333333
"26165",8.4,7.58431249999999
"27001",10.2,9.4980625
"27003",5.7,5.57433333333333
"27005",7.8,7.70818749999998
"27007",6.9,6.54731249999999
"27009",5.9,6.06070833333333
"27011",8.8,8.39231249999999
"27013",5.5,5.70710416666667
"27015",7.2,7.16699999999999
"27017",6.8,6.91764583333333
"27019",5,4.89743749999999
"27021",9,8.52362499999999
"27023",8.2,8.02808333333335
"27025",6.2,6.32729166666667
"27027",5.5,5.44733333333333
"27029",8.2,8.01141666666667
"27031",8.1,7.63727083333333
"27033",8.4,8.036875
"27035",7.9,7.82191666666665
"27037",5.1,5.20106249999998
"27039",5.7,5.68291666666667
"27041",7.3,7.64531250000001
"27043",8.4,7.98164583333333
"27045",7.5,7.52685416666667
"27047",8.1,8.12885416666666
"27049",6.9,6.91254166666666
"27051",8.4,7.88558333333335
"27053",5,4.86066666666666
"27055",7.2,7.41562500000001
"27057",8.3,8.021125
"27059",6.5,6.68106250000001
"27061",8.3,8.16893749999999
"27063",7.5,7.71614583333332
"27065",7.8,7.9679166666667
"27067",7.2,7.00391666666667
"27069",8.2,8.25291666666666
"27071",8.7,8.43370833333331
"27073",8.3,8.41220833333333
"27075",8.4,8.13408333333335
"27077",8.1,8.27716666666666
"27079",6.5,6.74604166666666
"27081",7.9,8.16379166666667
"27083",6.6,6.57539583333334
"27085",6.8,7.21214583333334
"27087",9.7,8.83031250000001
"27089",7.8,7.6703125
"27091",8.3,8.08997916666666
"27093",7.4,7.38670833333333
"27095",7.2,7.29693750000002
"27097",7.7,7.4208125
"27099",7,6.99077083333334
"27101",8.4,8.15441666666665
"27103",6,5.94339583333333
"27105",7.7,7.15518750000001
"27107",7.9,7.69785416666668
"27109",5.5,5.46693749999998
"27111",8.1,8.00837500000001
"27113",6.8,7.0439375
"27115",8.1,8.08781250000002
"27117",7.9,7.51720833333334
"27119",7.1,6.8716875
"27121",8.1,8.17595833333333
"27123",5.7,5.15612499999999
"27125",7.7,7.63827083333333
"27127",7.9,7.88145833333334
"27129",8,7.71691666666669
"27131",6,6.04472916666668
"27133",7.2,6.86518749999999
"27135",7.2,7.36118750000001
"27137",7,7.07377083333333
"27139",4.8,4.86691666666666
"27141",5,5.333875
"27143",7.2,7.38466666666668
"27145",6.1,6.07806250000001
"27147",6.7,6.35477083333334
"27149",6,6.16752083333335
"27151",8.6,8.17235416666665
"27153",8.7,8.43858333333335
"27155",8.7,8.3709375
"27157",7.4,7.51860416666667
"27159",7.9,7.58362500000001
"27161",6.8,6.90281250000001
"27163",5.2,5.32679166666665
"27165",7.6,7.65754166666666
"27167",7.6,7.49062499999999
"27169",6.1,6.70768750000001
"27171",5.2,5.42212500000001
"27173",7.7,7.50612499999999
"28001",9.7,8.95825000000002
"28003",8.3,8.00810416666668
"28005",10.9,10.8994375
"28007",8.5,8.6118125
"28009",8.8,8.94908333333332
"28011",8.9,7.84129166666666
"28013",9.5,9.20950000000001
"28015",10.3,9.28489583333334
"28017",8.8,8.93279166666666
"28019",9,8.77499999999999
"28021",8.5,9.02316666666666
"28023",9.3,9.04449999999999
"28025",8.8,8.51081250000001
"28027",9.1,8.46583333333333
"28029",8.5,8.21183333333332
"28031",7.9,8.22441666666666
"28033",5.6,5.6945625
"28035",6.2,6.32852083333335
"28037",9.7,8.91704166666666
"28039",7.2,7.60922916666667
"28041",7.4,7.53079166666668
"28043",8.5,7.79497916666666
"28045",8.2,7.61502083333331
"28047",7.2,6.88047916666667
"28049",7,6.77129166666669
"28051",9.4,9.34049999999998
"28053",10.8,8.44237499999998
"28055",7.8,8.57608333333334
"28057",7.1,7.61102083333333
"28059",7.1,6.77756249999999
"28061",9.1,9.18137500000002
"28063",9.8,9.05152083333333
"28065",10.3,10.2826458333333
"28067",8.1,8.00568749999999
"28069",8.9,9.24079166666667
"28071",5.4,5.56383333333334
"28073",6.4,6.33033333333334
"28075",8.4,7.82725
"28077",9.6,8.79422916666665
"28079",8.3,8.34020833333332
"28081",6.6,6.41147916666666
"28083",8.5,7.89860416666665
"28085",7.8,7.99760416666666
"28087",7.2,7.03456250000002
"28089",5.7,5.28597916666666
"28091",8.8,8.54310416666667
"28093",8.7,8.75500000000001
"28095",8.6,8.49052083333332
"28097",10,8.93158333333333
"28099",8.5,8.07931249999999
"28101",8,8.17820833333331
"28103",9.2,9.15737500000003
"28105",5.3,5.297875
"28107",8.8,8.19079166666662
"28109",8.1,8.26670833333333
"28111",8.6,8.64766666666667
"28113",8.7,8.725375
"28115",7.2,7.24385416666668
"28117",7.6,7.54893750000002
"28119",9.7,9.42833333333334
"28121",6,6.21877083333334
"28123",8.6,8.084875
"28125",11.3,9.42647916666665
"28127",8.1,8.53820833333334
"28129",9.3,9.02424999999999
"28131",7.4,8.161375
"28133",8.1,8.326375
"28135",8.6,8.86418750000001
"28137",7.1,7.49508333333335
"28139",8.1,8.11889583333332
"28141",9,9.04137499999998
"28143",8.5,8.62327083333332
"28145",7.7,7.46764583333335
"28147",9,9.15885416666668
"28149",7.5,7.42256250000001
"28151",9.1,8.08602083333332
"28153",9,8.38352083333332
"28155",7.3,8.11720833333334
"28157",9.1,9.40641666666666
"28159",9.6,9.10533333333333
"28161",9.6,9.11387500000003
"28163",8.3,8.20700000000002
"29001",6.1,6.27385416666668
"29003",7.1,7.08197916666665
"29005",9.4,8.45520833333333
"29007",8.3,7.98056250000001
"29009",9.2,8.87702083333335
"29011",9.5,8.78316666666667
"29013",8.5,8.69137499999999
"29015",10.9,10.2105625
"29017",8.9,8.35400000000002
"29019",5.2,4.87820833333333
"29021",7.6,6.92441666666668
"29023",9,8.44541666666667
"29025",8.1,7.9195
"29027",7.1,6.81624999999999
"29029",9.4,8.95143750000001
"29031",6.6,6.43233333333334
"29033",8.6,7.79075
"29035",9.7,9.3345625
"29037",6.4,6.42770833333333
"29039",9.9,8.94510416666667
"29041",9.1,8.45264583333333
"29043",6.3,6.1478125
"29045",9.5,8.32431250000001
"29047",5.8,5.41795833333334
"29049",7.5,7.39095833333333
"29051",6.3,5.8825625
"29053",7.3,7.09441666666667
"29055",8.7,8.54685416666668
"29057",10,9.03768750000001
"29059",9.1,9.62372916666668
"29061",9.1,8.39939583333334
"29063",7.8,7.37025
"29065",9.2,8.2115
"29067",9.6,9.483875
"29069",9.3,8.80516666666668
"29071",7.3,6.96350000000001
"29073",8.6,8.10083333333334
"29075",8,8.30502083333335
"29077",6.5,6.38295833333334
"29079",9.2,8.62162500000001
"29081",9.4,8.80135416666666
"29083",9.1,8.87383333333334
"29085",13.1,10.6555
"29087",9.1,8.40506249999999
"29089",7.3,7.20452083333333
"29091",9.1,8.92533333333335
"29093",9.3,8.90468749999999
"29095",6.2,6.13681250000002
"29097",7.2,6.76558333333334
"29099",6.6,6.37697916666666
"29101",5.5,5.65577083333334
"29103",9.7,8.57833333333332
"29105",8.6,8.05735416666668
"29107",7.2,6.90160416666667
"29109",8.4,7.79877083333334
"29111",7.9,8.27504166666668
"29113",6.3,6.67679166666666
"29115",8.5,8.39529166666665
"29117",7.8,7.64918749999999
"29119",9,7.7164375
"29121",8.2,7.91285416666666
"29123",7.9,7.87154166666667
"29125",8.5,8.80435416666667
"29127",7.5,7.10587499999999
"29129",9.8,8.51243750000001
"29131",8.2,7.85824999999999
"29133",9.2,8.18216666666667
"29135",7.1,6.951375
"29137",9.6,9.39704166666669
"29139",8.5,8.32993750000001
"29141",10.1,9.2568125
"29143",9.1,8.84077083333335
"29145",7.9,7.45931249999999
"29147",6.7,7.15093749999999
"29149",10.4,10.1570833333333
"29151",6.9,6.99747916666668
"29153",12,10.8767708333333
"29155",9.7,9.13010416666671
"29157",7.7,7.27841666666666
"29159",7.4,7.07781249999999
"29161",7.1,6.52135416666667
"29163",8.3,7.75245833333334
"29165",5.6,5.26962499999999
"29167",8.1,7.85618750000001
"29169",4.5,5.27758333333333
"29171",8.7,9.25435416666669
"29173",8.8,8.15366666666667
"29175",7.6,7.48154166666669
"29177",7.9,7.75270833333333
"29179",10.2,9.09608333333333
"29181",9.7,9.35195833333332
"29183",5.6,5.51597916666664
"29185",10.5,9.92716666666665
"29186",7.9,7.56135416666666
"29187",7.7,7.50570833333334
"29189",6.1,5.86745833333333
"29195",7.1,6.91902083333333
"29197",7.6,8.1874375
"29199",8.4,8.15441666666666
"29201",7.8,7.41116666666667
"29203",9.5,9.30143749999999
"29205",9.6,8.70945833333333
"29207",8.8,8.65129166666665
"29209",10.2,9.42010416666665
"29211",8.9,8.41295833333333
"29213",8.3,7.83979166666665
"29215",9.6,8.84299999999999
"29217",9,8.57070833333333
"29219",7.3,6.99216666666666
"29221",8.8,8.55035416666667
"29223",11.1,10.6977083333333
"29225",7.4,7.22481250000001
"29227",9.9,9.7320625
"29229",9.5,8.68185416666667
"29510",6.1,5.68822916666666
"30001",7.4,7.46564583333335
"30003",8.3,7.50179166666667
"30005",8.3,7.6255
"30007",7.2,8.0609583333333
"30009",8,8.23485416666667
"30011",9.2,9.50949999999998
"30013",6.7,6.85216666666666
"30015",7.9,7.90795833333333
"30017",6.8,6.74779166666667
"30019",8.1,8.40214583333334
"30021",6.8,7.10391666666665
"30023",8.8,8.82908333333333
"30025",6.8,8.14618750000001
"30027",8,8.61289583333333
"30029",6.5,6.87210416666666
"30031",4.3,4.75795833333333
"30033",8.3,8.87504166666668
"30035",8.5,8.1777083333333
"30037",10.6,9.51560416666668
"30039",9,8.60641666666668
"30041",7.5,6.74087500000002
"30043",6.7,7.56618750000001
"30045",9.2,8.78654166666667
"30047",8.3,8.29502083333332
"30049",6,6.14970833333332
"30051",9.6,8.13187499999999
"30053",9.9,9.84912500000002
"30055",8.1,8.55814583333333
"30057",7.7,7.7295625
"30059",9.1,8.79352083333336
"30061",9.1,8.78666666666669
"30063",5.2,5.44158333333333
"30065",8.6,9.31516666666667
"30067",7.3,7.43829166666666
"30069",9,8.34641666666668
"30071",8.2,8.24299999999999
"30073",8.9,8.49664583333332
"30075",8.4,8.61022916666668
"30077",7.6,7.54341666666665
"30079",12.3,9.88422916666667
"30081",7.5,8.20316666666667
"30083",6.2,6.75510416666668
"30085",7.5,7.91839583333332
"30087",8.2,8.0898125
"30089",10.2,9.64739583333334
"30091",7.9,8.02812500000001
"30093",6.8,6.90552083333332
"30095",7.3,7.98639583333334
"30097",7.9,8.03252083333333
"30099",7.8,7.94712499999998
"30101",7.5,7.00474999999999
"30103",9.2,7.8615
"30105",8.2,8.40377083333333
"30107",9.1,10.6179375
"30109",8.2,8.34837499999999
"30111",6,6.16054166666667
"31001",7.1,6.68774999999999
"31003",8.2,8.27270833333334
"31005",8,7.07966666666667
"31007",8.2,8.4323125
"31009",8.3,8.87681250000002
"31011",8.2,7.96968750000001
"31013",7.7,7.1560625
"31015",9.8,9.39414583333336
"31017",8.5,8.67758333333331
"31019",5.9,5.84689583333334
"31021",8.3,8.40122916666665
"31023",7.1,7.19331249999999
"31025",6.4,6.28760416666668
"31027",7.3,7.49254166666665
"31029",8.1,8.58237499999997
"31031",8.2,7.44541666666665
"31033",7.9,7.66483333333334
"31035",7.3,7.52179166666668
"31037",6.6,6.39089583333333
"31039",7.7,7.38012499999999
"31041",7.7,7.62308333333332
"31043",6.3,5.95658333333333
"31045",6.5,6.74510416666665
"31047",7,6.83266666666666
"31049",9.1,8.43860416666666
"31051",8.3,7.50016666666668
"31053",7,7.06254166666667
"31055",5.3,5.0738125
"31057",9,8.30904166666666
"31059",7.6,7.98977083333334
"31061",9.5,9.17308333333331
"31063",7.9,8.33187499999999
"31065",8.7,8.38312499999998
"31067",7.9,7.88781250000001
"31069",10.2,9.58527083333334
"31071",8.4,8.02654166666668
"31073",8,8.09477083333333
"31075",7.8,7.39027083333333
"31077",8.3,8.38720833333334
"31079",6.7,6.3241875
"31081",6.8,6.74441666666667
"31083",8.5,8.44833333333333
"31085",9.5,8.69056250000002
"31087",8.7,8.49366666666666
"31089",8.2,7.59899999999999
"31091",8.6,8.62954166666667
"31093",7.3,7.64458333333332
"31095",8.1,8.44597916666664
"31097",6.8,7.01370833333334
"31099",6.7,6.5659375
"31101",8.5,8.53991666666663
"31103",10.1,8.26402083333331
"31105",9.7,9.31745833333333
"31107",8.9,8.67135416666668
"31109",5.5,5.24335416666668
"31111",8,7.35937500000001
"31113",7.8,7.63174999999999
"31115",8.7,8.45320833333332
"31117",9.2,7.51139583333332
"31119",6.7,6.67710416666667
"31121",7.5,7.70647916666665
"31123",8.3,7.76227083333334
"31125",7.8,8.55268749999999
"31127",7.4,7.18206249999999
"31129",8.4,8.31660416666667
"31131",7,7.07358333333332
"31133",9.9,9.32020833333333
"31135",7.6,7.99931249999998
"31137",7.3,7.28583333333333
"31139",7,7.26716666666666
"31141",6.8,6.5224375
"31143",7.6,7.92377083333334
"31145",7.6,7.30697916666665
"31147",8.4,8.37347916666666
"31149",8.2,8.28424999999998
"31151",6.5,6.42325000000001
"31153",4.7,4.75852083333333
"31155",6.4,6.23539583333335
"31157",7.5,7.12539583333331
"31159",6,6.08614583333333
"31161",8.9,8.77502083333335
"31163",9,8.59537499999999
"31165",10.9,8.20483333333333
"31167",7.1,7.28668749999999
"31169",8.4,8.26341666666666
"31171",7.3,8.5741875
"31173",6.9,7.17877083333334
"31175",8.5,8.07133333333332
"31177",6.3,6.19768750000001
"31179",5.8,6.32683333333335
"31181",7.6,7.79397916666666
"31183",8.5,8.37095833333335
"31185",7.1,7.08841666666667
"32001",7.3,7.23579166666667
"32003",6.2,5.94581250000001
"32005",8.5,7.85245833333334
"32007",6.2,6.08485416666668
"32009",12.1,9.11035416666668
"32011",9.9,9.06249999999999
"32013",6.6,6.73012500000001
"32015",7.7,6.24554166666667
"32017",7.9,7.45291666666668
"32019",7.5,7.89812500000001
"32021",11.1,9.81718750000002
"32023",10.1,9.68179166666666
"32027",7.4,7.10914583333333
"32029",8.4,8.60104166666666
"32031",6.1,6.01420833333333
"32033",8.1,7.50445833333334
"32510",7.2,6.96814583333333
"33001",7,7.63010416666667
"33003",7.8,7.5814375
"33005",6.6,6.94920833333334
"33007",8.4,8.54372916666666
"33009",6.4,7.08956249999999
"33011",5.6,5.63247916666665
"33013",5.9,6.1394375
"33015",5.7,5.82416666666666
"33017",5.3,5.79279166666666
"33019",7.3,7.723
"34001",6.8,6.84120833333333
"34003",5.2,5.32979166666666
"34005",5.6,5.70583333333332
"34007",5.7,5.85616666666668
"34009",7.8,7.13347916666668
"34011",7,6.97618750000001
"34013",5.6,5.57504166666666
"34015",5.4,5.71406249999998
"34017",4.7,4.6655
"34019",5.8,5.97137499999999
"34021",5.4,5.18177083333333
"34023",5.1,5.08970833333332
"34025",5.7,5.66897916666666
"34027",5.1,5.28952083333332
"34029",7,6.95604166666668
"34031",6.1,5.85510416666668
"34033",6.9,7.19858333333333
"34035",4.9,5.02595833333333
"34037",5.8,5.94027083333331
"34039",5.5,5.3046875
"34041",6.1,6.12002083333333
"35001",6.5,6.20595833333332
"35003",12.4,10.2681041666667
"35005",7.5,7.34362500000002
"35006",8.3,8.28322916666665
"35007",9.3,8.98466666666666
"35009",6.4,5.95806250000001
"35011",9.8,10.1753541666667
"35013",6.7,6.50860416666667
"35015",6.3,6.41152083333333
"35017",9.8,8.60956249999999
"35019",8.3,8.68379166666668
"35021",12.9,8.70143750000001
"35023",9.2,9.25462499999999
"35025",6.2,6.17104166666667
"35027",9.6,8.66352083333333
"35028",4.9,5.11683333333333
"35029",10.1,9.12933333333334
"35031",9.5,9.01820833333335
"35033",9.6,9.22345833333334
"35035",7.2,7.40347916666666
"35037",10.3,9.41952083333334
"35039",8.4,8.82968750000001
"35041",6.5,6.77497916666667
"35043",6.4,6.3758125
"35045",8.3,7.98845833333335
"35047",8.5,8.62104166666665
"35049",7.6,7.14916666666666
"35051",12.7,9.991875
"35053",8.7,8.24133333333334
"35055",8.7,8.07914583333335
"35057",9.6,9.20281249999999
"35059",8.7,9.11568749999999
"35061",7.4,7.39716666666668
"36001",5.5,5.79685416666666
"36003",7.3,7.65433333333334
"36005",7,6.66570833333333
"36007",7.1,6.9613125
"36009",8,8.0990625
"36011",7.7,7.47052083333331
"36013",7.9,7.65447916666666
"36015",7.3,7.26114583333333
"36017",8.1,7.83850000000002
"36019",7,6.89847916666666
"36021",7.8,7.41160416666667
"36023",6.2,6.35002083333335
"36025",8.5,8.38237500000001
"36027",6,5.91904166666666
"36029",6.5,6.3035625
"36031",8.1,7.98993749999999
"36033",7.6,7.5000625
"36035",7.8,7.62370833333333
"36037",6.9,7.11395833333332
"36039",7.6,7.81695833333334
"36041",9.3,8.58800000000002
"36043",7.6,7.81047916666667
"36045",6,6.28277083333334
"36047",5.7,5.52174999999999
"36049",7.7,7.84777083333336
"36051",6.6,6.80899999999999
"36053",6.7,6.8165625
"36055",6.3,6.10299999999999
"36057",7.4,7.68404166666667
"36059",5.4,5.53564583333333
"36061",4.9,5.50983333333333
"36063",7,6.95999999999998
"36065",7.3,7.12114583333332
"36067",6.5,6.31495833333333
"36069",6.8,6.81964583333334
"36071",5.8,5.75372916666668
"36073",7.5,7.51768750000001
"36075",7.2,7.46562499999999
"36077",6.8,7.21945833333334
"36079",5.8,5.81574999999999
"36081",6,6.01652083333332
"36083",6,6.07583333333333
"36085",5.8,5.7631875
"36087",6.3,5.29639583333333
"36089",7.3,7.29256249999998
"36091",6,5.91114583333332
"36093",6.1,6.14233333333334
"36095",7.6,7.85172916666665
"36097",8.2,7.918125
"36099",7.8,7.51647916666667
"36101",7.5,7.27389583333332
"36103",5.7,5.69327083333333
"36105",7.2,7.16597916666667
"36107",7.6,7.34914583333333
"36109",4.8,5.36289583333333
"36111",6.8,6.96941666666667
"36113",7.2,7.19722916666668
"36115",7.4,7.58893750000001
"36117",7.3,7.24179166666665
"36119",5.6,5.38583333333333
"36121",7.3,7.44787500000001
"36123",7.9,7.77389583333333
"37001",6.7,6.66845833333332
"37003",8,7.87856250000002
"37005",10.5,9.4345
"37007",8.8,8.93445833333335
"37009",9.4,8.98668749999999
"37011",8.4,8.20329166666667
"37013",9.2,8.97312499999999
"37015",9.6,9.73333333333333
"37017",9.1,8.87537499999997
"37019",8.8,8.20456250000001
"37021",6.7,6.51256249999998
"37023",8.6,8.23887499999999
"37025",5.5,5.22799999999999
"37027",8.4,7.77512499999999
"37029",6.1,6.14204166666667
"37031",8.1,7.86302083333333
"37033",8.5,9.0238125
"37035",7.1,6.98395833333331
"37037",7.8,7.23522916666667
"37039",10.3,9.44397916666667
"37041",9.5,8.99558333333333
"37043",9.9,8.83089583333335
"37045",7.8,7.84981250000001
"37047",8.6,8.9350625
"37049",7.4,7.07845833333332
"37051",5.7,5.76704166666666
"37053",6.3,6.36502083333333
"37055",7.1,6.8348125
"37057",7.6,7.50481249999999
"37059",7.5,7.45441666666666
"37061",8.4,8.6915
"37063",5,4.98435416666667
"37065",8.8,8.79789583333334
"37067",6.5,6.161625
"37069",6.8,6.82864583333334
"37071",6.7,6.55193749999999
"37073",8.6,8.57850000000001
"37075",8.7,8.51035416666666
"37077",7.2,7.11685416666668
"37079",8.1,8.41008333333333
"37081",6.1,6.04172916666667
"37083",9.8,9.50883333333334
"37085",6.2,6.20647916666667
"37087",8.3,8.09010416666666
"37089",8.2,7.54104166666666
"37091",9.1,9.08291666666667
"37093",6,6.26389583333334
"37095",9.6,9.63679166666665
"37097",6.2,6.05812500000001
"37099",7.4,7.57285416666667
"37101",5.9,5.96239583333333
"37103",9.4,9.52359166666666
"37105",7.2,7.25783333333337
"37107",9.5,8.89043750000001
"37109",7,6.80308333333334
"37111",8.3,7.92472916666666
"37113",9.6,8.94954166666666
"37115",7.6,8.02110416666665
"37117",9.5,9.96489583333334
"37119",4.8,4.61685416666664
"37121",8.4,8.54937500000001
"37123",8.8,8.45266666666667
"37125",7.3,7.31641666666668
"37127",7.5,7.63279166666667
"37129",6.3,6.19856249999999
"37131",10.6,9.70383333333333
"37133",4.7,5.124125
"37135",5.2,5.11866666666667
"37137",9.6,9.00131250000002
"37139",6.7,6.78695833333333
"37141",6.8,6.5165
"37143",9.2,9.04950000000002
"37145",8.2,8.49060416666664
"37147",6,6.31997916666669
"37149",9.5,8.55645833333334
"37151",7.8,7.75872916666667
"37153",8.8,8.51597916666666
"37155",9.3,8.70027083333333
"37157",8.4,8.67720833333331
"37159",7.3,7.35950000000001
"37161",8.9,8.43118749999999
"37163",8.1,8.41212499999998
"37165",9,8.87262500000001
"37167",7.6,7.68379166666667
"37169",8.4,8.10633333333334
"37171",8.7,8.27420833333333
"37173",8.7,8.82881249999999
"37175",9,8.13204166666669
"37177",9.7,10.2025833333333
"37179",5.5,5.09672916666666
"37181",8.3,8.28112499999999
"37183",4.7,4.54154166666668
"37185",10.5,9.78893750000001
"37187",11.1,10.5992083333334
"37189",6.3,5.89402083333333
"37191",7.4,7.26906250000002
"37193",9,9.00960416666666
"37195",8.6,8.19366666666667
"37197",8.4,8.17464583333334
"37199",9.1,8.88424999999998
"38001",9.7,9.30947916666666
"38003",7.5,7.55608333333332
"38005",9,7.60762500000001
"38007",8.4,8.1828125
"38009",8,8.16724999999999
"38011",7.8,8.11204166666665
"38013",7.3,7.39414583333333
"38015",5.9,5.77079166666666
"38017",4.8,4.82877083333332
"38019",8.5,8.47999999999999
"38021",7.3,7.35566666666667
"38023",8.6,8.37285416666667
"38025",7.1,7.54997916666668
"38027",8.8,8.39258333333333
"38029",9.5,8.63397916666666
"38031",7.8,7.78712499999999
"38033",9.4,9.46912500000002
"38035",5.4,5.37958333333333
"38037",11,9.38885416666666
"38039",9,8.39870833333334
"38041",8.1,8.37822916666667
"38043",8.9,8.4504375
"38045",8.8,8.48608333333332
"38047",9.6,8.29985416666666
"38049",7.8,7.61187500000001
"38051",10.1,10.0568958333333
"38053",5.4,6.06964583333334
"38055",8.1,8.13668749999999
"38057",8.2,7.70833333333333
"38059",6.2,6.0705625
"38061",6.9,6.64122916666667
"38063",8.5,8.25268750000001
"38065",7.9,8.34297916666667
"38067",8.6,8.27052083333331
"38069",8,8.00745833333332
"38071",8.1,7.51841666666665
"38073",7.8,7.63185416666668
"38075",7.2,7.32716666666667
"38077",7,7.1335
"38079",8.5,8.08506250000002
"38081",7.7,7.82197916666666
"38083",10.5,8.95658333333333
"38085",9.9,9.27558333333334
"38087",10.3,8.44352083333332
"38089",6,5.73425000000001
"38091",8.7,8.50085416666668
"38093",7.3,7.14314583333333
"38095",10.1,8.35116666666667
"38097",6.8,6.79133333333334
"38099",8.2,7.74716666666667
"38101",5.3,5.52833333333334
"38103",9.5,8.30039583333333
"38105",5.1,5.21597916666667
"39001",9.2,8.97756250000001
"39003",7.9,7.16766666666667
"39005",8.2,7.617625
"39007",9.2,8.37554166666667
"39009",6.2,5.92789583333333
"39011",7.5,6.90008333333333
"39013",8.6,7.95283333333334
"39015",8.7,8.40052083333335
"39017",6.6,5.82212500000002
"39019",9.1,8.44164583333334
"39021",7.5,7.16162499999999
"39023",8.4,8.01650000000002
"39025",7,6.27160416666667
"39027",8,7.619375
"39029",8.8,8.27487500000002
"39031",9.1,8.77408333333335
"39033",8.8,8.17727083333335
"39035",6.9,6.51889583333333
"39037",8.5,7.80689583333335
"39039",7.6,7.27179166666667
"39041",5,4.94485416666666
"39043",8.3,7.50895833333331
"39045",6.6,6.010625
"39047",8.2,7.9596875
"39049",5.6,5.11331250000001
"39051",7.4,7.18935416666667
"39053",9.2,8.24962500000001
"39055",7.4,6.6999375
"39057",6.4,5.89935416666667
"39059",8.9,8.38852083333334
"39061",6.5,5.83587499999999
"39063",6.9,6.64097916666667
"39065",7.5,7.49708333333336
"39067",9.1,9.28733333333333
"39069",7.6,7.3045625
"39071",8.5,8.00679166666667
"39073",9.2,8.69368750000002
"39075",7.8,7.32447916666667
"39077",7.7,7.51460416666667
"39079",8.4,8.26172916666669
"39081",8.7,8.20683333333337
"39083",7.5,7.05891666666667
"39085",7.3,6.73372916666667
"39087",8.6,7.92241666666667
"39089",6.8,6.41127083333335
"39091",8,7.42495833333333
"39093",7.6,6.82616666666667
"39095",7.5,6.78697916666666
"39097",6.8,6.72039583333334
"39099",8.4,7.60922916666666
"39101",8.3,7.75731250000001
"39103",6.8,6.18408333333333
"39105",10.3,9.71537499999999
"39107",7.3,6.79089583333334
"39109",7.3,6.86314583333333
"39111",9.9,9.57935416666665
"39113",7.2,6.78324999999999
"39115",9.4,8.59352083333334
"39117",7.8,7.55166666666666
"39119",8,7.68727083333332
"39121",11.9,9.20439583333333
"39123",8.5,7.989125
"39125",8.1,7.55858333333336
"39127",8.3,7.8921875
"39129",7.1,6.97764583333333
"39131",9.6,8.82772916666667
"39133",6.8,6.56552083333334
"39135",7.9,7.57306250000001
"39137",7,6.76333333333334
"39139",8.3,7.7441875
"39141",8.1,7.61960416666668
"39143",8,7.613
"39145",9,8.22739583333335
"39147",7.4,7.33783333333332
"39149",7.7,6.94902083333332
"39151",7.9,7.15345833333331
"39153",7,6.291375
"39155",8.9,7.97479166666668
"39157",8.2,7.59543749999999
"39159",5.2,5.30739583333333
"39161",7.8,7.37852083333334
"39163",8.9,8.45479166666668
"39165",5.8,5.12377083333331
"39167",8.6,7.93183333333333
"39169",7.6,6.93408333333334
"39171",8.3,7.84800000000001
"39173",6.1,5.82410416666666
"39175",7.6,7.0194375
"40001",9.6,8.41020833333335
"40003",8.3,7.97410416666665
"40005",8.9,8.29152083333333
"40007",8.4,7.33352083333334
"40009",7.9,7.37966666666667
"40011",8.6,7.97597916666666
"40013",8.1,7.45950000000001
"40015",8.2,7.88710416666668
"40017",5.6,5.5293125
"40019",7.7,7.36591666666668
"40021",8.1,7.35283333333334
"40023",9.9,8.93750000000001
"40025",8.7,8.16002083333332
"40027",5.9,5.554625
"40029",10.4,9.25739583333332
"40031",6.6,6.17752083333335
"40033",9.2,8.03341666666667
"40035",9.6,8.58927083333336
"40037",8,7.6665
"40039",6.9,6.09283333333335
"40041",10.4,9.23818750000001
"40043",8.3,8.1394375
"40045",9.1,8.54599999999999
"40047",7.3,6.67425
"40049",8.2,7.88912500000001
"40051",7.1,6.834875
"40053",8.8,8.17289583333333
"40055",7.6,7.52766666666668
"40057",9.4,8.65397916666664
"40059",8.5,7.79631249999999
"40061",9.5,9.0921875
"40063",9,8.40041666666669
"40065",7.3,6.59002083333333
"40067",10.1,9.06527083333333
"40069",9.3,7.92479166666668
"40071",8.6,7.79720833333336
"40073",7.2,6.9245
"40075",10.1,8.66883333333333
"40077",10.6,9.09997916666667
"40079",9.1,8.67325000000003
"40081",8.6,8.36522916666667
"40083",6.9,6.48604166666667
"40085",8.5,8.04902083333332
"40087",6.6,6.17687499999999
"40089",8.9,8.48897916666665
"40091",11.1,10.3832083333333
"40093",8.4,8.04047916666667
"40095",9.6,8.77337499999998
"40097",8.7,8.27039583333332
"40099",8.7,7.68029166666666
"40101",8.5,7.75797916666667
"40103",8.2,7.81972916666666
"40105",9,8.50449999999998
"40107",10.1,9.20033333333335
"40109",6.7,5.68193750000002
"40111",8.6,8.03052083333335
"40113",8.7,7.71918750000001
"40115",9.1,8.46495833333333
"40117",8.8,8.58289583333331
"40119",5.7,5.49554166666667
"40121",8.9,8.07391666666668
"40123",7.4,6.63529166666669
"40125",7.5,7.25012500000004
"40127",11,9.97937499999999
"40129",9.3,8.04891666666667
"40131",7.2,6.54439583333334
"40133",9.6,8.66004166666667
"40135",9.7,8.59654166666666
"40137",8.8,8.18358333333334
"40139",7,6.03960416666667
"40141",9.2,8.5615625
"40143",6.6,5.81189583333336
"40145",6.8,6.50847916666667
"40147",8.2,7.00564583333332
"40149",8.4,7.68864583333334
"40151",7.2,6.60154166666667
"40153",7.5,6.67927083333335
"41001",9,8.38385416666666
"41003",5.7,5.48747916666667
"41005",6.1,5.91666666666666
"41007",8,8.14574999999998
"41009",7.2,7.20825
"41011",9.4,8.94612499999999
"41013",7.9,8.20772916666665
"41015",10.5,9.16047916666665
"41017",6.4,6.34504166666666
"41019",9.1,8.76797916666666
"41021",9.8,9.26577083333333
"41023",10,9.45133333333332
"41025",9.8,8.76577083333333
"41027",6.4,5.8530625
"41029",7.5,7.34058333333333
"41031",7.6,7.50041666666668
"41033",9.5,9.01895833333332
"41035",8.6,8.24189583333332
"41037",9.4,8.86818750000002
"41039",6.8,6.74770833333332
"41041",9.5,8.58210416666665
"41043",7.1,7.36266666666666
"41045",7.8,7.66427083333334
"41047",6.5,6.44712500000001
"41049",7.9,7.44350000000002
"41051",5.2,4.97608333333333
"41053",6.6,6.58989583333334
"41055",9.4,9.02216666666666
"41057",8.6,8.25510416666667
"41059",7,6.82633333333334
"41061",7.8,7.62160416666665
"41063",8.3,7.63583333333333
"41065",7.9,7.54252083333333
"41067",5,4.99549999999999
"41069",11.3,9.24643750000002
"41071",6.4,6.38406250000001
"42001",NA,7.36793749999999
"42003",NA,6.089125
"42005",NA,8.06468750000001
"42007",NA,7.27662499999998
"42009",NA,8.60639583333333
"42011",NA,6.57293749999999
"42013",NA,7.35947916666666
"42015",NA,7.95325
"42017",NA,5.96272916666665
"42019",NA,6.41018749999999
"42021",NA,8.10612500000003
"42023",NA,9.96639583333334
"42025",NA,7.91004166666667
"42027",NA,5.25595833333334
"42029",NA,5.35522916666665
"42031",NA,7.70174999999999
"42033",NA,7.91737500000001
"42035",NA,7.65929166666667
"42037",NA,7.53839583333332
"42039",NA,7.96174999999999
"42041",NA,5.91995833333332
"42043",NA,6.20302083333334
"42045",NA,5.70554166666666
"42047",NA,7.88289583333333
"42049",NA,6.82137499999999
"42051",NA,8.38268750000001
"42053",NA,9.06133333333332
"42055",NA,7.11958333333334
"42057",NA,7.93506250000002
"42059",NA,7.53104166666668
"42061",NA,7.83347916666668
"42063",NA,7.16731249999999
"42065",NA,8.51068749999999
"42067",NA,8.17091666666667
"42069",NA,6.90170833333333
"42071",NA,6.6360625
"42073",NA,8.13735416666667
"42075",NA,7.03604166666665
"42077",NA,6.18637500000001
"42079",NA,7.24612499999999
"42081",NA,7.31633333333333
"42083",NA,7.64808333333333
"42085",NA,7.87124999999997
"42087",NA,8.76775000000001
"42089",NA,6.81741666666667
"42091",NA,5.56024999999999
"42093",NA,6.80793750000001
"42095",NA,6.20214583333332
"42097",NA,7.75450000000001
"42099",NA,7.47937500000002
"42101",NA,6.08497916666667
"42103",NA,7.79929166666666
"42105",NA,8.445625
"42107",NA,7.55433333333333
"42109",NA,7.19179166666667
"42111",NA,8.31179166666667
"42113",NA,8.99045833333334
"42115",NA,8.40975000000001
"42117",NA,7.95125
"42119",NA,7.06404166666666
"42121",NA,8.4641666666667
"42123",NA,8.33097916666667
"42125",NA,7.00043750000001
"42127",NA,8.46697916666667
"42129",NA,7.39397916666667
"42131",NA,7.69518750000001
"42133",NA,6.59268749999999
"44001",6,5.8273125
"44003",6.4,6.21629166666666
"44005",6.9,6.33177083333332
"44007",6.2,6.00954166666667
"44009",6.4,6.40924999999999
"45001",8.6,8.35064583333333
"45003",7.1,7.12902083333332
"45005",9.1,9.86775
"45007",7.2,6.99539583333334
"45009",8.7,9.07122916666666
"45011",9.2,9.36660416666667
"45013",7.5,6.93504166666667
"45015",5.6,5.77814583333333
"45017",8.2,8.93987499999999
"45019",5.5,5.71579166666666
"45021",7.7,7.78620833333335
"45023",8.3,8.64275
"45025",8.5,8.73781249999999
"45027",9.3,9.69562499999999
"45029",8.4,8.84395833333333
"45031",8,8.32291666666669
"45033",9.1,9.00483333333337
"45035",5.9,6.00725
"45037",7.7,8.00795833333333
"45039",9.1,9.54010416666667
"45041",7,7.5804375
"45043",8.6,8.57591666666666
"45045",6.1,5.7366875
"45047",7.5,7.64591666666668
"45049",8.6,8.62675
"45051",8.1,7.92418749999999
"45053",8.3,8.06749999999999
"45055",7,7.54627083333334
"45057",7.1,7.28681249999999
"45059",7.7,8.1016875
"45061",8.6,9.28802083333334
"45063",6.2,6.26639583333335
"45065",11.1,9.858875
"45067",9.5,9.73264583333334
"45069",9,9.26112500000004
"45071",7.8,7.93014583333336
"45073",8.7,8.27172916666667
"45075",8.4,8.71612500000001
"45077",6.7,6.77391666666666
"45079",5.4,5.50037499999999
"45081",8.5,8.59822916666665
"45083",6.5,6.63704166666669
"45085",7,7.44045833333335
"45087",9.4,9.01100000000001
"45089",8.6,9.27414583333335
"45091",5.3,5.54304166666665
"46003",7.6,7.59020833333334
"46005",7.8,6.93820833333333
"46007",9.8,8.474625
"46009",8.1,7.83475
"46011",5,5.0461875
"46013",6.5,6.41652083333335
"46015",8.2,7.27641666666668
"46017",8,9.10360416666666
"46019",7.9,7.40225
"46021",9.4,8.16872916666667
"46023",9,7.92416666666666
"46025",8.6,8.45604166666666
"46027",4.9,5.10893750000001
"46029",7.4,7.1171875
"46031",10.4,8.66524999999999
"46033",8.9,8.42429166666667
"46035",7.5,7.12760416666665
"46037",9.5,8.83912499999999
"46039",7.6,7.52349999999999
"46041",8.3,8.70485416666668
"46043",8.9,8.38027083333333
"46045",8.1,7.65549999999999
"46047",10.5,9.31187499999999
"46049",9.5,9.67718750000001
"46051",8.2,7.99437499999998
"46053",9.2,8.46543749999999
"46055",9.1,8.80387499999999
"46057",6.2,6.24816666666667
"46059",7.9,8.01660416666667
"46061",6.9,6.50118749999999
"46063",7,6.86756250000001
"46065",6.3,6.01858333333333
"46067",7.7,7.57797916666666
"46069",8.8,8.36639583333332
"46071",10.3,9.18718750000002
"46073",8.9,8.90658333333333
"46075",9.5,8.01660416666667
"46077",7.9,7.83947916666667
"46079",7.5,7.27089583333335
"46081",7.6,7.44591666666666
"46083",5.1,5.35454166666666
"46085",9.2,7.90904166666666
"46087",6.7,6.90635416666667
"46089",10.3,9.20933333333334
"46091",7.8,7.67749999999999
"46093",6.1,6.29720833333333
"46095",11.5,9.64064583333335
"46097",8.6,8.51749999999999
"46099",5.5,5.28141666666667
"46101",7.2,7.17481249999999
"46102",9.7,8.53264583333333
"46103",7,6.51543749999999
"46105",9.3,8.40556249999999
"46107",8.5,8.37185416666666
"46109",9.5,8.69860416666664
"46111",7.8,7.6088125
"46115",8.3,8.18131249999998
"46117",6.9,7.33877083333334
"46119",8.1,8.30208333333332
"46121",9.5,9.53525000000001
"46123",9.8,8.79622916666667
"46125",7.3,7.38058333333333
"46127",6.4,6.11327083333333
"46129",8.4,7.71454166666667
"46135",7.1,7.06556249999999
"46137",9.2,9.09877083333334
"47001",7.8,7.34220833333332
"47003",7,6.816125
"47005",10,9.8628125
"47007",10.2,9.47379166666664
"47009",7.5,7.15699999999999
"47011",7.3,6.82808333333334
"47013",9.3,9.24689583333331
"47015",8.2,8.02245833333334
"47017",8.4,8.3200625
"47019",9.3,8.52133333333334
"47021",6.6,6.33231250000001
"47023",7.5,7.70543750000002
"47025",8.5,8.74081250000001
"47027",10.8,10.8389583333334
"47029",10,9.48775
"47031",7.9,7.49366666666667
"47033",8,8.20035416666667
"47035",10.9,9.71843749999999
"47037",5.1,4.93837499999999
"47039",10.4,9.59060416666665
"47041",8.9,7.86970833333334
"47043",6.8,6.79635416666668
"47045",8,7.60547916666666
"47047",8,7.87945833333331
"47049",10,9.97170833333332
"47051",7.8,7.5625
"47053",7.6,7.26739583333334
"47055",8.4,7.94304166666667
"47057",9.1,8.87406249999999
"47059",8.9,8.45524999999999
"47061",9.6,9.42191666666665
"47063",8.2,7.61020833333334
"47065",6.6,6.2264375
"47067",12.1,11.0026458333333
"47069",8.3,8.52525000000001
"47071",10.1,9.40533333333333
"47073",9.2,8.7251875
"47075",9.4,9.04233333333333
"47077",8.4,8.12847916666666
"47079",9.7,8.8458125
"47081",7.9,7.79166666666666
"47083",8.3,8.37404166666666
"47085",8.5,8.31835416666666
"47087",10.1,10.0627916666667
"47089",8,7.56093749999999
"47091",10.1,9.37556249999999
"47093",6.2,5.73431249999999
"47095",9.8,8.56427083333334
"47097",8.3,8.20652083333335
"47099",8.5,7.93172916666665
"47101",8.6,8.83052083333334
"47103",8,7.72247916666666
"47105",9,8.45535416666663
"47107",8.3,7.94354166666667
"47109",9,8.87241666666667
"47111",7.9,7.54481250000001
"47113",7.7,7.4081875
"47115",9.2,8.67864583333331
"47117",7.1,7.12891666666667
"47119",6.6,6.60495833333335
"47121",9.3,8.72193749999998
"47123",9.3,8.62818749999999
"47125",4.8,5.16235416666666
"47127",8.5,7.68493749999999
"47129",8.5,8.68697916666668
"47131",9,8.40535416666666
"47133",9.1,9.25881249999998
"47135",9.6,9.06468749999999
"47137",12.1,10.6770416666667
"47139",8.7,8.40077083333333
"47141",6.9,6.62318750000001
"47143",8.7,8.13877083333334
"47145",8.8,8.23197916666666
"47147",6.6,6.54952083333334
"47149",5,4.97097916666665
"47151",9.6,9.18845833333333
"47153",9.8,8.58685416666664
"47155",8.2,7.7505625
"47157",6.5,6.33931250000002
"47159",7.5,7.18027083333333
"47161",8,8.39647916666667
"47163",8.5,7.50602083333332
"47165",6.4,6.11306250000001
"47167",7,6.75374999999999
"47169",6,6.51127083333334
"47171",9.7,8.34281250000001
"47173",8.3,8.05079166666667
"47175",9.5,9.02997916666667
"47177",8.2,7.78097916666668
"47179",7.3,6.65712500000001
"47181",8.9,8.52858333333334
"47183",7.8,7.81768750000002
"47185",9,8.45249999999999
"47187",5.1,4.93454166666665
"47189",5.9,5.65785416666666
"48001",6.9,7.24360416666668
"48003",5.6,5.60837499999999
"48005",7.9,7.38831250000002
"48007",9.1,8.13774999999998
"48009",7.5,7.71350000000001
"48011",7.4,8.41933333333332
"48013",6.6,7.27964583333334
"48015",7.9,7.84083333333333
"48017",7.2,7.39137500000001
"48019",9.1,8.95533333333333
"48021",6.5,6.77654166666667
"48023",8.9,8.72731249999999
"48025",5.9,6.59879166666666
"48027",5.4,5.50727083333334
"48029",5.4,5.35283333333332
"48031",7.4,7.65439583333334
"48033",7.9,5.79575
"48035",8.4,8.3385625
"48037",7.1,7.34591666666667
"48039",5.1,5.22545833333332
"48041",4.6,4.65072916666668
"48043",6.6,7.0651875
"48045",9.9,9.28652083333333
"48047",8.1,8.84700000000001
"48049",7.8,7.84677083333333
"48051",7.4,8.05772916666667
"48053",7.7,7.74743749999999
"48055",6.5,7.03543750000001
"48057",7.3,7.32650000000001
"48059",7.6,7.49900000000001
"48061",7.1,6.79208333333333
"48063",8.3,8.15337499999998
"48065",6.8,7.57220833333334
"48067",8.7,8.70058333333333
"48069",7.2,7.20979166666669
"48071",5.2,6.02900000000001
"48073",7.8,7.82227083333334
"48075",6.3,7.08714583333334
"48077",7.9,7.95789583333334
"48079",8.8,8.79337500000002
"48081",9.6,9.11266666666666
"48083",9,9.21733333333335
"48085",4.3,4.35160416666668
"48087",8.2,8.58368749999998
"48089",7.9,8.01939583333334
"48091",5.8,6.00270833333332
"48093",8.5,8.59775
"48095",7.6,8.14245833333332
"48097",7.2,7.41327083333333
"48099",4.9,5.59870833333333
"48101",10.2,9.20572916666666
"48103",6.4,6.48927083333333
"48105",7.7,7.99683333333334
"48107",8.4,8.95762499999999
"48109",8.7,10.143875
"48111",6.7,5.94027083333333
"48113",5.3,5.08589583333333
"48115",7,6.43495833333334
"48117",7.1,6.30387500000001
"48119",7.8,7.98889583333334
"48121",4.3,4.49497916666667
"48123",8.2,8.29433333333335
"48125",9.6,8.90516666666667
"48127",9.9,9.642
"48129",8.4,8.87102083333331
"48131",8.2,8.69566666666669
"48133",8.2,8.01108333333333
"48135",5.3,5.67431249999999
"48137",10.5,8.66335416666667
"48139",5.3,5.47241666666666
"48141",5.8,6.01797916666667
"48143",5.8,6.16243750000001
"48145",8.1,8.2391875
"48147",7.4,7.4555
"48149",8,8.09933333333333
"48151",8,8.09029166666666
"48153",8.3,8.27385416666668
"48155",10.9,10.4565833333333
"48157",4.6,4.59956249999999
"48159",7.5,7.55931249999999
"48161",7.9,8.05022916666667
"48163",6.2,6.56791666666667
"48165",5.5,6.22743749999999
"48167",5.9,5.66354166666668
"48169",6.9,6.76887500000001
"48171",8.3,7.82733333333335
"48173",5.5,5.74252083333333
"48175",8.5,8.42856250000001
"48177",7.9,8.43022916666667
"48179",7.3,7.18841666666667
"48181",6.7,7.01510416666667
"48183",6.7,6.89991666666667
"48185",7.5,7.63591666666667
"48187",5.6,5.67683333333333
"48189",7.1,6.97975
"48191",9.5,9.39810416666668
"48193",8.9,8.70672916666667
"48195",6.7,5.72716666666667
"48197",8.6,8.56708333333333
"48199",6.8,7.17983333333334
"48201",5.4,5.32054166666665
"48203",7.1,7.60758333333334
"48205",6.3,6.45733333333333
"48207",8.2,8.26931250000001
"48209",4.7,4.89795833333332
"48211",6.3,7.03139583333333
"48213",8.3,8.14841666666665
"48215",6.5,6.50631250000001
"48217",7.8,7.9953125
"48219",6.7,6.79941666666667
"48221",7.4,7.68956250000001
"48223",7.3,7.38660416666666
"48225",8.9,8.59602083333331
"48227",6.3,6.15441666666668
"48229",6,7.78802083333336
"48231",6.5,6.72004166666666
"48233",7,7.09316666666667
"48235",7.3,7.85581250000002
"48237",7.6,7.373
"48239",7.8,7.95702083333334
"48241",9,9.11112500000001
"48243",12.3,9.65127083333334
"48245",7,6.90441666666667
"48247",9.9,6.74675000000001
"48249",7.6,7.509125
"48251",5.9,6.20352083333333
"48253",6.6,7.12437499999999
"48255",6.4,7.39093750000001
"48257",5,5.61954166666668
"48259",6.1,6.17391666666664
"48261",8.3,9.78827083333334
"48263",7.7,8.61352083333334
"48265",8.7,8.52185416666665
"48267",9.9,8.875
"48269",10.4,7.59612500000001
"48271",8.6,8.206875
"48273",6,6.27737500000001
"48275",8.2,7.94035416666668
"48277",7.8,8.06047916666668
"48279",7.9,7.74193750000001
"48281",7.5,7.26945833333334
"48283",6.9,9.19552083333335
"48285",8.4,8.180125
"48287",8.1,7.90614583333333
"48289",8.8,8.86387500000002
"48291",6.5,7.01697916666668
"48293",8.4,8.36454166666665
"48295",8,7.751375
"48297",8.5,8.73566666666665
"48299",10,8.41720833333334
"48301",NA,9.40618750000002
"48303",5.4,5.74002083333334
"48305",7.5,6.86283333333334
"48307",8.6,8.5200625
"48309",6.2,6.43654166666667
"48311",9.5,7.4515625
"48313",6.7,6.93443749999999
"48315",10.1,10.1624375
"48317",5.5,6.10008333333333
"48319",8.8,7.68379166666667
"48321",7.9,7.677625
"48323",6.6,7.08754166666666
"48325",6.6,7.01912500000001
"48327",10.3,9.59585416666668
"48329",4.7,4.95377083333332
"48331",8,8.27883333333333
"48333",8.6,8.44604166666667
"48335",6.5,6.75441666666667
"48337",8,8.189
"48339",5.3,5.32847916666667
"48341",6.5,6.13454166666667
"48343",8.4,8.66616666666664
"48345",9.1,9.14954166666667
"48347",6.8,6.70595833333335
"48349",7.6,7.59768750000003
"48351",10.5,9.86681249999999
"48353",8.5,8.50704166666668
"48355",6.5,6.7223125
"48357",6.7,5.86727083333334
"48359",6.8,6.30225
"48361",6.7,6.92264583333333
"48363",8,8.1638125
"48365",7.5,7.79739583333333
"48367",5.9,5.94064583333334
"48369",6.8,6.80610416666667
"48371",6.9,7.60318750000001
"48373",8.1,8.36616666666667
"48375",7.2,6.76310416666667
"48377",10.6,9.91250000000002
"48379",8.3,8.28466666666667
"48381",5.6,5.79116666666668
"48383",5.9,5.63029166666666
"48385",10.5,10.4681458333333
"48387",9.7,9.96641666666667
"48389",7,6.82791666666668
"48391",8.6,9.00497916666668
"48393",6.9,6.81191666666667
"48395",8,8.34879166666666
"48397",4.5,4.85941666666666
"48399",7.8,7.700875
"48401",7.1,7.36668750000002
"48403",10.4,9.44954166666664
"48405",11.9,11.0282708333333
"48407",9,8.85308333333331
"48409",6.8,6.73883333333334
"48411",8.2,8.288125
"48413",7.4,8.03631249999999
"48415",6.7,6.609375
"48417",7,7.10185416666665
"48419",8.5,8.80285416666668
"48421",6.5,6.55118750000001
"48423",6.5,6.65649999999999
"48425",6.9,7.37068750000001
"48427",7.6,7.58858333333333
"48429",7.7,7.72535416666666
"48431",5.1,6.15277083333333
"48433",9.4,8.67531249999998
"48435",8.2,6.65254166666667
"48437",8.2,7.93083333333333
"48439",5.1,5.1010625
"48441",5.8,6.11133333333335
"48443",7.8,8.62381249999999
"48445",7.6,7.64518750000001
"48447",9.7,8.54124999999999
"48449",7.5,7.27362500000001
"48451",6.4,6.463125
"48453",4.1,4.33324999999999
"48455",9.5,9.71464583333336
"48457",9,8.92112500000001
"48459",7.7,7.69710416666667
"48461",7.7,8.49135416666667
"48463",7,7.36352083333333
"48465",6.4,6.51529166666667
"48467",7.7,7.8106875
"48469",6.8,7.10706250000002
"48471",6.4,6.51485416666667
"48473",5,5.92620833333334
"48475",6.4,6.76745833333333
"48477",7.2,7.58916666666665
"48479",5.8,6.04345833333334
"48481",7.3,7.6716875
"48483",8.3,8.20295833333333
"48485",6.2,6.23925000000001
"48487",8.5,8.07420833333335
"48489",7.7,7.86597916666668
"48491",4.5,4.72262499999999
"48493",6.3,6.58833333333335
"48495",6.1,6.1904375
"48497",6.4,6.43314583333333
"48499",8.8,8.73397916666666
"48501",6,6.16291666666667
"48503",7.5,7.96264583333333
"48505",8.4,8.10829166666666
"48507",9,8.96689583333332
"49001",5.7,6.28395833333333
"49003",5.4,5.48241666666666
"49005",4.3,4.48033333333332
"49007",7.4,7.86983333333336
"49009",8.9,7.6641875
"49011",4.5,4.43129166666667
"49013",6.4,6.37370833333335
"49015",6.8,7.252
"49017",7.3,8.07510416666667
"49019",6.9,6.86795833333333
"49021",5.6,5.79656250000001
"49023",5.3,5.922125
"49025",7.3,7.85547916666667
"49027",7.1,6.68583333333334
"49029",4.7,4.93635416666666
"49031",10.2,8.92066666666667
"49033",7.3,7.5910625
"49035",4.4,4.5055
"49037",8,7.70604166666667
"49039",6.1,6.24468750000001
"49041",6.4,6.80991666666668
"49043",5,5.02739583333333
"49045",4.3,4.97877083333332
"49047",5.8,5.77927083333333
"49049",3.7,4.16772916666666
"49051",5,4.82274999999999
"49053",6.9,7.04381250000001
"49055",8.3,7.960375
"49057",4.9,5.10187499999998
"50001",6,6.73927083333333
"50003",7.3,7.31889583333333
"50005",7.1,7.56885416666666
"50007",4.8,5.25589583333333
"50009",9.5,8.89360416666665
"50011",6.8,6.54972916666668
"50013",6.7,6.93625
"50015",6,5.9509375
"50017",6.9,7.21475000000002
"50019",7.6,7.7931875
"50021",7.5,7.64862500000001
"50023",6.1,6.53277083333332
"50025",7.1,7.42899999999999
"50027",6.7,7.307
"51001",9.7,8.86860416666666
"51003",5.7,5.94935416666667
"51005",9.2,9.06150000000002
"51007",8.5,8.00654166666668
"51009",8.1,7.72341666666666
"51011",8.1,7.77629166666668
"51013",3.8,3.87602083333335
"51015",7.6,7.47193749999999
"51017",11.6,10.0343541666667
"51019",7.7,7.26079166666667
"51021",8.3,8.53137500000001
"51023",7.6,7.56079166666667
"51025",8.6,8.73527083333334
"51027",10.6,10.8893958333334
"51029",8.3,8.31306249999999
"51031",7.8,7.21447916666665
"51033",6.7,6.87110416666666
"51035",9.9,9.80541666666666
"51036",9.1,8.96979166666667
"51037",9.9,8.728625
"51041",5.6,5.36931249999999
"51043",7.1,6.7920625
"51045",8.7,7.96493750000002
"51047",6.6,6.3375
"51049",8.4,8.06535416666667
"51051",10.6,10.8282083333334
"51053",7,7.37179166666668
"51057",8.9,9.03272916666664
"51059",5,4.61120833333334
"51061",6.2,5.75862499999999
"51063",8.3,8.15147916666666
"51065",6.7,6.62214583333332
"51067",8.7,8.34339583333333
"51069",6.6,6.3145
"51071",8.1,7.92264583333331
"51073",7.1,6.93035416666667
"51075",6.8,6.96599999999999
"51077",10.4,9.72897916666665
"51079",7.1,6.87389583333333
"51081",7.5,7.21775
"51083",10,9.47268749999999
"51085",6.1,5.91881249999998
"51087",5.7,5.53970833333332
"51089",9.8,9.20983333333334
"51091",9.9,8.23833333333335
"51093",6.9,6.4565625
"51095",7.1,6.55218749999999
"51097",8.9,8.89806250000001
"51099",5.8,5.52297916666666
"51101",6.3,6.37189583333333
"51103",10.8,8.39193750000003
"51105",10.2,10.2204375
"51107",4.2,4.06304166666667
"51109",7.5,7.32699999999999
"51111",9.5,9.52254166666665
"51113",7.8,7.85935416666666
"51115",9.2,8.59858333333334
"51117",9.6,9.12414583333334
"51119",9.8,8.77818750000002
"51121",5.3,4.90941666666666
"51125",9.1,8.25033333333335
"51127",6.1,6.18375
"51131",9.8,8.66425
"51133",9.9,8.64666666666668
"51135",7.9,8.03777083333336
"51137",7.1,6.89395833333333
"51139",8.4,8.10739583333334
"51141",10.1,8.90685416666667
"51143",9.5,9.22985416666667
"51145",6.7,6.31197916666666
"51147",6.6,7.16354166666666
"51149",5.4,5.7706875
"51153",4.8,4.43802083333333
"51155",8.3,8.1173125
"51157",8.9,7.51970833333334
"51159",8,7.67331250000001
"51161",6.9,6.46979166666666
"51163",8.7,8.13749999999999
"51165",7.2,6.95768750000001
"51167",9.5,10.2494791666667
"51169",10.1,9.96399999999999
"51171",8.3,7.81929166666667
"51173",9.3,8.935125
"51175",7.8,7.61504166666667
"51177",5.9,5.60297916666667
"51179",4.8,4.56668749999999
"51181",8.6,8.32674999999999
"51183",7.4,7.71258333333336
"51185",9.3,9.16522916666669
"51187",7,6.66481250000001
"51191",8.3,8.15191666666667
"51193",10,8.92422916666666
"51195",8.6,8.34697916666667
"51197",8.5,8.42756250000002
"51199",5.7,5.38060416666665
"51510",4.4,4.33983333333334
"51520",8.7,8.28322916666667
"51530",7.5,7.58545833333332
"51540",5.1,4.64483333333333
"51550",5.6,5.3160625
"51570",6.4,6.30710416666667
"51580",9,8.63054166666668
"51590",9,8.48047916666669
"51595",8.8,7.64227083333334
"51600",5,4.7214375
"51610",4.4,4.47877083333333
"51620",8.1,7.40327083333333
"51630",4.8,4.71497916666666
"51640",8.6,8.09720833333334
"51650",6.4,6.303875
"51660",5,4.97335416666667
"51670",8.1,7.57733333333334
"51678",4.4,5.01208333333333
"51680",5.4,5.55399999999999
"51683",4.9,4.73274999999999
"51685",5.3,4.94060416666666
"51690",8.4,7.45191666666665
"51700",5.9,5.75377083333333
"51710",5.5,5.29504166666666
"51720",8.1,8.50735416666668
"51730",7.4,7.34891666666666
"51735",6.4,5.84947916666665
"51740",6.7,6.81695833333333
"51750",4.9,4.74214583333334
"51760",5.6,5.28102083333333
"51770",7.4,6.90866666666666
"51775",6.7,6.66008333333333
"51790",7,6.6669375
"51800",5.9,5.73622916666667
"51810",5.7,5.31206249999999
"51820",7.1,6.65341666666665
"51830",5.1,5.48849999999999
"51840",7.4,6.35485416666665
"53001",6.8,6.65795833333333
"53003",8.1,8.02635416666666
"53005",5.8,5.70660416666668
"53007",6.7,6.76454166666666
"53009",8.4,8.32241666666666
"53011",5.6,5.82677083333333
"53013",8.1,8.16675
"53015",7.2,7.48150000000001
"53017",6.6,6.831375
"53019",10,9.46656249999999
"53021",5.3,5.38972916666666
"53023",7.7,8.44372916666668
"53025",6.5,6.59077083333334
"53027",8.1,8.16106250000001
"53029",6.8,7.09672916666667
"53031",9.2,8.14293750000002
"53033",4,4.50308333333333
"53035",5.8,5.93945833333333
"53037",6.1,6.14620833333333
"53039",7.8,8.00054166666668
"53041",7.2,7.79037499999999
"53043",8.1,8.19116666666664
"53045",7.7,8.26006249999999
"53047",8.6,8.60699999999999
"53049",9.2,8.90533333333331
"53051",8.8,8.92752083333332
"53053",5.3,5.46164583333333
"53055",8,7.59522916666665
"53057",6.9,7.18295833333333
"53059",7.4,7.98424999999999
"53061",4.9,5.29277083333334
"53063",6,6.10660416666668
"53065",8.7,8.41252083333334
"53067",5.8,6.03591666666667
"53069",10.2,9.39385416666667
"53071",6.5,6.62133333333333
"53073",5.7,6.13116666666668
"53075",4.5,4.48410416666666
"53077",6.5,6.51729166666668
"54001",9.3,9.52679166666666
"54003",6.7,6.33079166666668
"54005",9.7,9.34266666666666
"54007",11.1,9.6775
"54009",8.7,8.47499999999999
"54011",8.1,6.9381875
"54013",12.5,11.4981666666667
"54015",10.8,10.4212916666667
"54017",9.4,8.56160416666666
"54019",9.7,8.86904166666668
"54021",8.2,7.16806249999999
"54023",9.7,8.77602083333336
"54025",10.1,8.91691666666667
"54027",9.5,8.879875
"54029",9.2,8.56606250000001
"54031",10.4,9.21670833333334
"54033",8.5,7.20781249999999
"54035",9.2,8.49685416666667
"54037",6.8,6.05320833333333
"54039",8.7,7.36697916666665
"54041",9.2,8.76139583333333
"54043",10.4,10.1071458333333
"54045",10.2,9.74297916666666
"54047",11.8,10.8931666666667
"54049",7.9,7.18647916666665
"54051",9.4,8.38006250000001
"54053",9.7,9.09389583333335
"54055",9.5,8.58879166666669
"54057",8.4,7.9723125
"54059",11.5,10.8083333333333
"54061",5.6,4.88010416666667
"54063",10.3,9.7594583333333
"54065",9.4,8.39285416666666
"54067",9.9,8.88158333333335
"54069",8.3,7.41377083333333
"54071",10.9,9.56241666666666
"54073",8.1,7.43345833333334
"54075",11.4,10.066625
"54077",8.5,8.038375
"54079",7.5,6.92414583333333
"54081",9.5,8.23416666666668
"54083",9.1,8.09129166666666
"54085",10.5,10.691625
"54087",11,10.0972291666667
"54089",11,9.85310416666667
"54091",9,8.1939375
"54093",9.9,8.46037500000001
"54095",10,9.49220833333332
"54097",9.4,8.81024999999999
"54099",9.7,8.56539583333335
"54101",11.5,10.7731875
"54103",9.7,9.34437500000001
"54105",10.4,9.30510416666665
"54107",9,7.83604166666669
"54109",10.7,10.5866458333334
"55001",10.6,9.59747916666667
"55003",8.4,8.07735416666666
"55005",8.3,7.93652083333332
"55007",9.1,7.78816666666667
"55009",6.2,5.7525
"55011",8.1,7.73520833333333
"55013",10,9.38020833333333
"55015",6.1,5.8805
"55017",7.2,6.90450000000002
"55019",8.2,7.44341666666666
"55021",6.9,6.80525000000001
"55023",8.8,8.51189583333333
"55025",4.8,4.88283333333333
"55027",7,6.99260416666668
"55029",8.5,7.7325
"55031",7.2,7.01583333333332
"55033",6,6.19393750000002
"55035",5.8,5.8565625
"55037",9,8.49445833333333
"55039",6.9,6.94781250000001
"55041",9.9,9.31372916666667
"55043",7,7.0011875
"55045",7,6.8059375
"55047",8.6,8.04887500000002
"55049",7,6.92418749999999
"55051",9.8,9.00037499999998
"55053",8.3,7.82693750000002
"55055",6.5,6.3910625
"55057",8.7,8.36533333333335
"55059",6.3,5.7485625
"55061",7.6,7.42741666666666
"55063",6.1,6.07662500000001
"55065",7.9,7.50275000000002
"55067",9,8.57912500000002
"55069",8.5,8.05370833333332
"55071",7.7,7.48285416666666
"55073",6.9,6.70195833333334
"55075",8.7,8.14935416666667
"55077",9.3,8.54310416666666
"55078",8.6,8.25514583333335
"55079",6.2,6.08254166666667
"55081",7.8,7.15539583333332
"55083",8,7.54004166666667
"55085",8.6,8.12429166666668
"55087",6,5.87791666666667
"55089",6.3,5.99322916666665
"55091",7.9,8.15545833333332
"55093",5.9,6.07700000000001
"55095",7.5,7.48579166666666
"55097",6.2,6.25652083333332
"55099",9.7,9.00089583333332
"55101",6.7,6.41310416666666
"55103",8.8,8.71720833333334
"55105",6.7,6.57572916666665
"55107",9.6,8.68747916666667
"55109",5.7,5.61091666666665
"55111",7.1,6.85037500000001
"55113",9.6,8.60506250000001
"55115",8.1,7.78718750000002
"55117",6.9,6.62089583333333
"55119",8.2,7.76668750000002
"55121",7.5,7.03839583333335
"55123",8.4,7.73702083333334
"55125",9.4,8.64893750000002
"55127",6.8,6.66479166666666
"55129",9.2,8.50966666666665
"55131",6.5,6.09545833333333
"55133",6.2,5.82514583333331
"55135",7.7,7.57747916666667
"55137",8.9,8.53622916666664
"55139",6.3,6.03560416666668
"55141",7.8,7.53204166666665
"56001",4.7,4.6518125
"56003",8.2,7.95625
"56005",5.6,5.60997916666667
"56007",7.4,7.44022916666666
"56009",7.1,7.09020833333333
"56011",7.3,7.72002083333333
"56013",7.6,7.34147916666666
"56015",8,8.10187499999998
"56017",9.7,8.24189583333333
"56019",8.8,8.21018749999999
"56021",5.9,6.06783333333334
"56023",6.8,7.06570833333336
"56025",6.2,6.16220833333334
"56027",8.7,9.74514583333332
"56029",7.4,7.285875
"56031",9,8.57104166666665
"56033",7,7.32770833333333
"56035",7.3,8.05991666666666
"56037",6.2,6.19289583333334
"56039",5,5.27397916666667
"56041",6.5,6.55204166666669
"56043",8.5,8.02141666666665
"56045",7.9,8.09379166666666
