"county_fips","per_arthri","pred_outcome"
"01001",30,30.0662695607469
"01003",32.9,32.2835823413278
"01005",34.2,34.3740415732558
"01007",32.3,33.0711575097415
"01009",31.8,32.7375892278086
"01011",35.3,32.9567705117543
"01013",35.2,36.9496470691747
"01015",31.6,32.0810378867095
"01017",34.2,34.6181068308775
"01019",35.9,36.2744926221783
"01021",31.4,31.9646899498701
"01023",38.4,38.6985500401725
"01025",34.7,36.5630560239686
"01027",35.3,35.5050732524585
"01029",33.1,33.1746191476789
"01031",31,31.0838268333534
"01033",33.2,34.1099825095206
"01035",38.6,40.1913468059596
"01037",36.9,37.7199559312904
"01039",34.2,35.7632108116371
"01041",33.5,34.5100605308123
"01043",32.5,32.4891117299715
"01045",31.8,32.1143353939953
"01047",35.3,37.0058355092021
"01049",32.5,31.582269856762
"01051",29.5,30.3912741337049
"01053",34.1,34.4667391359161
"01055",33.7,32.8707694207527
"01057",35.7,36.3167621901308
"01059",32.9,32.2080521430614
"01061",34.7,34.4418527646675
"01063",39.2,39.3003516775957
"01065",34.3,36.2490352682753
"01067",34.8,35.5683083209666
"01069",32,31.8050093388864
"01071",35.4,34.2985731410529
"01073",28,29.7391747751676
"01075",35.3,36.3314995377013
"01077",30.5,32.8319634788117
"01079",33.4,33.3578592139681
"01081",25,24.4437078073008
"01083",29,28.7828592957019
"01085",36.7,36.8660274013577
"01087",31.7,35.9241879665339
"01089",27.6,26.9008488616832
"01091",35,35.4403464880022
"01093",34.8,35.3065638102788
"01095",30.8,30.7972641240756
"01097",29,30.7967166979331
"01099",35.7,36.9483048890511
"01101",29.9,29.0380308815496
"01103",31.5,30.9903016072595
"01105",37.7,37.8890418288043
"01107",32.8,35.0658555987135
"01109",27.3,30.1076659445837
"01111",33.8,34.1450792353168
"01113",30.7,31.0505393645808
"01115",31.3,32.0209748001981
"01117",27.5,26.8543002391286
"01119",32,35.5569436451236
"01121",32.2,34.527755408569
"01123",36.3,36.2521789433165
"01125",25.5,28.9165157584084
"01127",34.1,33.8431260264458
"01129",35.2,35.1379892399756
"01131",37.3,37.8886919237807
"01133",36.3,36.3318624967713
"04001",28.2,27.1017220860411
"04003",31.2,29.0295453823095
"04005",21.8,22.6374520695246
"04007",35.2,33.0047267806338
"04009",23.3,23.9896233483923
"04011",22.5,23.7625056457276
"04012",39,39.7932978141385
"04013",23.5,23.0826418373064
"04015",33.2,33.774765681679
"04017",30.8,27.9958046640077
"04019",25.8,26.2218327446554
"04021",28.1,27.1493733533258
"04023",24,26.6351526985842
"04025",33.6,34.0587677165896
"04027",25,26.4160620955907
"05001",31.5,33.0385548395273
"05003",35.3,35.4893439627852
"05005",36.9,38.1949943262621
"05007",22.6,23.2734265848234
"05009",32.2,33.0998092281243
"05011",32.9,32.7369944799141
"05013",31.4,32.3638524645702
"05015",32.9,32.7264227294672
"05017",34.1,35.3170100339808
"05019",26.7,29.444622566294
"05021",32.7,34.2414436096745
"05023",35.7,36.2101281645334
"05025",33.5,33.7382340145636
"05027",28.6,31.6985139228892
"05029",32.9,32.7178290613476
"05031",27.6,27.2268150317496
"05033",29.8,30.5439996591953
"05035",29.5,30.7823389001927
"05037",31.9,32.9767134679796
"05039",33.5,36.3070734677309
"05041",34.9,35.4284404164642
"05043",29.9,31.2729079516889
"05045",24.1,25.7352761514484
"05047",33.6,33.7773222997826
"05049",37.1,36.41655994328
"05051",33.6,33.4260337756197
"05053",29.5,29.9038943614317
"05055",30.3,30.5931644658463
"05057",30.9,32.578117917829
"05059",29.6,31.8581365059914
"05061",31.2,31.7153037721912
"05063",30.4,31.6980244242762
"05065",35.5,35.0093799271275
"05067",30.8,32.6386637203389
"05069",30.6,31.7200307162845
"05071",30,31.0075239706793
"05073",36.9,38.2701798269237
"05075",32,33.0049522798985
"05077",32.1,34.3118356836038
"05079",26.2,27.3758434282414
"05081",33,33.6537186701694
"05083",33,32.7026335261114
"05085",27.6,27.8580113073145
"05087",32.4,32.8789658170501
"05089",37.4,38.2889273785845
"05091",30.4,30.5187466925033
"05093",29.8,31.1699471827682
"05095",35,36.1238010430203
"05097",36.2,36.5720010119627
"05099",35.3,36.3003873353259
"05101",35.2,36.5900829925531
"05103",32.4,34.6343023101885
"05105",32.1,32.6020056638258
"05107",36.2,35.7477062279339
"05109",32.5,32.1165537135987
"05111",31.7,33.5512360293227
"05113",33,33.931589870759
"05115",29.8,29.1045532378931
"05117",34,33.8112356367472
"05119",26.8,27.1748852368047
"05121",32.7,33.0281030975641
"05123",30.6,31.9787436017976
"05125",27.7,28.566920781854
"05127",32.6,33.5307519432702
"05129",37.7,37.5504947731915
"05131",27.8,28.6095828951272
"05133",28.5,29.0358205715398
"05135",36.5,36.9745443296105
"05137",37.2,38.1806639452819
"05139",31,32.5990743612099
"05141",35.8,37.0309924395644
"05143",21.7,23.3469482205903
"05145",30.1,30.3973662437607
"05147",35.5,35.9239116282559
"05149",30.4,30.8092647483602
"06001",19.3,16.2007003034005
"06003",27.9,23.8856288867662
"06005",27.7,30.8803116164467
"06007",23.8,24.372049349689
"06009",31.1,32.3247354957185
"06011",22.6,22.782856897389
"06013",21.8,19.2379853477267
"06015",27.1,25.6266531105727
"06017",27,26.7505554450459
"06019",21.7,19.220668852964
"06021",24,24.2370000911211
"06023",25.9,25.407869662182
"06025",20.7,20.8071809079199
"06027",28,27.4479437702351
"06029",21.2,20.0274005693096
"06031",19.3,19.1451333335892
"06033",29.8,28.8402265489293
"06035",23.9,23.7000204799048
"06037",19.8,19.4769622093894
"06039",23.6,21.4106874874361
"06041",25.6,23.6665947822082
"06043",31.7,31.4371837521176
"06045",29.3,28.4487224507073
"06047",20.2,19.2494568610261
"06049",32.8,33.6749968366169
"06051",23.9,23.0153785317814
"06053",21.2,19.7079875924937
"06055",24,23.8271136283442
"06057",29.9,30.9574664241429
"06059",19.1,19.7059495808067
"06061",24.8,24.1779611796025
"06063",32.9,33.7703800334461
"06065",23.9,21.5323699345394
"06067",23.1,19.855603528628
"06069",20.4,20.4620477823887
"06071",21.5,20.0631837445576
"06073",19.6,19.7263516197986
"06075",17.6,16.9742750339626
"06077",20.4,19.4540860313739
"06079",24,24.8640927119092
"06081",20.2,18.2334001069744
"06083",21.8,21.2355070024495
"06085",16.6,15.3855648952969
"06087",21.7,21.913886119935
"06089",27.8,28.1641055898904
"06091",34.5,37.0058164674985
"06093",31.9,31.5602011592993
"06095",22.4,21.1872668638997
"06097",24.5,24.6199810475635
"06099",23,21.0862508963099
"06101",23.3,22.3754333387545
"06103",28,26.7808783549046
"06105",35.2,33.8747435252611
"06107",20.3,20.147052642776
"06109",29.1,31.6018279229055
"06111",21.1,22.0759692883872
"06113",19,18.2362666351154
"06115",22.4,21.8290892045233
"08001",20,22.6886560548653
"08003",23.6,24.5558903525372
"08005",22.2,22.1718486761298
"08007",31.9,30.78312646652
"08009",33.9,31.6331514877937
"08011",28.3,24.9014001322977
"08013",20.7,21.8889983096995
"08014",22,22.4349679981982
"08015",29.2,28.7816661364496
"08017",29.9,28.736998840962
"08019",26.7,27.3940502744347
"08021",26.9,28.6033920663213
"08023",31.2,30.3562848754987
"08025",22.5,22.6818960518981
"08027",35.3,33.1178027063586
"08029",33.5,32.3110347344454
"08031",18.3,20.3224475892439
"08033",30.2,36.0399370786882
"08035",22.3,21.8495077038944
"08037",22.4,22.6127191745971
"08039",27.2,27.4876830503954
"08041",23,22.7544860741369
"08043",29.3,28.1113299906244
"08045",24,25.0749488036402
"08047",27.6,26.6983878337014
"08049",27.2,27.4835850393619
"08051",21.2,22.2269401641373
"08053",31.8,34.2813247510926
"08055",33.1,33.4586400507879
"08057",33.8,34.0864820623497
"08059",25,24.2990318616074
"08061",33,30.9698301002105
"08063",29.4,28.5564073978792
"08065",21.7,22.9950016535399
"08067",27,26.6242699414973
"08069",22.7,23.7346078792249
"08071",30.6,29.4655622477609
"08073",27.3,26.7884791557333
"08075",27.4,27.5365544798632
"08077",28.2,27.637860424893
"08079",31,31.3506762782502
"08081",27.6,26.437358142911
"08083",30.4,29.9783310275797
"08085",30.8,30.8243254752178
"08087",25.7,26.7766548924762
"08089",29.8,27.5977019140848
"08091",31.2,34.4788934840889
"08093",30.3,29.2369469206199
"08095",29.6,28.2191809276409
"08097",26,25.3956417526233
"08099",27.6,26.8923418323062
"08101",28.8,26.8416530222402
"08103",27,27.7190621643893
"08105",28.4,28.5710643459447
"08107",24.7,24.9967014599614
"08109",32,30.7908017551861
"08111",28.2,27.0908250811316
"08113",25.1,24.2227534715125
"08115",33.6,30.5177284634565
"08117",22.7,22.9750966316836
"08119",30.5,29.4087938875238
"08121",29.4,30.1652017746548
"08123",21.5,24.215752852602
"08125",27.1,27.2831276556344
"10001",29.1,28.7450520124959
"10003",25.5,25.0973692573752
"10005",34.2,34.3656867793327
"11001",17.4,20.8808443963613
"12001",21.9,23.3813113081498
"12003",26.6,28.9876242538086
"12005",28.7,29.5847655206141
"12007",29.6,30.9761318479315
"12009",30,31.8633180500845
"12011",23.6,26.4116241961318
"12013",30.5,29.8288364242239
"12015",38.5,45.6511641270029
"12017",36.5,43.7213236436502
"12019",26.2,27.9283715124839
"12021",31.3,37.2187310126668
"12023",31,32.2267568141984
"12027",30.7,35.420863805095
"12029",34.7,35.7984721992626
"12031",25.2,25.8066862212592
"12033",27.3,29.9557579002843
"12035",33.6,37.1631446109364
"12037",32.2,33.8382537909116
"12039",31.2,32.1748695526177
"12041",29.6,32.3843325889678
"12043",30.5,36.2284157375349
"12045",30.8,32.5920858934231
"12047",31.4,32.7883414215164
"12049",27,30.2970228711644
"12051",23.2,28.0454006458453
"12053",31.3,36.8874363158279
"12055",37.5,43.1633800709217
"12057",22.3,24.7824768983355
"12059",30.8,33.2773290768097
"12061",34,38.8388270976486
"12063",29.6,33.9614360397231
"12065",30.5,35.4040328334879
"12067",28.3,33.0565686203932
"12069",30.2,35.0621749536042
"12071",30.7,36.0059085383474
"12073",21.6,23.7861927595632
"12075",33.5,36.1044588665771
"12077",27.9,27.9765823360414
"12079",32,34.9974169410082
"12081",30.1,34.9799682485042
"12083",32.1,37.5924145373251
"12085",32.4,36.4913187930599
"12086",20.7,26.4208095002331
"12087",27.9,30.3069923980437
"12089",28.9,31.0348808282862
"12091",25.7,27.3342334478051
"12093",29.4,31.8778095132867
"12095",20.6,22.8188080911241
"12097",21.3,25.3696566962696
"12099",28.7,30.5107469524431
"12101",28.3,32.0650180381069
"12103",30.4,33.3977326335925
"12105",27.5,31.1684511505931
"12107",33.9,35.6105865712829
"12109",27.1,26.6416869020856
"12111",29.5,33.5757116958935
"12113",26.6,28.1983711085242
"12115",34,40.5164404555677
"12117",22.8,24.6197677829905
"12119",41.5,55.3331864185193
"12121",31.1,32.8662664239624
"12123",32,33.3652707000334
"12125",28.1,29.933190733369
"12127",28.8,33.841352408166
"12129",27.5,29.3306560209583
"12131",29,28.3079262912372
"12133",31.5,31.9152479677602
"13001",31.3,32.2216486114832
"13003",28.8,29.1987124248523
"13005",29,31.4244045176755
"13007",35.8,37.289237232188
"13009",26.4,28.6609996560977
"13011",28.9,30.0443561543447
"13013",25.1,26.1857362584976
"13015",26.9,26.6113803887104
"13017",31.6,32.4961548695737
"13019",31.3,31.4523862713628
"13021",28,28.9274599085736
"13023",29.9,30.6454314080218
"13025",30.7,31.3625631027223
"13027",33.6,34.3782441632804
"13029",22.3,22.7240877547222
"13031",22.2,25.0567915534533
"13033",31.3,30.8594499822215
"13035",26.3,28.7805976017032
"13037",27.2,29.0998655954776
"13039",25.1,27.5069419853635
"13043",29.9,31.4219141930809
"13045",26.1,27.7856876674754
"13047",27.8,29.7612488158676
"13049",26.7,28.4728997229762
"13051",25.2,25.8918678321072
"13053",13.9,16.0036394912198
"13055",31.3,33.2951847389899
"13057",24.8,24.8922813184567
"13059",20.2,22.3611354050605
"13061",35.1,42.4420793446193
"13063",23.4,25.1194421245762
"13065",30.4,30.4147447738883
"13067",21.4,21.3177201406691
"13069",28.3,28.7975610717672
"13071",29.2,29.0642653667004
"13073",24.3,25.0605549597421
"13075",29.1,29.7136336358498
"13077",25.2,26.3239699914036
"13079",30.7,32.1120816602675
"13081",32.7,32.6786749925486
"13083",29.4,31.9701939194668
"13085",27.3,27.597411306923
"13087",29.5,31.598852037992
"13089",20.9,22.6660146337437
"13091",30.1,31.5286135779719
"13093",30.2,33.4599762148488
"13095",29.6,30.7530343830737
"13097",24.3,24.9298407676858
"13099",32.8,32.7789240701752
"13101",25.5,27.497883379108
"13103",24.4,25.2765584543323
"13105",31.1,33.1175871338086
"13107",29.5,30.3048024812528
"13109",29.2,30.6264359839454
"13111",35.5,35.7485342023255
"13113",25.9,26.6758891620105
"13115",27.3,28.686940192509
"13117",20.3,20.5041112100714
"13119",30,30.2462817041877
"13121",20.4,20.3910962019169
"13123",33.7,33.8328674224011
"13125",30,31.6615699473542
"13127",29.9,31.2636571877228
"13129",27.6,28.3989950120298
"13131",30.6,31.8080061372035
"13133",33,34.2751627627501
"13135",20,21.8341622434696
"13137",27.4,29.6035830601165
"13139",26,26.7743358888141
"13141",33.9,36.2106996489737
"13143",27.8,29.9082274972963
"13145",28.2,28.4561164624786
"13147",31.1,32.5215123456235
"13149",29.6,31.2460926683527
"13151",24.3,25.9550727278508
"13153",25.4,25.2799982656314
"13155",30.9,29.8701240598035
"13157",25.3,26.5924607436002
"13159",29.2,29.9745909219899
"13161",29.9,30.0794950733225
"13163",30.9,32.0687269870648
"13165",30.2,33.4986258691578
"13167",31.1,31.7262555497917
"13169",29.2,30.7595401569399
"13171",26.8,29.9638937561745
"13173",27.9,28.5278148218454
"13175",30.7,31.241671295777
"13177",24.7,25.2203648345084
"13179",20.5,24.5011577827865
"13181",34.5,35.0488560927159
"13183",22.7,25.8656223669523
"13185",23.9,25.8905021258757
"13187",25.4,28.3626536182805
"13189",30.6,30.9484943200427
"13191",36.6,37.9776862416141
"13193",30.7,31.0223310282031
"13195",29.2,29.8159177588736
"13197",33,33.7933501366501
"13199",31.1,34.2089172508235
"13201",33.7,33.4256024477778
"13205",29.5,31.712747964646
"13207",27.9,29.0726144781727
"13209",29,29.4748165430979
"13211",28.1,29.8024694995157
"13213",27.3,29.501512700924
"13215",26.2,27.6500835401387
"13217",25.3,27.2233321667819
"13219",25,23.4149173465639
"13221",29.4,29.9370414184944
"13223",23.3,25.0034928563459
"13225",26.6,28.8897787369985
"13227",30.5,31.8488355445725
"13229",29.6,29.5666771706522
"13231",27.1,28.1319016804703
"13233",28.6,30.1248906117289
"13235",31.5,36.7085480859516
"13237",32.9,32.8677264586873
"13239",39,41.4644162578422
"13241",33.2,33.8101840624992
"13243",37.9,36.7966860951898
"13245",25.8,27.8072052969555
"13247",26.9,27.0517831931516
"13249",30.1,29.1137475320134
"13251",31.6,32.8505574658356
"13253",34.2,36.6799249364287
"13255",28.8,31.7449133634522
"13257",30.5,32.2757476134254
"13259",25.6,26.1895242876942
"13261",28.3,30.9084509513153
"13263",35.6,38.4819753748064
"13265",35.4,37.7461966245983
"13267",28,28.4132151427511
"13269",34.6,34.3561423405442
"13271",31.5,31.3598716214652
"13273",33.4,34.5524309438533
"13275",29.9,31.2481402303205
"13277",28.5,28.9814157197216
"13279",29.5,29.7926529247714
"13281",36,37.3943608698499
"13283",30.7,31.7724047556852
"13285",27.4,29.712904568774
"13287",32.2,33.9554687496378
"13289",33.6,35.6545212366942
"13291",36.5,37.4802109173466
"13293",29.4,32.5535918953465
"13295",30.5,30.7992975602931
"13297",27.2,28.0188035613337
"13299",29.2,30.7660630061721
"13301",33.4,35.4873889313787
"13303",30.2,30.4344388147805
"13305",29,30.148849387866
"13307",35.3,32.0928073443732
"13309",26.9,26.9386202881622
"13311",30,31.925994903615
"13313",25.3,27.0696800246768
"13315",29.5,30.6655820668633
"13317",33,33.6240088459004
"13319",31.8,33.253445140193
"13321",32,34.2786623864925
"16001",25.8,23.5657264240328
"16003",35.7,35.0682875041871
"16005",25.6,24.5381934321881
"16007",29.9,29.9567519271291
"16009",33.2,31.3505585337814
"16011",27.1,26.3986378843361
"16013",26.9,26.9560013934122
"16015",33.6,32.9332587360363
"16017",31.5,32.027933630085
"16019",25.2,23.869817347629
"16021",32.9,31.4528435830544
"16023",35.4,29.6910274749773
"16025",31.1,27.2577792978628
"16027",25.1,25.6995172634597
"16029",28.2,28.6874993840161
"16031",25.1,25.2387754512936
"16033",28.4,26.6325231702313
"16035",34.9,32.6960764982297
"16037",34.5,37.6484037255661
"16039",24.8,25.0065616717796
"16041",25.8,25.9521067215855
"16043",27.4,27.7780499990299
"16045",30.6,30.0308469203565
"16047",28.1,27.704533120661
"16049",32.9,33.3363609539614
"16051",23.3,23.9148012715237
"16053",25.6,25.5268453153365
"16055",29.3,27.7032109475887
"16057",22.8,22.830405487056
"16059",35.9,34.6299195497348
"16061",36.4,34.8056009723114
"16063",25.6,28.2716926707711
"16065",12.7,17.9145968471316
"16067",25.6,26.6053942803258
"16069",30.1,28.3367114043834
"16071",28.9,28.4945567523189
"16073",29.9,28.3023801106201
"16075",28.6,29.4488192502407
"16077",27.1,27.0409048015301
"16079",34.2,31.9329454625833
"16081",24.9,23.2391900946232
"16083",27.3,26.4442670697077
"16085",32.9,30.9193580425392
"16087",33.6,32.6106809061597
"17001",29,28.4749104496642
"17003",35.3,35.9705740611339
"17005",27.1,27.6748040266539
"17007",26.8,26.37680313685
"17009",24.5,24.9756879196633
"17011",30.7,30.2969188142089
"17013",31.4,30.8880162004339
"17015",31,31.45799416598
"17017",28.5,29.0360156041084
"17019",21.4,21.1957749608363
"17021",29.4,29.0448333479679
"17023",29.7,29.172477920206
"17025",31.6,31.2117592138252
"17027",27.6,27.5085259686729
"17029",27.4,27.6305727409813
"17031",21.7,22.2491427740975
"17033",28.8,28.3230200705509
"17035",29.9,30.2682427554308
"17037",22.7,23.5331146932235
"17039",29.5,28.6918707598829
"17041",27.9,30.4533017201257
"17043",22.3,22.0492439287666
"17045",32.6,31.4640921912278
"17047",32.6,33.5925136464065
"17049",28.1,27.9044145866938
"17051",28.4,29.8748482657743
"17053",29.6,29.2568371759941
"17055",31.9,31.585929259759
"17057",30.4,29.4400069655568
"17059",34.1,33.9951296731584
"17061",31.4,30.2912349436105
"17063",24.9,25.7467098224128
"17065",32.1,31.5492067777097
"17067",31.8,30.6925075841973
"17069",33.6,35.5372756640767
"17071",33.5,32.484249190945
"17073",29.4,28.5660717674636
"17075",31.4,31.652208504012
"17077",25,27.3207348861798
"17079",30.1,29.7650465109519
"17081",29.7,30.2050411607521
"17083",29.5,30.027124189443
"17085",33,33.1549367113399
"17087",28.1,29.5926692856874
"17089",23.4,23.1128121270288
"17091",27.3,27.780734737346
"17093",20.8,21.2476909998561
"17095",30.3,29.6564248228359
"17097",22,22.079883116327
"17099",29,28.4952880588704
"17101",28.2,27.5878435691385
"17103",29,28.5735158451675
"17105",28.7,28.9337206091549
"17107",27.4,28.2589086914324
"17109",25.8,27.8842772131051
"17111",26.3,25.0060522770004
"17113",22.6,21.8319240025335
"17115",29.7,28.7066092369951
"17117",30.4,30.1803195431955
"17119",27.9,27.1742190913525
"17121",30.7,30.8828425360691
"17123",31.4,30.7457118106819
"17125",31.6,31.3628657976731
"17127",31.9,33.0110454133498
"17129",29.7,28.3477109994148
"17131",30.5,29.7256217909542
"17133",27.3,25.6446650448858
"17135",29.4,29.0945349551292
"17137",29.5,28.9896488422873
"17139",29.2,30.5572371958103
"17141",28.5,28.1735434798976
"17143",26.8,25.3703733806168
"17145",29.5,29.5712601188904
"17147",28.3,27.5708151749931
"17149",31.5,30.9731499521738
"17151",35.4,33.1009941603299
"17153",33.2,34.837273466274
"17155",30.2,29.4550097134984
"17157",29.7,29.7308542027597
"17159",30.7,30.1657473173165
"17161",28.7,27.8379065193667
"17163",28.3,27.13255444913
"17165",31.3,31.1666794557391
"17167",28.3,26.5171308661739
"17169",31.9,31.6343109896838
"17171",30.5,29.6018863639223
"17173",31.7,31.3750439060581
"17175",30.6,30.61930306235
"17177",31.9,30.8340938357367
"17179",28.2,27.348199823031
"17181",31.6,31.6505739732129
"17183",30.6,29.5415192078774
"17185",30.7,30.9893015003595
"17187",28.4,28.4760256597977
"17189",29.8,29.2019306489518
"17191",32,31.9284089038381
"17193",33,32.7329164934186
"17195",29.9,29.7512930116733
"17197",23.8,22.6068601855322
"17199",29.5,28.4100186634393
"17201",29.3,26.9879200364441
"17203",27.5,25.8623373695128
"18001",31.2,29.4115252636699
"18003",26,27.3654315083925
"18005",28.2,26.8469813812428
"18007",31.7,29.0410518099823
"18009",35,34.58868970285
"18011",24.9,23.4615405682898
"18013",34.5,33.4289463560223
"18015",32.1,32.195193010645
"18017",31.2,30.3682639853291
"18019",29.6,28.7139000327199
"18021",32.6,31.0063184776674
"18023",29.8,29.2958293227551
"18025",36.4,34.4463927744721
"18027",30.8,30.2009305135914
"18029",30.9,30.7059490004638
"18031",30.5,30.8520321878272
"18033",29.5,29.9008815409632
"18035",29.7,29.935271802411
"18037",31.1,29.1996666235562
"18039",27.7,27.6897946086705
"18041",33.1,33.3115382086166
"18043",29.4,28.4504862207909
"18045",32.9,31.5317219081918
"18047",31.8,32.3269461493361
"18049",33,32.0507727306621
"18051",31.3,29.7353523735605
"18053",31.7,31.3719493500582
"18055",33,31.5462038412608
"18057",23.8,21.2073820445945
"18059",27.6,27.6601907759427
"18061",31.8,30.9685265180876
"18063",26.9,24.7739294488355
"18065",31.7,31.3796198945919
"18067",32.2,31.426082186978
"18069",31,30.3664436951462
"18071",29.7,28.6998143218195
"18073",30.5,29.6555834152051
"18075",32.8,31.8050010890375
"18077",30.8,31.8975050083086
"18079",32.1,31.0712866562806
"18081",28.7,26.7144787868401
"18083",29.9,29.4829040824758
"18085",29.9,29.1172151353952
"18087",28.3,27.3887165256264
"18089",28.3,26.7203796375955
"18091",31.6,28.9008098486389
"18093",32.8,31.321581497071
"18095",31.8,30.4265806419214
"18097",25.2,24.6279039669652
"18099",30.8,30.028420558614
"18101",32.9,31.7015594520626
"18103",30.5,29.8249921914458
"18105",22.6,23.2917313263814
"18107",31.5,29.8168290126877
"18109",30.3,30.2162641612309
"18111",33.1,31.0655049156156
"18113",29,29.3483892669709
"18115",33.9,34.4563322511276
"18117",34.4,32.4721529213451
"18119",33.7,32.1103003516013
"18121",34.2,33.025031060288
"18123",30.8,28.7635245583123
"18125",33.3,32.936501801333
"18127",28.9,27.4055473633796
"18129",31.8,29.4990488959886
"18131",32.8,32.8950501162932
"18133",28.3,28.7534705699963
"18135",33,33.3354607144175
"18137",30.8,31.6946462202764
"18139",32.3,32.0275378694992
"18141",27.4,26.8973409569497
"18143",31.2,32.3305015437996
"18145",31.6,30.8827837454413
"18147",31.7,30.9937528023637
"18149",33.9,32.5186258492864
"18151",31.2,32.0257318115669
"18153",30.9,29.2153968399133
"18155",33.9,32.4569731789637
"18157",21.4,21.9626603214275
"18159",32.2,31.9435824636229
"18161",31.9,32.3616847652983
"18163",29.9,28.3726977442176
"18165",33.6,30.5413695411277
"18167",29.3,27.0851478838324
"18169",33,32.8229797298716
"18171",32.8,31.4959079779946
"18173",29,27.1972647703405
"18175",32.3,32.3854145270085
"18177",32.6,31.5812229925301
"18179",31.4,31.0275443620963
"18181",33.1,31.2593149431812
"18183",30.8,30.6718334120269
"19001",31,30.1496276292831
"19003",32.3,30.8635332092359
"19005",31,31.3414378923044
"19007",33.6,32.5908878363748
"19009",32.8,31.3925768188852
"19011",28.7,27.7627662575301
"19013",26.8,25.5645108821811
"19015",28,27.2704087044503
"19017",26.5,26.169789381008
"19019",27.8,27.9179687221096
"19021",25.2,24.7593305793447
"19023",31.7,30.2948099710028
"19025",30.2,29.2742419418423
"19027",29.9,28.2515351953346
"19029",32.5,30.2824003280517
"19031",28.8,29.013845267454
"19033",32.9,28.703923397641
"19035",31.4,30.2205068012012
"19037",30.5,30.5139609890379
"19039",29.6,29.5333312235476
"19041",29.4,28.3687855624056
"19043",32.2,32.7724899045372
"19045",31.1,28.9222617644452
"19047",27.6,26.6850967743648
"19049",22.6,20.880150342718
"19051",29.3,31.390584507003
"19053",29.2,29.9138190523119
"19055",30.5,29.622667510222
"19057",29.8,28.954135744606
"19059",30.7,30.6671316190404
"19061",27.4,26.4074735241085
"19063",29.6,29.7853113637521
"19065",30.1,30.5293627092845
"19067",30.4,29.7033288160108
"19069",31.2,29.0749527703364
"19071",31.6,30.7666035661671
"19073",31.6,30.6669000868204
"19075",28.4,28.6206235821211
"19077",29.7,30.1641705747577
"19079",28.8,28.2142926936738
"19081",31,29.7823608112079
"19083",30.1,29.7840732643292
"19085",29.3,27.9705082323507
"19087",28.6,27.8058646035946
"19089",29.6,29.7631732663205
"19091",30.9,28.7949512320716
"19093",30,29.269029297955
"19095",28.4,27.8083264327662
"19097",31,30.5155619489085
"19099",28.3,28.2797888490609
"19101",30.1,28.5053497470718
"19103",19.8,19.8627261789841
"19105",28.8,29.1294438774963
"19107",30.8,30.8125728461233
"19109",31.1,30.07925555602
"19111",31.2,29.8172500976825
"19113",26.5,24.5831624759063
"19115",29,29.1855235543119
"19117",32,31.3809912934916
"19119",29.1,26.5690329461441
"19121",26.9,27.4714851807284
"19123",28.6,27.9655918904028
"19125",27.3,26.3400996975992
"19127",26.7,26.7507903146221
"19129",28.4,27.345716356892
"19131",30.1,29.474972751951
"19133",31.7,30.7395203051417
"19135",28.9,28.7511804168833
"19137",30.5,30.2456749575042
"19139",27.6,26.7456346049986
"19141",29.4,28.0147673519961
"19143",31.1,28.4130847081446
"19145",31.2,30.8050157975351
"19147",29.4,28.7618297772439
"19149",27.7,26.8189957547421
"19151",31.3,30.2594529936357
"19153",25.2,22.3459556760944
"19155",27.3,27.0473189032472
"19157",28,28.3060471095879
"19159",30.4,31.2125768058027
"19161",31.5,30.2587446589416
"19163",28.8,24.7325387210891
"19165",31.4,29.9292872446599
"19167",23.2,24.1183572169017
"19169",18.9,20.1305162387986
"19171",30.2,29.1919931437361
"19173",30.7,31.2331378277519
"19175",28.9,29.6843344646073
"19177",32.1,32.0790150090109
"19179",28.6,28.683248402135
"19181",26,25.2214856150492
"19183",29.1,28.2701288003444
"19185",31.7,32.7539390354444
"19187",28,27.0744754467446
"19189",28.7,27.9585715499446
"19191",27.4,28.5498776812237
"19193",24.7,24.7450044526138
"19195",30.7,30.0010624991148
"19197",30.3,28.3283213827472
"20001",29.8,31.5848290825436
"20003",30.9,33.2057128268585
"20005",26.9,29.0726731209227
"20007",32.5,31.6009863790787
"20009",30.2,30.290793730432
"20011",30.7,30.310613501527
"20013",32.2,31.2738149525168
"20015",26.5,26.1577411127473
"20017",31.6,30.6724609725105
"20019",33.5,32.8845482240003
"20021",31.6,31.2181107064944
"20023",33.1,31.5220340689126
"20025",29.7,31.6536684594185
"20027",31.9,31.7417906183194
"20029",29.8,29.9578279870872
"20031",31.3,32.8150005765542
"20033",32.7,35.9260159075094
"20035",29.4,29.0764240349235
"20037",26.5,26.3836322947986
"20039",33,32.9890369855957
"20041",30.1,30.7029960307627
"20043",28.5,29.6336631358562
"20045",21,21.2057133396418
"20047",30.6,31.3568509593797
"20049",35.5,35.0222361443697
"20051",24.2,25.2606893862753
"20053",28.8,30.5153679184866
"20055",22.1,23.475225895672
"20057",23.3,24.1512418733328
"20059",29.7,29.0041314991778
"20061",19.9,21.854261208083
"20063",30.8,31.5479572405573
"20065",33.8,31.7370322967429
"20067",22.5,23.3991758762553
"20069",26.5,27.401376689607
"20071",28.3,28.3883754160332
"20073",33.9,34.1409518858519
"20075",24.4,25.1651832634964
"20077",33.3,31.8478230354082
"20079",27,30.0054670297026
"20081",26.2,27.2693375755389
"20083",28.5,30.1041324301963
"20085",29.5,29.9935338254791
"20087",28.8,29.2821753574828
"20089",36.1,35.1145470260355
"20091",22.7,22.6641010988737
"20093",26,27.3959154084127
"20095",29.1,29.5135381405971
"20097",29.4,30.9434523973635
"20099",31.5,30.6562608626106
"20101",31.9,31.4474205483344
"20103",25.9,25.2480056798261
"20105",33.8,32.0548281869038
"20107",31.4,32.1113018928556
"20109",29.4,29.6034768041842
"20111",25,27.3394896533877
"20113",27.4,28.3307041274767
"20115",29.7,30.8034727711204
"20117",31,30.8260939020343
"20119",27.9,28.020031760065
"20121",28.4,28.1138241430293
"20123",30.8,30.3054175575088
"20125",31.3,30.8014924270505
"20127",33,31.7470176952981
"20129",30.4,30.2589549357205
"20131",29.1,27.9118684209465
"20133",29.5,31.2151567650399
"20135",31.9,31.7981343541741
"20137",29.2,28.9524339714982
"20139",31.1,30.8670055997773
"20141",33,32.4425666724269
"20143",29.9,28.6828678403104
"20145",29.3,30.425669168339
"20147",33.2,30.7863623396664
"20149",24.9,25.1275626856934
"20151",28.3,30.234832563895
"20153",34.5,32.9816287509442
"20155",29.5,30.3953581581871
"20157",33.6,32.2969439169041
"20159",28.1,29.094508577842
"20161",17.1,18.3171198491364
"20163",31.4,30.8143260038652
"20165",33.4,32.2213905234405
"20167",33.7,33.0558958978136
"20169",27.8,28.6090307054225
"20171",27.2,28.1554503146056
"20173",24.9,26.4898747393108
"20175",21,23.3195650909281
"20177",27.7,28.1583779550236
"20179",30.4,30.8052141253162
"20181",28.3,27.7067471213033
"20183",33.2,33.7441715425439
"20185",30.8,30.4180703614192
"20187",27.7,25.4390603049831
"20189",28.1,26.158435337131
"20191",29.7,29.0194654991826
"20193",25.8,27.4197514924956
"20195",32.7,32.6151271557225
"20197",29.4,30.515291279504
"20199",32.7,32.0728207496807
"20201",30.2,30.7452280062086
"20203",29.8,30.0300099111839
"20205",32.3,31.6781870482408
"20207",32.7,33.3908796545198
"20209",23.4,27.3145872935274
"21001",NA,33.3943023853213
"21003",NA,32.5263163433397
"21005",NA,29.8585417271296
"21007",NA,32.2292203165676
"21009",NA,33.01873856036
"21011",NA,33.3163055882448
"21013",NA,35.6826125130481
"21015",NA,26.1576619900578
"21017",NA,32.3647931803817
"21019",NA,36.1337652135663
"21021",NA,30.4919912682673
"21023",NA,33.5407803631395
"21025",NA,35.8126554594847
"21027",NA,34.1576621493667
"21029",NA,30.3586913931867
"21031",NA,33.5417716752892
"21033",NA,32.5471104011715
"21035",NA,28.9700410398964
"21037",NA,28.2439829317783
"21039",NA,32.7893692292298
"21041",NA,32.0671344651496
"21043",NA,35.9799473725622
"21045",NA,36.1636753051175
"21047",NA,27.1120759438595
"21049",NA,32.2056974621464
"21051",NA,33.3299573062963
"21053",NA,34.7880393737196
"21055",NA,32.8450890809257
"21057",NA,37.6402485055329
"21059",NA,29.5626222660507
"21061",NA,35.6130207945046
"21063",NA,38.374126509503
"21065",NA,36.3168311268541
"21067",NA,24.4817928049193
"21069",NA,34.5546829121161
"21071",NA,37.0768445381386
"21073",NA,29.8615173395372
"21075",NA,32.7986544345193
"21077",NA,30.8486617720055
"21079",NA,32.9500182628593
"21081",NA,30.1162374950465
"21083",NA,32.1795043320346
"21085",NA,32.7841511643403
"21087",NA,35.9726003705001
"21089",NA,37.3088270109965
"21091",NA,32.3613746751937
"21093",NA,28.1051971112852
"21095",NA,37.5866625494382
"21097",NA,33.4878297957984
"21099",NA,33.6083770448134
"21101",NA,31.047544762112
"21103",NA,32.8670771822257
"21105",NA,36.6595538197719
"21107",NA,32.2769087697632
"21109",NA,35.5161852443152
"21111",NA,27.2143577262688
"21113",NA,28.1643936144318
"21115",NA,35.1854608562295
"21117",NA,27.3082324758777
"21119",NA,36.8212268794696
"21121",NA,36.587915583777
"21123",NA,33.0999182694026
"21125",NA,33.0381093036294
"21127",NA,37.0639873545973
"21129",NA,36.1846147558561
"21131",NA,37.5549072243266
"21133",NA,37.8507332190263
"21135",NA,36.5294002145235
"21137",NA,34.1816637636007
"21139",NA,33.9562146327913
"21141",NA,32.5311218801269
"21143",NA,30.9873161937227
"21145",NA,29.7737317260995
"21147",NA,34.4051634685886
"21149",NA,31.9428476622387
"21151",NA,27.941906883762
"21153",NA,36.9438829239592
"21155",NA,33.0439381444366
"21157",NA,32.6940806188442
"21159",NA,36.1142142041987
"21161",NA,33.6485753594266
"21163",NA,30.588381441454
"21165",NA,38.9161631132934
"21167",NA,31.9001828564271
"21169",NA,35.2161396239283
"21171",NA,34.214158283316
"21173",NA,31.6358946293793
"21175",NA,30.5279047543079
"21177",NA,32.5783106656976
"21179",NA,29.9877775151251
"21181",NA,33.9181883890735
"21183",NA,32.3117596062288
"21185",NA,23.677961237621
"21187",NA,33.6098650665623
"21189",NA,37.1830498965366
"21191",NA,32.0668528199311
"21193",NA,35.9598651900082
"21195",NA,36.6823142418068
"21197",NA,32.324021373606
"21199",NA,34.1892704296561
"21201",NA,37.115046779226
"21203",NA,35.807069979
"21205",NA,29.6401932812599
"21207",NA,35.6870231183519
"21209",NA,26.1990434232176
"21211",NA,28.2959936812847
"21213",NA,30.3616141374791
"21215",NA,29.4272761662396
"21217",NA,31.9132997752088
"21219",NA,32.9142598329031
"21221",NA,34.1720499439246
"21223",NA,32.9414190936154
"21225",NA,32.3607480941746
"21227",NA,26.9708369069742
"21229",NA,32.4221415844527
"21231",NA,36.330995382439
"21233",NA,32.7993541790306
"21235",NA,32.3496165392836
"21237",NA,39.9483825535262
"21239",NA,29.8032848988113
"22001",33,32.3568449529741
"22003",29.3,28.7636573627116
"22005",27.3,26.2250171506979
"22007",33,33.6998700149518
"22009",33.5,33.2883265784674
"22011",30.9,29.2431731675613
"22013",37.8,36.1519523676555
"22015",27.8,26.8533000517304
"22017",32.5,31.5603494684427
"22019",29.9,28.6134810163899
"22021",33.3,32.5539095807585
"22023",31.9,31.9320718012642
"22025",33.2,32.0539175392637
"22027",36.8,36.860243714382
"22029",35,33.2406616409141
"22031",33.7,33.6741330106312
"22033",26.7,27.0246867755647
"22035",31.3,33.3605640276285
"22037",31.4,32.0787351425683
"22039",32.1,31.5090000665063
"22041",34.8,33.5989786922203
"22043",28.8,28.7868096929933
"22045",31.7,31.6868210571602
"22047",30.6,31.6274408620708
"22049",33.8,34.0754188022525
"22051",29.7,29.7465899115555
"22053",30.9,31.5743228144364
"22055",26.3,26.0565198167623
"22057",31.6,30.2093267110935
"22059",27.4,28.7433040663956
"22061",25.5,27.1868405251417
"22063",28.4,27.9770847687518
"22065",35.2,33.9889140333673
"22067",35.7,35.1199986511324
"22069",30.1,30.650887504878
"22071",27.5,28.1778189246041
"22073",30.9,29.2558663193956
"22075",27.9,28.2417736525958
"22077",34.2,34.5923491903916
"22079",32.7,30.1895827978308
"22081",35,35.0840303337196
"22083",33.2,32.0873336566611
"22085",35.3,34.3809369845206
"22087",29.4,28.7359848620977
"22089",28.5,27.7213964480358
"22091",34.6,36.0349586809013
"22093",31.9,32.0982639708231
"22095",29.3,29.8746904537207
"22097",32.8,32.7411954159821
"22099",31.6,31.6400549298464
"22101",33.6,33.0374688839997
"22103",28.1,28.619260800013
"22105",29.9,29.6086425725091
"22107",40.4,40.0310654535513
"22109",30.9,29.9347540194479
"22111",35.8,35.3895675451205
"22113",31.6,31.1509609002725
"22115",27.3,27.7771228500296
"22117",34.1,33.566707394535
"22119",35.1,34.9807532363492
"22121",28.4,28.9932484744612
"22123",34.3,33.3108214189598
"22125",27.2,26.0992573074657
"22127",32,31.7327187173148
"23001",32,30.2705137606365
"23003",36.7,35.0484829105719
"23005",27.2,26.4144846893229
"23007",32.6,32.3243180810023
"23009",32.9,32.5557771027266
"23011",32.8,31.0991589170118
"23013",34.5,33.3709135438294
"23015",37.2,34.2647870631468
"23017",35.6,33.7226267241661
"23019",31.6,30.3412354116975
"23021",37.4,35.8809085736544
"23023",33.2,31.5191853769977
"23025",35.6,33.9992171301707
"23027",34.3,32.4792913779866
"23029",39.7,34.6607318752677
"23031",31.4,30.611745781013
"24001",31.9,32.2899174340272
"24003",25.2,24.8149201893313
"24005",27.5,26.200821803973
"24009",27.9,27.6327196717505
"24011",32.7,31.5500359095823
"24013",27.7,27.9914045643927
"24015",29.4,29.0307126508447
"24017",25.6,26.4403222870102
"24019",35.4,34.1128748975806
"24021",25.3,25.3221057511764
"24023",34.9,35.1414238475788
"24025",27.6,26.5364040704895
"24027",24.3,21.6475317259978
"24029",33.3,33.4458737616914
"24031",21.4,22.7108162558081
"24033",25,24.589152619695
"24035",30.3,29.6969011143229
"24037",27.3,26.6009755065928
"24039",29,29.7067433481765
"24041",33.2,33.7575718817174
"24043",30.6,29.5494606780782
"24045",28.1,28.4755923853203
"24047",34.1,34.05559053546
"24510",25.8,25.3092378776902
"25001",35.4,34.8874792072808
"25003",31.1,31.6369246442306
"25005",27.9,27.7954641954946
"25007",31.1,29.8416175407625
"25009",25.5,25.3249043360462
"25011",31.5,31.3184636605984
"25013",29.5,27.4449123960945
"25015",23.5,26.7318104315763
"25017",22.9,21.2972896873185
"25019",24.7,20.3259709214072
"25021",25.3,22.7751329006183
"25023",27.1,26.95563272718
"25025",19.2,19.2576054172109
"25027",26.9,25.6469663372289
"26001",40.5,41.3193983560484
"26003",33.7,33.9811463300042
"26005",29.6,29.0467328932502
"26007",36.2,35.3013553837189
"26009",34.8,34.5914350348581
"26011",36.7,35.9679104693483
"26013",33.5,32.9363065761006
"26015",31,30.1439401606314
"26017",32.4,33.0835570021479
"26019",35.2,34.4953087949345
"26021",32.5,30.5530445505312
"26023",32.2,31.3777634633787
"26025",31.4,30.8598426137931
"26027",33.1,32.991366784724
"26029",34.4,33.233956545839
"26031",36.3,36.4510314362119
"26033",30.3,30.5255210645786
"26035",37.4,35.9623281629498
"26037",30,28.6938277555623
"26039",36.9,35.5735825140414
"26041",35.5,35.0278692710974
"26043",33.8,32.6910607648764
"26045",29.8,30.1213899627832
"26047",31.7,31.2353310330001
"26049",32.2,31.917237085047
"26051",37.3,36.591306469399
"26053",37.2,36.3260882721599
"26055",30.2,29.485458010802
"26057",29.1,28.5212948599162
"26059",33,32.7433331147215
"26061",26,26.3508971372949
"26063",35.8,36.3084047211357
"26065",25,26.0872556081276
"26067",28.4,26.9891492947873
"26069",38.5,38.9066348540257
"26071",38.3,38.3018373693007
"26073",25.1,27.3852275975889
"26075",32.3,30.4851163730114
"26077",25.3,26.0217659832733
"26079",34.2,32.830605736486
"26081",25.1,24.7598852194136
"26083",37.2,36.3460688156616
"26085",37.9,36.1677515784408
"26087",31.6,31.1117335137573
"26089",35.2,35.075174444457
"26091",29.8,31.9353230706082
"26093",28.4,28.203615442863
"26095",32.2,31.4117941650906
"26097",37.9,36.9743860694075
"26099",30,30.8800894284386
"26101",35.1,35.3528182006574
"26103",28.1,28.6890991757355
"26105",35.9,34.5205467360804
"26107",31.5,31.997812210562
"26109",35.9,35.4355315806573
"26111",30.6,29.1591116802355
"26113",34.1,32.8739219284364
"26115",32.7,31.691212476682
"26117",30.5,29.2047008617729
"26119",39.8,39.8927880887482
"26121",30.6,29.8900933313028
"26123",33.6,32.2011222632078
"26125",24.8,26.8817485296792
"26127",33.4,32.5697029657014
"26129",38.2,36.9387040442752
"26131",41.5,42.4554267717155
"26133",34.8,33.4934686003763
"26135",39,37.4638151040793
"26137",32.4,31.7247299741211
"26139",24.9,26.2679223319498
"26141",39.8,39.5895105516662
"26143",38.6,40.1437779370862
"26145",31.9,32.5578422431453
"26147",32,32.435082851759
"26149",31.3,31.019024053929
"26151",34.2,34.0282701025652
"26153",38.3,36.8436822816009
"26155",32.3,32.0629392125564
"26157",33.5,33.3313356080895
"26159",32.7,30.8878081813675
"26161",22.1,24.0259649440594
"26163",29.7,30.378178021176
"26165",32.9,31.8048466763728
"27001",33.1,37.3189623321689
"27003",21.7,22.0031706136193
"27005",27.8,28.9544991193146
"27007",26.3,26.5760965415284
"27009",22.2,23.1053602421109
"27011",29.5,30.8399772360554
"27013",20.2,22.6577376373251
"27015",25.8,27.950364063064
"27017",24.3,27.4133228246335
"27019",20.9,21.1409584567276
"27021",29.5,32.3351378107996
"27023",27.4,28.3222173531346
"27025",25.3,25.5261934289836
"27027",20.1,23.3237079112587
"27029",27.2,30.1788656395893
"27031",28.3,32.2159927879969
"27033",27.7,28.1836493275719
"27035",28,30.089987546292
"27037",22.1,21.4046102024108
"27039",22.8,24.831075791312
"27041",27.7,28.9460535519762
"27043",28.1,29.0636753065228
"27045",26.7,30.8041978329332
"27047",27.5,28.658359192472
"27049",24.7,27.5688913285565
"27051",27.7,29.5983045036404
"27053",18.7,20.7167276237197
"27055",26.7,29.7620085868707
"27057",29.7,31.1503324598877
"27059",24.7,26.0779169558595
"27061",28.8,31.3867297475567
"27063",26.5,28.2460285189389
"27065",28.1,29.322509634331
"27067",25.1,26.6131165951623
"27069",28.7,31.333120766655
"27071",29.4,32.8030297085039
"27073",28.3,30.8680790824193
"27075",29.4,33.3963431156018
"27077",29,32.1354966372074
"27079",24.4,26.5811539836867
"27081",27.4,28.9832862737013
"27083",24.1,24.9542554397571
"27085",26.1,27.1289962875188
"27087",29,29.0260440180619
"27089",27.8,29.5534021895894
"27091",27.4,29.1819682926191
"27093",25.7,28.0420616398102
"27095",24.8,27.0432798199661
"27097",28,28.1971195189092
"27099",24.8,25.9264431903222
"27101",28.6,30.0886490306205
"27103",22.6,23.9021259363705
"27105",23.7,25.8568242312507
"27107",26.8,29.4402469683809
"27109",21.9,22.315344887855
"27111",28.7,30.0483675102084
"27113",25.1,26.6428873204667
"27115",27.9,30.7294014621415
"27117",27.2,27.5862541624961
"27119",25.5,27.1059185081669
"27121",28.2,30.0990462191318
"27123",20.6,20.8046126735679
"27125",27.2,29.3589898892702
"27127",27.2,28.4310368214437
"27129",26.6,27.9529885367084
"27131",22.1,24.0856740930894
"27133",25.4,26.8010365527644
"27135",25.6,27.8891804781908
"27137",25.3,28.1885979900256
"27139",19.9,19.9733028839574
"27141",21.3,21.5745489627654
"27143",25.6,26.725244877426
"27145",21.8,23.9887669862278
"27147",24.6,25.3305421471365
"27149",22,24.6767988143824
"27151",28.1,29.1393479078854
"27153",28.8,30.0283687431675
"27155",29.1,30.4901069755108
"27157",27.8,29.9479864625721
"27159",27.9,28.0557708159179
"27161",25,26.4893684414842
"27163",21.3,22.309477890389
"27165",25.6,27.4694886113095
"27167",26.8,27.607266746294
"27169",21.8,26.3472447346091
"27171",22.4,22.3407210552111
"27173",27.7,27.6591365153284
"28001",33.8,34.9646420331981
"28003",32,32.8381038590154
"28005",37.5,39.2214488604855
"28007",33.5,34.4426352328554
"28009",33.5,35.3967069687063
"28011",33.5,32.1874613217386
"28013",34.4,34.1714921772329
"28015",34.8,35.8485908651844
"28017",32.6,33.989049824251
"28019",34,35.2967818798082
"28021",30.5,34.0587907955133
"28023",34.8,35.8496341647593
"28025",33,35.0901495431743
"28027",33.3,33.6556607284763
"28029",32.3,32.9499834355426
"28031",30.9,32.0956868670662
"28033",26.3,26.483446977524
"28035",26.4,28.0611089998499
"28037",35,33.8011431547185
"28039",29,29.9290610246264
"28041",28.3,28.0876795068435
"28043",32,32.4707116360071
"28045",33,33.4600636330064
"28047",28.3,29.313483631195
"28049",28.1,30.1537620964233
"28051",34.1,33.9363013973533
"28053",36.2,34.0811994651768
"28055",25.7,32.3829861124313
"28057",29.5,31.8667925870002
"28059",29.2,29.8081888876278
"28061",34,36.0021462060999
"28063",34.2,34.3024630031814
"28065",36.3,38.3563699628842
"28067",31.4,31.6581126031314
"28069",31.9,34.6829710393497
"28071",23.8,24.5284513762781
"28073",28,27.2815789347887
"28075",32.3,33.2798208270727
"28077",34.3,33.4088546109709
"28079",31.8,32.5742815120037
"28081",28.3,28.9334580537042
"28083",31.7,32.5105397473754
"28085",30.5,31.7113142969715
"28087",28.6,30.9221779468471
"28089",25.9,24.948898159616
"28091",33.8,33.8349461217594
"28093",33.2,33.5024467897492
"28095",32.6,34.5053534603216
"28097",35.2,35.9497081158036
"28099",32.1,32.4357231280932
"28101",30.7,32.1250499845417
"28103",33.2,34.1943020628185
"28105",22.1,24.379502960118
"28107",32.9,32.937310582037
"28109",32.5,32.9676097396306
"28111",32.7,33.5120920281765
"28113",32.3,33.2654357259661
"28115",29.8,29.6710081326808
"28117",29.4,31.3248715065698
"28119",34.5,35.1382957983961
"28121",28.1,28.1287190565753
"28123",32.1,31.8158349124924
"28125",37.6,34.4388101405409
"28127",32,33.0709819682588
"28129",33.9,34.73009333344
"28131",29.9,32.0314238413425
"28133",29.6,30.7115398605774
"28135",31,32.6765735136868
"28137",29.4,30.370244218704
"28139",31.6,31.9765509036497
"28141",34.6,34.4377740394142
"28143",31.5,32.0196681764354
"28145",30.3,30.9281774874294
"28147",34.1,34.9266223362894
"28149",31,31.585246778736
"28151",33.7,33.8398773920965
"28153",33.4,32.3578116159975
"28155",30.5,32.0335123890205
"28157",33,33.6712821149879
"28159",35.1,35.7843059326637
"28161",35.2,36.47617413475
"28163",29.5,29.6722543034574
"29001",24.2,26.0737877936884
"29003",30.7,29.6895625596924
"29005",35.1,32.950697628466
"29007",32.4,32.0033843399764
"29009",34.3,33.768570191405
"29011",34.4,32.4708971795234
"29013",32.3,31.6366747722429
"29015",38.6,38.1050754962664
"29017",34,33.5820994512625
"29019",23.1,23.561003301728
"29021",29.6,28.7430317953893
"29023",34.5,33.6857934536071
"29025",32,31.2063168850013
"29027",29.5,28.7927707389016
"29029",36.3,35.6936319310307
"29031",27.7,27.3881117542313
"29033",33.2,31.992038267329
"29035",35.8,35.0395362193081
"29037",28.8,28.8484988790297
"29039",35.2,34.0309264413802
"29041",34.6,33.6419973303011
"29043",29.3,27.0279623165534
"29045",34.8,31.8419195321165
"29047",27.2,25.9133931589136
"29049",30.7,29.5070154597486
"29051",28.3,26.7963094669299
"29053",30.1,30.1252821015187
"29055",32.9,33.8785762747817
"29057",36,35.0901979245519
"29059",33.7,34.2982693223982
"29061",33.8,32.4901460345431
"29063",31.6,30.0701279117516
"29065",34.2,33.3406343850554
"29067",35.8,35.4296906031084
"29069",34.6,34.6292623020249
"29071",31.2,29.6335300877564
"29073",34.3,32.4194070516477
"29075",31.6,30.2291994495401
"29077",28,27.1904284616287
"29079",33.5,33.2670564966407
"29081",34.6,31.593638793886
"29083",34.2,33.3794306904349
"29085",42.6,39.8177468409684
"29087",34.5,33.6218513735117
"29089",30,30.016011292272
"29091",34.7,33.6304960464585
"29093",35,34.1751348938445
"29095",26.7,26.3618295025956
"29097",29.2,28.1783932986898
"29099",29.3,28.0442522155167
"29101",24,26.0344283934196
"29103",34.3,33.6660088400357
"29105",32.6,31.8939838360852
"29107",30.4,30.1609820188356
"29109",31.5,31.2167329337613
"29111",30.4,30.8135899593497
"29113",27.6,28.5459073333194
"29115",32.7,31.5452548227123
"29117",31.6,31.6261951711119
"29119",32.3,30.804958182637
"29121",32.7,32.4103458696794
"29123",31.9,32.8541984491427
"29125",33.4,33.6503593671933
"29127",30.8,28.828484102513
"29129",36,31.9285126422621
"29131",32.1,31.7469488311418
"29133",34.6,31.4161391179172
"29135",29.4,30.2575136391248
"29137",34.9,33.9442851914068
"29139",33.6,31.9112358649947
"29141",35.2,35.8529381473232
"29143",35.1,34.527252242555
"29145",31.6,30.2225067665757
"29147",26.1,27.2819464323227
"29149",36.7,36.0571332042153
"29151",29.3,29.1458377583056
"29153",39.4,39.032931591735
"29155",35.4,34.3611481986124
"29157",31.3,30.0788007408893
"29159",30.1,30.1163539417583
"29161",28.7,27.8850349279431
"29163",31.4,29.8392688297217
"29165",25.9,24.6460126965521
"29167",30.8,31.3208627174507
"29169",20.8,23.5599927551777
"29171",34.7,33.631594730348
"29173",35,31.7409645781785
"29175",30.4,29.764451981822
"29177",32,31.2704804523757
"29179",36.1,34.7981379365019
"29181",34.7,35.088431444135
"29183",26.3,24.7886691770886
"29185",36.3,36.0491073696955
"29186",32.4,30.4324809794048
"29187",30.5,30.3787508856129
"29189",28,26.0083205592514
"29195",28.2,28.5854406712673
"29197",31.2,31.960350559795
"29199",31.6,33.6352739442008
"29201",31,31.4412704300775
"29203",35.2,34.6890402940863
"29205",34.4,32.1577524426663
"29207",34.8,33.6067246522379
"29209",38.3,37.1369363450863
"29211",33.1,31.867741487892
"29213",32.4,31.6808405830116
"29215",34.2,33.4113962633666
"29217",33.4,32.5864249193154
"29219",30.8,29.8436752418546
"29221",32.7,31.9212299070923
"29223",37.7,37.4893126517176
"29225",29.2,30.1649627402196
"29227",36.7,33.4961080945642
"29229",34.1,33.423069290017
"29510",25.6,26.2694212353893
"30001",29.5,29.1034773985249
"30003",27.7,27.6824313596309
"30005",30.2,28.9256661227169
"30007",30.1,31.0441062176877
"30009",33.9,32.4261405139595
"30011",34.2,33.9718016422209
"30013",31,27.3747780239225
"30015",31.4,31.546544568493
"30017",29.9,27.3927005175686
"30019",32.1,33.4157952506996
"30021",28.8,27.7355336542422
"30023",32.7,30.9209322983737
"30025",29.2,30.1663248917292
"30027",30.9,30.8710209755722
"30029",28.7,27.9319465755097
"30031",21.5,21.3794744898346
"30033",32.3,33.3909837369853
"30035",29.3,27.8578289224654
"30037",38.3,34.1021842784879
"30039",34,34.7242158365397
"30041",28.6,26.8506060173955
"30043",30.6,30.1706803225472
"30045",35.2,32.9851665560775
"30047",32.8,32.0107166973813
"30049",30.8,26.3974517930104
"30051",34.6,30.4879326744623
"30053",38.2,35.0283371138667
"30055",32.9,33.1658586509723
"30057",32.8,33.8377378625458
"30059",35.1,36.3915917346905
"30061",35,33.2072033576182
"30063",22.7,24.1572953983296
"30065",33.3,34.1823391692592
"30067",29.7,29.2061184911459
"30069",34.6,32.1695670098317
"30071",31.6,31.3734192729989
"30073",33.4,30.8323404233694
"30075",34.1,34.7304718791286
"30077",29.7,27.2958266693813
"30079",40.4,36.3567021299788
"30081",32.9,32.4924027294807
"30083",26.1,27.0651105715142
"30085",28.5,26.344822211697
"30087",31.2,29.2329772908098
"30089",36.4,36.3769240255158
"30091",32.1,30.6027821396394
"30093",27.9,26.753362974139
"30095",32,31.4113635713578
"30097",32.4,31.2925174696836
"30099",31,31.4508315487616
"30101",27.9,25.9183297980552
"30103",34.8,29.5352790826212
"30105",33.4,30.9502551711472
"30107",34.4,35.0597603700484
"30109",32.1,31.5044784750179
"30111",27.3,25.9326812310026
"31001",26.8,26.335805334515
"31003",30.1,30.2086562997047
"31005",28.2,28.4876732831496
"31007",30.5,32.0801827084961
"31009",30.6,33.6196172789
"31011",30.1,30.2953529473027
"31013",27.7,28.1604359232775
"31015",33.2,34.3705710186783
"31017",30.1,31.3092311947654
"31019",23,24.4057913811043
"31021",28.7,30.1879652394853
"31023",27,28.009087611349
"31025",25.7,26.634581905822
"31027",27.6,28.228880637772
"31029",28.7,31.092200503311
"31031",29.1,28.5031156055985
"31033",28.1,28.5244370330156
"31035",27.2,28.7516396953901
"31037",22,24.4315038004164
"31039",27.6,28.0872340470992
"31041",28,28.7476447429418
"31043",21.6,24.3675878843617
"31045",24.6,26.2805184078934
"31047",23.9,26.1284749446039
"31049",31.9,32.1276395088153
"31051",27.7,28.0841649345109
"31053",27.1,27.2118874667773
"31055",21.6,22.3930173132413
"31057",32,31.231782545255
"31059",28.4,30.7128234343759
"31061",32.6,32.9962049727529
"31063",28.1,31.2377823847875
"31065",31.8,31.5645523168599
"31067",29.3,29.6018375507273
"31069",33.8,33.5421324209961
"31071",30.1,30.3084946369741
"31073",28.6,31.2176903678653
"31075",29.4,29.2139920297164
"31077",28.3,31.4076359288157
"31079",25.2,25.2420283014217
"31081",27.8,27.4987577143004
"31083",30.4,32.3150878324581
"31085",31.9,31.9981861281501
"31087",29.7,32.0582065341621
"31089",29.6,28.1111538743206
"31091",31.3,31.7803305126045
"31093",28.5,29.3216256674036
"31095",30.4,32.3878024239353
"31097",24.4,26.8076473903695
"31099",26.2,27.1019536579299
"31101",29.1,30.7239064945227
"31103",32.5,29.6857637544934
"31105",32.5,33.7455428768686
"31107",31.7,30.8839179851679
"31109",22.5,23.3297887835945
"31111",28.1,28.0314986308064
"31113",29.7,28.9961353222198
"31115",31.5,30.8389110240711
"31117",32.3,30.0337321129552
"31119",24.5,25.7597037694723
"31121",28.5,29.0996645925864
"31123",29.1,30.0300170057623
"31125",28.8,29.3136335972271
"31127",25.9,28.8721038035257
"31129",31,33.5649332716863
"31131",27.3,28.1632118638081
"31133",32.5,34.3644651619033
"31135",28,30.4863849333856
"31137",27.7,27.7598811665032
"31139",27,27.5768220534395
"31141",25.5,26.0407238652892
"31143",29.3,30.4700447392407
"31145",28.7,28.3494386592926
"31147",31.1,31.9362437247749
"31149",30.3,29.7649419597122
"31151",24.1,26.376416541098
"31153",21.2,21.7410868250488
"31155",26.3,26.1241019100593
"31157",28.2,27.7429587587074
"31159",24.9,25.8211727324151
"31161",30.4,31.8631726926814
"31163",31.1,32.2988139311845
"31165",33.9,30.5537889572774
"31167",27,27.8800061413059
"31169",30.2,31.758107021381
"31171",28.5,32.4728935038152
"31173",23.3,24.0341896397981
"31175",30.5,29.8719337780732
"31177",26.9,26.0341123153928
"31179",21.5,24.539848254582
"31181",29.9,29.9099208789922
"31183",31.2,32.6797568456198
"31185",26,27.9560145715821
"32001",29.7,27.4918283571293
"32003",23.9,22.4837613043554
"32005",34.1,33.1581413876309
"32007",25.1,24.0069826798245
"32009",37.1,30.6010946346213
"32011",33.9,28.5922090302796
"32013",27.4,25.1170324306069
"32015",28.5,24.3281533085079
"32017",30.7,28.9948925716976
"32019",27.9,28.8129477792647
"32021",36,31.3125686843964
"32023",35.6,34.2257489899086
"32027",26.9,25.627280845664
"32029",33.6,37.704214895896
"32031",25.4,23.3396480807471
"32033",29.8,28.4878546901965
"32510",28,27.083168122467
"33001",31.3,32.081711850968
"33003",32.8,34.8760018481005
"33005",29.8,30.4762771286882
"33007",33.8,34.6192215261898
"33009",28.5,29.172032355347
"33011",25.8,25.419476352975
"33013",28,28.5489336482977
"33015",26.7,27.4683459168234
"33017",26,26.5612345112071
"33019",31.6,31.8974732741657
"34001",25,27.1260885666325
"34003",20.3,22.0869379167025
"34005",25.3,25.3635667842212
"34007",23.8,24.7688796637066
"34009",30,32.1844278116834
"34011",25.1,26.9759973447392
"34013",20.4,19.7877954285031
"34015",24.4,26.2384787587782
"34017",16.5,17.3075891501287
"34019",24.8,26.3970843976976
"34021",20.5,22.0758056506955
"34023",20.7,21.5522438719093
"34025",24.1,24.3564848890115
"34027",21.5,22.5611386851556
"34029",29.8,29.1513859595743
"34031",21.4,22.2093749629201
"34033",26.9,30.1590230398162
"34035",21.2,21.1101978375135
"34037",23.9,27.4868671560304
"34039",19.5,20.5192315503558
"34041",26.4,27.8541023567378
"35001",24.9,25.2218049002171
"35003",38.8,41.2597914512975
"35005",26.5,24.8529351943322
"35006",27.3,26.924324152366
"35007",30.6,30.5727193354283
"35009",23,23.632604727856
"35011",31.9,27.4508181654041
"35013",23.3,25.3796582547235
"35015",22.6,23.136427284693
"35017",31.5,32.1122126683938
"35019",24.7,25.673535800806
"35021",37.2,31.0326517254623
"35023",29.1,30.1420554633332
"35025",21.7,22.2618132767508
"35027",32.9,32.1994930902389
"35028",22.3,23.8681071945272
"35029",28.2,27.8031141000513
"35031",27.2,25.3286946954707
"35033",29.7,34.2955520181792
"35035",24.7,24.9625745251013
"35037",32,30.2885801829904
"35039",27.8,27.8798967474413
"35041",23.1,25.2530571125046
"35043",25.2,26.3190165430375
"35045",27.8,25.9554750463179
"35047",27.5,28.9553565009949
"35049",26.7,29.7121651767878
"35051",37.8,35.7341070331611
"35053",26.7,28.0080605330417
"35055",30.5,31.0862975750808
"35057",30.9,29.5689682165093
"35059",28.6,28.7677099800115
"35061",25.8,26.112870347467
"36001",23.9,25.1463643732334
"36003",28.5,31.0240211344854
"36005",23,22.4797168296172
"36007",29.8,29.3543462804095
"36009",29.8,32.4191938359844
"36011",29.8,31.2615232936847
"36013",30.4,32.4974802631677
"36015",28.8,30.2492588850795
"36017",31.6,33.7447524988812
"36019",27.7,30.2297023562387
"36021",31,31.403640276445
"36023",25.4,29.3127212332459
"36025",31.7,33.3759352478923
"36027",25.7,26.082790082936
"36029",27.8,29.5032339109938
"36031",31.9,33.1489768505935
"36033",30.5,29.4365830666686
"36035",31.7,32.1642540720567
"36037",29,31.4520906676171
"36039",30.5,31.8056366122053
"36041",34.6,37.7610865352708
"36043",32.2,32.4450289986982
"36045",25.5,27.0144929658176
"36047",20.7,21.8063148958936
"36049",31.2,32.4482960209666
"36051",27.9,29.9834959973838
"36053",28.7,31.0459415054208
"36055",27.3,27.3518972268706
"36057",29.2,30.1202048380939
"36059",23.1,23.6767774342557
"36061",20.3,20.3548231971155
"36063",28.7,31.9407753284563
"36065",29.6,29.8667910697162
"36067",26.9,27.2543437157247
"36069",29.3,29.9352081214933
"36071",24.1,24.7104688109281
"36073",29.5,32.0773594787538
"36075",28.6,30.6792333877245
"36077",26.7,30.4069150032479
"36079",25.6,26.0708862699488
"36081",20.4,22.2681283256019
"36083",26.4,27.2962421988023
"36085",24.4,25.373062488962
"36087",24,23.4207984990413
"36089",29.2,30.0537444656323
"36091",27.9,27.846447226332
"36093",25.5,26.5294416475589
"36095",29.1,32.9990418998087
"36097",31.9,32.5432933919108
"36099",29.5,29.857965886009
"36101",31.1,31.0925990071409
"36103",23.9,25.0610580228764
"36105",27.9,27.9746268842861
"36107",30.2,32.4132530233591
"36109",21.3,22.0950810781908
"36111",27.7,27.5943535456134
"36113",30.1,31.7976541070132
"36115",30.7,32.0067756451901
"36117",29.1,30.6571706787097
"36119",24.1,22.063287958865
"36121",28.7,31.7478910220292
"36123",30.1,27.6030999939525
"37001",28,28.9307276836074
"37003",30.8,33.3441957540128
"37005",36,36.0163069262102
"37007",31.6,33.4981879550163
"37009",34.8,35.3117333420813
"37011",31.5,30.5842665267846
"37013",34.3,34.8900150726841
"37015",33.7,34.9735014756844
"37017",33,34.3183957210678
"37019",35.7,36.637110191321
"37021",27.6,26.3269761330983
"37023",32,32.8360023656977
"37025",25.1,24.1696522177485
"37027",31,32.8055932868749
"37029",27.9,29.5507581799267
"37031",32.5,32.8369854244914
"37033",32,34.4056409708071
"37035",28.6,29.2386840521705
"37037",31.4,29.9564856311093
"37039",36.9,36.1731706294047
"37041",34.3,35.3749160596547
"37043",36.2,34.9662886465068
"37045",30.5,31.0245695146534
"37047",31.9,32.7795368595922
"37049",29.4,30.9090740422318
"37051",25.1,26.3364222320276
"37053",28.1,28.6643472643478
"37055",30.4,30.344966948393
"37057",30,30.8027745632854
"37059",31.1,31.2116083381267
"37061",30.5,31.9303072520575
"37063",21.8,22.3070024164642
"37065",32.7,34.0157359130814
"37067",26.1,26.426282786366
"37069",28.6,29.6523885149511
"37071",28.2,28.2409796369944
"37073",33.4,35.7804503809301
"37075",32.5,33.5126868449621
"37077",28.5,29.4903561572358
"37079",29.1,29.0907479004125
"37081",26.3,26.298558642881
"37083",34.4,34.1730390614687
"37085",26.3,26.8772200917975
"37087",32.4,32.3961255612023
"37089",31.7,31.4066445005264
"37091",32.7,33.9986281142717
"37093",26.1,26.5803436679591
"37095",33.2,32.8110010806286
"37097",27.1,26.1724561141863
"37099",28.1,29.3009258561772
"37101",25.7,26.3658722914598
"37103",34.5,34.3582032679983
"37105",28.8,29.3089711931632
"37107",33.3,34.0296722954123
"37109",29.5,29.0738256300227
"37111",31.8,32.2770359905143
"37113",34.5,34.8289096072197
"37115",30.4,30.4228364711096
"37117",34.8,36.9477006253505
"37119",21.9,20.5378048016139
"37121",32.8,34.2721581953653
"37123",32.5,32.7373599628972
"37125",29.8,30.2903415230099
"37127",30.1,31.8243022659018
"37129",27,26.4393416117343
"37131",37.3,37.9761514954329
"37133",19.7,22.6184686239623
"37135",22.9,21.9979420707777
"37137",35.7,36.4472174830488
"37139",27.9,30.5216850534818
"37141",28.8,27.978373454803
"37143",34.7,37.2608104936773
"37145",31.7,33.3586293188962
"37147",25.2,26.9840782508775
"37149",35.6,35.3663961494124
"37151",30.1,30.5332800911307
"37153",31.8,32.4352799996466
"37155",32.3,31.8282254032036
"37157",31.9,33.8074582320832
"37159",29.3,30.1900361564573
"37161",32.4,32.9499712322272
"37163",30,31.0974771834369
"37165",30.7,31.8560194117189
"37167",29.5,30.7916741973964
"37169",33.3,34.7116368247761
"37171",32.1,32.329124044463
"37173",31.5,28.4404372930345
"37175",34.4,33.6153607584307
"37177",33.4,35.1262955708663
"37179",24.6,23.3995608690289
"37181",31.1,32.4878777074768
"37183",21.5,20.8478708875729
"37185",35.7,36.6572390696159
"37187",37.9,37.4167430007363
"37189",24,23.9115225696847
"37191",28.6,29.6479920211411
"37193",32.7,34.3658221426573
"37195",31.6,31.8695476337224
"37197",31.2,32.4330912044521
"37199",33.6,34.8567607088199
"38001",34.5,32.8877071752944
"38003",29.3,28.7030980696377
"38005",30.3,28.3379955464961
"38007",30.2,31.8904919611799
"38009",31.1,31.3749162574501
"38011",30.5,30.7140688279825
"38013",29.9,29.5444649897806
"38015",25.7,25.3711971338782
"38017",21.3,22.6253266863403
"38019",32.2,32.5083367943823
"38021",28.8,27.8957977586242
"38023",31.7,31.5680416472983
"38025",27.3,28.7434194670797
"38027",32.6,32.359920904186
"38029",33.1,32.7674245831561
"38031",31.2,30.01447820571
"38033",33.6,32.5669720236039
"38035",22.7,24.1401272946607
"38037",36.4,33.2877124818746
"38039",33.7,33.069437593917
"38041",30,32.2698040007903
"38043",33.4,32.2840397961159
"38045",32.4,31.8551626270758
"38047",33,32.0787868462603
"38049",30.8,30.0573979678482
"38051",35.6,34.048483458838
"38053",23.4,24.7793413459915
"38055",32.6,31.6892815921587
"38057",31,29.4297788302135
"38059",26.4,25.839036843675
"38061",26.4,27.047224716837
"38063",32.9,32.3838670277099
"38065",30.7,31.510781138725
"38067",32.1,32.3220902897601
"38069",31.3,30.000685169585
"38071",30,28.9590270308185
"38073",29.3,29.2085158856985
"38075",28.9,29.0800624603954
"38077",27.9,27.1907961675187
"38079",30.1,29.1202696732987
"38081",29.5,30.0582289508525
"38083",36.4,34.5838772973238
"38085",29.9,27.3784894952254
"38087",35.9,32.2399512340671
"38089",24.2,24.6433459273648
"38091",32,33.1286285221195
"38093",28.9,27.4182123195796
"38095",35.4,31.7188026911773
"38097",28,28.1281682901099
"38099",31.4,29.2790957660214
"38101",24.3,24.3061185600229
"38103",34.8,31.3516835041595
"38105",21.8,23.2316221860437
"39001",33.6,34.7008198258643
"39003",31.9,31.5231298392986
"39005",32.8,33.5662442100932
"39007",33.9,33.8931985488332
"39009",24.9,28.9608135576085
"39011",30.8,31.2839409709395
"39013",33.8,34.4929367009211
"39015",34.2,34.0748091817597
"39017",27.4,27.5038676636074
"39019",35.5,35.4742168414338
"39021",31.7,32.0722634321916
"39023",32.9,32.8099492607029
"39025",30.1,29.6569633555036
"39027",32.2,32.3333388689681
"39029",34.1,34.6344038155326
"39031",35.4,34.8599517960122
"39033",33.7,34.1286230630455
"39035",28.7,30.9833095498697
"39037",32.9,32.9942219470451
"39039",30.8,31.8731989226611
"39041",26.2,24.9893480672083
"39043",33.3,34.5842006843341
"39045",30,28.8817102332585
"39047",31.5,32.9475022091051
"39049",24.5,24.9814597054631
"39051",32.2,31.7807652987867
"39053",35.1,34.8267777143932
"39055",30.9,30.9255096347493
"39057",28.9,28.5886616059805
"39059",34,34.791189077298
"39061",27.7,26.7941201348258
"39063",28.7,30.2425414831536
"39065",29.8,30.8921983103208
"39067",35.1,36.9397389704227
"39069",30.3,32.3125396939424
"39071",33.8,33.4463239796679
"39073",35.8,35.3531632008543
"39075",29.6,29.6314286130995
"39077",32.3,32.1711761086954
"39079",33.5,34.165653424722
"39081",34.7,35.3880835977028
"39083",30.9,32.1804935296976
"39085",32,32.2154629332291
"39087",34.4,35.1096466438005
"39089",30.1,30.1289884872279
"39091",32.6,32.3398053505524
"39093",32,31.7599615388637
"39095",30.6,30.375093218316
"39097",28.7,29.7081275881984
"39099",34.2,34.4233503541276
"39101",32.8,32.472360180948
"39103",30.5,29.9341840478371
"39105",36.5,37.8423004231374
"39107",29.7,30.9178250943896
"39109",30.9,30.7312685552126
"39111",36.7,38.362112638587
"39113",29.1,29.551106682931
"39115",34.9,37.0814670425451
"39117",31.9,33.0980367322886
"39119",31.9,33.1909055350302
"39121",37.8,36.6321976423264
"39123",34.8,36.9195687019178
"39125",32.9,32.2435731880542
"39127",31.8,33.7315540637967
"39129",28.9,30.3207177200341
"39131",34.5,34.9129162093472
"39133",28.6,30.0522547747333
"39135",32.8,32.8626455996536
"39137",30.5,30.7049319385485
"39139",31,33.1973363310894
"39141",32.2,32.4788962048218
"39143",33.5,33.1290994714427
"39145",33.5,34.8777758874499
"39147",31.4,31.9386239703076
"39149",31.4,31.0299854301456
"39151",32.1,32.5706005110823
"39153",31.2,30.5339075643584
"39155",35.1,35.0946740073108
"39157",30.7,33.2844845279729
"39159",26,25.7780080134376
"39161",31.2,32.2793256042782
"39163",33.8,35.4559988169269
"39165",26.7,25.6266950797523
"39167",34.3,35.2784041836745
"39169",30.4,31.3442762458969
"39171",32.3,32.8587168427543
"39173",26.6,27.9581524536809
"39175",31.9,32.8085386180579
"40001",32.2,30.9819867537016
"40003",29.8,28.591182068603
"40005",31.3,30.6174626611375
"40007",29.9,29.5231935911417
"40009",28.2,27.049167050191
"40011",31.5,30.6647233667204
"40013",29.3,28.2802433907922
"40015",28.6,29.1304573979551
"40017",25.7,24.9812178458356
"40019",30.7,29.4444507256661
"40021",29,28.1439525950168
"40023",34,33.1447006604773
"40025",31.5,30.4439060200313
"40027",24.4,24.797106829791
"40029",35.1,32.5148290410356
"40031",26.9,26.524795015461
"40033",32.9,30.7771228811434
"40035",32.7,31.2242215403579
"40037",31.1,30.7003831928043
"40039",25.7,25.4924344802543
"40041",36.5,34.5382274633591
"40043",30.6,30.4573310472695
"40045",33,32.1766628469969
"40047",26.6,28.2719291082755
"40049",30.6,29.9664887848288
"40051",28.3,28.5291155115541
"40053",32.6,32.0362734396838
"40055",28.6,28.2384659513372
"40057",32.2,30.8727948268023
"40059",31.7,30.410447491241
"40061",32.6,32.6836034377218
"40063",30.7,30.75781467742
"40065",27,26.1859625706688
"40067",33.5,32.7340666850556
"40069",32.1,31.5115240526295
"40071",31.6,30.8821062027529
"40073",28.3,28.5955002691603
"40075",34.1,31.658375758879
"40077",34.6,33.6742537896902
"40079",31.3,30.915863374856
"40081",32.3,31.8384338276242
"40083",28.6,27.2085106285663
"40085",30.4,31.3766262709738
"40087",27.8,27.4209855967911
"40089",31.4,30.9079094353377
"40091",37.2,35.3078415407694
"40093",31.9,32.0269799382104
"40095",32.9,32.3542957729286
"40097",32,31.4855545913145
"40099",31.9,30.6883904623756
"40101",30.8,30.2233056543652
"40103",32.1,32.1054318943344
"40105",33,32.1383018914896
"40107",32.1,32.0048395041426
"40109",26.8,24.9377763612433
"40111",32.4,31.0319876883648
"40113",32.2,31.320276076146
"40115",30.9,31.3876355484014
"40117",32,31.8778272561658
"40119",21.4,22.8543642016692
"40121",32.2,30.9796421665086
"40123",28.1,27.4497575518802
"40125",30.8,29.3274726206862
"40127",35.6,34.3512260997293
"40129",33.6,31.080338362077
"40131",27.5,28.2119863503413
"40133",32.6,31.4312748870871
"40135",33,31.7263675966625
"40137",32.3,30.1761902280107
"40139",24.1,24.2425156271624
"40141",31.6,30.9894217644641
"40143",24.8,25.1743952142283
"40145",28.3,27.7041434869633
"40147",31.6,28.8281922563057
"40149",31.4,29.6604896925845
"40151",27,26.8492943678375
"40153",27.8,27.0182666927574
"41001",34.8,31.8182001706848
"41003",25.1,22.8020704974031
"41005",27.4,26.5758980832668
"41007",32.8,30.9232910390611
"41009",31.4,29.6686851089477
"41011",36.4,32.4640519871478
"41013",33.4,32.0554354757652
"41015",38.9,36.424892359764
"41017",28.9,26.7888774770804
"41019",34.6,32.4186424366492
"41021",37,36.2413008310798
"41023",36.9,36.3498246675538
"41025",35.6,32.5245155348092
"41027",27.1,26.6078276388313
"41029",30.6,28.7257425052969
"41031",30.4,29.4548362104779
"41033",36.1,32.6994970753277
"41035",32.4,28.9306396394571
"41037",34.4,30.6645209944799
"41039",29.2,27.2273812430245
"41041",36.2,33.5524096884521
"41043",31.7,28.7585218534077
"41045",28.3,26.6388537240373
"41047",27.1,25.6573050119291
"41049",29.1,29.5090882229672
"41051",22.3,22.3415049839972
"41053",28.7,27.2604976342507
"41055",35.3,33.6353837091477
"41057",33.3,33.3600327063492
"41059",28,27.7079275185421
"41061",31.6,29.5464039731737
"41063",34.5,33.9267346757933
"41065",30.8,29.0906702200443
"41067",22.4,22.7005616196159
"41069",40.5,40.5728424207854
"41071",27.5,26.8723215701384
"42001",NA,31.8700454043591
"42003",NA,28.2916835661971
"42005",NA,34.9444721525441
"42007",NA,32.8660378383293
"42009",NA,35.6085882680929
"42011",NA,27.7752651895981
"42013",NA,31.7526669617927
"42015",NA,32.375096504079
"42017",NA,26.7452836994831
"42019",NA,29.0108212179812
"42021",NA,33.9813877535002
"42023",NA,39.6577933416778
"42025",NA,32.4737945570571
"42027",NA,24.2827400092853
"42029",NA,23.8280122368332
"42031",NA,32.5210263542979
"42033",NA,32.3904439421944
"42035",NA,30.4393090139812
"42037",NA,31.075035241035
"42039",NA,34.0629062915918
"42041",NA,27.5198827332636
"42043",NA,26.8152507971605
"42045",NA,24.8555317057617
"42047",NA,33.9293193846169
"42049",NA,31.1097489159837
"42051",NA,35.4152448057284
"42053",NA,30.7348334221776
"42055",NA,30.7532966986273
"42057",NA,35.2258038458335
"42059",NA,33.1610498604998
"42061",NA,32.6753039886103
"42063",NA,31.6510623119952
"42065",NA,34.0586199618465
"42067",NA,32.5476092384769
"42069",NA,29.2136039847705
"42071",NA,28.1099407816524
"42073",NA,34.7674647530409
"42075",NA,29.6809708668798
"42077",NA,25.9323432767196
"42079",NA,29.0103241022174
"42081",NA,30.7846364019805
"42083",NA,32.1265524814638
"42085",NA,34.0708423891717
"42087",NA,33.0065635343234
"42089",NA,27.8217515824423
"42091",NA,24.3795361847399
"42093",NA,29.974614197011
"42095",NA,28.0350840433704
"42097",NA,32.0510553096728
"42099",NA,32.4104251484808
"42101",NA,22.9089621353591
"42103",NA,31.1421204185883
"42105",NA,35.2641910240414
"42107",NA,30.9477404922154
"42109",NA,30.8345518686769
"42111",NA,34.7838446328986
"42113",NA,36.895514489136
"42115",NA,33.8785364683504
"42117",NA,33.08324749573
"42119",NA,28.4369617482918
"42121",NA,35.4752912270618
"42123",NA,34.7983722699281
"42125",NA,31.2315470994213
"42127",NA,32.9119575232427
"42129",NA,32.2921280052581
"42131",NA,33.5849056922161
"42133",NA,29.0461721500371
"44001",26.6,27.356735940192
"44003",28.4,29.3130112398263
"44005",28.7,28.6551244868577
"44007",23.7,24.6985619290316
"44009",26.9,28.99468362363
"45001",33.2,32.8898840208694
"45003",29.2,29.8600854219834
"45005",32.9,33.6134157836474
"45007",31.5,29.3332699103523
"45009",33.1,34.2470214799144
"45011",31.7,32.7892300775748
"45013",30.3,31.5969066234752
"45015",25.5,26.2013476864613
"45017",33.1,34.0578019646633
"45019",25.2,24.6878000828606
"45021",30.5,30.6097739158133
"45023",31.5,32.4290927930428
"45025",32.2,32.5575073442513
"45027",34.2,34.9594634944813
"45029",32.8,32.3578488555265
"45031",31.9,32.4530778411817
"45033",32.8,33.1944406994073
"45035",24.7,26.4511485692777
"45037",29.1,30.5667887658508
"45039",33.7,34.8909045532162
"45041",28.4,30.7336057302258
"45043",32.5,35.321737854413
"45045",25,25.4696663814455
"45047",31.6,30.5482815066296
"45049",30.7,32.0182655440932
"45051",33.1,33.4502731664295
"45053",31.7,31.5949585773099
"45055",29.4,30.4529317091125
"45057",29.9,30.3363755315701
"45059",31.4,31.1261394236139
"45061",31.9,33.4833829601465
"45063",27.8,27.1855203741691
"45065",39.2,41.2109371618816
"45067",34.4,35.2930264006093
"45069",31.9,32.881009500264
"45071",30.3,31.1462891843452
"45073",34.1,32.4234321146672
"45075",32.5,33.1926187443119
"45077",26.4,29.1745909809968
"45079",25.4,24.8848784196368
"45081",31.9,31.095539627681
"45083",28.3,28.3447068892209
"45085",29,30.1788995464868
"45087",34.8,34.0149598514205
"45089",32,34.6975987889491
"45091",25.2,24.9182286190706
"46003",28,28.2278838420794
"46005",26.6,26.3147503366066
"46007",28.9,27.7419311550092
"46009",27.9,27.5600637917605
"46011",18.8,20.9880329879875
"46013",27.8,25.3594663987106
"46015",29.9,27.1988870741017
"46017",25.8,27.1999442726042
"46019",28.8,28.2488691974554
"46021",32.9,31.81705626488
"46023",30,27.5521145218534
"46025",29.4,29.6416216734224
"46027",18.3,20.6296887455517
"46029",27.5,26.5029522767636
"46031",30.5,28.010223347567
"46033",33.8,33.1206977029678
"46035",27.8,26.9224616238
"46037",32.1,31.3234440771501
"46039",28.3,27.9755145581479
"46041",26.8,25.9548098865896
"46043",30.9,29.7445987647281
"46045",30,28.6421625483259
"46047",34.8,32.3308022809898
"46049",31.6,30.3278665386393
"46051",29.6,28.9459569688298
"46053",31.2,30.6508749763224
"46055",30.7,32.1319023481991
"46057",23.9,24.0374504230119
"46059",29.5,29.4124891817153
"46061",26.7,25.4117029963856
"46063",27.1,28.6022005068352
"46065",25.5,25.2566326031685
"46067",28.5,27.9809317960055
"46069",30.6,30.9760531151149
"46071",28.9,27.7923547455554
"46073",32.1,32.1726592540606
"46075",32.8,28.8266899946155
"46077",28.9,28.6646916513497
"46079",28.1,27.1577867004923
"46081",29,28.6466290216218
"46083",22,21.5380858997522
"46085",29.5,27.9959222778626
"46087",26.6,25.7661215781156
"46089",33.6,33.2598596467981
"46091",29.5,29.2292585279587
"46093",25.5,26.162265202936
"46095",31.4,28.299415233604
"46097",30.3,30.6654942982407
"46099",22.9,22.1410110295904
"46101",27.3,26.3906700743858
"46102",26.7,24.5466906234498
"46103",26.8,26.618649830401
"46105",32.4,31.7186509873953
"46107",31.3,31.4292190741601
"46109",31.3,29.9803245327479
"46111",29.1,27.7252717142411
"46115",30,29.1195257618183
"46117",27.7,28.2719274641868
"46119",29.6,30.0061373470738
"46121",27.1,24.9463588291196
"46123",31.9,29.8648365709805
"46125",27.7,27.0963755594789
"46127",25.1,25.0028800790323
"46129",30.1,28.891495190282
"46135",27.5,26.4454051859398
"46137",28.3,26.8181991280719
"47001",34.2,31.6879596227484
"47003",30.3,28.8871677775248
"47005",38.3,35.9683195465743
"47007",37.3,33.1547779980535
"47009",33.5,30.949267080028
"47011",31.2,29.7168952189099
"47013",35.9,35.4346944511406
"47015",34.2,31.9863116423512
"47017",34.3,33.015461407308
"47019",37.2,33.5463607230761
"47021",31,29.3113748429027
"47023",31.3,31.7886116377753
"47025",34.9,33.6937855794153
"47027",39.6,38.6135694183393
"47029",37.7,35.7412249254822
"47031",32.7,30.9973483665156
"47033",32.7,33.0575551824075
"47035",40.1,39.1940063359968
"47037",25.6,24.5091246988012
"47039",38.3,35.9882263570451
"47041",35.1,33.1746928210582
"47043",31.7,30.6621237247505
"47045",34.1,31.2027669011788
"47047",34.8,32.4924341130454
"47049",38.6,35.9987213207619
"47051",32.8,32.8776244218817
"47053",33.6,31.379715136676
"47055",34.6,34.1881187758589
"47057",36.5,34.3480393545165
"47059",35.6,34.1111682492298
"47061",37.4,34.3352310389786
"47063",33.4,31.2765564706693
"47065",29.4,28.187546585021
"47067",40.8,38.6571777865848
"47069",32.7,32.2730767210197
"47071",38.3,36.6376763178863
"47073",37.1,34.8583933142213
"47075",36.8,35.1956735676713
"47077",35.2,33.0652334640073
"47079",38.1,34.9551473692036
"47081",33.4,32.1316433103566
"47083",34.5,34.0708486955184
"47085",35,33.6331288882933
"47087",37.7,36.529452012927
"47089",34.2,32.0414029348135
"47091",38,34.7450557197337
"47093",28.7,26.0733183886632
"47095",33.5,30.6102375740321
"47097",33.4,31.7743500823918
"47099",34,32.2770431837037
"47101",35,34.4961497925323
"47103",34.4,32.5829497361339
"47105",36.6,34.7789009213672
"47107",35.2,32.7115337295252
"47109",35.5,34.9907848685081
"47111",32.3,31.3434488378575
"47113",31.9,30.9673264799199
"47115",36.2,33.9618674867141
"47117",31.4,30.7220446299774
"47119",30.2,29.8070234192641
"47121",35.6,34.1261005800971
"47123",35.7,33.8504687271753
"47125",24.4,24.8166442828644
"47127",35.1,34.0524061190969
"47129",34,32.5884871316288
"47131",35.9,33.1318454950189
"47133",36.3,34.6497895580395
"47135",36.4,35.735138733746
"47137",41.5,40.1416667315334
"47139",36.4,31.9631999881192
"47141",29.1,29.6630296048892
"47143",35.8,32.2255530581935
"47145",37,34.1478715955433
"47147",29.5,28.99699576255
"47149",26.1,24.3889331032049
"47151",35.6,34.2770660699752
"47153",36.5,34.0440300973079
"47155",34.2,31.117195127943
"47157",27.4,27.4838170567662
"47159",32.7,30.9643430753348
"47161",34.3,33.6908702632693
"47163",36.1,33.007776313054
"47165",31.3,28.1005348485733
"47167",31.4,29.4447516490344
"47169",26.6,25.3206726656164
"47171",36.7,34.7039151602836
"47173",34.2,32.7108853556644
"47175",37.4,34.639642660371
"47177",33.9,31.762589896281
"47179",31.1,28.3608976292251
"47181",34.5,32.5460140947865
"47183",30.6,31.6125375227039
"47185",35.7,33.7261978585505
"47187",27.2,23.9187210774971
"47189",28.7,27.495077738076
"48001",24.8,25.1032182104314
"48003",20.6,21.8974840327234
"48005",28.3,27.7714167659427
"48007",32.1,31.7076027738323
"48009",28.8,28.6406271866713
"48011",29.1,31.6119407919623
"48013",24.4,25.4710105694538
"48015",28.1,29.1315751008228
"48017",23.8,26.0276455584018
"48019",32.6,33.9434814463116
"48021",24.2,25.4209687355599
"48023",30.3,30.9467398814094
"48025",20,22.0998843289652
"48027",23,22.4679299949215
"48029",21.9,22.3498848489233
"48031",29.7,31.1664601198303
"48033",29.8,26.5333264516776
"48035",30.6,31.2576247689631
"48037",27.1,28.2146505928329
"48039",21.3,22.8715258052816
"48041",17.6,20.6434254065425
"48043",24.7,29.560419886907
"48045",31.8,31.906176501219
"48047",23.6,27.1490547829373
"48049",28,27.8031836198827
"48051",27.8,30.9218733988699
"48053",29.2,29.0720194250182
"48055",23.5,24.7158938375849
"48057",25.5,27.9917229363563
"48059",28.9,28.2849543594993
"48061",20.1,23.2203386978286
"48063",28.7,29.5104168676971
"48065",27,29.3692001259659
"48067",31.4,32.591411410206
"48069",23.8,26.2644034973904
"48071",21.9,23.6371806616942
"48073",27.5,28.0033045837701
"48075",22.8,25.7777082656596
"48077",30.2,29.0719899948351
"48079",26.5,28.5671522836841
"48081",32,32.1777922616929
"48083",31.7,30.077052251031
"48085",18.9,20.1743841323927
"48087",28.4,31.4775185094132
"48089",28.6,30.2359403813411
"48091",24.3,25.9665449355877
"48093",29.4,29.906953590189
"48095",25.2,27.3033531391549
"48097",27.4,28.2837633429103
"48099",21.6,23.2553357321192
"48101",32.8,33.5489302082697
"48103",21.8,23.1038345540349
"48105",25.8,25.4230315362269
"48107",27.2,29.9492242993067
"48109",26.1,31.0873177962096
"48111",22.8,21.3070672151616
"48113",19.4,22.9185715027462
"48115",22.5,22.3692287298633
"48117",22.6,24.1963326237973
"48119",29,32.6076966782458
"48121",20.9,20.7206334091354
"48123",27.9,28.1126510803449
"48125",32.1,31.3667706176525
"48127",26.5,27.1101748903019
"48129",29.7,32.2468975996306
"48131",23.9,26.3280935710777
"48133",29.2,28.9994956248045
"48135",19.7,21.1707080473523
"48137",31.8,29.3090361568509
"48139",23,23.8786100555756
"48141",20.2,22.9550377983223
"48143",22.5,24.4145923816722
"48145",28.2,29.6582057921462
"48147",27.2,28.0500781004309
"48149",29.4,31.947496984336
"48151",29.1,29.3171028685432
"48153",26.6,27.7983086149579
"48155",33.7,37.3106914822256
"48157",19.5,21.123054823759
"48159",28.6,28.7607083904938
"48161",28.7,30.0651299689956
"48163",19.5,22.0422071743993
"48165",20.6,22.3905678351212
"48167",24.1,23.5877066207448
"48169",22.6,22.2147754012315
"48171",30.9,31.8580025335028
"48173",22.3,25.5908183646821
"48175",29.8,32.310464730647
"48177",26.3,28.9950196219256
"48179",25.8,25.6621181527181
"48181",26.5,27.5068367526823
"48183",25.9,27.2105842489171
"48185",26.9,26.2919055496139
"48187",24.2,24.1833732827418
"48189",23.2,24.5701801157578
"48191",30.6,32.70268347471
"48193",31.2,30.6829955170491
"48195",23.9,24.2937168525349
"48197",29.9,30.8528843697331
"48199",27.3,27.1270365444635
"48201",19.5,20.6382019087566
"48203",27.1,28.7747525821292
"48205",23.4,24.0540683591888
"48207",28.2,28.1046935506015
"48209",19.6,21.9616514843669
"48211",25.1,25.4956797244782
"48213",30.4,30.3154388086063
"48215",20.2,21.7269106446739
"48217",28.5,29.3439734708625
"48219",23.9,24.9593599908982
"48221",29.4,28.9250463726367
"48223",27.5,28.0642844045584
"48225",30,31.1478773768204
"48227",22.7,22.4691730152049
"48229",18,23.2716139649308
"48231",24.7,26.9676929395271
"48233",26.2,26.2172742005471
"48235",28.1,29.0302927243238
"48237",26.7,27.0187009185629
"48239",27.6,28.5186867172824
"48241",31.2,31.7923890527989
"48243",38.6,37.4022025102071
"48245",25.8,25.3986578169749
"48247",26.1,19.1679586695143
"48249",24.1,25.0281350882602
"48251",24,24.8507060812619
"48253",23.1,25.0889915113889
"48255",21.4,24.3288588352278
"48257",21.1,24.3086438939516
"48259",25.9,26.5820128737676
"48261",25,49.1549468387189
"48263",30.3,33.3033597146004
"48265",30.3,31.1578867048778
"48267",33.4,32.7851950468768
"48269",33.3,30.250887032976
"48271",27.2,29.02356469344
"48273",19.9,24.5364119157824
"48275",28.8,29.7126628043964
"48277",28.8,29.3920385051644
"48279",26.1,26.6037007278961
"48281",28.4,28.6507844391723
"48283",20.6,28.0415378324869
"48285",30.3,31.698356934292
"48287",28.8,29.2687681293134
"48289",31.2,32.0173317169399
"48291",23.6,24.3704393575612
"48293",29.5,29.5340324650134
"48295",27.9,29.5566610978758
"48297",26.8,29.1094578193335
"48299",35.5,35.427670166102
"48301",NA,48.566383039578
"48303",20.7,23.9484959520504
"48305",25.7,25.9803197246843
"48307",29.7,28.7465602327019
"48309",23.8,24.9355617329108
"48311",29.3,28.4028206628988
"48313",23.7,26.0634797824797
"48315",34.3,35.5946829724089
"48317",21.6,23.2279121494012
"48319",31.5,32.7991888935705
"48321",27.1,27.5869971321171
"48323",20.5,22.0706997087021
"48325",24.3,26.3662827160467
"48327",33.1,34.1713818474549
"48329",19.4,21.5307686722686
"48331",28.9,29.3572130210372
"48333",31.1,32.3324908407734
"48335",22.1,22.7289971829667
"48337",29.5,30.1569973298093
"48339",23,21.6089441604306
"48341",22,23.2994490871284
"48343",30.5,33.1774869572442
"48345",31.6,31.6588478141597
"48347",24.1,26.9442967448046
"48349",26.8,28.090522848021
"48351",34.1,33.7248341302001
"48353",28.2,27.3911614041834
"48355",22,24.4733380557022
"48357",23.2,23.7572924137744
"48359",26.5,24.5727988493216
"48361",26.2,26.9185543537939
"48363",29,28.6585792019365
"48365",28.2,29.4711986141337
"48367",25.8,25.1875343669716
"48369",23.1,24.9329800238185
"48371",21.9,22.9996482645962
"48373",29.4,29.3880195817305
"48375",25.1,24.5172992570768
"48377",27.9,28.2934817443792
"48379",30.9,31.2397105885489
"48381",23.6,24.168582314683
"48383",21.4,20.2843817154165
"48385",34.5,36.3757912882781
"48387",32.9,34.9700342983667
"48389",21,21.1839260522129
"48391",28.4,31.1867842785739
"48393",27.6,27.5254624709673
"48395",28.9,30.2708941975169
"48397",20.8,21.5074391591148
"48399",27.6,27.1481703386042
"48401",26.6,28.1820102394454
"48403",35.2,35.5547583417852
"48405",36.1,36.504813319843
"48407",31,30.3105342236844
"48409",24.4,24.2530573394444
"48411",27.3,27.8868861201132
"48413",25.9,29.0632193667602
"48415",24.4,23.6825151429691
"48417",27.8,28.2324925427589
"48419",29.4,30.116887343387
"48421",23.6,27.2889471406131
"48423",25.4,26.5186614759506
"48425",27.3,28.7641821716722
"48427",22.4,22.5038566206119
"48429",27.1,27.3661954227992
"48431",22,24.4780261455221
"48433",32.1,32.0611314459399
"48435",26.7,23.9367066725439
"48437",25.7,26.4979244549064
"48439",21.5,22.7529053751787
"48441",22.6,23.6933753903325
"48443",27.5,35.8610001518101
"48445",25.1,24.5575423526881
"48447",32.7,29.4446600960347
"48449",25.7,27.6889606686364
"48451",24.5,24.1983451663916
"48453",17.6,19.1557959648631
"48455",33.2,34.3423997076474
"48457",29.9,31.3029732455285
"48459",29,29.4009872511069
"48461",25.4,27.379287911658
"48463",23.2,24.8834965556358
"48465",20.5,22.8287169931366
"48467",29,29.1006518813867
"48469",24.4,26.1275974952095
"48471",22.4,23.5950343363739
"48473",19.7,22.9636087489879
"48475",23,23.0938894256681
"48477",27.6,28.8166496653902
"48479",18.8,20.4975294090652
"48481",26,27.7443412806953
"48483",29.2,29.9973836176325
"48485",23.8,24.9409139063853
"48487",28.6,29.7158903547965
"48489",22.3,23.609697814536
"48491",19.6,21.2506802749974
"48493",24.8,27.2455971941726
"48495",21.8,22.1337382091423
"48497",25.7,26.9607425389812
"48499",31.7,32.9773602067387
"48501",21.6,22.6186180411851
"48503",28.2,27.7125524648497
"48505",23.4,24.245340585996
"48507",24.8,25.6917917517841
"49001",24.6,26.9546924457383
"49003",23.3,24.2882161195401
"49005",20.1,20.5164869426828
"49007",30.3,27.7052431411853
"49009",33.3,29.5428682800888
"49011",21.4,21.7180845397824
"49013",26.2,25.449076229578
"49015",27.8,28.3329075152821
"49017",29.5,30.5206374299976
"49019",28.7,27.1539928395762
"49021",23.7,23.5114411029522
"49023",23.3,24.8805995712643
"49025",30.8,29.6351192159314
"49027",26.3,27.6813952421283
"49029",23,23.6668767022662
"49031",35.1,34.5659278989579
"49033",29.4,29.8088644278618
"49035",21.2,22.1583699281562
"49037",28.8,27.4738727984027
"49039",25,25.3645659776702
"49041",28.1,27.1481981323828
"49043",24.6,22.8292252227432
"49045",23,22.6808922250031
"49047",26.4,24.9942168923519
"49049",17.1,19.4229727555669
"49051",23,22.7726149369932
"49053",28.3,27.9141344387081
"49055",32.3,31.2373837873571
"49057",24.6,23.6022903821129
"50001",28,29.3139205880555
"50003",31.5,30.9696550429927
"50005",30.3,31.9334801463612
"50007",22.2,23.9813803779782
"50009",34.7,36.2096488275008
"50011",28.8,29.4563565917915
"50013",31,29.5629396943614
"50015",28.6,27.132706646417
"50017",31.3,31.2700734491862
"50019",29.9,33.0213788439691
"50021",31.9,32.460548111615
"50023",28.2,28.7068827007336
"50025",29.8,31.3893393347077
"50027",29.4,31.5711244679811
"51001",35.6,35.2281484151943
"51003",25.5,25.7417243578135
"51005",35.5,38.3766262982764
"51007",32.7,33.8003604799716
"51009",31.9,34.1962766071413
"51011",32,33.558380029907
"51013",19.1,18.1955237043664
"51015",31.1,33.9151189658984
"51017",38.5,41.1042672380508
"51019",31.5,32.3040274718855
"51021",32.6,38.6323739320035
"51023",31.5,34.7047951216128
"51025",32.1,33.9467151046771
"51027",36.4,40.1656450692495
"51029",31.1,32.7728077973466
"51031",30.9,33.0686357376694
"51033",28.8,30.1408739935125
"51035",36.3,37.8109814472356
"51036",35.9,37.2103374020732
"51037",35.7,33.5707908879904
"51041",27.1,26.7381982784123
"51043",30.3,31.4532798377484
"51045",34.3,37.1282338337558
"51047",28.2,29.248301395877
"51049",32.7,35.3785376297493
"51051",36.9,40.631760376408
"51053",30.2,31.8229898975241
"51057",34.5,35.6179287989295
"51059",21.4,21.1069102968791
"51061",27.8,27.8510104750406
"51063",33.3,35.0266882755655
"51065",30.3,31.3771720053215
"51067",33.6,35.3416169397019
"51069",27,29.551949443407
"51071",32.5,35.3478469576916
"51073",31.1,31.7915179690806
"51075",30.4,30.9393112088109
"51077",36.5,38.2443945205683
"51079",29.8,31.1917455582388
"51081",27.7,28.8644148067793
"51083",35.4,36.5522178885585
"51085",27.2,28.4120311322917
"51087",26,26.6658290061107
"51089",36.1,37.8864266689247
"51091",38,38.4963500895365
"51093",30.8,30.7785588905548
"51095",30.7,31.4338652261125
"51097",34.4,34.4378157801342
"51099",26.4,26.9777961437996
"51101",28.4,30.3894981376415
"51103",39.9,41.0238512537546
"51105",35.6,36.5975760847858
"51107",20.9,19.6470164856466
"51109",31.4,32.1232311917707
"51111",33.8,35.1116674878482
"51113",32,34.4427364024971
"51115",35.7,37.6604642989654
"51117",36,36.3395029272396
"51119",37.8,38.1341711561232
"51121",21.5,23.15911484581
"51125",35.3,35.3682547568489
"51127",27.6,29.1272025358413
"51131",35.5,35.3103519675341
"51133",37.2,40.589854571782
"51135",30.4,30.6750600275654
"51137",30.4,31.229145966553
"51139",33.1,35.3017017540555
"51141",37.2,39.5644365476596
"51143",35.1,37.0928563825387
"51145",29.9,29.9924298780299
"51147",26,29.1254121437178
"51149",23.2,26.754773917154
"51153",21.7,21.9849746638622
"51155",33,35.8876041553554
"51157",34.8,33.782268664283
"51159",29.7,31.8596971103329
"51161",29.4,30.8423909137066
"51163",34.6,35.4741632225322
"51165",29.5,31.4197608071167
"51167",35.5,39.0086032596043
"51169",36.4,38.7629804095692
"51171",31.9,34.2616253570897
"51173",33.7,37.5806134924096
"51175",32.1,33.3480455492244
"51177",26.1,27.2829480401483
"51179",23.4,23.1787186581299
"51181",34.2,34.7392709766252
"51183",29,31.3716970176332
"51185",35.4,39.5374870966933
"51187",28.8,29.9082130347869
"51191",32.3,34.3151520460059
"51193",37.2,36.3327186487954
"51195",32.5,35.0711699552838
"51197",33.9,36.295592252241
"51199",26.8,26.1483199096097
"51510",21.7,20.2402510501338
"51520",33.5,34.567565602688
"51530",29.1,32.3317263505837
"51540",22.2,21.2520512833546
"51550",26.1,26.7849345203885
"51570",28.1,30.9314882089366
"51580",33.6,37.316619192902
"51590",33.4,34.4872759632091
"51595",32.8,34.5527290084867
"51600",22.3,21.5460190520351
"51610",22.8,19.691468376473
"51620",32.2,32.0470463020465
"51630",21.7,22.9354203138916
"51640",32.1,36.5513945087448
"51650",27.7,29.6896555558411
"51660",19.5,23.7649664957946
"51670",30.9,30.933724117865
"51678",18.8,21.7879412828306
"51680",23.1,26.1272907840724
"51683",21.2,22.4179592050593
"51685",21.7,22.9157321721423
"51690",32.3,31.039846505974
"51700",26.6,27.5602691012639
"51710",23.4,25.6530607685006
"51720",31.7,37.3386555328805
"51730",29.8,31.0801678537516
"51735",28.6,28.5561175917596
"51740",27.7,29.6991550027704
"51750",19.8,25.2845172457076
"51760",24.1,24.6565264200739
"51770",30.3,28.9519370847133
"51775",29.1,31.1402204769745
"51790",30.3,30.5501742815431
"51800",29.7,28.3342047025383
"51810",25.6,26.6695161803345
"51820",29.5,29.9213709962627
"51830",21,26.2972165482323
"51840",28.7,27.1905054661899
"53001",23.6,26.7650842367137
"53003",32.9,30.6830037070539
"53005",24.4,25.4443978830259
"53007",27.4,28.612936593164
"53009",36,34.3803165047447
"53011",25.5,25.7226105354759
"53013",32.6,33.6760461767986
"53015",33.2,29.5921604256481
"53017",25.8,28.3474504718123
"53019",38,37.6258049503636
"53021",20.2,24.4956639043814
"53023",31.5,34.5313556345506
"53025",25.4,27.395706700886
"53027",31.5,31.0561524470555
"53029",29.4,31.6494478045715
"53031",37.8,37.6830506534608
"53033",19.4,22.2047778651951
"53035",27,26.650879476781
"53037",26.6,26.5853831913956
"53039",31.1,31.0397150496449
"53041",30.9,30.8418761353782
"53043",33.4,33.8867291880827
"53045",32.4,31.6018606094319
"53047",31.6,31.7992692713667
"53049",36.8,36.6804254105643
"53051",34.4,34.0602053073618
"53053",25.8,25.5706853102875
"53055",33.5,34.8849445242615
"53057",30,29.9400886171992
"53059",31.1,32.0487891107463
"53061",23.7,24.8890775279647
"53063",26.4,26.2598246472874
"53065",34.7,32.945967634804
"53067",28.6,27.0366008457996
"53069",39.2,37.1449579401777
"53071",26,27.6810575973905
"53073",24.3,26.8903321361352
"53075",18.4,21.3925394877998
"53077",23.3,27.1312618000648
"54001",38.3,38.246870029491
"54003",32.3,28.8314436818255
"54005",41.2,39.0471203674526
"54007",41.5,38.3613769461827
"54009",38.2,35.6289311090482
"54011",36.6,31.8239041972148
"54013",45.8,41.8139624845815
"54015",42.3,39.5817570474832
"54017",38.6,35.2480175829589
"54019",40.1,36.6046865680161
"54021",33.8,29.0582889648529
"54023",40.6,37.0698516246717
"54025",41.6,36.9306423346502
"54027",40.8,36.4742597570154
"54029",39.9,36.0112160630863
"54031",41.5,36.477394727025
"54033",37.6,32.1950177758016
"54035",39.1,36.0169849086214
"54037",33.3,28.8625116094513
"54039",37.4,33.8795746439646
"54041",39.3,36.0678344965455
"54043",41.8,39.5394318690057
"54045",41.8,38.6306988009237
"54047",42.2,39.8802626623506
"54049",36.1,32.0515843608322
"54051",40.1,35.6603051169499
"54053",40.2,38.4161960490041
"54055",41.7,37.1411731392349
"54057",38.4,34.7933766066606
"54059",42.8,40.1858029231143
"54061",25.8,24.1076404374695
"54063",42.6,38.3833456645472
"54065",40.6,36.652122377779
"54067",41.4,37.3916706464778
"54069",37.7,32.9051319602834
"54071",42.7,38.6039758261945
"54073",37.2,31.9779836377428
"54075",43.2,39.2991328923919
"54077",37.7,34.3880860067692
"54079",36.4,31.6188382038831
"54081",39.1,36.3455596825792
"54083",39.1,34.4296126069505
"54085",42.3,39.4935106189173
"54087",43,38.8691436149173
"54089",43.5,41.6548287014893
"54091",38.4,35.1369483424118
"54093",42.4,38.3276395014145
"54095",41.7,38.3646200583685
"54097",38.4,35.8641492108949
"54099",40.5,37.6335414357077
"54101",44.8,40.443230676933
"54103",40.6,37.5682810091913
"54105",41.9,38.0149097670457
"54107",39,34.563115572648
"54109",42.3,39.4893077075162
"55001",35.4,38.9599270096735
"55003",29.1,31.1695542793855
"55005",29.6,31.2613526786786
"55007",34,34.0604411259147
"55009",25.2,26.6365377986278
"55011",30.6,31.8857316965814
"55013",35.5,36.8578567239707
"55015",25.9,26.4112700361658
"55017",28.3,28.4415538994746
"55019",28.8,32.4640087177862
"55021",27.8,29.1784861931744
"55023",31.9,33.0013336141916
"55025",19.5,21.7920518708575
"55027",28.2,29.2221367534786
"55029",33.2,36.124867059967
"55031",28.2,28.2030544136802
"55033",23.9,26.3244959290631
"55035",23.7,25.5002292033162
"55037",34.5,35.9491282014481
"55039",28.9,29.7544926655624
"55041",35.3,35.7756011443399
"55043",26.1,28.6005299257774
"55045",28.5,28.6799025040573
"55047",32.4,32.9282583947887
"55049",28.5,28.4303410452904
"55051",35,37.740867230052
"55053",30.1,31.6398859441423
"55055",26.2,27.8198546617807
"55057",30.9,32.5787459971274
"55059",27.5,25.5116574702411
"55061",29.4,32.1484963577334
"55063",25.4,25.2977124941741
"55065",30,30.625862309823
"55067",33.2,34.9761126713234
"55069",33.4,32.7597423662705
"55071",29.9,31.6938383933493
"55073",27,28.7226100516066
"55075",32.2,34.1809441049789
"55077",33.5,35.3134371201439
"55078",30.3,31.3054476215909
"55079",25.1,24.8201277410928
"55081",30.8,29.4583443203495
"55083",31.2,32.6371073415325
"55085",32.4,33.9929905626752
"55087",26.8,26.5814554044533
"55089",26.3,26.9302156261433
"55091",30.9,32.8511951551736
"55093",25.3,24.987796233973
"55095",31.2,30.421894146755
"55097",24.4,27.2311084850811
"55099",34.1,36.2617646323308
"55101",28.2,27.1969557188324
"55103",31.8,32.6539457193435
"55105",27,27.327026034428
"55107",33.9,34.3882753245249
"55109",24.7,24.3026650912561
"55111",28.5,29.1484834562797
"55113",34.1,34.3778801680676
"55115",30.9,32.916692233101
"55117",26.8,28.7644415365489
"55119",30.9,31.6320205939895
"55121",29.1,29.5671376974167
"55123",31,31.6738110635446
"55125",34.5,35.9929731458739
"55127",26.3,27.9421471932993
"55129",34.3,34.2261849470839
"55131",26.1,27.7296882685029
"55133",26.5,26.0663964505671
"55135",30.8,31.6301324300778
"55137",32.1,35.4012010563423
"55139",27.2,27.0680502203239
"55141",30.1,30.9854770318847
"56001",18.6,20.8398476714996
"56003",28.8,30.1579475337698
"56005",23.6,24.3639129721748
"56007",25.8,27.9506749199281
"56009",27,27.4001034015619
"56011",29.4,30.057283877322
"56013",26.1,28.3691717811438
"56015",29.2,29.4521231194028
"56017",33.2,31.1207345028195
"56019",30.8,31.0027040451108
"56021",24.6,25.9238546753424
"56023",26.8,28.4466939234378
"56025",24.7,25.6877479560728
"56027",30.9,32.939719605908
"56029",29.2,29.9636265359153
"56031",31.7,32.0038897504492
"56033",27.3,28.1960618512125
"56035",28.9,30.4847723230872
"56037",23.8,25.0955080088884
"56039",22.1,23.4356078664917
"56041",25.3,27.1485576995183
"56043",30.4,30.5593157296678
"56045",28.9,29.6171199502617
