"county_fips","per_depres","pred_outcome"
"01001",23.8,21.7045571259474
"01003",23.5,21.50621236599
"01005",22.8,20.5249221285684
"01007",25.9,23.4545754632737
"01009",26.8,24.4450950815016
"01011",21.6,19.447421567603
"01013",22.8,21.1507900925752
"01015",24.6,23.0547403315636
"01017",24.2,21.5169229398349
"01019",25,24.4477602433848
"01021",24.9,22.7406314708081
"01023",23.7,21.0599692590783
"01025",23.7,21.3163092768666
"01027",25.9,23.7773020874381
"01029",27,23.3710447589173
"01031",22.5,21.9479514345261
"01033",25.1,25.0829836293465
"01035",22.6,20.4966649174271
"01037",23.1,21.553488728153
"01039",26.3,23.1080805905425
"01041",24.5,21.7941143984218
"01043",27.6,24.526596074519
"01045",25,22.092384096638
"01047",21,20.1030219127622
"01049",27.8,23.9613478674007
"01051",24.2,21.5322786637227
"01053",25.1,22.0546493067355
"01055",26.4,23.1743372542718
"01057",26.4,24.8778261096229
"01059",26.3,24.0582054674238
"01061",26.8,23.2011883378128
"01063",21.1,18.3276673557679
"01065",22.2,20.4520146217992
"01067",25.3,20.9861196515143
"01069",24.5,21.5030778575329
"01071",27.2,25.8189085888635
"01073",23,19.9779654910668
"01075",25.2,24.3693569934271
"01077",25.2,24.5256726430256
"01079",26.4,23.8801872444542
"01081",25.2,20.7680956299269
"01083",23.6,23.6029304699545
"01085",21.3,19.1954828122817
"01087",21.4,18.0990652930733
"01089",23,21.2422155851134
"01091",23.3,20.2337478549446
"01093",26.3,25.2901243068761
"01095",26.3,24.5096992195645
"01097",24.2,22.1617985006856
"01099",23.6,21.1325030315708
"01101",22,18.5946989490067
"01103",25.9,22.8455429711415
"01105",22.5,20.5967030653149
"01107",22.8,21.7615178466534
"01109",24.2,21.2758684666489
"01111",25.7,23.2918536872109
"01113",23.9,21.043258909527
"01115",25.9,23.0930813072163
"01117",23.2,20.803882442792
"01119",23.2,19.4478962006671
"01121",24.2,22.2802609132494
"01123",23.3,21.7917152819573
"01125",26.3,21.538765785738
"01127",28.7,24.4215402870837
"01129",24.5,21.7356017218683
"01131",22.8,19.7817181768609
"01133",25.9,25.7415997292271
"04001",24.4,19.2171007524051
"04003",21.6,18.7927233796889
"04005",22.5,19.151183018168
"04007",22.2,18.2172177516057
"04009",24.1,19.1697834156025
"04011",20.2,18.7949999277825
"04012",20.6,17.4262269132607
"04013",20.6,18.7845301622998
"04015",22.2,18.4550380321519
"04017",23.2,18.780479617567
"04019",24.1,18.3087412600588
"04021",22.2,18.3065840389704
"04023",18.8,18.9834160947667
"04025",21,18.7729528168772
"04027",19.5,18.0742975627279
"05001",26.1,24.7475048567543
"05003",25.3,25.7667767586644
"05005",26.8,23.8598227251628
"05007",23.8,22.4363150344368
"05009",29.2,24.7570681963764
"05011",25.2,22.0945994992083
"05013",25.2,23.0398087129788
"05015",26,23.3855311184386
"05017",23.1,21.4744268748363
"05019",27.6,24.4678900292478
"05021",29.3,25.8596250157397
"05023",27.1,24.8047851655238
"05025",28.4,25.1656636661271
"05027",25.4,24.3251171519578
"05029",27.5,25.2907578352757
"05031",28.7,24.812656777322
"05033",26.9,25.175443072929
"05035",26,22.3769378136853
"05037",26.6,25.0615628259182
"05039",23.5,20.5494974183005
"05041",25.4,23.3324771524856
"05043",26.8,24.4759617970078
"05045",27.5,24.8456300044688
"05047",27.8,25.9925561953215
"05049",28.8,24.229315287901
"05051",28.4,24.2049358695729
"05053",27.5,25.8551716400921
"05055",29.7,26.4881081482443
"05057",25.4,23.7675197759793
"05059",26.4,25.3594580639067
"05061",24.8,24.1148677454991
"05063",28.8,25.6118080636208
"05065",26.1,24.513958175561
"05067",27.8,25.4681934451476
"05069",24.8,20.7691030413784
"05071",28.7,25.984196675331
"05073",25.2,22.9807811820898
"05075",30.6,26.4916470533789
"05077",23.7,22.315106457029
"05079",25,22.2084213969935
"05081",25.6,22.9965133371901
"05083",28.2,25.0802946344428
"05085",27.8,25.9008457595839
"05087",27,25.1909277784427
"05089",26.6,24.7023281053796
"05091",26.8,24.4528643246126
"05093",27.4,24.4074664543484
"05095",24.9,22.2360291004434
"05097",26.5,24.6186343351901
"05099",25.7,25.3741011086047
"05101",27.8,23.9447273084569
"05103",25,22.5885630978225
"05105",27.4,25.4565856664653
"05107",24,21.9071091527248
"05109",27.4,25.5782441275164
"05111",30,26.4138022378607
"05113",28,24.9654005985173
"05115",29.2,25.4104432552573
"05117",26.4,23.6412112602302
"05119",25.2,21.5505803390323
"05121",29.3,25.8306177528788
"05123",24.6,21.9455741724444
"05125",26.1,24.2519275406611
"05127",27,24.5953221278265
"05129",28.3,25.7241243151636
"05131",29.7,24.0281465623448
"05133",26.5,24.5450910275098
"05135",27.4,25.706202368371
"05137",28.3,25.0219062333611
"05139",23.8,23.6466194194554
"05141",27.8,24.958884310038
"05143",26.8,24.0441510415669
"05145",29,25.7646039180353
"05147",26.3,22.9258185542052
"05149",27.2,24.4791922641021
"06001",19.8,12.4682352231998
"06003",21.8,16.2498315653985
"06005",21.7,18.39411978514
"06007",24.7,21.0521675841002
"06009",22.9,19.8596141594755
"06011",22,16.770264217898
"06013",17.7,14.2360016744256
"06015",24.8,19.1065222472433
"06017",22.3,19.3783465504914
"06019",23.1,16.6696069103636
"06021",23.3,18.6026019039804
"06023",26.2,21.6981976228185
"06025",20.6,15.7064110961095
"06027",21.9,17.389256816721
"06029",21.8,17.7515764031261
"06031",22.1,16.5140161685161
"06033",22.9,19.7080699850765
"06035",23.3,18.0592355724187
"06037",20.2,15.2181035501712
"06039",23.7,16.8960094082848
"06041",18.9,18.0291950959572
"06043",23.5,19.8379846885348
"06045",23.1,19.9268951381292
"06047",23.5,15.705372916055
"06049",23.2,21.5494407657887
"06051",22.6,19.7148634025627
"06053",20.9,14.3316016408256
"06055",21.5,16.6954861346406
"06057",24.4,20.7088550561818
"06059",19.4,15.6422949959236
"06061",21.5,18.2995415622529
"06063",22.5,20.501766256029
"06065",19.5,15.8761803738249
"06067",24.8,15.7728457470715
"06069",20.1,15.3118954029335
"06071",22,16.1391717153123
"06073",21,16.6703967061842
"06075",18.2,13.6815485826811
"06077",19.1,14.5753943449874
"06079",23.2,18.6670004888248
"06081",17,13.2761368285614
"06083",22.9,17.35499671876
"06085",16.9,12.3391636102148
"06087",23.5,17.5062204645292
"06089",24.7,21.4707952183053
"06091",22.2,20.7242418069456
"06093",23.9,21.2744547245724
"06095",20.2,14.325549753453
"06097",21.2,17.669505889764
"06099",22.2,17.0053973154766
"06101",22,16.4304109261454
"06103",23.9,20.2177493497779
"06105",22.9,21.0390472535965
"06107",22.2,17.0882618395486
"06109",22.4,19.6875130511966
"06111",21.1,17.1573834006206
"06113",23.8,17.9986899398815
"06115",23.9,18.3757257876436
"08001",23.3,20.6995791599298
"08003",24.1,19.9696571728154
"08005",22.2,21.0329763062126
"08007",21.3,19.1934694808458
"08009",25.5,20.4779873323873
"08011",21.7,20.3965653142499
"08013",21.7,21.3999343425872
"08014",22.1,20.8392962353612
"08015",21.8,19.8789640301095
"08017",22,19.4886241524305
"08019",21.4,19.6379345443131
"08021",22.1,19.6093008856564
"08023",20.8,18.5199057368632
"08025",20.8,20.1237444953651
"08027",21.8,19.2789895544448
"08029",22.3,20.1228205162139
"08031",25,21.6349554026869
"08033",22.1,17.5545964541826
"08035",19.7,20.7768286706934
"08037",21.8,20.4879122157976
"08039",23.5,19.3176345669672
"08041",24.4,20.547541032873
"08043",21.6,20.215137551497
"08045",23.7,20.7494103948101
"08047",22.7,20.2623927096131
"08049",21.8,19.6930007229334
"08051",23.1,20.6379844608154
"08053",21.4,19.1526056533965
"08055",21.7,19.5416166054598
"08057",23.4,18.80200749743
"08059",23.4,20.4220668890376
"08061",24.1,19.4245853325019
"08063",22.3,18.9712610160325
"08065",21.3,20.254704207702
"08067",22.6,20.0842613502765
"08069",26,20.780965467168
"08071",22.6,19.3007518686427
"08073",21.9,20.083004350337
"08075",23.6,19.0923239753739
"08077",24.4,21.0987802819957
"08079",22.8,19.9468334849985
"08081",24.5,21.9394856960426
"08083",24.2,19.8170694587626
"08085",22.8,20.2911912525414
"08087",22.5,19.4763581144487
"08089",23.7,20.1427754695177
"08091",21.8,18.2056506984204
"08093",22.6,19.3970331974772
"08095",23.4,18.4442737170062
"08097",20.4,19.6298898231023
"08099",23.9,20.3231494235018
"08101",22.2,20.1182464058724
"08103",24,20.7334309299742
"08105",20.7,19.8123997265483
"08107",22.1,20.2285800077966
"08109",22.7,19.7339019628351
"08111",22.4,20.32763343595
"08113",22,19.8346370964974
"08115",23.1,17.2118143175517
"08117",22.3,20.748346789391
"08119",21.9,19.375995999314
"08121",22.8,18.9054815949468
"08123",23,20.2302172495677
"08125",23.3,19.0763600334282
"10001",20,19.3785737240826
"10003",20.3,17.9856258398464
"10005",19.7,19.1740610578796
"11001",20.8,17.9743217706434
"12001",22.5,19.9203472137629
"12003",21.6,21.8350162043031
"12005",21,21.625652201704
"12007",23.6,21.3194184749987
"12009",20.3,19.4694453764563
"12011",17.1,18.0365330934269
"12013",21.1,21.5332180796487
"12015",20,19.0056844893283
"12017",20.3,20.5773517029354
"12019",21.2,20.5409178822698
"12021",16.8,17.6781736123615
"12023",21.6,21.1459917444453
"12027",21.3,21.2317798876582
"12029",22.8,21.5934914278934
"12031",21.8,19.3933881498677
"12033",23.5,21.718589468951
"12035",19.1,18.9499944213992
"12037",20.4,20.4069527716131
"12039",19.5,19.137700055794
"12041",22.8,22.1838672637122
"12043",19.9,19.6180865572008
"12045",20.3,20.3880733474933
"12047",20.7,20.7665098379566
"12049",21.5,22.4767294666555
"12051",21.3,21.2992953002006
"12053",21.7,20.8614591074982
"12055",18.6,19.3625673096928
"12057",19.3,19.5438055894236
"12059",22.9,22.3942544816553
"12061",18.7,18.5076184192351
"12063",21.8,21.2054652928704
"12065",19.1,19.8315502836312
"12067",21.3,21.099562001706
"12069",20.6,19.4757059998111
"12071",19.9,19.1761639315233
"12073",23.5,19.7922051066001
"12075",21.3,21.3824216180593
"12077",23.3,22.2223005138728
"12079",21.1,20.1233358775295
"12081",20.5,19.4421676876273
"12083",20,19.9258683498435
"12085",17.6,18.7694607323952
"12086",16,18.5091112936927
"12087",18.9,18.9506918376026
"12089",18.6,20.198439308718
"12091",21.7,21.1668711888392
"12093",21.9,21.1801478310369
"12095",20.6,18.9001017910303
"12097",19.3,19.4413251800446
"12099",17.4,17.8464671108889
"12101",21.3,20.7268269287733
"12103",22,19.8355092135144
"12105",21.6,20.3473189995815
"12107",23.4,21.6326669913587
"12109",18.2,18.9826255916787
"12111",20.5,19.0787890838968
"12113",21.1,22.1814480311136
"12115",16.9,18.5005123770378
"12117",19,19.0438552514961
"12119",16.9,15.8341555968823
"12121",21.4,20.986748059916
"12123",20.6,20.9441368405017
"12125",20.7,20.2704629322834
"12127",20.6,19.8410011454032
"12129",22.7,21.2783373208684
"12131",20.4,20.770662540667
"12133",22.9,22.5788221331513
"13001",21.9,22.4287429951594
"13003",22.9,22.4882465626731
"13005",24.4,22.4442646834067
"13007",20,18.7438575177572
"13009",22.2,20.0956032377281
"13011",24.3,22.1540674809226
"13013",22.1,20.1390877298947
"13015",21.5,21.1556293924488
"13017",23.2,21.8572549816353
"13019",23.8,22.692168342672
"13021",21.2,19.2430791444697
"13023",22,21.4527876558611
"13025",24.6,23.3904266948907
"13027",22.2,20.9567795305167
"13029",23.1,20.0295533833879
"13031",22.6,21.2102667724866
"13033",20.9,19.7414476998336
"13035",21.4,20.7638668797092
"13037",18.7,17.8928631904007
"13039",23.5,21.1673031328844
"13043",23.1,20.8541314530097
"13045",22.4,21.9111794145939
"13047",23.8,23.1282909692
"13049",20.4,20.4257770711189
"13051",19.9,18.420744104318
"13053",23.2,20.3627945356496
"13055",24,25.0339679485374
"13057",21.9,19.6473117426278
"13059",23.6,20.7862821017719
"13061",18.5,19.1436197513376
"13063",18.2,15.8151034755835
"13065",24.2,22.7602053036873
"13067",18.2,16.0362211706161
"13069",21.4,21.1728710918753
"13071",22.8,21.2668782730076
"13073",21.8,19.436138799559
"13075",22.2,21.4867192740303
"13077",21.6,20.0199257307145
"13079",21.7,21.1097583066672
"13081",21.1,20.314251831236
"13083",22.6,22.5866896566428
"13085",20.9,19.9308015422416
"13087",21.1,21.0144442129999
"13089",19.2,15.2932247450999
"13091",20,21.0971678556418
"13093",18.3,18.4137770461178
"13095",19.5,18.66479913142
"13097",19.3,17.2175147388551
"13099",20.1,19.9589926854297
"13101",22.1,21.386021438959
"13103",21.8,20.7208818137689
"13105",21.8,21.4673761152013
"13107",23.1,21.185284056351
"13109",22.5,20.4730614748517
"13111",23.2,20.6723003753388
"13113",18.3,17.1757029424518
"13115",24,21.9172233241946
"13117",18.7,17.3103125673262
"13119",24.5,22.31601466887
"13121",17.5,15.5857220311594
"13123",21.1,21.2099156795314
"13125",23.5,23.0753866854004
"13127",20.4,19.7984406699262
"13129",24,21.5390992699021
"13131",22.3,20.6741646101082
"13133",19,17.0465074656506
"13135",18.9,15.6641470785814
"13137",24.1,21.4635277786894
"13139",22.1,20.1111937881522
"13141",18.1,18.3138277491482
"13143",23.8,23.1516246109235
"13145",21.1,19.7616094268975
"13147",21.1,20.5032296519034
"13149",24.1,22.7102254589365
"13151",18.6,17.4418000712195
"13153",21,19.0576684659976
"13155",22.2,21.0308110970666
"13157",22.9,20.6556402283595
"13159",23.1,21.0434912994738
"13161",24.9,22.3373302616301
"13163",21.3,19.2637871272017
"13165",21.5,21.2819116370463
"13167",21,20.3085997959886
"13169",22,21.0920086889155
"13171",22.9,20.4432653950062
"13173",23.1,22.7969415400556
"13175",21.2,21.1643405449194
"13177",21.3,20.2840284981778
"13179",20.8,19.4523641816993
"13181",20.5,20.3994462696539
"13183",22.6,21.1057222908632
"13185",22.2,20.5282430439664
"13187",23.7,23.0426957577938
"13189",21.1,19.7050632814389
"13191",20.4,19.3484031759618
"13193",20.5,18.4542719048606
"13195",23.2,22.4109961443089
"13197",21.7,19.3291878266001
"13199",22,20.6818620031467
"13201",21.7,21.0203859289208
"13205",21.3,20.4732565837629
"13207",21.4,19.867592191008
"13209",22.7,20.4148700802757
"13211",20.1,19.3119947813195
"13213",23.8,24.1551320142978
"13215",21.5,19.1049697041575
"13217",20.8,18.4901058188618
"13219",20.8,18.7923219534133
"13221",22.1,20.1708307958161
"13223",22.3,19.7340986642002
"13225",20.8,19.8345930429368
"13227",22.5,22.9313719580913
"13229",23.2,22.1837746113776
"13231",22.3,21.1020330730798
"13233",22.9,22.664132709281
"13235",22.6,20.8953147200939
"13237",20.4,19.6002432530279
"13239",19.5,16.1030150886405
"13241",21.7,21.6368708279169
"13243",20.5,20.1227881768204
"13245",20.6,18.9709254044811
"13247",19.2,16.1395394862392
"13249",22.4,21.6186689667529
"13251",21.4,20.0750554199427
"13253",21,20.3829320932573
"13255",21.5,20.6902585265859
"13257",23.5,21.8994869359531
"13259",18.3,15.4391315289047
"13261",20.7,19.8932664184138
"13263",18.9,18.1132137093459
"13265",18.2,17.9969503579933
"13267",21,20.0149713183794
"13269",22.4,21.468555863544
"13271",20,20.8116038099366
"13273",20.1,19.5219781975369
"13275",21.4,20.492605297724
"13277",21.9,21.0018055378428
"13279",22.6,21.5215513179191
"13281",21.2,20.8538711526388
"13283",22.7,21.5998664309437
"13285",21.1,21.2875982600455
"13287",23,21.4346697674599
"13289",19.9,19.6042990239112
"13291",21.5,21.387452178799
"13293",22.9,22.227421107562
"13295",25.3,23.5091946388306
"13297",22,20.9558750583154
"13299",22,21.5681215552872
"13301",19.2,19.2111455793374
"13303",19.5,18.4563255479097
"13305",22.7,21.8084876683633
"13307",20.5,19.1430074040764
"13309",20.7,19.6351596328474
"13311",22.6,22.5529430856152
"13313",23,20.4426509455458
"13315",19.9,19.7512516604139
"13317",19.6,18.7415827636363
"13319",21.6,20.6837885471547
"13321",21.4,21.8499043173443
"16001",24.8,23.0148256115509
"16003",21.8,20.9169367736306
"16005",25.5,23.4507746737061
"16007",23.6,21.7987196042753
"16009",22.8,21.8589627983273
"16011",23.8,23.164575399135
"16013",20.1,20.0915664604921
"16015",20.3,20.2615438561873
"16017",23,22.1097752726587
"16019",23.2,22.8536427792146
"16021",22.1,22.8742340863865
"16023",23.2,24.0985749369692
"16025",20.9,22.0879193897474
"16027",22.4,23.1279041480789
"16029",22.7,21.4286127367882
"16031",22.6,22.4842415703206
"16033",21.4,19.8529170294889
"16035",21.6,19.842287723539
"16037",20.5,18.9833155885346
"16039",22.6,22.4670967382307
"16041",23.2,22.0489660828756
"16043",22.5,21.0606098671371
"16045",22.3,22.0613049890668
"16047",22.7,21.1221044113659
"16049",21.2,19.0055698699525
"16051",22.6,22.334184496107
"16053",22.5,23.1082975743905
"16055",22.4,22.9799549734928
"16057",24.5,23.4505745447771
"16059",21.4,21.6142335867756
"16061",23.4,23.2491827182282
"16063",22.5,20.9261337525067
"16065",30,27.7927346084674
"16067",23,23.0168634324942
"16069",22.7,23.6352210761466
"16071",21.6,22.2096545129219
"16073",22.6,19.6194434228838
"16075",23.7,23.5706079048474
"16077",22.5,22.8910998397573
"16079",24.7,22.744728154712
"16081",21.4,20.0957684701569
"16083",24.3,23.0565675895228
"16085",22.6,19.8683973963099
"16087",22.5,23.3396014431645
"17001",21.8,20.0596088587061
"17003",20.5,22.2730549789555
"17005",23.4,21.2867036523145
"17007",22.1,19.6248475142368
"17009",20.1,18.5864431510152
"17011",22.2,19.9561951617951
"17013",19.6,18.7362025241829
"17015",19.9,19.5193643067793
"17017",20.9,20.4960028321717
"17019",20,20.0706750326146
"17021",21,20.4661801196725
"17023",21.2,21.3647224932078
"17025",23.1,22.6579700183455
"17027",21.2,20.8401949602775
"17029",23.8,22.9422258569463
"17031",17.3,16.5529497730199
"17033",22,20.5792083408496
"17035",22.2,21.6046776305793
"17037",21.9,20.7697301723916
"17039",22,20.3000531821596
"17041",22.5,24.2883890381746
"17043",16.3,15.3325956705114
"17045",22.1,19.9247445093261
"17047",21.9,23.7041191012559
"17049",21.2,22.1236730053714
"17051",21.1,22.0844308456947
"17053",22.5,21.8775843700946
"17055",22.8,23.0038843925771
"17057",22.4,20.2003883935714
"17059",22.4,22.4788423543934
"17061",22.7,21.5977220327256
"17063",20.7,19.8824242064969
"17065",22.8,22.1409137268328
"17067",21,19.4496463713038
"17069",21.6,18.1982113088831
"17071",20.7,18.0539238533658
"17073",20.7,18.7165667247395
"17075",21.2,20.8988701815879
"17077",22.9,24.1678649292988
"17079",21.5,21.2540974964392
"17081",22,21.8538394831748
"17083",22.3,20.80668177824
"17085",19.7,18.1338516108738
"17087",19.8,22.2711600497817
"17089",19.2,17.7036688650842
"17091",20.9,20.6087004565768
"17093",19.5,18.0263902548939
"17095",22.3,20.0774792928145
"17097",18.9,16.525875373026
"17099",22,20.4357210977965
"17101",22.1,21.4654749861092
"17103",21.5,19.3925844371626
"17105",21.8,19.9354244290323
"17107",22.1,20.4872530789481
"17109",23.6,22.1094452342806
"17111",19.9,18.8959123061589
"17113",21.7,20.08258742361
"17115",21.3,19.5645064817163
"17117",22.4,21.0906169921758
"17119",20.6,21.0166533933784
"17121",23.1,22.720397327526
"17123",22.1,20.0261166479854
"17125",21.4,20.7727618277965
"17127",22,23.2881160684492
"17129",22.3,19.7221762489269
"17131",21.5,18.6521237147906
"17133",20.6,20.2107550638884
"17135",21.1,20.0853968297931
"17137",21.8,20.1621342618561
"17139",22.6,23.6844697471828
"17141",22.1,19.3641147585541
"17143",21.9,19.2124369392594
"17145",21.9,21.0540348395726
"17147",20.7,19.5607373212453
"17149",22.1,21.0206858881522
"17151",20.1,21.9167974480983
"17153",20.8,23.6262141169233
"17155",20.3,18.4151600399427
"17157",21,20.1597882978793
"17159",21.8,21.805838163534
"17161",20.2,19.5166262417103
"17163",19.9,20.7454248360979
"17165",23.4,22.9977475242269
"17167",21.4,19.7992032906458
"17169",20.7,20.6455861128816
"17171",21.1,20.8468818906561
"17173",22.3,19.9721956016271
"17175",21.9,20.1431229579062
"17177",21.6,19.2322148470241
"17179",22.3,19.40214084317
"17181",21.7,22.5369270086831
"17183",21.4,20.8893441172526
"17185",22.3,21.1173643199369
"17187",22.4,20.5491442352823
"17189",20.8,20.5778880421596
"17191",22.4,22.5878020416873
"17193",23.4,21.9504872736326
"17195",20.6,19.6670656184065
"17197",19.1,17.0333558567247
"17199",22,21.6591011000498
"17201",21.4,19.9630838107298
"17203",22.1,19.1348531075253
"18001",26.7,26.3126268373374
"18003",23.8,22.2465621051172
"18005",22.8,22.6450233866269
"18007",25.2,24.5853530491792
"18009",24.6,25.565917662334
"18011",22.9,21.5460717745869
"18013",22.9,20.6872081785323
"18015",23.7,22.9973475779054
"18017",24.3,23.0259472251978
"18019",24.3,23.9922050089544
"18021",24.6,23.9758508537115
"18023",24.2,22.8313047242843
"18025",25.5,26.3231890809623
"18027",26.1,26.5955746012445
"18029",23.3,23.5552382324982
"18031",25.1,24.0176413428217
"18033",24.3,23.7018648879085
"18035",30.4,26.0287260457437
"18037",23,23.2857095850659
"18039",23.4,23.2318713098071
"18041",25,25.1788988513248
"18043",24.4,23.737674884327
"18045",24.2,23.7886367615441
"18047",24.1,23.4502795763337
"18049",25.5,24.7419062053154
"18051",26,23.6621907069239
"18053",27,25.4171513245964
"18055",25.1,23.957745958774
"18057",20.6,20.3815265320203
"18059",24,21.9594557931119
"18061",23.3,24.2370277668214
"18063",22.6,21.2242810278906
"18065",25.1,23.84947468589
"18067",24,23.000619862658
"18069",25.5,23.9307369265446
"18071",25.1,24.6697723616848
"18073",24.5,21.3463587396599
"18075",26.2,25.1562428141965
"18077",24.9,25.3333344144155
"18079",25,25.9268581644228
"18081",24.1,22.9488409409355
"18083",24.7,23.0963752644912
"18085",23.2,22.9329950249724
"18087",27.1,27.5463263719533
"18089",20.5,18.4309296807577
"18091",23.4,21.3122459570807
"18093",25.1,23.5684563952003
"18095",25.5,23.6551933502568
"18097",23.2,22.242582350762
"18099",23.3,24.0074168799257
"18101",24.9,23.4715808891362
"18103",23.8,23.9256225023993
"18105",26.9,24.4481728557734
"18107",25.1,23.3163429448028
"18109",25,23.8491653174996
"18111",24.9,23.005821384381
"18113",23.8,22.8171475727198
"18115",24.3,23.691642067279
"18117",25.3,24.907131300357
"18119",24.6,23.6392682743127
"18121",25.9,25.9490125623122
"18123",24.2,22.8021243334793
"18125",24.3,23.6946366096219
"18127",22.5,20.6423000715533
"18129",22.8,22.1328412193016
"18131",24.5,23.8341880330508
"18133",25.1,22.6053591283779
"18135",25.3,24.1341394928869
"18137",25,24.5870715924322
"18139",25,24.7807656167946
"18141",25.4,21.6026213140643
"18143",26.7,26.4201836626438
"18145",25.4,24.7528255698637
"18147",23.2,23.0345681716413
"18149",24.7,24.636857451418
"18151",22.9,22.5133756834421
"18153",24.4,22.9406030722191
"18155",23.9,26.6115680565301
"18157",24.8,23.3078081302506
"18159",23.3,23.8031413671616
"18161",24.9,22.8472650728713
"18163",24.6,22.8714039836161
"18165",26.4,22.8067852731426
"18167",26.5,23.4610061550134
"18169",23.7,23.6974031075144
"18171",23.7,22.7587797734679
"18173",22.4,21.540903972657
"18175",26.4,26.0224883831915
"18177",24.7,25.1041841374121
"18179",24,22.3674804211034
"18181",24.7,21.6578624933719
"18183",24.2,23.3598736811765
"19001",18,17.8378004699648
"19003",18.3,17.6111539803917
"19005",17.6,19.4695004787793
"19007",18.7,21.1467769484008
"19009",18.9,17.9608825352792
"19011",20.2,17.8968549133604
"19013",20.5,19.4911402707589
"19015",18.9,17.7823719533216
"19017",19,18.552332369367
"19019",18.9,19.1670857268415
"19021",16.1,18.5179101122712
"19023",17.4,17.4451406970069
"19025",18.2,17.331011585455
"19027",19.4,17.0251982731074
"19029",20,18.968359157455
"19031",19.4,18.2210411750695
"19033",18.8,19.0580080595647
"19035",17.7,18.7030740817386
"19037",18.4,19.9103854651106
"19039",18.4,20.0278464739195
"19041",17.5,19.0514780406041
"19043",17.5,19.1970061426259
"19045",19,19.8747110043093
"19047",17.6,17.8347951993972
"19049",17.4,17.0709876673334
"19051",19.4,23.2378584652206
"19053",19.4,20.3687912360371
"19055",17.4,18.7667977890913
"19057",19.2,19.951243058199
"19059",17.6,18.8380909251392
"19061",19.4,19.3970175501481
"19063",18.5,19.712585449246
"19065",19,19.0842163732388
"19067",18.2,19.1185736647441
"19069",18.4,19.6921489374173
"19071",17.7,16.5646547648955
"19073",18,17.8171490166544
"19075",18.3,17.3159479180457
"19077",17.7,17.2436080142597
"19079",17.3,17.8388239769337
"19081",18.1,18.6501164407996
"19083",19,17.7623288992797
"19085",19.2,16.48245146213
"19087",18.2,18.7468887302832
"19089",18.4,20.834372257463
"19091",19.4,18.8831908486006
"19093",17.7,17.6370370623342
"19095",17.5,17.9247497187733
"19097",18.8,19.6143343252863
"19099",17.9,17.5275802494039
"19101",17.6,18.2913857374289
"19103",20,20.2258920188881
"19105",17.4,19.2363705791494
"19107",18.4,18.9419408659013
"19109",17.8,18.7668407103172
"19111",19.2,19.7006733475525
"19113",21.5,18.7107255850114
"19115",19.5,18.9115111521673
"19117",19.1,20.9964649105704
"19119",18.1,16.6066396898962
"19121",17.6,17.129151078619
"19123",19.3,18.802858307101
"19125",18.6,17.2461426628185
"19127",18.4,17.9831742386828
"19129",18.8,17.3085197071727
"19131",19.5,19.6784529913512
"19133",19.3,18.1990887863374
"19135",18.8,18.4772503770929
"19137",19.2,17.787353298695
"19139",19,18.9991109295859
"19141",18,19.5014869106994
"19143",19,18.6028372589536
"19145",17.6,17.9964691084564
"19147",18.1,18.9547961726141
"19149",18.8,16.5315046240166
"19151",17.9,17.4475934491416
"19153",20.5,17.4946008978491
"19155",20.2,17.3136435026255
"19157",19.1,18.1333710412567
"19159",19.3,18.146912254791
"19161",17.6,17.3322628483412
"19163",18.6,19.2692535092787
"19165",18.4,17.219321936224
"19167",17.1,17.1632286554992
"19169",19.7,20.374052971864
"19171",18.6,19.4993724708361
"19173",18.6,17.4736774194972
"19175",19.1,19.218793369385
"19177",18.9,20.3034916907261
"19179",18.3,21.6957799778182
"19181",19.3,16.938227344043
"19183",18.3,18.1057063992178
"19185",19.9,21.0894180843389
"19187",18,18.5002625739996
"19189",17.6,19.0784208917189
"19191",17,18.8305152843141
"19193",19.4,18.4043936073675
"19195",18.2,19.2259916668029
"19197",18.8,18.6080107215564
"20001",21.4,21.8172524511856
"20003",21,23.1700942526195
"20005",21.7,21.1535337967362
"20007",19.3,21.6123586912971
"20009",19.1,20.5415012336861
"20011",21.1,22.0698054706386
"20013",19.2,20.0831006344486
"20015",20,20.3429291434546
"20017",18.9,19.8732497885352
"20019",19.9,21.6453096874755
"20021",21.1,23.1213024150693
"20023",19.2,18.1406645259031
"20025",18.8,20.6923935254652
"20027",19.7,18.3598767961294
"20029",20.9,18.5855229999091
"20031",20.6,20.5844005789883
"20033",18.3,19.6770196988137
"20035",19.9,21.4694421439408
"20037",21.9,23.0163019497847
"20039",18.4,17.7607251343836
"20041",20,19.5786841185775
"20043",20.8,19.6189439167139
"20045",23.8,20.7601169562095
"20047",19,20.1322850697771
"20049",20.2,19.8227904783312
"20051",19.8,20.4221042872376
"20053",18,18.6491182076087
"20055",19.1,21.1164418459422
"20057",19.3,21.4378783939096
"20059",20.3,20.6895969052119
"20061",21.4,21.997620670627
"20063",19.1,18.1387935623294
"20065",17.7,18.4359317418445
"20067",18.1,19.9699333422668
"20069",19.8,18.9206031960742
"20071",17.9,19.7708084081459
"20073",19.7,20.2468629928565
"20075",18.5,20.7184505046847
"20077",20.2,20.9125327470465
"20079",20.3,20.8088363234477
"20081",19.7,20.6816516582575
"20083",17.8,19.7826797489628
"20085",19.4,19.1340386319337
"20087",18.7,19.1002459323663
"20089",18.1,19.102066059346
"20091",17.8,18.8282067217371
"20093",19.3,20.4710767053671
"20095",20.6,19.7548325923273
"20097",18.4,20.2878280075821
"20099",20.3,21.8463881189987
"20101",19.5,19.5960097344616
"20103",19.6,19.4453739243887
"20105",19.4,18.6324295452462
"20107",19.6,20.9561504951141
"20109",20.2,19.0592604282323
"20111",19.5,22.4624360160336
"20113",19.5,19.5593491311232
"20115",18.9,18.9334184443438
"20117",19.9,18.1588771843852
"20119",19.2,20.1120553841449
"20121",19,20.3558383527535
"20123",19.8,19.661273150607
"20125",18.8,22.7813106374756
"20127",18.3,18.5444168427505
"20129",19.2,19.9576765889841
"20131",18.8,18.6742532178577
"20133",20.1,22.6226435935747
"20135",18.7,19.5519578170968
"20137",18.8,18.6923663923994
"20139",19.5,20.5338559085502
"20141",18.8,18.4480707149647
"20143",19.9,18.2422548262781
"20145",18.1,19.9266150156765
"20147",19.3,18.285622947431
"20149",19.2,19.3645100806684
"20151",19.3,20.5752136706608
"20153",18.9,17.5051371041564
"20155",20.6,20.3650258090141
"20157",18.8,18.2382838825912
"20159",19.2,20.015262591084
"20161",21.6,22.146993672159
"20163",18.8,17.3720649751543
"20165",19.4,18.7428377118289
"20167",19.1,19.8592527341263
"20169",20.3,20.3979778345177
"20171",19.6,18.4795028858074
"20173",19.6,23.0600987039057
"20175",18.7,21.3400586883492
"20177",21.2,19.8495197804921
"20179",18.1,18.2386455765201
"20181",19.8,19.1057950005852
"20183",18.1,17.7360024332355
"20185",19.2,20.151702470578
"20187",18.7,21.1853647120242
"20189",18.7,20.6534156435434
"20191",19.5,20.7754347990517
"20193",19.7,18.3425689245338
"20195",18.3,18.1327903222957
"20197",18.6,19.0974050581371
"20199",18.8,19.3525743254676
"20201",19.5,17.7994535039736
"20203",17.9,19.9806977294261
"20205",19.6,20.6116697570216
"20207",19.7,19.763821270478
"20209",18.6,22.509101666761
"21001",26.4,27.2348769667107
"21003",28,27.408757046712
"21005",27.3,25.6049713624462
"21007",27.7,23.6701873193622
"21009",27.4,28.0972958909241
"21011",26.8,27.7676255773412
"21013",28.6,28.7361052705922
"21015",25.5,22.6894820583678
"21017",26.3,25.0376393892688
"21019",27.5,26.2478447944817
"21021",26.2,25.1286837990862
"21023",28,26.5479423350583
"21025",29.7,29.0128736766943
"21027",27.6,27.7650274131406
"21029",25.9,25.2543604178981
"21031",28.4,28.3150379227356
"21033",26.2,24.7574301791996
"21035",28.6,26.1334852658125
"21037",25.4,23.3650229647581
"21039",27.1,26.4926716506741
"21041",28,27.2989130713386
"21043",28.3,26.9060963737446
"21045",29.7,29.1339215080299
"21047",26.8,25.8104884355887
"21049",26.8,25.9836504390295
"21051",29.1,28.9166793565788
"21053",28.8,27.623842775839
"21055",27.4,25.3307803276261
"21057",27.6,28.5736297393794
"21059",28.1,24.4341750057742
"21061",28,26.7522882341985
"21063",27.4,26.6440192229242
"21065",28.6,28.3212053364445
"21067",25.5,23.0417804546645
"21069",28.1,26.773789796364
"21071",30.2,29.3361161659923
"21073",25.7,23.9129513910558
"21075",27.2,23.728204514421
"21077",27.9,27.1369333010447
"21079",28.2,26.4415983760604
"21081",27.4,26.2960015615882
"21083",27.1,26.0183630016526
"21085",27,27.8909115859564
"21087",28.8,27.8874428700158
"21089",27.2,25.5895710265379
"21091",26.5,26.0603724328681
"21093",26.2,25.2691647607569
"21095",30.4,29.4959489459148
"21097",26.7,26.012713880095
"21099",28.8,28.874157623378
"21101",26.2,24.5188697591838
"21103",26.9,26.414554683127
"21105",25.7,23.3573356515862
"21107",27.8,25.4048079511713
"21109",30.1,28.6270714962992
"21111",25,23.2517352764783
"21113",26.3,25.0693188870863
"21115",29.7,28.0201853563852
"21117",26.3,23.7004638566536
"21119",30.2,28.6888046154039
"21121",29.7,29.757900763846
"21123",29.3,27.3077458290743
"21125",28.2,28.3130677352819
"21127",28.3,28.7761383670994
"21129",29.5,29.0186679981518
"21131",29.4,29.9922108858956
"21133",29.9,28.8767133766033
"21135",28.7,28.8008721987529
"21137",28,27.167805859129
"21139",26.8,24.8889866892889
"21141",25.8,26.8411730142582
"21143",24.1,20.0325752016236
"21145",26.9,22.1499418977865
"21147",29,29.1439487014999
"21149",26.8,24.0475669043787
"21151",27,25.9902789172264
"21153",29.3,29.8059951177046
"21155",27.6,27.8208612861885
"21157",27.1,24.3739761648063
"21159",29.2,27.8248665978432
"21161",26.6,25.3127090662165
"21163",27.1,26.8742947661039
"21165",28.2,28.2651985532385
"21167",26.2,25.1306741141881
"21169",27.6,28.5054434913746
"21171",27,27.6957377796872
"21173",29,26.5695487849392
"21175",27.8,25.6632481481053
"21177",28.1,25.1801428741405
"21179",25.7,24.9721188205641
"21181",28.2,27.2077897177557
"21183",27.6,25.7814969104328
"21185",23.7,22.0284533685948
"21187",26.8,25.1322275208868
"21189",28.5,28.0877913864394
"21191",27.4,26.5272241817648
"21193",29.2,28.9678068699012
"21195",29.2,28.033719866705
"21197",28.6,27.8706678905512
"21199",29.1,27.964509325967
"21201",27.7,29.2684651399091
"21203",28.9,28.5677752710392
"21205",30.2,28.382878207547
"21207",29.3,27.5175385507603
"21209",26.3,24.6507585617279
"21211",24.8,23.5624582507642
"21213",26.6,27.2731255811714
"21215",26.6,25.6095273096438
"21217",26.8,25.9564588860486
"21219",27.6,30.5675110591621
"21221",26.2,24.8108202383504
"21223",26.4,26.0930094105951
"21225",27.4,24.9433006890149
"21227",26,26.6251780309516
"21229",25.7,25.7685397902612
"21231",28.3,28.1068467781395
"21233",27.6,26.8715656446105
"21235",29.1,28.9416985765506
"21237",31,30.964987559835
"21239",24.5,23.0747800309494
"22001",27.8,28.8394116787393
"22003",28,26.4374197820492
"22005",25.8,24.443796560323
"22007",27.7,25.0520217536642
"22009",29.5,26.9811422699017
"22011",28.9,25.8818270405292
"22013",26.8,25.1080911999245
"22015",27,23.2023900422934
"22017",24.2,22.1695416930997
"22019",28.9,25.1248685090788
"22021",27.6,27.2791046255954
"22023",29.5,26.2597480043214
"22025",26.6,25.0739286039523
"22027",24.9,23.5883353118474
"22029",27.7,26.0569700235442
"22031",26,24.5149456775325
"22033",26.1,21.3041052318301
"22035",25.3,24.0791773015277
"22037",24.3,21.5089008838212
"22039",29,27.0393790983466
"22041",27.8,26.2572239525508
"22043",28.5,25.2381251312037
"22045",28.1,26.2632818529003
"22047",25.4,22.863594490931
"22049",27.1,26.026746972558
"22051",26.8,22.1218145532814
"22053",28.7,27.0599670706441
"22055",27.5,24.2144378164288
"22057",29.6,27.3308227813232
"22059",28.3,26.9120702714879
"22061",29,24.3910492925787
"22063",29.1,26.3187908255464
"22065",26.5,23.9517151737711
"22067",26.7,23.9303127597086
"22069",27.1,24.232377318898
"22071",25.4,20.3491036476512
"22073",25.6,24.1942869031002
"22075",26.5,25.908559636461
"22077",27,24.3687148734393
"22079",27.6,24.270988598962
"22081",27.1,24.5254266714256
"22083",27.2,24.3572925694591
"22085",27.4,25.2026925520665
"22087",31.1,27.1904571966474
"22089",27.7,24.4640253581837
"22091",25.1,22.8515289231354
"22093",24.8,23.1618173270321
"22095",24.5,22.5097832528722
"22097",28.1,25.7381272762002
"22099",26,25.7501791676649
"22101",26.7,27.0055624420031
"22103",30,23.5107476618796
"22105",28.7,24.9448408686437
"22107",25.2,23.0014937449966
"22109",27.2,26.2165420838811
"22111",27.3,25.6326055177438
"22113",28.6,27.2037935417017
"22115",28.6,26.2683139807236
"22117",28.2,25.0533916235855
"22119",27.6,25.5463415572169
"22121",25.9,23.9766855667167
"22123",28.7,25.8718585722131
"22125",22.3,20.7310168729782
"22127",26.5,23.9961606832375
"23001",28.9,23.3106036416644
"23003",24.3,23.6483629139635
"23005",24.8,21.8176124473136
"23007",26.3,23.7422776836148
"23009",23.9,22.9714849973543
"23011",25.8,24.1144439579897
"23013",23.5,22.0129199937199
"23015",23.6,21.8522730114649
"23017",25.6,23.8848491673593
"23019",29,23.9294379470942
"23021",24.5,23.0555217208759
"23023",25.4,23.1486640377728
"23025",25.5,25.0274894001306
"23027",24,23.4123553147929
"23029",25.5,23.6251452923421
"23031",24,22.3132574588162
"24001",26.7,22.5456285822295
"24003",19.9,17.971472620754
"24005",20.4,17.8561686774944
"24009",20.8,19.5532845542844
"24011",24.2,22.0633227246219
"24013",21.1,20.2262989192565
"24015",22.7,21.463809168923
"24017",17.7,16.63336373844
"24019",22.7,20.8917373116362
"24021",22.4,19.185474582433
"24023",21.6,23.1792508497377
"24025",21.7,19.1130950459474
"24027",18.1,15.8665371607743
"24029",21.2,19.5841371571207
"24031",18.3,15.6948941995754
"24033",14,14.0958770416249
"24035",21.2,20.2685171639372
"24037",21.9,20.5014317401365
"24039",21.4,20.5208477657889
"24041",19.2,18.7548100548834
"24043",24.6,21.1136146333454
"24045",23.7,20.5757403682755
"24047",20.4,18.8648693883187
"24510",22.5,18.1933429495131
"25001",21.4,19.4091224825962
"25003",23.1,22.0473965523534
"25005",23.8,21.4287248312533
"25007",22.7,18.902576029459
"25009",22.2,19.6173563014973
"25011",23.6,23.1472167523936
"25013",27.8,21.3473796796128
"25015",27.3,23.0819182486418
"25017",23,18.7144169821398
"25019",21.1,15.1494722843261
"25021",21.2,18.8572799680352
"25023",22.6,19.5390250479218
"25025",24.1,18.7623870702948
"25027",24.2,20.6762272448272
"26001",23.9,22.1802914958683
"26003",23.5,20.543973057346
"26005",23.9,22.3672350367238
"26007",25.1,24.1944107794284
"26009",23.1,21.5811429192031
"26011",25.8,22.9050243129135
"26013",23.6,20.6290076502424
"26015",24.7,22.41898803385
"26017",24.1,24.0563589269951
"26019",24.3,21.7907821478463
"26021",24.4,21.4843372527505
"26023",24.9,24.6115648217408
"26025",25.7,22.6870469827166
"26027",24.3,22.2329019313115
"26029",24.9,21.6530881518091
"26031",25.5,21.9358278290142
"26033",26.5,21.8793373698313
"26035",26.2,26.2570629901099
"26037",24.2,22.7654293021218
"26039",25.2,22.9149876773658
"26041",24.5,22.4875550818796
"26043",24,21.6105484777711
"26045",24.1,21.077370229522
"26047",23.3,21.5117762304454
"26049",25.8,22.6137842729111
"26051",24.4,23.3918553825805
"26053",24.7,22.2528299620506
"26055",24.3,22.5922503711252
"26057",23,23.2103477582794
"26059",24.5,24.5359026553245
"26061",24.5,24.0710576679934
"26063",24.7,22.4279573786889
"26065",26.3,23.4611187445184
"26067",25.3,22.278740163246
"26069",24.8,22.9028594791565
"26071",24.3,22.4353597392265
"26073",27.5,27.2435754367058
"26075",25.6,22.648393835856
"26077",26.9,22.3676174807594
"26079",26.2,24.0337861098746
"26081",23.2,21.2890175485887
"26083",22.3,19.4775647390937
"26085",24.5,22.7685034452063
"26087",25.3,22.8557007310906
"26089",21.2,19.7733939201833
"26091",24.1,22.7710178409231
"26093",24.6,22.027298357067
"26095",24.1,23.0260973999674
"26097",23.1,21.1672950655539
"26099",25.1,21.3578395318796
"26101",23.5,21.2155364969317
"26103",27.5,23.0787549355073
"26105",23.6,22.8866487598592
"26107",26.9,25.0409891324451
"26109",24.3,21.6962001447163
"26111",22.6,22.7789625349641
"26113",25.4,23.1366176603156
"26115",24.7,22.5840349998991
"26117",26.2,23.0146169684816
"26119",23.6,23.692704398386
"26121",27.1,21.3490840997671
"26123",25.7,24.023989701212
"26125",19.2,20.9001027844128
"26127",24.4,23.226835093961
"26129",25.7,23.7604307697303
"26131",24,21.5176750925017
"26133",26.6,24.4242192113974
"26135",24.9,23.6321751845109
"26137",25.8,22.9620440374637
"26139",25.5,21.0315912710721
"26141",23.9,22.1944242737979
"26143",23.8,22.7170612978663
"26145",25.4,22.7691383801021
"26147",26.6,22.8791293536626
"26149",27,23.6656975801679
"26151",25.5,23.9105011578803
"26153",25.6,22.5660675195838
"26155",25.2,23.258389260104
"26157",25.8,23.0743901186204
"26159",26.5,22.9537663426887
"26161",24.5,22.8983892869855
"26163",23.3,22.0293917528663
"26165",25.2,23.579575050442
"27001",22.3,20.3129644042272
"27003",25.4,20.7839434491563
"27005",24,19.9860388453032
"27007",26.4,21.7578644770718
"27009",25.8,22.3372898071012
"27011",24.2,18.9819913673617
"27013",28.9,21.8605221800601
"27015",24.6,19.9490875012931
"27017",26.6,22.3815194868132
"27019",21.4,20.7841946317271
"27021",23.5,19.2572078071262
"27023",24.1,20.2071557314095
"27025",23.5,21.2426860352887
"27027",27.4,22.682461809263
"27029",24.3,18.4466456343684
"27031",22,19.3465244291361
"27033",23.8,20.6836071052951
"27035",22.9,20.4726048717705
"27037",23.6,20.9764036908253
"27039",24.3,21.0682992613985
"27041",23.6,19.841390356498
"27043",24.7,19.3225294043759
"27045",24.9,20.2950502313075
"27047",24.1,19.2596218569139
"27049",24.2,20.4851822418802
"27051",25.1,19.3825139268394
"27053",25,21.7166943165348
"27055",23.7,19.8262905485712
"27057",24,18.5895698347097
"27059",25,21.4386961444304
"27061",24.2,21.0418597654686
"27063",23,19.262429475232
"27065",24.7,21.3843092145778
"27067",23.9,20.6118945192529
"27069",23.9,18.8112466004083
"27071",24.5,20.7228940923676
"27073",23.3,19.438702930321
"27075",23.1,20.6477579991996
"27077",24.1,18.8573319111491
"27079",25,20.3836262852213
"27081",24,17.5205056256392
"27083",24.8,20.4154243028898
"27085",25.9,20.1719956680728
"27087",27.8,21.6693881951725
"27089",23.9,19.9079186536826
"27091",23.9,19.0005784219305
"27093",22.8,19.8607306792513
"27095",26.8,21.8091559637059
"27097",24.6,21.5333767076713
"27099",24,20.7441766890539
"27101",23.8,18.4436539570625
"27103",25.4,21.0605554181323
"27105",22.7,18.8596156912082
"27107",23.3,18.7410652687674
"27109",24.8,21.1274166339182
"27111",24,18.9002383323563
"27113",25.2,21.9082886452267
"27115",24,21.2975185827827
"27117",23.7,19.6338033365956
"27119",24.7,20.386936662493
"27121",24.2,20.2195154248059
"27123",26.8,22.1683499465545
"27125",24.1,20.5635416785
"27127",24.2,19.4293575003133
"27129",24.4,20.6149653485997
"27131",23.5,21.7000343368454
"27133",24.3,18.9060853578939
"27135",23,20.2743261082371
"27137",26.7,22.8789155589628
"27139",23.2,21.3413476597541
"27141",24.2,21.3811235524045
"27143",23.6,20.548570640917
"27145",27.1,22.5374421841739
"27147",24.4,20.3122373964093
"27149",24.4,20.7366298764798
"27151",24.1,19.1828951724155
"27153",25.1,18.906507390551
"27155",23.4,22.2928666839026
"27157",23.9,19.9281579527057
"27159",25.9,21.9700327864395
"27161",25.2,19.1108703656104
"27163",22.9,20.7354446153891
"27165",23.4,18.5457670113117
"27167",24.3,21.2266468543653
"27169",24.4,21.5112080388584
"27171",22.9,20.4729222839034
"27173",23.7,20.8946435263318
"28001",19.3,21.3477616716591
"28003",22.4,24.5452172138342
"28005",20.4,23.3726055933137
"28007",20.7,21.8479682830272
"28009",21,21.3380659061042
"28011",18.4,19.3565256471075
"28013",22.6,21.9292969062505
"28015",20.8,21.5023802676458
"28017",20.8,21.9976142767349
"28019",20.1,21.1818938288769
"28021",18.7,14.7422982883512
"28023",20.6,21.4595925668757
"28025",19.9,19.9650472446044
"28027",19.5,20.036829497581
"28029",19.4,20.0194541986607
"28031",21.9,22.6558204720403
"28033",20.2,22.6574139934022
"28035",22.1,22.711367178988
"28037",20.5,22.8810997460972
"28039",23.3,24.1134473204035
"28041",20.6,21.9675617310256
"28043",21.8,20.7434804410508
"28045",22.8,23.5758153762587
"28047",24,22.3899018737499
"28049",19.3,17.7278522389206
"28051",18.7,19.1678533078958
"28053",20.2,18.8723686673031
"28055",17.9,16.7119933824368
"28057",23.7,24.5019019998879
"28059",21.2,22.643277397276
"28061",18.8,19.2614959274569
"28063",18,18.1455676766282
"28065",19,19.0152601281356
"28067",20.3,22.7102859100951
"28069",18,18.2147236955341
"28071",23.3,21.2366562366373
"28073",22.1,21.9236317863103
"28075",21.5,21.5373368108342
"28077",22.4,22.0912868532512
"28079",20.5,19.6636965194368
"28081",21.4,21.4904031243774
"28083",20.6,19.9929772750314
"28085",21.4,23.0461006820472
"28087",19.6,20.3778428413991
"28089",18.9,18.4491730898198
"28091",21.8,22.5228420967585
"28093",20.4,20.5997875164905
"28095",21.7,22.5432504462749
"28097",21.2,21.6919566357719
"28099",23.3,22.6268629978787
"28101",21.5,21.5824154759676
"28103",19,18.3269863548995
"28105",22.4,21.1913428522022
"28107",20.8,20.2798464093905
"28109",22.2,23.4576236200755
"28111",23.6,23.2439515601856
"28113",21.3,22.4659969768174
"28115",21.8,23.2149183780909
"28117",23.3,24.5512777278478
"28119",19.6,19.1492975623753
"28121",22.2,21.6121389273138
"28123",22.4,21.7482182551514
"28125",19.2,16.785251332757
"28127",21.6,21.3679966143888
"28129",22.3,21.8911129474357
"28131",23.5,23.6943405543696
"28133",18.5,19.2992564524201
"28135",18.7,19.1610692800988
"28137",21,22.3309706487062
"28139",22.7,23.7235766362369
"28141",23.3,25.3070866694647
"28143",20.5,18.7118388654323
"28145",21.2,23.5946382060293
"28147",20.6,20.8871904324016
"28149",19.8,20.0876782331409
"28151",17.8,19.6390236133946
"28153",20.9,20.2919134673328
"28155",22,22.3025976039412
"28157",18.1,19.5740038769467
"28159",20.2,21.0599111073846
"28161",21,21.8748647007875
"28163",19.7,20.8464850260062
"29001",24.8,24.9462523360321
"29003",21.9,18.7120479562341
"29005",23.4,19.4394819132453
"29007",25.6,24.616107638262
"29009",23.5,24.1736711368442
"29011",25.3,24.2319021949284
"29013",23.7,23.4375374448762
"29015",23.6,21.9839973787594
"29017",25.6,25.0018025551798
"29019",23.9,23.7837732255286
"29021",22.4,22.5598954700507
"29023",24.7,25.4415090457711
"29025",24,22.3784596213032
"29027",25.4,22.3755310620604
"29029",22.3,22.0780711346798
"29031",23.7,23.0449478427805
"29033",23.6,20.1634615620316
"29035",25,25.4568444158503
"29037",23.4,21.1964982449462
"29039",24.7,23.2809904064954
"29041",21.8,20.548644441034
"29043",24.4,22.8472155848382
"29045",24.9,20.9975269627543
"29047",22.7,20.4677475833827
"29049",23.6,21.3036254382086
"29051",22.1,21.5981450561191
"29053",23.8,22.4522183773515
"29055",24.9,24.1287894946879
"29057",24.7,23.2901079248308
"29059",24.6,24.9616503376448
"29061",25.1,22.5320092233112
"29063",22.2,19.746310372839
"29065",25.2,23.9896108537397
"29067",23.5,24.4933669818868
"29069",25.3,25.1674754360666
"29071",23.1,22.1861216581619
"29073",23.1,21.967299173282
"29075",24.3,22.4343653670281
"29077",24,22.8509565402208
"29079",24.2,23.7468145338895
"29081",23.4,20.8791337803719
"29083",24.1,22.887982766072
"29085",23.8,22.3690382538737
"29087",24.1,18.8661193548659
"29089",23.5,21.9110964845292
"29091",25.8,25.346602619463
"29093",24.4,24.1744542685534
"29095",22.7,20.9668094414396
"29097",23.8,24.1369725277397
"29099",24.7,22.5121866343008
"29101",24.9,22.8202774871068
"29103",24.9,23.7011914255158
"29105",25.2,24.4832291883431
"29107",23.8,21.1738921846277
"29109",24.9,23.7542259543272
"29111",26.2,22.9035665448549
"29113",24.1,23.9132805726943
"29115",25.2,22.2546016911735
"29117",23.9,21.3150649570797
"29119",25.2,24.96160501932
"29121",22.4,20.9465113588189
"29123",23.5,24.0605915201802
"29125",25.5,23.6222662677062
"29127",24.5,21.8341956133844
"29129",23.2,21.7467582015361
"29131",24.1,23.8877709911401
"29133",25,23.4314849951423
"29135",24.5,23.5803322626332
"29137",23.4,21.9565271459479
"29139",24.6,22.7394508326822
"29141",23.9,24.5226563484103
"29143",23.2,24.6557358286813
"29145",23,23.0547370436007
"29147",25.3,22.2596532871292
"29149",24.7,24.5072316672543
"29151",23.1,22.1568061376243
"29153",24.8,24.3056408089117
"29155",24.7,25.683088906525
"29157",23.1,22.9032290161731
"29159",24.7,23.7383858902294
"29161",25.2,23.5769843887678
"29163",23.1,21.8998497883786
"29165",23,19.2012208406651
"29167",25.4,24.0803767770868
"29169",24.2,22.8215491658397
"29171",22.3,20.3756785338705
"29173",22.7,20.9636023288314
"29175",24.5,23.4440091020097
"29177",24.6,22.1415851844745
"29179",24.9,23.8226742537817
"29181",26,25.4108483534559
"29183",22.7,20.6703793609
"29185",23.8,22.8676637486957
"29186",23.4,21.631529595247
"29187",25.4,23.8278911142379
"29189",21.5,19.9191289947304
"29195",23.3,21.4031315564525
"29197",23.7,22.1237654162916
"29199",24.4,23.4897388130569
"29201",23.9,24.0346071347511
"29203",25.7,23.648146965329
"29205",23.9,21.9548537947677
"29207",24.4,25.238293773511
"29209",23.5,22.4852288372591
"29211",23.4,21.5874729461337
"29213",23.2,23.615631075017
"29215",23.8,23.8393552217517
"29217",24.3,24.3790760989386
"29219",23.8,22.3906485151668
"29221",24.9,24.7689355591616
"29223",24,25.6163813691444
"29225",24.3,24.18404495129
"29227",23.4,20.401234766237
"29229",25.3,24.9740669981824
"29510",24.1,22.3154186364392
"30001",24.4,22.577580856167
"30003",24.4,21.2388883169953
"30005",24.4,20.8408972610774
"30007",23.3,20.8351494407844
"30009",21.7,19.8988996598501
"30011",22.6,18.0618408679976
"30013",25,23.2103800284038
"30015",23.9,22.1482932101509
"30017",23.2,20.0797273961558
"30019",23,18.7168513470378
"30021",22.4,19.2819899468902
"30023",23.5,23.7937209975927
"30025",23.1,18.7093491644131
"30027",21.5,21.0629801954796
"30029",22.8,22.1451957115644
"30031",23.3,21.6320806893477
"30033",23.7,19.7950442075117
"30035",28.5,23.1501307635737
"30037",24.8,20.7336038783284
"30039",22.1,21.3914220632432
"30041",25,23.0540543984348
"30043",23,20.7146575721317
"30045",21.9,21.2550079292218
"30047",24.9,22.3106684641854
"30049",23.1,22.497553023431
"30051",26.3,25.2486970753725
"30053",22.1,21.6806202921219
"30055",21.9,17.6435459758044
"30057",21.5,19.1692327797854
"30059",21.6,19.596315863946
"30061",22.9,21.9276504877442
"30063",26.6,23.2665795306361
"30065",23.2,20.1752415352226
"30067",22,20.8868355442173
"30069",21.4,19.1406364721924
"30071",23.3,18.5411922731439
"30073",23.9,24.5037280660111
"30075",22.8,18.4251877662781
"30077",22.4,19.5250448966618
"30079",24,18.2998518520263
"30081",22.9,21.1406204546807
"30083",23.3,19.7615339231899
"30085",27.2,22.240255144473
"30087",25.1,19.8162359635461
"30089",22,21.0486843465351
"30091",22.2,18.5927960487636
"30093",25.9,23.6081400308924
"30095",22.1,20.3700309165442
"30097",21.7,19.6094954904934
"30099",23.2,22.2015728497742
"30101",24,20.6868174758942
"30103",21.5,19.4388496731627
"30105",23.1,19.9967348603825
"30107",23.7,21.8558207835377
"30109",23.4,19.0938581025809
"30111",27.3,21.6135554562251
"31001",19.4,18.4089440420976
"31003",16.6,16.1633105273853
"31005",17.6,16.9016977632573
"31007",16.2,15.3440097165017
"31009",17.9,15.5773829838174
"31011",17,15.7496371012827
"31013",17.5,17.3946013565022
"31015",15.6,15.1902081336111
"31017",17.6,15.3894271922163
"31019",19.1,18.1807233108468
"31021",16.6,17.5328433874103
"31023",16.1,16.3121623286967
"31025",17.3,16.9598331657463
"31027",16.4,15.5791614354767
"31029",17.2,16.4062133818656
"31031",18.1,16.2067632772311
"31033",17,18.0626330192496
"31035",17.2,16.4090551222663
"31037",15.7,14.8795036232975
"31039",16.4,15.8690913143261
"31041",17.5,16.8128642808762
"31043",16.6,18.325636068068
"31045",17.9,18.2938423629695
"31047",16.4,17.0820208083243
"31049",16.1,15.7056350047247
"31051",16.4,16.2128215426414
"31053",17.5,16.3173877005527
"31055",18,17.3031168832049
"31057",17.3,18.5679244510107
"31059",17.3,16.6780319344739
"31061",16.9,17.7162884617718
"31063",17.7,17.4744117549883
"31065",16.9,17.2520128140934
"31067",18.6,18.3500345118391
"31069",17,15.2505362609374
"31071",16.1,16.5208459887654
"31073",16.6,17.2145719108348
"31075",16.4,17.6665903339761
"31077",16.8,16.4147584806091
"31079",16.8,17.3044794159164
"31081",17.3,16.0969029836955
"31083",16.6,17.30130971141
"31085",16.9,17.0808920540692
"31087",17.1,17.2913654912629
"31089",16.3,16.2633668724938
"31091",16.5,16.3561627929919
"31093",16.7,15.2727313565179
"31095",16.8,17.5343214434717
"31097",14.7,15.5083782983638
"31099",17.3,17.8296729502587
"31101",15.9,16.2174668938877
"31103",15.6,16.0793221198606
"31105",17.1,16.2328686808263
"31107",17,16.7186872785464
"31109",18.5,18.9964148641266
"31111",18.7,17.2262398901117
"31113",15.8,16.5103848963191
"31115",16.4,15.1643274353445
"31117",17.5,15.4970351960446
"31119",17.5,16.9167693946455
"31121",17.4,16.0835603130563
"31123",16.8,17.1285149376897
"31125",18,17.0240376751759
"31127",18.8,20.0925438198476
"31129",16.1,17.1429531801063
"31131",17.5,17.8344968026144
"31133",17.1,18.889213897254
"31135",17,17.3066264933458
"31137",16.7,18.1655554537464
"31139",17.6,15.8682960263233
"31141",16.2,15.7706176370032
"31143",17.2,15.5535644055294
"31145",16.8,17.9575585595639
"31147",17.3,18.3368717047464
"31149",16.7,15.9367173701603
"31151",17.3,17.212105052071
"31153",16.7,16.5669815623369
"31155",17.3,16.587809270561
"31157",18.3,17.4920763423196
"31159",17.1,16.8354910049458
"31161",16.2,14.8532176785772
"31163",17.2,16.1859934369757
"31165",16.7,17.6873215394152
"31167",17,16.1394417307441
"31169",17.3,17.4694105430673
"31171",16.2,14.6359704023652
"31173",18.8,17.5461257937722
"31175",16.4,16.1363092308241
"31177",16.5,17.3052700585908
"31179",17.5,18.5994750522298
"31181",17.2,16.8103041005483
"31183",16.4,15.8815380927209
"31185",16.8,17.2388501607457
"32001",22.4,19.1108282097333
"32003",19.6,16.9674580059905
"32005",20.4,19.2691200468676
"32007",21.8,20.6558420485001
"32009",20.4,20.9492993868603
"32011",22,21.376981777355
"32013",21.9,20.2781726569985
"32015",22.6,20.8111568182397
"32017",21.3,19.9419428628633
"32019",21.6,19.2699890352895
"32021",21.6,18.3500921217091
"32023",21.4,18.46488297114
"32027",20.5,17.035285650266
"32029",19.7,18.6132934677721
"32031",21,18.3194466554885
"32033",21,18.833861139293
"32510",21.6,19.2368330997254
"33001",24.8,22.3432061390778
"33003",22.4,21.1369393338108
"33005",25.8,22.7052121413974
"33007",24.3,21.6951600927694
"33009",25.1,22.2556999828103
"33011",23,20.3398444352655
"33013",25.2,22.0004155909924
"33015",23.8,20.9651476486551
"33017",26.5,22.5868270329642
"33019",24.5,22.9355748314849
"34001",17.3,18.2660018555543
"34003",16.4,16.0461892610925
"34005",17.6,17.3859073299584
"34007",17.7,18.2074916846185
"34009",18,18.9170276058546
"34011",17.1,18.9912816798808
"34013",14.8,14.8965880012791
"34015",19.5,19.4224325041408
"34017",15.4,15.1049476827748
"34019",17.8,18.9744282772494
"34021",16.9,16.805079600489
"34023",14.2,14.9895343491921
"34025",16.4,18.3771514703932
"34027",16,17.2871258017622
"34029",18,20.1875057446839
"34031",17.8,15.9185640850974
"34033",18.8,20.8021914164297
"34035",13.6,15.3568999482895
"34037",18.5,19.819670296105
"34039",14.9,13.8143762718241
"34041",16.3,19.6574127939905
"35001",21.1,19.3898248078034
"35003",21,18.4789080172854
"35005",22.1,20.1334046829518
"35006",23.3,18.957381037261
"35007",20.6,19.0980047591455
"35009",21.6,20.2529674231279
"35011",21.1,17.5776888603287
"35013",21.8,19.8353718198793
"35015",24.3,20.2217715772667
"35017",20.4,18.4789136420275
"35019",19.2,17.6225353849648
"35021",19.5,17.9800967779571
"35023",20.6,19.6294497941993
"35025",21.5,20.8467107574109
"35027",20.7,19.6933034778554
"35028",18.4,19.2835459582846
"35029",21.6,19.1713264117356
"35031",24.8,18.7286400052975
"35033",19.1,17.4112721681846
"35035",22.7,19.5120280085322
"35037",21.6,19.9618423763877
"35039",20,17.9667130406055
"35041",23.5,21.0640014360298
"35043",22.7,18.8675856994054
"35045",23.8,19.3321299154271
"35047",20.2,18.6551545786542
"35049",20.1,19.01931183611
"35051",20.8,17.9699588204824
"35053",22.2,19.0810705943184
"35055",20,18.5064033072034
"35057",22.5,19.3684394477952
"35059",21.5,19.3409935404253
"35061",21.4,19.1820863743329
"36001",20.6,20.7559556748677
"36003",22.9,24.197271985152
"36005",17.4,17.6663698744046
"36007",22.8,23.7091388691962
"36009",23.5,24.076035569151
"36011",23,22.596275926269
"36013",22.4,23.6423612357972
"36015",22.6,22.6845079514239
"36017",22.2,23.0784766005999
"36019",25.3,23.472985911442
"36021",20.4,20.8871589929997
"36023",24.6,23.6067647105721
"36025",21.6,22.7671919833404
"36027",18.3,18.6696533649772
"36029",22.5,23.0861548073736
"36031",21,21.9477575982224
"36033",24.5,23.0277314778736
"36035",22.8,23.2979876394372
"36037",22.1,22.4481308365638
"36039",20.9,20.5300861671472
"36041",21.4,20.8500618660492
"36043",21.1,22.8411124664374
"36045",22.9,22.2434737217343
"36047",16.6,18.1628897950385
"36049",22.1,23.81024665839
"36051",23,22.6595910291405
"36053",23.3,22.3891327152907
"36055",21.7,22.1670265703265
"36057",22.5,22.1701081520504
"36059",16,15.9850469213745
"36061",20.8,18.2726650014113
"36063",22.5,22.8679815140438
"36065",21.8,22.3676822088522
"36067",24.1,21.9313163894224
"36069",22.6,21.6790259056387
"36071",19.6,19.7217109813873
"36073",22.2,22.9447349794354
"36075",23.4,25.0089326638303
"36077",23.1,23.3246430939825
"36079",19.8,18.9039053066414
"36081",14.3,12.9453538257765
"36083",20.3,21.7635060199214
"36085",17,18.6831658926162
"36087",18.6,20.3018577814339
"36089",22.9,24.6067045344967
"36091",21.2,21.612351430058
"36093",20.1,19.895088567919
"36095",22,21.845448746425
"36097",23.3,23.6159983580315
"36099",22.4,21.6307370022772
"36101",23,22.9425319642452
"36103",17.6,17.8083412306544
"36105",20.3,20.4126453522823
"36107",21.1,22.3157672295678
"36109",24.5,23.1185088870252
"36111",20.3,21.1440883669126
"36113",22.5,21.9364650937747
"36115",22.6,22.1195110284465
"36117",22.4,21.9497265078952
"36119",16.5,16.4069906746785
"36121",21.2,21.7470678918949
"36123",22.7,22.0175508627773
"37001",22.8,21.8468835263796
"37003",23.8,23.437345393379
"37005",24.3,23.4477694153453
"37007",21.6,19.9341704074884
"37009",23.8,23.5197134656419
"37011",24.2,22.0449863931028
"37013",22.9,21.7718445956646
"37015",19.9,19.3314256412754
"37017",22,21.0945388545182
"37019",21.5,19.7105123519968
"37021",23.2,21.6980761282151
"37023",24,23.9363899492298
"37025",21.1,20.3865325955554
"37027",24.6,24.0481376473347
"37029",23.8,21.4403718334193
"37031",23.5,21.2907640524298
"37033",22.2,20.7090510861028
"37035",23.4,22.4783169325308
"37037",21.2,19.6039549379022
"37039",24.1,21.6917497544587
"37041",21.9,21.6029826292901
"37043",23.2,20.9513087366323
"37045",23.9,22.6669116829178
"37047",24.1,21.5896314507079
"37049",23.2,21.4872663776253
"37051",23.3,21.0021952789442
"37053",23.6,21.8350087175611
"37055",22,20.1230413653484
"37057",23.6,23.0858442511303
"37059",23.8,22.2016561806359
"37061",21.8,21.5148159618726
"37063",21.7,19.0461043306805
"37065",20.8,20.7905528509818
"37067",22,21.226262526061
"37069",22.5,20.8385693480844
"37071",24.4,22.1225276007878
"37073",22.1,21.739701652042
"37075",25,21.4094241216628
"37077",22,20.8970766082259
"37079",21.6,20.8438692507763
"37081",22.4,20.347606280514
"37083",21.3,20.9277203053723
"37085",24.3,22.1806042159663
"37087",22.6,22.9936626736735
"37089",23.2,21.6170621424063
"37091",20.4,19.8293889339532
"37093",24,20.8380776509401
"37095",22.5,22.5283117255932
"37097",23.4,21.567019296276
"37099",25.7,22.0044037848868
"37101",23.7,21.9295687248774
"37103",22.8,21.0496772142579
"37105",24.2,22.3505884578292
"37107",22.3,21.7726744657199
"37109",24.2,22.3671119026906
"37111",26.4,23.9819413043238
"37113",22.5,21.9830846293544
"37115",24,23.0626182468645
"37117",22.3,21.5571721745115
"37119",21.3,18.7845601337415
"37121",24,23.4015383953101
"37123",22.1,21.2189230063591
"37125",21.7,20.3804591442734
"37127",21.4,20.3173453719531
"37129",24.3,21.5294372763034
"37131",19.7,19.2992489075356
"37133",24.6,22.3140070413028
"37135",22.4,20.5967355121089
"37137",21.7,20.3288852596526
"37139",22,20.0327075009754
"37141",22.5,21.5804834014542
"37143",21.7,20.8576801314004
"37145",23.6,22.3733378860784
"37147",22.6,21.8178795504631
"37149",20.4,20.2207445782155
"37151",25.1,23.3352280937302
"37153",22.9,22.22787495429
"37155",22.3,19.9775010169016
"37157",24.1,23.2491960178484
"37159",22.8,22.9494747789399
"37161",25.8,23.7738264796059
"37163",22.5,21.642516136152
"37165",22.8,21.174982761633
"37167",23.8,22.7431598436386
"37169",24.1,23.6323136477863
"37171",25.9,24.0333906407093
"37173",26,18.2676293997312
"37175",22.2,20.9277579086336
"37177",20.9,20.4094295106602
"37179",21.2,20.8524859078606
"37181",21.7,20.576993472489
"37183",20.3,19.7546351217657
"37185",20.5,19.3640274505099
"37187",21.4,20.4360665534713
"37189",26,25.772550344317
"37191",23,21.6558692075168
"37193",25.3,24.0384134118683
"37195",22.6,21.0756430408833
"37197",24.5,23.1446714525419
"37199",23.5,23.2257127622031
"38001",19.7,17.2417548101487
"38003",20.9,18.4260899749574
"38005",23.1,21.4336212954826
"38007",19,16.7890360239635
"38009",19.6,16.6299012881927
"38011",21.3,18.2918678747537
"38013",18.9,17.6565550079465
"38015",19.7,18.2121367351069
"38017",23.5,19.6143535449674
"38019",19.2,16.386483384846
"38021",20.7,17.4602878642468
"38023",19.6,18.1938744505629
"38025",19.7,18.1118823162777
"38027",20.5,16.0294212136438
"38029",19.1,16.5138320752987
"38031",20.5,18.5172720634283
"38033",20.6,17.6449395500618
"38035",23.8,20.2569344817005
"38037",19.6,16.6177161297689
"38039",19.1,16.0229953386791
"38041",20.8,18.1874762581982
"38043",20.1,16.2731252932575
"38045",18.7,16.3184737824959
"38047",20.5,17.2304199284053
"38049",19.2,18.5758543917063
"38051",19.8,16.7410069910216
"38053",22.2,18.8088175318439
"38055",18.5,17.1857059806383
"38057",19.7,18.6195271437734
"38059",22.6,18.8647955957712
"38061",20.4,18.6992246165971
"38063",19.1,17.176600189965
"38065",19.9,16.9375536047001
"38067",19.2,17.0930275441696
"38069",19.3,17.5773738203471
"38071",19.6,18.6736058385142
"38073",19.1,19.1170834004668
"38075",20.7,18.1776493693687
"38077",20.9,19.5869767004119
"38079",22.1,19.4681168280126
"38081",19.9,17.429652316169
"38083",18.7,15.9764048795179
"38085",25.6,19.4686697407573
"38087",18.3,16.3356238489711
"38089",21,19.2463277811706
"38091",19.4,16.9923063478927
"38093",21.1,18.8751380029469
"38095",20.6,17.8669331106427
"38097",20,18.1735395744352
"38099",20.7,18.8452293031644
"38101",23.2,19.3368256648276
"38103",18.9,18.5988787136084
"38105",20.7,19.5594710983024
"39001",28.2,26.379800331345
"39003",26.6,22.5137459453415
"39005",27.2,23.0851033082773
"39007",26,24.2693140114754
"39009",28.5,27.6270141252643
"39011",24,21.7991431680856
"39013",26.9,23.2844474685926
"39015",26,25.7493725657597
"39017",27.2,22.9154883600491
"39019",27.3,23.1817730706577
"39021",26.4,22.3470068347933
"39023",27.1,23.7672767625882
"39025",24.7,22.8062710736579
"39027",26.7,24.5090263496143
"39029",25.4,22.9576493270344
"39031",26.7,25.8938737676616
"39033",26.5,23.7856540544352
"39035",23.2,21.5671299763975
"39037",25.2,23.698838460955
"39039",25.8,22.7111936372842
"39041",20.8,19.0828916174977
"39043",24.5,21.4496820318176
"39045",26.1,21.1933020332086
"39047",28.4,25.1426286251454
"39049",24.4,21.5786576389472
"39051",26,22.0937650638559
"39053",25.6,24.8750197668268
"39055",23.8,20.794333957885
"39057",26,21.2840394922074
"39059",29.1,25.051804386759
"39061",26.3,21.9446401396927
"39063",25.9,22.4905633243318
"39065",29.2,26.1426956421103
"39067",25.8,24.643182647531
"39069",25.8,22.2305015670381
"39071",28.4,25.0942890554545
"39073",26.9,25.0760211086843
"39075",28.9,25.457009332866
"39077",24.4,22.8093550924292
"39079",27.6,26.1408856399555
"39081",25.8,24.3847264535458
"39083",26.4,23.7396139066034
"39085",24.7,20.7085899914445
"39087",29.1,26.6489468354819
"39089",25.7,21.8831199200867
"39091",25.7,22.8064304900238
"39093",27.6,22.2702399683336
"39095",27.1,23.2213867394515
"39097",26,22.0921770945262
"39099",24.2,22.8887767026211
"39101",27.3,23.6821788448546
"39103",24.8,20.6939212790576
"39105",29.3,26.4362199692537
"39107",24.4,21.9638203008822
"39109",25.6,22.0653597880025
"39111",26.8,23.9495959802629
"39113",27,22.2760142918019
"39115",26.1,24.4776397689454
"39117",28.3,22.961199005869
"39119",25.8,24.279818478107
"39121",23.6,23.5131878957077
"39123",23.3,20.9193995238922
"39125",26.3,22.711352496163
"39127",26.5,24.8137067344862
"39129",27.2,23.4937235642889
"39131",29.7,26.7215132825765
"39133",26.1,22.2190577299668
"39135",26.5,23.3671146839301
"39137",24.1,21.3755189596013
"39139",26.5,22.7799374011253
"39141",27.9,24.5144429858435
"39143",25.7,22.6902195862216
"39145",27.3,27.5536733602155
"39147",26.7,22.7528705297303
"39149",26.4,22.996074635425
"39151",23.3,22.4429748242412
"39153",24.8,21.4822102716616
"39155",26.4,23.6163166927938
"39157",25,23.3609148974831
"39159",24.9,20.7408877673827
"39161",26.1,22.2680676270774
"39163",28.9,25.8824790650949
"39165",22.2,20.5372305583056
"39167",27.3,24.2270279915965
"39169",25.5,22.556574490214
"39171",26.2,23.0554173259163
"39173",26.1,23.4785242053058
"39175",25.9,21.3129892356825
"40001",29.4,26.0641665970839
"40003",24.6,20.4109760270967
"40005",27.8,24.1432689515255
"40007",25,21.7949442184607
"40009",28.2,22.9169644663503
"40011",27.4,22.4390016771085
"40013",29.1,23.6318722301581
"40015",27.5,24.1110801626683
"40017",25.6,22.8315169044299
"40019",27.9,24.0441570096131
"40021",29.6,25.2441624285694
"40023",27.7,24.6908499356881
"40025",24.1,21.6409664381481
"40027",27.2,23.0840066022551
"40029",28.6,24.8723362539584
"40031",26.6,24.2068166674817
"40033",28.6,24.5504541949321
"40035",29.6,24.3194307457019
"40037",27.4,23.7131812933412
"40039",27.4,24.1338501317908
"40041",27.6,23.874720790206
"40043",27.5,22.7268452173476
"40045",26.1,22.176846855357
"40047",27.5,23.2680198137061
"40049",27.9,23.9449177337219
"40051",29.2,23.1014687232616
"40053",27.5,21.5293093448887
"40055",26.4,22.6338165671864
"40057",25,23.3595364918829
"40059",25.9,22.3119936101637
"40061",28.7,24.9461834615361
"40063",27.3,24.2132244858385
"40065",26.2,23.4590184717736
"40067",28.2,24.7594298439887
"40069",29.2,25.09436129801
"40071",27,23.1459819311085
"40073",26.4,23.2800055849401
"40075",28.9,24.4136270642527
"40077",28.8,23.6236089985225
"40079",28.4,25.0543308900827
"40081",28.3,23.6328735615381
"40083",27,23.1505120629283
"40085",26.1,24.0210626778896
"40087",27.1,22.5401546487142
"40089",28.6,24.3417625335503
"40091",27.6,23.9617969601643
"40093",26.2,21.7858844177929
"40095",28.2,24.0205451425732
"40097",28.2,24.8017015751715
"40099",26.1,23.4907379912441
"40101",28.1,24.9880348386724
"40103",27.9,21.7103896659881
"40105",28.4,24.1885773194716
"40107",28,25.5983030995952
"40109",26.1,24.4063228852739
"40111",28.8,24.7925886026147
"40113",26.6,22.8603539596519
"40115",30.4,25.3878436361361
"40117",27.4,23.5385399676791
"40119",28.6,24.4120316283797
"40121",28.9,24.1334004481446
"40123",29.7,23.235269643404
"40125",30.5,24.6235767908492
"40127",27.3,24.7626751614372
"40129",27,22.3545836495829
"40131",26.6,22.8126393122674
"40133",28.3,25.6456588216628
"40135",29.3,24.7784347711142
"40137",27.7,23.8370248296485
"40139",25.7,23.0158296903192
"40141",26.6,23.9840412067611
"40143",28.4,23.8062667018412
"40145",27.8,22.9190070719068
"40147",27.3,22.2802549431126
"40149",27,22.6893198631661
"40151",27.1,22.4123459705989
"40153",27.5,21.8923464097244
"41001",25.2,23.6225489530077
"41003",25.5,24.0718038997705
"41005",24.5,23.8814508468862
"41007",25.3,23.417426888174
"41009",27.1,24.8549420263469
"41011",24.7,23.5174710618278
"41013",25.5,23.1645557097957
"41015",24.6,22.250030673653
"41017",23.5,23.212225640063
"41019",27.4,23.9372089191017
"41021",24.7,23.1258202845394
"41023",25.3,22.9462181914746
"41025",25.9,22.8755303909464
"41027",23.7,22.6257719207575
"41029",26.9,23.112900424826
"41031",24.3,22.0045979745242
"41033",25.1,23.5966944145262
"41035",26.5,22.7321624935886
"41037",25.4,22.9205255551029
"41039",28.5,24.0025841821634
"41041",24.6,22.3548831866335
"41043",26.4,24.2222690149834
"41045",26,22.8239501130185
"41047",26.3,23.091047122272
"41049",25.8,25.9283714822124
"41051",27,23.9688504138151
"41053",26,24.431301604963
"41055",25.8,26.4420538627815
"41057",25,23.9945069845318
"41059",25.8,25.2064876867157
"41061",26.6,24.6301469245418
"41063",23.9,21.9493327115436
"41065",25.5,23.3255116295039
"41067",22.9,23.3947717052275
"41069",24.9,23.9325675714619
"41071",25.7,23.848195773895
"42001",23.8,21.104564027768
"42003",23.3,20.615306625499
"42005",24.4,22.106236701149
"42007",23.8,21.3728188624148
"42009",24.1,22.9743645570255
"42011",22.4,20.1173873745277
"42013",25.7,22.4201185927897
"42015",23.8,22.6900434141204
"42017",22.5,18.7009453887911
"42019",22.2,20.9159227474805
"42021",24.1,22.4380349021712
"42023",24,22.1931900774468
"42025",23.2,21.7350586824211
"42027",24.7,22.4671776861723
"42029",20.7,18.752204193283
"42031",24.9,23.5733067357429
"42033",23.7,22.311452986185
"42035",25.6,22.7578223776823
"42037",25.1,23.5819529735238
"42039",24.8,23.047547567154
"42041",22.9,19.8315001551623
"42043",23.5,19.3287041903041
"42045",21.3,18.2889583487973
"42047",23.2,21.1867782871359
"42049",23.4,22.8941502042602
"42051",25,23.739226685287
"42053",20.6,20.863226066273
"42055",23.4,21.2895111749274
"42057",23.3,22.9884465935857
"42059",24.5,23.2078767909307
"42061",22.9,21.565662986777
"42063",24.4,22.9330004786807
"42065",24.6,23.3162154493236
"42067",24.7,21.9425221338542
"42069",23.1,21.5913046777906
"42071",23.8,19.9136773029188
"42073",24.3,22.4309083344633
"42075",24.3,20.4799598063528
"42077",22.5,19.1991446944029
"42079",23.7,21.2052602639029
"42081",23.7,22.0630661301584
"42083",23.9,22.9142132757274
"42085",24.1,22.5232423513228
"42087",24.8,23.6061743801926
"42089",21.5,18.881191159318
"42091",20.7,18.099616308575
"42093",23.8,20.927098392412
"42095",21.7,19.3501236238167
"42097",25.2,21.7691291788192
"42099",24.1,22.0778826735673
"42101",23.4,19.0037959539051
"42103",21.6,19.4969548855056
"42105",23.8,22.1861063144723
"42107",25.2,21.4621079160398
"42109",23.8,21.6634957109841
"42111",23.2,22.1848250073717
"42113",24.1,20.5874622951723
"42115",22.3,21.8387944780989
"42117",24.6,22.4397057856475
"42119",24.5,20.5485106567814
"42121",24,22.5959267534107
"42123",23.6,21.7410959937359
"42125",23.7,21.4457775071265
"42127",23.3,20.273035996435
"42129",22.7,20.9663994639295
"42131",24.5,22.4212736695466
"42133",23.8,20.5091654933963
"44001",21.1,21.9182116019794
"44003",22.9,21.0413920011313
"44005",19.3,19.9402891318654
"44007",23.8,19.2759296523337
"44009",19.7,21.9757069042618
"45001",21.2,20.7565763370749
"45003",21.8,20.1773168878391
"45005",17.9,18.0565190294717
"45007",23.4,22.1784827830014
"45009",19.2,18.60372049097
"45011",20.5,20.523054284489
"45013",18.6,17.7062839502744
"45015",21.6,20.1886958202838
"45017",20.2,19.2194034648605
"45019",19.2,19.2505194282484
"45021",23.4,22.5618651603827
"45023",21.7,20.8641776503525
"45025",20.6,21.7031773747632
"45027",19.6,18.9793008192421
"45029",21.4,19.8319671988229
"45031",20.9,20.6039181288375
"45033",23.6,22.434156360985
"45035",20.9,20.3089938280033
"45037",20,19.7120025561029
"45039",20.7,17.9687816785131
"45041",20.2,20.0618709970774
"45043",19.3,19.1569113715899
"45045",22.1,20.0647153386179
"45047",23.3,20.9255291422644
"45049",20.4,18.8406419343224
"45051",21.1,21.1154140699772
"45053",19.3,18.551634002488
"45055",20.9,20.9665761690023
"45057",20.4,20.4026199353268
"45059",22.8,21.6562744667383
"45061",20.7,19.680899002349
"45063",19.9,21.0178688873187
"45065",17.8,17.7579209275193
"45067",21.2,20.3100433701529
"45069",20.4,21.3379709874809
"45071",21.1,19.9664230661303
"45073",23,22.5319841410362
"45075",19.3,19.0589481374293
"45077",25.1,24.4833737469856
"45079",20.2,18.8216775399269
"45081",20.2,19.6804029900678
"45083",23.8,21.6522818254601
"45085",20.1,19.2781306297496
"45087",23.2,21.9105179303838
"45089",18.5,18.3855123762032
"45091",20.2,20.4869517598432
"46003",17.3,15.927818599914
"46005",17.4,19.3060166255902
"46007",18.5,17.5267989033929
"46009",16.4,15.098194312575
"46011",20.5,18.0993390268108
"46013",18.2,18.3556241834961
"46015",17.9,16.4044105271214
"46017",21.1,16.4709237982506
"46019",18.4,19.533047117172
"46021",16.2,15.3427434764469
"46023",17.9,16.733947942929
"46025",16.5,17.0168928650323
"46027",22.8,18.8022521552744
"46029",19.9,19.4128504080989
"46031",19.2,18.6219457135112
"46033",16.1,15.3453579528829
"46035",18.5,17.9076404288198
"46037",16.5,16.9928501904931
"46039",17.6,15.956923595696
"46041",19.9,18.206534998583
"46043",17.5,14.3725794123955
"46045",17.7,16.2912623611509
"46047",17.9,16.0538569936326
"46049",17.6,18.7897189591015
"46051",17.5,16.02784752414
"46053",18.1,15.9040368186676
"46055",17.4,16.5041340923232
"46057",17.3,15.599539229018
"46059",16.9,16.3353731340505
"46061",18.4,17.040030254815
"46063",16.9,16.719061783509
"46065",17.4,16.991744684414
"46067",17.2,17.1929464387673
"46069",18.1,16.3943046415064
"46071",19.3,17.554809378166
"46073",16.8,16.940795000068
"46075",15.8,16.5288820568837
"46077",16.8,16.8353826113878
"46079",16.5,17.1257403566899
"46081",18.2,18.0203322701868
"46083",16.5,17.3054108274081
"46085",19.1,16.5557408780258
"46087",17.3,14.9623949840721
"46089",16.8,16.4156730357125
"46091",16.2,18.0352695337627
"46093",17.8,18.1360613661375
"46095",19.1,18.2149546523158
"46097",16.6,16.8645867264065
"46099",17.9,17.2455899199873
"46101",16.8,17.8242705649309
"46103",20.1,17.5435528286985
"46105",16.3,17.3164222368583
"46107",16.5,16.0023288944826
"46109",18.3,17.1315725255538
"46111",16.9,16.8773494439087
"46115",17.7,16.4756848980003
"46117",17,15.9328061055938
"46119",16.5,15.2471526298916
"46121",20.2,18.5580232204454
"46123",18.9,16.5709935636109
"46125",17.6,16.9546709279163
"46127",16.7,16.9249740562778
"46129",17.1,16.5791810320769
"46135",16.8,16.204764906234
"46137",20.9,18.9179914393266
"47001",30.5,25.6500140087611
"47003",30.5,24.6737046622155
"47005",30.3,25.9038092879711
"47007",29.9,25.4624236189678
"47009",31,24.2251392532605
"47011",30.4,24.1020278336067
"47013",31.7,27.8402639649747
"47015",31.3,26.7881835850174
"47017",30.9,25.1585319520387
"47019",31,25.4473298747169
"47021",29.6,26.5809917564354
"47023",31.9,26.1105822768103
"47025",32.1,27.1316641678049
"47027",29.6,27.7671440510883
"47029",32.6,26.5603686256808
"47031",32.7,26.1212407471979
"47033",30.3,24.152411796102
"47035",29.5,24.569942144015
"47037",28.8,23.8862139195491
"47039",31.3,25.4897765628495
"47041",32.6,27.0788106266894
"47043",30.6,26.7709202588327
"47045",30.4,24.8570909974119
"47047",26.6,21.1326311326168
"47049",31.9,27.0072828492724
"47051",30.8,25.461221334889
"47053",31.3,24.7813899111011
"47055",29.5,24.9337002827845
"47057",31.9,26.6865122054257
"47059",31.3,25.4757286756346
"47061",30.8,26.0330436773227
"47063",31.2,25.7785256777434
"47065",29.4,21.7566453686081
"47067",33.8,27.7214971295507
"47069",26.9,22.2894958415991
"47071",29.8,26.3272812560853
"47073",32,26.3470249708341
"47075",27.3,21.5712259534712
"47077",30.6,26.5179206033714
"47079",30.2,24.5287236576413
"47081",30.1,26.7034274279212
"47083",30.8,26.8840038752399
"47085",32.1,25.7861315329372
"47087",32,27.1940178955282
"47089",30.2,25.6254165909229
"47091",29.6,24.7702349282416
"47093",30.5,24.1647276916963
"47095",29.2,24.3349755945552
"47097",28.6,23.8670242346503
"47099",31.8,26.3621155778218
"47101",33.5,27.5053364428519
"47103",29.8,24.7250866046361
"47105",29.1,23.8756914466552
"47107",29.5,25.1011520112297
"47109",32.3,26.2681552330925
"47111",32,28.4866423295498
"47113",27.2,22.3334288684205
"47115",31,26.8191696693196
"47117",31.7,27.0379699905197
"47119",27.9,24.5076836030129
"47121",30.2,25.8990239985206
"47123",31.3,25.354355458193
"47125",30.4,25.7716730960976
"47127",29.1,26.011225493435
"47129",31.9,26.9026515715715
"47131",30,24.2809168195304
"47133",31.2,27.5584952881914
"47135",31,25.5996115355078
"47137",31,26.2899020499577
"47139",30.8,23.0622791607582
"47141",32.7,26.4893524322704
"47143",30.8,25.813463361301
"47145",29.6,25.8237587622488
"47147",31.1,26.4011944800892
"47149",29.8,24.5515294743406
"47151",33.6,29.3324421074814
"47153",31.6,26.540250883665
"47155",29.6,24.6310000043644
"47157",25.2,19.7299670269879
"47159",31.7,27.1601305059706
"47161",29.6,26.124671213865
"47163",32.3,25.0901955497623
"47165",29.6,25.1130135485202
"47167",29.7,24.5686386286393
"47169",29.9,25.645352432153
"47171",30.5,25.3856838593112
"47173",30.8,27.8692883564901
"47175",30.4,24.902673715631
"47177",33.1,25.565456755834
"47179",31.7,24.6553518148904
"47181",30.2,26.8095176465832
"47183",31.1,26.2049313030291
"47185",32.3,26.524779478271
"47187",27.3,22.7854929785511
"47189",26.9,24.6384458087119
"48001",21.7,20.9388432528686
"48003",23.6,22.0148037859908
"48005",24.3,22.2016386549946
"48007",23,21.168764390128
"48009",24.1,22.2930615965003
"48011",23.5,21.4766921773263
"48013",22.2,21.4566636648407
"48015",22.9,21.7922373793863
"48017",21.1,23.1433943213339
"48019",21.5,21.6686548508142
"48021",22.8,21.2842811267617
"48023",23.1,22.2640510001749
"48025",21.1,20.3012928861868
"48027",25.9,21.4544135776794
"48029",24.5,21.1702072336356
"48031",23,21.4881356711266
"48033",20.1,22.4472046598415
"48035",23.9,21.8442422039643
"48037",23.2,22.7981183594427
"48039",21.4,20.370685218947
"48041",24.2,22.4930874904431
"48043",20.4,20.9749295686393
"48045",24.1,22.0911296233335
"48047",20.9,21.1588825541565
"48049",23.6,22.1705601670566
"48051",23.1,22.0662335821784
"48053",23.2,21.2580059074234
"48055",22.7,21.0710234328601
"48057",20.4,22.6361435942822
"48059",23.8,21.9755646207235
"48061",20.8,20.3171369802657
"48063",23.5,23.6590604358043
"48065",23.2,21.5699374852584
"48067",24.6,23.8596235172817
"48069",21.2,21.9087871587082
"48071",24.1,22.2432277408668
"48073",23.4,22.0777797318915
"48075",23,21.606372253031
"48077",23.1,22.1872162011973
"48079",24.4,21.6750184016936
"48081",24,21.9693071375253
"48083",23.2,21.5223840906988
"48085",18.3,19.9918241631352
"48087",23.8,23.8183137548136
"48089",22.1,21.3875577878295
"48091",23.5,21.36315213752
"48093",23.7,21.6641370967654
"48095",22.5,21.2981426237684
"48097",23.6,23.0234366780106
"48099",25.6,22.2858708356367
"48101",23.9,23.333071228092
"48103",21.6,20.1746667286551
"48105",21.2,19.4077072939382
"48107",22.5,22.7522383426679
"48109",21.9,19.1501249351932
"48111",23.3,21.3712336015615
"48113",19.9,21.8960360641008
"48115",22.9,21.2435105886455
"48117",23.9,21.3975081147702
"48119",23.7,24.2485378194167
"48121",20.8,20.8117702793249
"48123",21.8,21.5418322471649
"48125",22.5,22.3420180466181
"48127",22.3,21.2028060074525
"48129",24.7,21.6597929157853
"48131",20.5,21.7250097619333
"48133",23.8,22.4817611714716
"48135",22.3,21.384189905501
"48137",22.7,20.968292213226
"48139",22.7,21.8291259148857
"48141",21.2,20.9284292434845
"48143",26.3,22.7669727905413
"48145",23.5,22.1553570171383
"48147",23.6,22.9475926398813
"48149",21.7,22.0637385331259
"48151",22.4,21.6027931725627
"48153",22.7,22.6264956297116
"48155",24.1,24.2867436999495
"48157",18,18.8335559448295
"48159",21.9,20.8911284303922
"48161",22.9,22.0527227202167
"48163",21,20.5263853557084
"48165",24.1,22.8891149300472
"48167",22.8,20.0639163012246
"48169",20.7,20.7499357816496
"48171",22.1,21.0403640349449
"48173",21.1,21.0137064906103
"48175",21.9,22.8425664225839
"48177",22.5,21.7999635854193
"48179",23.7,22.1708684738484
"48181",25.3,22.8444352627652
"48183",23.6,22.2551332830543
"48185",22.7,20.7631541432046
"48187",21.5,21.6165876615394
"48189",23,21.9601814197611
"48191",22.4,22.9114481868243
"48193",24.2,22.1244038447937
"48195",22.6,22.3436014277591
"48197",23.4,22.6130021105414
"48199",24.6,23.5308743300353
"48201",20.2,18.4267888401783
"48203",24.4,22.5868188927181
"48205",20.7,21.1747624631648
"48207",23.6,21.8504579645505
"48209",23,21.3952516468338
"48211",22.4,21.5167961966733
"48213",24.6,22.5977291972891
"48215",22.7,20.0237484065588
"48217",24.6,22.5134641421161
"48219",23.4,21.7938935147123
"48221",21.4,21.2161045727786
"48223",23.8,23.0218274688246
"48225",22.4,21.2503432347761
"48227",21.9,21.1713508024407
"48229",22,21.2519382894741
"48231",24.4,23.145024765707
"48233",24.1,20.8356354937366
"48235",23,21.7104485304366
"48237",23.6,22.7956761253268
"48239",23.2,22.5302979634929
"48241",25.2,23.3210487859582
"48243",21.1,19.5249769513943
"48245",21.5,18.876158352279
"48247",20,20.5897605484656
"48249",21.5,21.5721537621271
"48251",22.9,22.8106189479886
"48253",22.3,20.965520630373
"48255",21.2,20.6673650537128
"48257",23.6,22.637088883638
"48259",21.4,21.2479570783857
"48261",24.6,19.9334567396255
"48263",22.1,21.1975684705273
"48265",22.9,21.128019831393
"48267",22.6,21.0394350193127
"48269",24.1,23.863857971118
"48271",20.2,20.0447601475929
"48273",22.3,21.6764126451763
"48275",22.9,22.8314256089242
"48277",25.1,23.3853789746296
"48279",23.1,22.2900634073076
"48281",23.7,21.854017073998
"48283",21.6,20.0511693576226
"48285",23.1,22.8532762858518
"48287",23.7,22.5551852859268
"48289",23.6,22.4332454407585
"48291",26.1,22.1919032654035
"48293",24,22.2847990713161
"48295",22.8,23.8622078349234
"48297",21.8,21.7271035202087
"48299",22.2,21.1643547904855
"48301",20.1,18.5783018909027
"48303",23.3,22.6961188239517
"48305",23.7,22.3627037316016
"48307",23,21.3385419169594
"48309",24.6,22.3795661641042
"48311",22.3,22.3954741183222
"48313",22.2,21.6026957582138
"48315",22.7,22.484261947282
"48317",23.2,22.3876885671141
"48319",21.5,21.0829382619622
"48321",23.2,21.8905872875225
"48323",21.8,20.5880332943431
"48325",21.8,21.4806380734484
"48327",20.7,20.8484091106717
"48329",22.1,21.4922538521523
"48331",22.9,22.1415402088372
"48333",22.1,20.6488528993005
"48335",21.6,21.0733868921257
"48337",24.1,23.2992635566752
"48339",22.8,20.1203664324173
"48341",23.1,21.1894301055681
"48343",23.1,23.5761045883845
"48345",21.5,21.5274703207578
"48347",24.9,23.3995751206866
"48349",23.7,22.6372187893997
"48351",25.1,22.45750730029
"48353",23.8,21.8025738137162
"48355",24.6,21.0580930065
"48357",23.1,22.6026099715485
"48359",24.5,21.57923490866
"48361",25.7,23.3044168968323
"48363",24.1,23.2434210125208
"48365",24.5,21.9213414162232
"48367",22.5,22.0380926681153
"48369",22.8,21.9164608967731
"48371",20.3,20.8367610372463
"48373",22.7,22.7330187777708
"48375",23.5,22.2454253446429
"48377",21.3,21.3446918011925
"48379",24.1,22.6497216231227
"48381",24.3,22.0994846486097
"48383",20.5,20.6284212052969
"48385",23.8,21.7228266629776
"48387",23.2,23.8506238606411
"48389",21.3,19.6386493509296
"48391",21.5,22.8641297811278
"48393",23.2,21.1233649809152
"48395",22,21.8852534920707
"48397",21.6,20.4788693254215
"48399",22.6,21.6954402439841
"48401",22.5,22.1411751561625
"48403",23.8,22.7897451501369
"48405",23.7,22.0157120827336
"48407",23.3,21.9445890628189
"48409",22.7,21.3623562956623
"48411",22.2,21.2112111067327
"48413",22,20.9440575938665
"48415",23.3,21.4889999213375
"48417",24.5,21.9868265912641
"48419",24.6,23.2590789826829
"48421",23,21.2208646928694
"48423",23.3,21.7321506522765
"48425",22.3,21.7997667101572
"48427",23.2,20.4576735328627
"48429",23.2,22.4477742884561
"48431",22.6,21.5084670467342
"48433",22.8,21.8562945902484
"48435",21.4,21.0105491319668
"48437",22.4,22.7827532693541
"48439",21.6,21.8269809043321
"48441",24.7,22.0942004175584
"48443",17.8,19.8199755718912
"48445",23.4,21.2256977645583
"48447",23.1,21.4802157875887
"48449",23.6,23.7034177318743
"48451",23.4,21.4923507758465
"48453",22.3,20.3268026376651
"48455",23,21.750062826776
"48457",23.9,22.8828410665141
"48459",25.8,23.7685606122052
"48461",23,20.9463352164457
"48463",21.9,21.3881439733492
"48465",20.8,21.1342750433462
"48467",25.7,23.37897971076
"48469",23.3,21.8642939299241
"48471",23.4,21.4467271579361
"48473",22,20.9145938720624
"48475",22.8,20.9874875029306
"48477",22.1,21.308566943335
"48479",20.1,20.382171351797
"48481",22.4,21.5462057838825
"48483",24,22.6194302263353
"48485",24.3,23.2346536513559
"48487",24.2,24.1910688331084
"48489",20.7,20.1036814032952
"48491",21,20.6327157563305
"48493",22.1,22.133927371451
"48495",22.1,20.7179178066814
"48497",23.6,23.0602409424365
"48499",22.6,22.0233624241881
"48501",23.4,21.795710193488
"48503",24.4,22.8103787597141
"48505",22.9,20.8335214254064
"48507",22.1,21.3228104925756
"49001",23.7,21.2498604646056
"49003",25.2,22.6316044321102
"49005",27.1,23.7794251350604
"49007",26.8,22.6655001534348
"49009",23.5,19.9032073204652
"49011",27.7,22.7226490434803
"49013",25.8,22.7287089768292
"49015",26,22.2610293111945
"49017",24.2,21.3475598709226
"49019",25.6,21.3595785260832
"49021",25.5,22.5188006431629
"49023",25,22.4042600783435
"49025",24.2,20.5326426750336
"49027",25.6,21.0546994844235
"49029",25.1,21.3200835089445
"49031",24.7,20.4776026657433
"49033",24.9,21.269163577951
"49035",27.2,21.797491715794
"49037",24.8,19.7452985659307
"49039",26.7,22.1122345272602
"49041",27.7,22.0228594901573
"49043",22,20.5128769482136
"49045",27.9,22.6615247818956
"49047",23.8,22.2597536784482
"49049",24.9,22.8527745715054
"49051",20.5,21.301077552811
"49053",23.2,20.6638272783493
"49055",24.5,21.1403235352403
"49057",27.5,22.8490565814155
"50001",23.6,22.0981800245849
"50003",25,23.4175404159795
"50005",27.8,23.4284942270014
"50007",27.3,23.7604858153645
"50009",24.8,23.2050526283801
"50011",24.4,23.6415372289746
"50013",24,21.951399749249
"50015",25.6,23.4176745437855
"50017",24,23.0154166756999
"50019",25,22.8295224893722
"50021",25.2,23.0770129027416
"50023",26.4,23.5280076516629
"50025",26,23.5567717420114
"50027",24.7,22.459607784638
"51001",22.9,20.8223486604499
"51003",23.5,19.521954789002
"51005",25.2,24.235874089922
"51007",22.8,22.1077366437109
"51009",24,22.0005871634982
"51011",25.6,22.7039931568991
"51013",21.2,17.7602542086162
"51015",23.5,22.4749592827627
"51017",24.7,25.8402798058186
"51019",25.1,21.95231329767
"51021",23.4,23.9738937382637
"51023",23.8,22.6509593277566
"51025",21,19.5255170821443
"51027",28.7,27.1482057884459
"51029",23.3,20.549368540216
"51031",24.9,22.0174879337919
"51033",24.2,21.0578866146459
"51035",25.8,24.0561506941415
"51036",21.7,18.7602553170957
"51037",23.6,22.7555544850773
"51041",21.6,19.0386110658727
"51043",23.5,20.6327114648851
"51045",25.5,25.4289718031843
"51047",23.2,20.2800149935936
"51049",23,19.6715563415675
"51051",26.8,27.0248426957618
"51053",23.1,21.1405211545385
"51057",24,21.2164509524244
"51059",18.8,16.2950390125408
"51061",22.1,20.5603663308251
"51063",23.9,22.6657883774237
"51065",25.4,20.3891206537003
"51067",22.9,22.8482123483048
"51069",25.4,20.8624813815558
"51071",25.5,24.2109462996502
"51073",24,21.3140475732843
"51075",21.6,19.3386984739297
"51077",25.8,24.1449957235097
"51079",24,22.4429218339486
"51081",20.1,18.2920067311472
"51083",22.8,20.7454322152941
"51085",24.8,20.3035998269172
"51087",21.8,18.3033985776362
"51089",23.4,22.430479309734
"51091",22,21.0556962127832
"51093",22,20.5707749093682
"51095",20.6,18.676708997114
"51097",23.4,22.1431717660986
"51099",23,20.4829611831543
"51101",24.3,21.627507428188
"51103",20.4,18.3717835057614
"51105",26.8,26.180109185448
"51107",19.4,16.9065402917076
"51109",24.7,21.8072659169679
"51111",22.6,20.3075630027787
"51113",24.2,21.8922795872466
"51115",22.2,19.9693285235958
"51117",23.1,21.1379312328666
"51119",23.2,19.3207178786112
"51121",25.1,25.5626780616626
"51125",23.8,21.1873718148852
"51127",22.5,19.9642490096036
"51131",21.9,20.2306212440177
"51133",20.8,19.5354351110265
"51135",23.2,21.2067909467082
"51137",24.2,22.1363852585417
"51139",25.4,23.1071342011594
"51141",24.9,22.929850014983
"51143",23.5,22.7429495402333
"51145",22.8,20.7995037567541
"51147",24.4,21.9564663941084
"51149",23.1,19.3422030014069
"51153",21,17.0328940182928
"51155",25.4,24.5966764140293
"51157",24.4,20.4890894083322
"51159",22.6,18.5813556075734
"51161",23.8,21.8727623463769
"51163",24.5,21.8858968437649
"51165",24.5,22.3415508448061
"51167",26.6,26.7230489894762
"51169",27.8,25.6868027934569
"51171",24.9,23.2155133843683
"51173",26.5,26.0370572067446
"51175",21.9,19.8238061029153
"51177",22.9,19.867430425591
"51179",21.9,18.1980301572521
"51181",21.4,19.7300573908549
"51183",20.5,18.4585064709881
"51185",25.1,26.292838936637
"51187",25.4,22.708025642109
"51191",26.2,23.9721425921176
"51193",23.9,20.9142053226602
"51195",27,26.5584022124893
"51197",26,25.5525740370331
"51199",21.1,18.7457290282519
"51510",20.9,17.8961865532477
"51520",26.2,24.1774147102704
"51530",28.1,26.3034079219126
"51540",26.1,22.9424232890326
"51550",23.3,19.4557300587909
"51570",23.6,21.3122882415193
"51580",25.9,25.3041476723522
"51590",23.8,21.9100191758056
"51595",22.1,20.0168403835748
"51600",19.8,18.1540726160719
"51610",21.1,17.0012370000761
"51620",22.2,20.4607734250658
"51630",25.5,21.8358816798083
"51640",27,24.5545950522631
"51650",21,19.0366051678736
"51660",27.5,25.3790943440385
"51670",24.9,22.399001253914
"51678",25.7,22.3533051466484
"51680",26.3,22.4499572194041
"51683",21.3,16.9360442271464
"51685",21.6,16.6556649448713
"51690",23.9,22.3653995792421
"51700",23,19.8554912471503
"51710",24.5,19.995020297492
"51720",27.2,27.9178641642496
"51730",20.7,19.2236187824512
"51735",23.1,20.5328984145172
"51740",22.5,20.1696686819576
"51750",30.5,28.7559448366217
"51760",26.1,20.1952598786309
"51770",25.3,22.205595883826
"51775",24.3,22.9445133668553
"51790",25.1,22.1053512090637
"51800",21.6,19.3168055407275
"51810",23.2,19.4961722499504
"51820",24.5,22.8198558335797
"51830",26.7,20.7003649402788
"51840",24.1,21.681737953145
"53001",23.1,24.9485536149009
"53003",27,25.1915696579448
"53005",25.8,24.4634753020192
"53007",24,23.1267145171819
"53009",26.5,23.2085695191771
"53011",25.9,24.3957905321133
"53013",25.5,23.4449487762784
"53015",29.9,25.417589284633
"53017",24.5,23.0700302463057
"53019",26.5,25.5262132570161
"53021",25.1,24.4281232539313
"53023",25.5,23.7024772311512
"53025",24.8,24.5997749306294
"53027",27.2,24.4596164904107
"53029",25.6,23.9551017794536
"53031",23.5,23.1964523163448
"53033",23,24.5697697515359
"53035",26.5,24.3145134032195
"53037",28.6,25.2701100032038
"53039",24.7,23.4539585672053
"53041",28,24.6533136759938
"53043",25,24.4269963641906
"53045",24.8,23.9555241661262
"53047",27.6,23.5257994811349
"53049",27.4,23.6712790571653
"53051",25.4,23.4256829780474
"53053",26.1,25.3712580129832
"53055",23.6,21.3271024452837
"53057",27.9,24.851925163447
"53059",26.4,24.4570979922347
"53061",24.5,24.9497754275757
"53063",29.4,25.3922597495227
"53065",25.4,23.9697299915449
"53067",29,25.0371887349452
"53069",25.2,23.683491165058
"53071",25.9,24.2326678712859
"53073",28.7,25.1667805956727
"53075",29.7,26.5739379623006
"53077",24.4,24.3931040568588
"54001",28.4,26.8621913794395
"54003",25.7,22.1931551420433
"54005",28.1,26.6131493462783
"54007",27.3,24.5435582894266
"54009",26.8,22.1578288827736
"54011",30.1,25.773916031626
"54013",28.1,29.6658986434958
"54015",29.6,28.0081309368529
"54017",26.9,23.945609028727
"54019",27.2,26.2199045044428
"54021",25,21.3577881891321
"54023",27.9,23.5104387471496
"54025",26.3,25.4578854012483
"54027",27.9,24.940845432976
"54029",26.9,22.9159878284412
"54031",26.9,24.4600149623257
"54033",28.1,23.9821018942318
"54035",26.9,26.5194610812453
"54037",24.4,21.5160726146562
"54039",27.3,25.026310032842
"54041",28.5,25.16555718018
"54043",30.7,27.6513960232371
"54045",32,27.430462802715
"54047",28.5,27.4615468880453
"54049",27.8,23.9756905444495
"54051",27,23.6978651235884
"54053",28.9,25.6715258111432
"54055",30,25.7281331365852
"54057",26.1,23.6965514825277
"54059",31.8,28.4725830236662
"54061",26.1,25.0860356735916
"54063",26.6,23.570453638577
"54065",25.9,22.7575429600708
"54067",27.7,25.5704090676649
"54069",26,23.2339204480969
"54071",26.1,23.9274753429094
"54073",27.4,22.0902271500532
"54075",26.9,25.5741198099155
"54077",27.6,23.753111429929
"54079",27.2,24.4962619575406
"54081",27.8,26.5890673492746
"54083",27,23.9806841917691
"54085",27.9,26.3887436802345
"54087",29.4,26.6586027701903
"54089",27.5,26.0898423799933
"54091",29.1,25.2545008588467
"54093",26.2,22.7382035277295
"54095",27.3,23.6323722465608
"54097",28.2,25.5133691893901
"54099",30.2,25.7295511086776
"54101",27.3,25.9234428360123
"54103",28.2,24.9594759953387
"54105",28.7,26.6126009451045
"54107",31.1,24.9381424750847
"54109",28.8,27.630307433042
"55001",22.1,21.2804847838157
"55003",25.3,23.0516191959303
"55005",23.8,21.3538345669563
"55007",23.1,20.0027239458411
"55009",22.3,20.6048472162934
"55011",22.6,19.6533101880281
"55013",22.5,20.3753847028705
"55015",22.3,20.2039087847131
"55017",21.9,22.2135960407865
"55019",23.9,22.082724186255
"55021",24.7,20.3671516108474
"55023",23.7,21.094973779519
"55025",23.8,20.0415681663686
"55027",24.2,20.233861643234
"55029",21.9,20.6729517914817
"55031",24.9,22.1320036020229
"55033",26,22.1322708141461
"55035",26.2,22.4200695324393
"55037",24,21.0954544795837
"55039",23.7,20.5615317224378
"55041",23.4,21.2441846755846
"55043",23.9,22.029761164431
"55045",24.4,19.3845473245891
"55047",24.1,21.5076758094742
"55049",22.8,19.3474849495258
"55051",22.1,20.8879520691873
"55053",23.8,22.635587457732
"55055",23.3,20.0751499240195
"55057",25.2,22.6662913548501
"55059",25.9,20.4204304935911
"55061",23.1,20.773384506284
"55063",24.4,21.3118272856738
"55065",23.5,20.61141284535
"55067",22.8,21.9624701051594
"55069",24.6,21.6082438528417
"55071",22,21.1794422208306
"55073",24.2,20.9076869696675
"55075",23.6,21.627065845987
"55077",24,20.3903106012943
"55078",24.8,17.082589144659
"55079",22.4,19.6823260265907
"55081",23.1,22.0311728332777
"55083",23,21.2675685837098
"55085",22,20.9720960530964
"55087",26.2,20.2522051380103
"55089",21.9,18.4275583138284
"55091",23.2,20.388669997172
"55093",24.6,21.5234757991863
"55095",24.6,20.689773034433
"55097",24.8,21.7882610560926
"55099",22.6,21.6404520893062
"55101",22.5,19.4168513008256
"55103",22,20.474229816117
"55105",24.3,19.9942920995516
"55107",23.4,21.1945489379117
"55109",22.9,21.4899036377603
"55111",25.6,20.3482420639015
"55113",22.6,20.8316965773269
"55115",24.1,20.7858740624947
"55117",22.6,19.5603961880842
"55119",22.5,20.9987571930145
"55121",22.9,20.3909328716403
"55123",24.4,22.6649112967733
"55125",21.3,19.8520591188035
"55127",22.3,20.094266506547
"55129",23.1,21.1207399292837
"55131",21.8,19.2092046159606
"55133",20.7,17.9215379293773
"55135",22.6,20.96690446776
"55137",23.3,20.9665571768418
"55139",25.9,21.3316388979256
"55141",23.1,20.9300721003973
"56001",23.9,22.500290044271
"56003",20.8,19.7094359615744
"56005",22.3,20.6574028185812
"56007",19.3,20.0518414001638
"56009",21.4,19.516338746196
"56011",20.5,17.7739683604661
"56013",20.9,20.0575789244908
"56015",19.8,17.5127075586165
"56017",20.8,19.5163015549842
"56019",20.4,18.9188475336192
"56021",22.1,19.3966939605669
"56023",20.9,20.4686554917897
"56025",26.3,20.3627442518073
"56027",22.7,16.8538332832559
"56029",21.6,20.0676393475
"56031",21.2,17.2180788493232
"56033",21,19.9161495222797
"56035",20.4,19.1600433792625
"56037",21.8,21.8876202809698
"56039",19.1,19.4531912691981
"56041",23.4,21.6422995395707
"56043",20.6,18.8514507249856
"56045",20.7,19.0117661265809
