"county_fips","per_copd","pred_outcome"
"01001",7.4,7.2633809384988
"01003",7.5,7.89871096964154
"01005",11.1,10.2759458969642
"01007",10.2,9.91310594618213
"01009",9.1,9.79818716301891
"01011",13,10.1678780809581
"01013",10.3,10.7991235772622
"01015",8.9,9.10337357481535
"01017",9.9,9.63904319245355
"01019",10.7,10.7940467037904
"01021",8.8,8.99808689934196
"01023",11.1,11.2437717485819
"01025",9.7,10.4980601001637
"01027",10.6,10.2493618123073
"01029",9.8,9.50597803630122
"01031",8.6,8.59439334166929
"01033",8.9,10.1859740809309
"01035",12.6,12.2415158820424
"01037",10.6,10.4173972257352
"01039",10.4,10.3299631197546
"01041",9.9,9.80735509159918
"01043",9,9.63204827612418
"01045",9.2,9.09681992909788
"01047",11.2,10.8498004501906
"01049",10.8,10.1504303937382
"01051",7.5,7.58865388976704
"01053",11.4,10.2800156064024
"01055",9.8,9.63795867922253
"01057",10.9,10.9594867101313
"01059",10.7,9.82364318317079
"01061",11,10.4212666407309
"01063",13.8,12.750923795112
"01065",10.3,10.4459087259328
"01067",9.7,9.7416756311652
"01069",8.9,8.69403450096124
"01071",10.9,10.7500526988636
"01073",6.9,7.08625606443568
"01075",11.1,11.0115989185503
"01077",8.2,9.3895442445538
"01079",9.8,9.78068686646172
"01081",6.4,5.89291450217984
"01083",6.9,7.43900808804037
"01085",12.3,11.2634273164847
"01087",8.8,9.88098604665384
"01089",5.8,5.94322723536311
"01091",9.9,10.0183605404924
"01093",10.8,11.058640895948
"01095",9,9.10362087438113
"01097",7.9,8.15941128234288
"01099",11.2,11.083862810898
"01101",7.5,7.07191056902302
"01103",8.5,8.56790764070083
"01105",12.9,11.5571911172312
"01107",10,10.5795978873975
"01109",7.8,8.28368285667145
"01111",9.7,9.76601547923485
"01113",9,8.93242931801579
"01115",7.9,8.6075157468879
"01117",5.5,5.46844651309787
"01119",9.3,10.5156349195132
"01121",9.4,9.64203652506436
"01123",9.5,10.0597932461418
"01125",6.6,6.94096685732389
"01127",10.2,10.4208487658824
"01129",9.5,10.223068147232
"01131",12.8,11.6149697452738
"01133",11.8,11.6763903096854
"04001",11.9,10.1969945330248
"04003",8.3,8.02584637727661
"04005",6.3,6.13248946332917
"04007",10.6,9.93685406078761
"04009",7.4,7.06566996603522
"04011",5.4,5.74945462864724
"04012",12.5,13.0687217705774
"04013",5.7,5.91431733469424
"04015",11.2,10.2544556919845
"04017",10.9,9.37962238149079
"04019",6.8,6.98729663672417
"04021",7.5,7.62300311543661
"04023",6.8,8.47338616157263
"04025",9.2,9.42921084012538
"04027",7.5,8.66767803914569
"05001",9.6,10.0188627987605
"05003",11.9,11.7033477445645
"05005",11.5,11.8087931656663
"05007",5.9,4.95775752342706
"05009",9.3,10.1027726161616
"05011",10.7,10.0769987090343
"05013",8.9,9.52368052466435
"05015",10.4,10.1930407345318
"05017",11.5,11.1549842402861
"05019",8.1,8.58386248010115
"05021",10.8,11.2775927022861
"05023",11.1,11.1786126251928
"05025",10.3,9.95412831758969
"05027",8.8,9.55307628715049
"05029",10.7,10.2718358635119
"05031",7.9,8.00679402018465
"05033",9.2,9.17767041441361
"05035",9.3,9.20197716160671
"05037",10.8,10.4867876307372
"05039",9.5,10.4147114176423
"05041",13.1,11.866675537652
"05043",9.8,9.57268130007148
"05045",6.7,6.59523684369571
"05047",11.2,10.8795878400788
"05049",13.2,11.805779693528
"05051",9.5,9.85876637126834
"05053",8.2,8.5190723547644
"05055",9.7,9.91035127182374
"05057",9.8,9.90592827628254
"05059",9.8,9.99170088092971
"05061",9.5,9.92785291863941
"05063",9.7,10.3408589565015
"05065",12.2,11.5028510193737
"05067",11.1,10.7808846657627
"05069",9.3,9.2185166404773
"05071",10.3,9.74183443903609
"05073",13.6,13.1835361770229
"05075",11.3,10.9235744658684
"05077",11.7,11.9316487075771
"05079",8.8,8.96653324948543
"05081",10.2,9.78132437547827
"05083",10.4,9.89384336615751
"05085",7.5,7.63897833809968
"05087",10.5,10.5194213515776
"05089",12.1,12.3778142526014
"05091",10.1,9.74054754858648
"05093",9.6,10.0306694930889
"05095",11.5,11.2718917300912
"05097",12,12.2688668103377
"05099",11.8,12.2425585339841
"05101",11.3,11.3210650068846
"05103",10.3,10.2027472235032
"05105",10.2,9.93796959828525
"05107",12.4,11.5113359844903
"05109",10.2,10.3056859609312
"05111",11.3,11.1788942067129
"05113",11.4,10.7722698050946
"05115",9.1,8.591963415307
"05117",10.4,9.66881431440031
"05119",7.2,6.63179356837801
"05121",11.2,11.0920555792226
"05123",10.9,10.9221723491468
"05125",7.2,7.12903126753508
"05127",10.6,10.8591216741781
"05129",13.7,12.6479445829681
"05131",8.5,8.10348673770287
"05133",9.9,9.79837381689505
"05135",12.3,12.0320976615832
"05137",13.2,12.8019137816085
"05139",9.6,9.66385814139414
"05141",12.6,12.3074944903862
"05143",6.5,6.0635817352422
"05145",9.3,9.32187471909556
"05147",12.3,11.6726173057691
"05149",9.9,9.18412822467765
"06001",4.1,3.46260945974244
"06003",6.4,6.21082507803839
"06005",7.1,8.49921792998924
"06007",6.8,6.85583795336813
"06009",8.4,9.30460923000704
"06011",6.4,6.81754446040148
"06013",4.7,4.42438738004493
"06015",8.1,7.26049540029781
"06017",6,6.53548636253094
"06019",6,5.98289031501213
"06021",7.1,7.20646988504917
"06023",7.6,7.15068478571994
"06025",5.7,7.21941047229164
"06027",6.9,7.53099549299742
"06029",6.4,6.36099976231284
"06031",5.9,6.1341483423071
"06033",9.1,8.60907888786038
"06035",7.6,7.35576857384169
"06037",4.9,5.53910232069421
"06039",7.2,7.0227280341532
"06041",5.3,4.85618787347358
"06043",8.4,8.85968798820071
"06045",8.5,8.20723561671996
"06047",6.1,6.39893824162838
"06049",9.9,10.1089851785636
"06051",6,5.91655774250813
"06053",5.7,5.68225853520525
"06055",5.7,5.87860464110783
"06057",7.2,7.8598263225548
"06059",4.7,4.86000396039997
"06061",5.2,5.51266231446605
"06063",8.7,9.44969310743249
"06065",5.4,6.42982197168673
"06067",5.6,5.27778144044142
"06069",4.7,5.69535355618961
"06071",5.2,6.23324370060631
"06073",4.7,4.8212375842366
"06075",3.9,3.37573904075158
"06077",5.5,5.75527499610298
"06079",5.8,6.34812913935408
"06081",4,3.74014901718051
"06083",5.6,5.70250261405336
"06085",3.5,2.90965600711712
"06087",5.4,5.29887894398552
"06089",7.6,7.8110085222103
"06091",10.2,10.5905617562323
"06093",9.1,9.05543135973786
"06095",5.3,5.69412387870515
"06097",5.8,6.08144493861477
"06099",6.1,6.2145934093501
"06101",6.8,6.65678861250198
"06103",8.4,7.89609046475367
"06105",11.3,10.2545172112489
"06107",6.1,6.57150392757342
"06109",7.6,8.77859772435289
"06111",5.2,5.62643087138895
"06113",4.7,4.57093391810021
"06115",6.5,6.57606822953829
"08001",5.1,5.8103670217388
"08003",6.4,6.47549882112248
"08005",4.9,4.67644000603376
"08007",7.7,7.2257858286216
"08009",10.7,8.72719199515988
"08011",10.1,7.65866595939776
"08013",4.7,4.08408920679364
"08014",4.2,4.12694456307219
"08015",7.1,6.39712789428148
"08017",8,7.52793378698644
"08019",5.7,5.45492783086177
"08021",6.9,8.00954486403071
"08023",8.4,8.01508437530547
"08025",7.1,6.83498349636717
"08027",8.6,7.73172284932267
"08029",9.2,8.31330060596774
"08031",4.2,3.91457819166356
"08033",8.3,9.76209350911704
"08035",4,3.77683219716938
"08037",5,4.86927049511582
"08039",5.9,6.29427259593918
"08041",5.2,5.01205523301728
"08043",8.2,7.59637877852158
"08045",5.8,6.48375964911141
"08047",6.1,5.87046788133046
"08049",6.2,6.3232649295931
"08051",4.6,4.58252129481054
"08053",6,7.43817584567862
"08055",8.6,8.24313955738942
"08057",10.6,9.04314329544972
"08059",5,4.9708432076885
"08061",8.9,8.18569437573612
"08063",8.3,7.71260663694274
"08065",4.7,5.12763246343494
"08067",6.2,6.12192897944469
"08069",5.2,5.12682980481736
"08071",8.2,7.95576080700096
"08073",7.9,7.03157508530389
"08075",8.4,7.73162231771696
"08077",7,6.86378282780672
"08079",6.9,7.12239495572431
"08081",7.9,7.07286069922399
"08083",8.3,7.76649506304742
"08085",8,7.90830712553254
"08087",6.9,7.65147245365478
"08089",9,7.4866430669714
"08091",6.2,7.49541050353692
"08093",6.5,6.70603207846212
"08095",8.3,7.73125468638527
"08097",4.9,4.69733716169091
"08099",8.1,7.49194678636748
"08101",7.2,6.85898427371972
"08103",6.8,6.98090770715956
"08105",7.1,7.56234353946236
"08107",5.4,5.18064371460283
"08109",9.3,7.9875052810909
"08111",6.2,6.74927688402262
"08113",5.3,5.01790788725578
"08115",9.1,8.25034659114048
"08117",5,4.82689157477611
"08119",6.8,6.76132293819837
"08121",7.6,7.71146860147797
"08123",5.5,6.14933758657204
"08125",7.8,7.61341268052761
"10001",7.6,7.0699745741494
"10003",6,5.68332959505572
"10005",9.1,8.38153053147592
"11001",4,4.04101818117494
"12001",6,4.89967449080424
"12003",8.3,8.27340563405402
"12005",7.9,7.29910441362749
"12007",10.5,9.43808561964919
"12009",7.8,7.63054471878983
"12011",6.3,5.68626547355968
"12013",11.1,9.51012867420011
"12015",9.7,12.202618128967
"12017",11.1,12.5475738664407
"12019",7,6.58990536285914
"12021",8,8.79618309116795
"12023",10.1,9.49247444953155
"12027",12.1,11.4333463894065
"12029",12.2,11.5674640631617
"12031",7,6.01800481038495
"12033",7.8,7.53805712614493
"12035",8.6,9.34950798464783
"12037",10.8,9.41300011750695
"12039",11,9.60775947216218
"12041",9.7,9.38836177440745
"12043",11.7,11.4419901860069
"12045",9.1,8.52007616999901
"12047",12.1,10.7830638944307
"12049",9.5,9.80751840068282
"12051",8.5,9.01718681218593
"12053",9.1,10.0977783300436
"12055",11,12.2512297406362
"12057",6,5.32795189021315
"12059",10.9,9.83626813643255
"12061",8.8,9.83497613068379
"12063",10.3,10.0125290790643
"12065",10.3,10.2892929727461
"12067",10.6,10.505328954392
"12069",8,8.83855353565807
"12071",8.2,9.08813378132676
"12073",5.9,4.66174905314722
"12075",11,10.7153540916831
"12077",10,8.70491502391267
"12079",11.1,10.6037767149807
"12081",8.3,8.46271392931033
"12083",9.8,10.3450055983024
"12085",8.5,9.03265395545507
"12086",5.3,6.01477288676989
"12087",7.2,7.0580935054699
"12089",7.6,7.35723589219478
"12091",6.6,6.07491247159729
"12093",10.5,9.75186553602841
"12095",5.5,4.61131186819382
"12097",5.5,5.83574894588283
"12099",7.1,6.77989851891348
"12101",7.8,8.08416051406565
"12103",8.1,7.94909035381937
"12105",8,8.33610800605024
"12107",13,11.2163006912108
"12109",6,4.92897453688496
"12111",8.3,8.57412965324363
"12113",6.8,6.57106067107025
"12115",8.4,9.60702439071584
"12117",5.6,4.71584335964333
"12119",10.1,14.3647278850211
"12121",10.5,9.44706178107679
"12123",11.5,9.86888280710278
"12125",10,9.65249542982997
"12127",8.4,8.76457820457621
"12129",7.8,7.26185430542918
"12131",7.7,6.79032468196795
"12133",10.7,9.79805847519002
"13001",11,10.4502554995919
"13003",11,9.73144157635384
"13005",9.5,9.84541883695524
"13007",12.4,11.6545731450551
"13009",8.1,8.19086390474039
"13011",8.8,8.61945972130245
"13013",6.5,6.9284480182981
"13015",7.1,7.04767509296001
"13017",11.1,10.3335219732149
"13019",10.7,10.112332262429
"13021",8.4,8.22248277996712
"13023",8.8,8.93793344215586
"13025",10.3,9.7972007010899
"13027",11.6,10.7027215027931
"13029",5,4.56502085400927
"13031",6.6,6.78325240356284
"13033",9.8,8.93262574797071
"13035",8,8.11853939733795
"13037",9.3,9.0502424123666
"13039",6.9,7.42403919181134
"13043",9.8,9.36712880390774
"13045",7.3,7.62145255884713
"13047",7.5,7.8551689723934
"13049",9.1,9.28577955962148
"13051",6.4,5.87625324117474
"13053",4.3,3.98989178073269
"13055",11.3,10.9519241949463
"13057",5.6,5.49416737608546
"13059",5.8,5.71446667969154
"13061",11,11.8578833578107
"13063",6.5,6.4971898010704
"13065",11,9.78287771631872
"13067",4.8,3.79999280796701
"13069",9.8,8.88343989029196
"13071",9.6,9.15168970450388
"13073",5.5,5.2087275593176
"13075",10.1,8.97186090947171
"13077",5.9,5.94129626910942
"13079",9,9.13080366424941
"13081",11,9.97382647840423
"13083",8.2,8.97218929216699
"13085",6.8,6.83379033418281
"13087",9.7,9.6945834365331
"13089",5.2,4.56530060214475
"13091",9.8,9.83162325714446
"13093",9.2,10.0335241914573
"13095",9.1,8.69991336500632
"13097",5.8,5.62661863909465
"13099",10.3,9.60990204563364
"13101",7.4,7.76034793204149
"13103",6.1,5.82968631022942
"13105",9.6,9.75273329769659
"13107",10,9.73771151302033
"13109",9.6,9.00876410713255
"13111",10.6,9.767982027721
"13113",5.3,5.21035510254298
"13115",8.1,8.12320124745936
"13117",4.2,3.1330904432229
"13119",9.6,9.39555395443236
"13121",4.5,3.44369007522873
"13123",9.5,9.6717104750515
"13125",9.4,8.66126093757595
"13127",8.2,8.13332090293116
"13129",8.7,8.09800007707777
"13131",9.7,9.60385412997861
"13133",7.9,8.45231846060521
"13135",5,4.53843378522374
"13137",8,8.03453103714654
"13139",7.1,7.07810489488989
"13141",11.9,11.5559133250582
"13143",8.2,8.73070429460009
"13145",6.3,6.62391690077575
"13147",9,8.95760127931432
"13149",9.2,9.60618518184537
"13151",5.5,5.85556054302629
"13153",5.9,5.66607474528432
"13155",9.6,9.055488941032
"13157",6.6,6.66259262166176
"13159",8.6,8.2270952791376
"13161",10.6,10.218374991778
"13163",10.1,9.64337096451746
"13165",10.9,11.0011372993631
"13167",10.7,9.89364105899293
"13169",7.9,8.21502291943194
"13171",7.6,7.78644700859799
"13173",9.7,9.08965759127289
"13175",9.4,9.22201168116921
"13177",5.9,5.36645599740767
"13179",5.5,6.30483197273031
"13181",10.7,10.1590821350458
"13183",6.7,7.32801037171107
"13185",7,6.9734466103369
"13187",7.2,7.90168520932823
"13189",9.2,8.84923738138976
"13191",12.3,11.3096233016183
"13193",11.3,10.1218745431428
"13195",9.5,8.86621261270783
"13197",10.5,9.95536353553104
"13199",9.9,10.1288685418159
"13201",10.7,9.9412576842097
"13205",9.8,10.0244453822721
"13207",7.1,7.40137978478776
"13209",8.7,8.40668644750888
"13211",6.8,7.15170701712841
"13213",8.4,8.85565426103034
"13215",7.1,7.07390939665475
"13217",6.6,6.78648136694554
"13219",4.8,4.23310480702278
"13221",8,7.95622368523005
"13223",5.5,5.69436396990167
"13225",7.1,7.71961203586468
"13227",8.5,9.02117277703652
"13229",9.3,8.4198506634131
"13231",7.1,7.51950322967236
"13233",8.9,9.20366773189766
"13235",10.2,10.5003973774603
"13237",9.5,9.07003008704088
"13239",13.1,12.4162962390479
"13241",9.4,9.10057403778352
"13243",13.7,10.7401153100592
"13245",7.5,7.61195251707649
"13247",6.8,6.31580656373829
"13249",8.5,7.91288736398536
"13251",9.7,9.38806747979913
"13253",10.2,10.7242672500708
"13255",8.8,9.06127875989025
"13257",9.6,9.32170009314496
"13259",9.3,8.92699912178791
"13261",8.6,8.77463865529627
"13263",11.3,11.316961204459
"13265",10.8,11.174801131924
"13267",9.5,9.06435315754389
"13269",12.6,10.6440300952483
"13271",12,10.695197573008
"13273",11.6,11.2973085168097
"13275",8.5,8.42588211666241
"13277",8.6,8.42512549315973
"13279",9.1,8.73690558589012
"13281",9.7,9.66327603665634
"13283",11.9,10.1257941956068
"13285",8.2,8.14102533198163
"13287",11.1,10.2446003553202
"13289",10.3,10.2531467264322
"13291",9.9,9.94629917115607
"13293",9.5,9.63171174304184
"13295",8.8,9.027063002587
"13297",7.3,7.32959804948118
"13299",10,9.55047126458241
"13301",10.5,10.1520627277201
"13303",9.7,8.49926631281596
"13305",10,9.43493842499415
"13307",11.4,10.4487029666932
"13309",9.6,9.26653309892693
"13311",8.4,8.73716323282955
"13313",7.5,7.38653078567741
"13315",10.3,9.84220379078139
"13317",10.2,9.78587076878099
"13319",9.7,9.87046138233715
"13321",10.1,10.410765023259
"16001",5.3,4.92253021927534
"16003",10,9.90642382095166
"16005",6.6,6.27678314079053
"16007",8.1,7.91555671977668
"16009",10.2,8.93813202839134
"16011",7.1,7.08163665836375
"16013",6.1,6.10159509854042
"16015",7.7,8.22834597919071
"16017",8.4,8.17518691613056
"16019",6,5.80599309679269
"16021",9.3,9.19971236858671
"16023",11.8,9.09097052735643
"16025",7.8,6.51794411639167
"16027",6.6,6.64047475277325
"16029",7.3,7.4932191644267
"16031",6.9,7.02613948397076
"16033",8.3,7.82061533707511
"16035",9.3,9.35328865168272
"16037",9.1,10.3112651994009
"16039",7.1,6.99466851641355
"16041",6.6,6.79064187756539
"16043",7.1,7.53306434597581
"16045",7.8,8.117475763641
"16047",8.7,8.36956643507563
"16049",9.1,9.27939011000178
"16051",6,6.00493953969295
"16053",8,7.82340773787542
"16055",7.2,6.84822706241848
"16057",5.5,5.34120713544274
"16059",9.2,9.24038492378788
"16061",10.9,9.85722348494418
"16063",7.3,8.22181118894462
"16065",4.4,4.96563203380717
"16067",7.3,7.93821204809122
"16069",7.9,7.44405335816462
"16071",7.2,7.36640934044527
"16073",9.3,8.60569821669007
"16075",8.4,7.68834982435234
"16077",7.9,7.73639703695528
"16079",9.9,9.34608729806126
"16081",5.4,5.39342883781774
"16083",7.3,7.08929439619798
"16085",8.6,8.11628701566288
"16087",10,9.13607693904633
"17001",8.1,7.867717968153
"17003",12.1,12.2896348402308
"17005",8,8.08611491584066
"17007",7.4,6.98854550915467
"17009",8,7.30711996139675
"17011",8.9,8.77565826130769
"17013",7.8,8.18827482338119
"17015",9,8.84736133436915
"17017",8.6,8.3070257154953
"17019",5.6,5.53746093315523
"17021",8.6,8.57363506727065
"17023",8.3,8.05612383051497
"17025",10.3,9.88875882891931
"17027",7.4,7.4326762969149
"17029",8.2,8.36001835566202
"17031",5.7,5.80161974528342
"17033",8.4,8.29391726682618
"17035",8.1,8.83581841833655
"17037",6.3,6.42280591421688
"17039",8.4,8.01937801938993
"17041",8,9.36371101707748
"17043",5,4.16195202531348
"17045",9.8,8.80942158537965
"17047",10.3,10.9665607126263
"17049",7.7,7.78834108819576
"17051",9.2,9.68047896342161
"17053",8.7,8.59062549808256
"17055",10.2,10.1504577467081
"17057",9.2,8.66059960829167
"17059",10.9,10.8007337804964
"17061",9.7,9.17733104431501
"17063",6.4,6.43021559190613
"17065",10.1,9.7373155311643
"17067",9,8.83984488449356
"17069",10.5,10.8881366619384
"17071",9.6,9.24423725501446
"17073",7.8,7.59993632817811
"17075",9.7,9.51426857919849
"17077",7.7,8.15008945413481
"17079",8.1,8.35944521832327
"17081",8.8,9.37750906014387
"17083",7.9,8.50462258535433
"17085",8.6,8.64257069966177
"17087",8.9,9.75479677935424
"17089",5.7,5.53580552402855
"17091",7.9,7.91289281498852
"17093",4.7,4.53242863640393
"17095",9.4,9.03192903084711
"17097",5.4,4.48818040744846
"17099",8.2,8.20907314998601
"17101",9.2,8.99421930118745
"17103",8.4,7.96408023457602
"17105",8.4,8.19492020490712
"17107",7.9,8.13155777818983
"17109",7.9,8.36770501820815
"17111",5.9,5.3721274395409
"17113",5.6,5.28525926927892
"17115",8.5,8.0584901264578
"17117",9.1,9.00093340106978
"17119",7.2,7.2303034317996
"17121",9.5,9.64165969289789
"17123",8.9,8.89589581629767
"17125",9.4,9.328871143162
"17127",9.7,10.504090009508
"17129",7.9,7.53929595701043
"17131",8.6,8.16622045035588
"17133",6.2,5.64513340650376
"17135",8.9,8.87019991235462
"17137",8.8,8.19470312184134
"17139",8.6,9.27710392643073
"17141",7.8,7.35331415386916
"17143",7.5,7.11611051858354
"17145",9.5,9.61999694724239
"17147",6.9,6.79482050246107
"17149",9.7,9.42524600201813
"17151",9.9,10.3129818555461
"17153",11.6,12.379674880775
"17155",7.8,8.11735782975594
"17157",8.9,9.30975511655418
"17159",8.9,8.84303929511612
"17161",8.1,8.45468311135061
"17163",7.2,7.29249357779412
"17165",9.7,9.75786933321485
"17167",7.3,6.85716702870662
"17169",9.8,10.2574582170793
"17171",8.6,8.33998365420788
"17173",9,8.96856380797575
"17175",8.8,8.93362973136531
"17177",9.1,8.95997428310869
"17179",7.3,7.24064455796807
"17181",10.1,10.2926600230272
"17183",9.7,8.99115209058536
"17185",9.4,9.21410753164609
"17187",8.2,8.27988350172429
"17189",7.8,7.8887185675262
"17191",10,10.1946044440062
"17193",11,10.4068963946281
"17195",8.3,8.4647136108312
"17197",5.6,5.15755861863278
"17199",8.2,8.16801679176856
"17201",8.3,7.98950945621395
"17203",6.8,6.45168189837564
"18001",10.4,10.0157930360965
"18003",7.6,7.32791341854634
"18005",7.6,7.24847239883357
"18007",10,8.93399238364396
"18009",12.1,11.0037994441516
"18011",5.9,5.01958659996215
"18013",9.5,8.99669969917601
"18015",9.5,9.7353463101101
"18017",10,9.0981962379733
"18019",8.1,7.82520369908306
"18021",9.6,9.20684888997545
"18023",8.9,8.58051754808687
"18025",13.8,12.5457936719805
"18027",10.2,10.2310281475414
"18029",8.3,8.50209775963658
"18031",8.5,8.91409207894378
"18033",8.6,8.82488109572002
"18035",9.1,9.39998814359516
"18037",8.5,8.00856532065036
"18039",8.8,8.51674563859816
"18041",11.4,10.5049094044723
"18043",7.8,7.52376774509209
"18045",10,9.68667792417754
"18047",9.1,9.46451386392301
"18049",10.2,9.82935863659613
"18051",9,8.5780967119517
"18053",10.1,9.77090324331961
"18055",10.5,9.8833401157025
"18057",4.7,3.65860365303536
"18059",6.7,6.8070122754594
"18061",8.7,8.63702715114305
"18063",6.1,5.77124649669686
"18065",9.6,9.60095534101689
"18067",9.4,9.11070798141441
"18069",8.8,8.73546563147079
"18071",8.8,8.66375259778367
"18073",8.4,8.28129369258515
"18075",11,10.1162163002718
"18077",9.2,9.49581316921926
"18079",9.9,9.92492839406686
"18081",6.9,6.79575747903101
"18083",9.3,8.99310073250537
"18085",8.5,8.40849945476983
"18087",9.8,10.5939322281371
"18089",8.4,7.45674998007509
"18091",9.2,8.32020747469917
"18093",9.5,9.14583211604817
"18095",9.2,9.00502734584881
"18097",7.3,6.8187588974126
"18099",9.4,9.13105256841147
"18101",10.3,10.3143698984324
"18103",9.9,9.35287568817632
"18105",6.4,6.49668471476439
"18107",9.6,8.96387162288603
"18109",8.7,8.60783089652313
"18111",10,9.72002774687234
"18113",8.9,8.73613597105735
"18115",9.6,10.1534853321608
"18117",10.5,10.1795310205711
"18119",10.3,9.85694605646974
"18121",11.8,11.0814185492084
"18123",9.2,8.85322468834573
"18125",10.2,10.0004667469542
"18127",7.4,7.00377688759906
"18129",8.5,8.06260880710863
"18131",10.2,10.0189213057409
"18133",8.3,8.18594560538379
"18135",10.3,10.4455408632733
"18137",8.7,9.43581787913128
"18139",10.1,9.94781376784768
"18141",7.8,7.23426019886452
"18143",10.4,10.3441082860272
"18145",9.2,9.22731533137554
"18147",8.6,8.39973502618748
"18149",10.9,10.2311165703237
"18151",8.8,8.66215646750782
"18153",10.3,9.29421705569992
"18155",10.9,10.4136343409035
"18157",6.4,6.38297457059006
"18159",8.9,9.17240939111506
"18161",8.6,9.19092028228705
"18163",8.6,8.06873640344049
"18165",10.1,9.10807407186423
"18167",9.5,8.55887131865168
"18169",9.7,9.42742040532493
"18171",9.6,9.39141047399946
"18173",6.8,6.14723205422663
"18175",10.6,10.4215118218006
"18177",10.3,9.93276172619766
"18179",8.5,8.83733754392699
"18181",9.5,9.09819673893736
"18183",8.5,8.85981899085861
"19001",8.7,8.26981656228365
"19003",8.4,8.17853595268654
"19005",8.6,8.21720961179266
"19007",10.8,10.5237896637645
"19009",9,8.64920665891277
"19011",7.1,6.9547706546793
"19013",7,7.02945617443272
"19015",6.8,6.68531573957436
"19017",6.3,6.05578097123152
"19019",7,6.95502041520014
"19021",7.2,6.4279069012457
"19023",8.3,8.15247820416189
"19025",8,7.53948872030879
"19027",7.7,7.2598540480881
"19029",9.2,9.01684252058778
"19031",7.4,7.53292649136279
"19033",8,7.66426649686426
"19035",9,8.55280829787162
"19037",8,7.65406012134402
"19039",9.4,8.53858215374986
"19041",7.8,7.52109379707225
"19043",9.7,9.21220370972661
"19045",8.5,8.14096519689558
"19047",8.4,7.75295819904971
"19049",4.5,3.71884630884091
"19051",8.5,10.2250649675641
"19053",8.5,8.8727392283633
"19055",8.3,7.57673066303365
"19057",7.9,8.29997850066404
"19059",7.5,7.34368821526666
"19061",6.8,6.40417948344275
"19063",8.4,8.28141011212
"19065",8.6,8.41629281629388
"19067",8.3,8.12130047034005
"19069",9,8.41648766982774
"19071",8.1,7.87238825211362
"19073",8.6,8.3026036816703
"19075",6.8,7.07342154582317
"19077",7.6,7.84510596032828
"19079",7.3,7.21390365277803
"19081",8.1,8.08318623375629
"19083",8.3,7.84396780010773
"19085",7.8,7.18599370420205
"19087",7.8,7.9247379220629
"19089",8.3,7.50505346412657
"19091",8.7,8.16080659755463
"19093",8.2,7.84213586694381
"19095",7.3,7.18834389353647
"19097",8.4,8.27380476378833
"19099",7.6,7.52999236839702
"19101",8.1,7.72366798303331
"19103",5,4.6738986498036
"19105",7.7,7.65811921131793
"19107",8.9,8.83980426613323
"19109",8.2,7.95819646057111
"19111",8.6,8.58517375029061
"19113",6.5,6.05409107652019
"19115",7.7,8.45821593376062
"19117",9.6,9.7975186261732
"19119",7.3,6.6145978149948
"19121",6.4,7.04456612724562
"19123",7.8,7.76547772895183
"19125",6.4,6.25591633861909
"19127",7.2,7.30987261458516
"19129",6.7,6.41919601386064
"19131",7.9,7.25603281531574
"19133",8.8,8.62737723884701
"19135",7.5,7.71646990398721
"19137",8.6,8.31591940064425
"19139",7.4,7.48293626472708
"19141",8.4,7.86498199768418
"19143",9.3,8.25779878450077
"19145",9.1,8.6971224507957
"19147",7.8,7.85577166660149
"19149",6.8,6.70667965424321
"19151",8.6,7.92994890646091
"19153",5.8,5.0562333307575
"19155",7.8,7.14365139404907
"19157",7.5,7.46507628895109
"19159",7.7,8.54030239066814
"19161",8.1,7.82015620812595
"19163",6.7,6.38220093448519
"19165",7.9,7.75497253867951
"19167",6,5.6924207635136
"19169",4.8,4.75069241844769
"19171",8.8,8.66511969872159
"19173",8.3,8.72198347074495
"19175",7.9,8.4216344738098
"19177",9.8,9.7759640547394
"19179",8.6,8.82983051872882
"19181",5.7,5.75474550719044
"19183",7.6,7.64761863332239
"19185",9.1,10.3475533085377
"19187",7.7,7.41755939607792
"19189",7.4,7.19992440390682
"19191",6.6,6.81945081399257
"19193",7.3,7.00985497586069
"19195",7.8,7.39942935950328
"19197",8.7,7.86613845499973
"20001",8.5,9.09418424696184
"20003",9.3,9.72754567393133
"20005",7.6,8.08467891246529
"20007",9.4,8.82280638781053
"20009",9,8.51116977661826
"20011",8.9,8.30841509720654
"20013",9,8.99557861616925
"20015",6.6,6.22432737478998
"20017",9.3,7.97635978078124
"20019",10.9,10.0166140383781
"20021",9.7,9.10780206768475
"20023",10.3,8.81879356964543
"20025",7.6,8.19670887152362
"20027",8.8,8.50061382342192
"20029",8.4,7.80875320789588
"20031",8.5,9.4210393928784
"20033",8.7,9.91923004447287
"20035",8,7.86931211940134
"20037",7.9,8.11264781325214
"20039",8.5,8.66995793961596
"20041",7.8,7.97969826934824
"20043",7.5,8.05374552100641
"20045",5.3,4.87057913310776
"20047",8.8,9.03881393545206
"20049",11.1,10.1153880139806
"20051",6.6,6.61096099876733
"20053",7.4,7.80544359416313
"20055",6.5,7.05324365265147
"20057",6.6,7.48747269165931
"20059",7.7,7.66326958019441
"20061",5.9,6.37455859063328
"20063",8.1,7.99159655703171
"20065",9.4,8.30928544278822
"20067",5.5,6.61124356280895
"20069",7.6,7.27561253575727
"20071",6.9,7.23788844189374
"20073",9.9,9.86406722494349
"20075",6.5,7.29127444245792
"20077",10.6,9.09613571469789
"20079",7.2,7.52661640921428
"20081",7.9,8.11230597788017
"20083",6.9,7.56232838682694
"20085",7.9,7.93077381905362
"20087",7.3,7.32025088942037
"20089",11,9.59993967344584
"20091",4.6,3.83503783189854
"20093",7.3,7.63293108667804
"20095",8.2,7.7137043216501
"20097",7.7,7.88736124891228
"20099",9.4,9.05566096519611
"20101",8.3,8.4850041211219
"20103",6,5.86863669264128
"20105",9.6,8.58351436593054
"20107",8.4,9.26632673934091
"20109",8.4,7.90745666196222
"20111",7.2,7.69717528783992
"20113",6.8,6.84835418255361
"20115",8.2,7.90141691983922
"20117",9.1,8.05722600114538
"20119",8,7.46213186419178
"20121",6.7,6.87785301704286
"20123",8.4,8.01930484410163
"20125",9.4,9.13285956844676
"20127",8.9,8.5001585978042
"20129",8.8,8.57605666768017
"20131",7.6,6.82001481253882
"20133",8.9,9.47920148763847
"20135",8.7,8.71634303270852
"20137",8.6,7.61668387156254
"20139",8.4,8.61027832381071
"20141",9.3,8.65120090384836
"20143",8.2,7.61908849646968
"20145",8.1,8.33427504722908
"20147",9.3,8.16290910204438
"20149",6.1,5.76737326582925
"20151",7.7,7.8520230423624
"20153",9.9,8.77711132186199
"20155",8.3,8.35339385160373
"20157",9.9,8.83371358289644
"20159",7.4,7.53572712521275
"20161",4.9,5.03208330957531
"20163",8.2,7.71910994259216
"20165",9.4,8.61198256004151
"20167",9.8,9.186431786083
"20169",7.6,7.54528133325831
"20171",6.9,7.08670282654654
"20173",7.1,7.25646359804554
"20175",6,7.50140609272191
"20177",7.4,7.04871294001674
"20179",7.5,8.0642498567608
"20181",7.8,7.33585221626526
"20183",8.7,8.63434221346718
"20185",8.4,8.11653187045844
"20187",8.3,7.87915763992732
"20189",9.1,8.18845034815902
"20191",8.3,7.65083700151446
"20193",6.5,6.85330344724222
"20195",7.8,8.06727783329409
"20197",7.3,8.04311906212254
"20199",9,8.45018143044792
"20201",8,7.76257917260599
"20203",8.6,8.49822907939564
"20205",9.6,8.92057630888964
"20207",9.4,8.80897632777695
"20209",7.4,8.22311703142028
"21001",NA,11.3006394749312
"21003",NA,10.7167195011599
"21005",NA,8.85456565799449
"21007",NA,9.98747440100685
"21009",NA,11.6104404090407
"21011",NA,12.4571005086082
"21013",NA,13.5625732601346
"21015",NA,6.29115012036609
"21017",NA,10.0914042307746
"21019",NA,11.7011998757426
"21021",NA,9.20802797139799
"21023",NA,12.0605361759815
"21025",NA,14.2083666418321
"21027",NA,12.1491222617348
"21029",NA,8.58373056917614
"21031",NA,11.9211590318291
"21033",NA,10.2126665323959
"21035",NA,8.72015808201581
"21037",NA,7.37419335386584
"21039",NA,10.7744904851006
"21041",NA,11.2649327761697
"21043",NA,12.1644608229366
"21045",NA,13.7579723769475
"21047",NA,8.39446433742614
"21049",NA,9.73942644919096
"21051",NA,13.7732922484235
"21053",NA,12.1409771224796
"21055",NA,11.30147913087
"21057",NA,15.6872019164019
"21059",NA,8.77413155240122
"21061",NA,12.1906931625132
"21063",NA,15.035204832431
"21065",NA,13.3353160900869
"21067",NA,6.37790157233272
"21069",NA,12.4260996258796
"21071",NA,14.2126170598463
"21073",NA,8.57773689226874
"21075",NA,11.4314335419715
"21077",NA,10.2835940206639
"21079",NA,11.004702815374
"21081",NA,9.5211545675785
"21083",NA,10.7914219221056
"21085",NA,11.5178443268898
"21087",NA,13.0583979420523
"21089",NA,11.7434368317056
"21091",NA,10.4318926221287
"21093",NA,7.91118459143692
"21095",NA,14.4278348540734
"21097",NA,11.0730196452667
"21099",NA,12.3654872735527
"21101",NA,9.4534480577042
"21103",NA,11.1626790275176
"21105",NA,12.479283156185
"21107",NA,10.5953674646325
"21109",NA,13.5811546597841
"21111",NA,7.5006736274536
"21113",NA,7.41065370180193
"21115",NA,12.6785352825772
"21117",NA,7.31490354964026
"21119",NA,14.2151902573336
"21121",NA,15.484391669938
"21123",NA,11.3426447642187
"21125",NA,11.4993433053296
"21127",NA,13.2515736231049
"21129",NA,14.9810750824106
"21131",NA,15.2520428409195
"21133",NA,14.6872772044928
"21135",NA,13.7232101530627
"21137",NA,11.9070230091848
"21139",NA,11.3875142684379
"21141",NA,10.3139855076787
"21143",NA,9.45262295298159
"21145",NA,8.67138008665167
"21147",NA,14.9837144889192
"21149",NA,9.337678782458
"21151",NA,8.16943599804557
"21153",NA,15.6186481957753
"21155",NA,11.6160022466548
"21157",NA,10.1451014729731
"21159",NA,15.4995123894942
"21161",NA,11.2204898197433
"21163",NA,9.48846679465355
"21165",NA,15.4277458217855
"21167",NA,9.56074695655031
"21169",NA,13.61468079501
"21171",NA,12.5889420845484
"21173",NA,9.85521378535278
"21175",NA,10.4464148180387
"21177",NA,10.8868918563059
"21179",NA,8.51809843547023
"21181",NA,12.2898534504053
"21183",NA,10.1554288508437
"21185",NA,4.77824495338998
"21187",NA,11.524427915896
"21189",NA,14.2852219483363
"21191",NA,10.6750420980788
"21193",NA,13.9769849562952
"21195",NA,13.6689127673979
"21197",NA,11.7038039584074
"21199",NA,11.7452049770297
"21201",NA,14.1879923202977
"21203",NA,13.5295605201013
"21205",NA,10.6175896448359
"21207",NA,13.3149302432267
"21209",NA,6.87668451851518
"21211",NA,7.4286772601109
"21213",NA,9.54365247022732
"21215",NA,8.14248000728631
"21217",NA,10.2426354779428
"21219",NA,12.047945958514
"21221",NA,11.6789694319861
"21223",NA,10.5247511760412
"21225",NA,10.7058906781848
"21227",NA,8.03240801840317
"21229",NA,10.2507697288071
"21231",NA,13.3985086684043
"21233",NA,10.5021773653486
"21235",NA,11.8880112484739
"21237",NA,17.9618854441357
"21239",NA,7.62098628041947
"22001",11.2,10.9375841759081
"22003",9.7,9.90374716190664
"22005",6.6,6.46089730062411
"22007",10.5,10.2236963970701
"22009",12,11.6012967905968
"22011",8.9,8.90165917782375
"22013",13.4,12.5336183358652
"22015",7.6,7.439161847946
"22017",9.4,9.1311801034158
"22019",8.1,8.43712807701383
"22021",11.7,11.4871864432735
"22023",8.8,8.92777676664601
"22025",11.6,11.0171799638798
"22027",14.2,13.1381513961848
"22029",12.4,12.2176010603618
"22031",10.5,10.4194422786207
"22033",6.8,6.56984795378808
"22035",13.3,12.4233370320571
"22037",8.6,9.42027102792622
"22039",11.1,10.4433072724926
"22041",12.5,11.1717842678307
"22043",9,9.4425122555497
"22045",10.4,10.2298668267289
"22047",8.9,9.13114356115209
"22049",11.2,11.5943333022021
"22051",7.7,7.92838002785525
"22053",9.9,9.97606058070112
"22055",7.2,6.91377972486287
"22057",9.5,9.39687037619678
"22059",8.4,9.04057338763542
"22061",8,8.04524943683825
"22063",7.8,8.0431165198823
"22065",13.5,12.1670902833617
"22067",12.3,12.0252426277258
"22069",9,8.9683639204317
"22071",7.3,6.98512891838643
"22073",8.8,8.74145845588221
"22075",7.6,8.12173069630868
"22077",10.2,10.9471666888671
"22079",9.2,8.94895838712179
"22081",12.3,12.0796956822987
"22083",11,10.2015407908353
"22085",11.5,11.2701574316431
"22087",9.1,9.2047288469318
"22089",7.1,7.08980062272632
"22091",11.5,12.1963190868936
"22093",8.3,8.67473559148268
"22095",7.8,7.83228584787348
"22097",11.2,10.4897171552105
"22099",9.7,9.61850145660466
"22101",10.8,10.8606467627456
"22103",7.2,7.23349994488497
"22105",8.7,8.80571972460307
"22107",14.6,14.0053105235231
"22109",9,9.04888214118358
"22111",11.9,12.1465571330456
"22113",10,9.83549870412807
"22115",8.1,8.64969606347752
"22117",11.3,11.2383823520896
"22119",12.6,11.808572567938
"22121",7.2,8.03622285639484
"22123",11.1,10.2607656526603
"22125",6.9,7.51997186364549
"22127",10.3,10.5521836475087
"23001",8.9,8.60994856257878
"23003",11,10.0745381819088
"23005",6.1,5.43654775697291
"23007",9.2,8.81805011223389
"23009",8.3,8.237901738128
"23011",8.9,8.30378552386124
"23013",8.6,8.07919808078884
"23015",8.6,8.10491601876871
"23017",10.7,9.69359532527498
"23019",8.6,8.40972681636798
"23021",11.2,10.6611614864477
"23023",8.1,7.64773763203008
"23025",11.3,10.019084687415
"23027",8.9,8.67130651892057
"23029",11.3,10.183930357456
"23031",7.8,7.39806656039519
"24001",9.7,9.45600683442757
"24003",5.2,4.95843892377106
"24005",6.5,5.70015885066974
"24009",5.9,5.95906013488077
"24011",9.5,8.456991046773
"24013",5.9,6.30771166551328
"24015",7.7,7.3786775411442
"24017",5.5,5.59008682277192
"24019",9.9,9.11619061610834
"24021",5.1,5.39042646418926
"24023",9.3,10.0818327111627
"24025",6.1,5.840842111314
"24027",4,3.46309326748473
"24029",8.1,7.98869208849506
"24031",4.5,3.93280324773231
"24033",5.5,5.14145605148333
"24035",6.8,6.95484623878471
"24037",5.9,6.10950211120854
"24039",8.7,8.41763361905026
"24041",8,7.84727381942288
"24043",8.4,7.88176652946134
"24045",7.4,7.22044653142389
"24047",8,7.89771194917525
"24510",7.3,6.32869549377247
"25001",7.3,7.47370107532511
"25003",7.7,7.77626259578692
"25005",7.6,7.09843754987296
"25007",6.8,6.28213079625032
"25009",6.3,5.67972389147763
"25011",7.7,7.61895612393867
"25013",7.7,7.44111256471007
"25015",5.6,5.72752472821082
"25017",4.6,3.86380821381367
"25019",4.6,3.67100053903702
"25021",4.9,4.15333078964031
"25023",6.4,5.9774166891753
"25025",5.1,4.45889655684212
"25027",6.3,6.13049437336539
"26001",11.9,11.6130243021162
"26003",9.6,8.62611240753976
"26005",8.2,7.71907003116348
"26007",11.4,10.3806745993577
"26009",9,8.28836503583129
"26011",11.4,10.4616395606944
"26013",10.6,8.41050434580587
"26015",8.3,8.09336875246982
"26017",9.3,9.17989120463595
"26019",9,8.36287904611866
"26021",9.2,8.32827122610844
"26023",10.2,9.61275553717911
"26025",9.2,8.72126694743713
"26027",9.7,9.44962925451528
"26029",8.6,7.90686928179947
"26031",10.9,9.80999589994546
"26033",9.1,7.97339735084022
"26035",12.7,11.7275211705867
"26037",7.3,6.92940005401733
"26039",11.6,10.1153944046089
"26041",10.5,9.60144908700719
"26043",9.2,8.1058020902816
"26045",7.5,7.52545517744986
"26047",7.8,6.95225242602935
"26049",9.5,8.90604594065409
"26051",11.9,10.7465874793002
"26053",11.3,9.6122418300279
"26055",7.4,6.48288405552362
"26057",8.8,8.20848218085993
"26059",10.5,9.6316917259976
"26061",7.6,6.91960267926765
"26063",10.8,10.3475773285401
"26065",6.5,6.24370548269545
"26067",8.1,7.73905532203247
"26069",12.7,11.3785288051883
"26071",11.5,10.6524141921664
"26073",8.2,8.06031001538821
"26075",8.7,8.41226751707561
"26077",6.9,6.20300020594087
"26079",10.5,9.28501355195726
"26081",6.4,5.55363247760185
"26083",9,8.09633321573731
"26085",13.4,11.0696120327214
"26087",9,8.65371672583338
"26089",7.8,7.32214557058573
"26091",8.8,8.90807549158643
"26093",6.8,6.3748098538826
"26095",10.1,9.22157599785105
"26097",11.7,10.0569218287983
"26099",8.2,8.07685839404353
"26101",10.2,9.20462182816121
"26103",7.8,6.94625239201681
"26105",10.1,9.50613115399181
"26107",10,9.53756968859131
"26109",10.6,9.4234654327954
"26111",7.7,6.92941716592401
"26113",10.3,9.05817503986412
"26115",8.6,8.73190959092922
"26117",9.5,8.72983680440194
"26119",12.9,11.9407922298676
"26121",9.1,7.81665874412109
"26123",10.4,9.17252658092037
"26125",5.9,5.36218094972714
"26127",10,8.93899655010982
"26129",12,10.9597589261224
"26131",12.4,11.2239462029227
"26133",10.9,9.98427213457083
"26135",13.5,11.6057912138671
"26137",9.1,8.07635039453177
"26139",6.4,5.68893122101501
"26141",11.9,10.9912680387515
"26143",12,11.4409877525802
"26145",9.6,9.13129835738636
"26147",9.2,9.07440846299501
"26149",9.6,9.30802080783497
"26151",10.7,10.1255758762521
"26153",11.9,10.0092336110286
"26155",9.2,9.01772396398254
"26157",10.2,9.63294358707247
"26159",9.5,8.98427684049937
"26161",5.4,4.38727517793957
"26163",9.2,8.28505872913849
"26165",10.2,8.65685941894
"27001",9.2,9.38882288540949
"27003",5.2,5.3799386617958
"27005",7.2,7.07130743859174
"27007",6.9,6.69442479296535
"27009",5.9,5.82641615907511
"27011",7.8,7.83080803895551
"27013",5.4,5.81908847684669
"27015",6.6,7.10014950179375
"27017",6.4,6.83098027300916
"27019",4.3,3.70612415639526
"27021",8.2,8.1240041671303
"27023",7.6,7.79459325970335
"27025",5.7,6.06240752033098
"27027",5.2,5.16589104242955
"27029",8,8.11337158521397
"27031",6.6,6.58689595016999
"27033",7.6,7.71145257631511
"27035",6.9,7.00429107238662
"27037",4.6,4.45442503709032
"27039",5.1,5.47913378425812
"27041",6.4,6.72604330374216
"27043",7.8,7.76765853226848
"27045",6.9,7.38802663450843
"27047",7.4,7.8596251626327
"27049",6.4,6.7111366356517
"27051",7.7,7.53068125743716
"27053",4.4,4.15797067567738
"27055",6.4,7.10509878488472
"27057",7.3,7.14696705809589
"27059",6.3,6.52988858704019
"27061",7.5,7.68632665254872
"27063",6.6,7.23335336353676
"27065",7.9,7.53421974166931
"27067",6.6,6.77383386016041
"27069",7.1,7.20558613304148
"27071",7.7,8.36863296678673
"27073",7,7.64713491604075
"27075",7.4,8.15933645821641
"27077",7.3,7.74743658697306
"27079",5.8,6.36209747141699
"27081",7.1,7.30338833919624
"27083",6.2,6.44341540286886
"27085",6.3,7.00611532917579
"27087",10.2,9.15239832354017
"27089",7,7.2739379884202
"27091",7.5,7.74520110911695
"27093",6.8,7.07290578358225
"27095",7.1,7.06303095605478
"27097",7.2,7.09073143602437
"27099",6.7,6.93168072204036
"27101",7.2,7.58142209465722
"27103",5.5,5.63219035404293
"27105",7.3,7.17213885821294
"27107",7.3,7.39993878430865
"27109",4.7,4.53766234258118
"27111",7.2,7.13400999722464
"27113",6.3,6.79894382968165
"27115",7.8,7.93776711730125
"27117",7.5,7.36131451645073
"27119",6.7,6.49247380529675
"27121",7.1,7.32898399802541
"27123",5.2,4.83816217395629
"27125",6.8,7.26553588788368
"27127",7.4,7.59724566216861
"27129",7.5,7.3191394877158
"27131",5.5,5.84568620881222
"27133",6.7,6.81964827954371
"27135",6.8,6.98365614660834
"27137",6.5,6.62168770701257
"27139",4.3,3.91774797777646
"27141",4.9,4.94878838801091
"27143",6.7,6.83838396427889
"27145",5.8,6.06236168324812
"27147",6.1,6.17603481560593
"27149",5.5,5.94458463459165
"27151",7.8,7.44738201711367
"27153",8.3,8.13957292570725
"27155",7.7,7.90168161161195
"27157",6.5,7.19461829690131
"27159",7.8,7.37582444409769
"27161",6.5,6.88110428982672
"27163",4.5,4.28260745104592
"27165",6.9,7.4893877234143
"27167",7.3,7.08023328413003
"27169",5.8,6.43698655255197
"27171",4.9,4.82180541940055
"27173",7.2,7.10756537940786
"28001",11,11.4124096445673
"28003",9.9,10.1624896656033
"28005",12.2,13.4164285791504
"28007",9.8,10.3000171209587
"28009",10.2,10.8946802969977
"28011",10.7,9.97740988667317
"28013",11.4,10.3604734463981
"28015",11.3,11.0656657707878
"28017",10.6,10.6217292321439
"28019",9.7,10.0184070383623
"28021",9.8,9.33219926817278
"28023",10.6,10.472103258083
"28025",10.3,10.4302687879174
"28027",11.1,11.0963884462209
"28029",9.7,9.54788490660595
"28031",9.1,9.30614965929134
"28033",6.2,6.66882966015918
"28035",7.4,7.67381540306149
"28037",11.3,10.8276052764522
"28039",8.7,9.02550545109086
"28041",8.8,9.01673437491832
"28043",9.9,9.50388221608676
"28045",8.8,9.46408606022022
"28047",8,7.93626352205256
"28049",7.7,7.6994353869266
"28051",11.6,11.2385118734254
"28053",13.4,10.1309032419922
"28055",9.5,10.4096376766541
"28057",8.2,9.3090851087222
"28059",7.7,7.88484582089762
"28061",10,10.4869604098167
"28063",11.5,10.1427219300868
"28065",11.6,11.7622712028618
"28067",9.3,9.30781066588399
"28069",9.5,10.2920516430263
"28071",6.2,5.73166788881483
"28073",7.1,6.83377899931196
"28075",9.7,9.79723242279248
"28077",11.8,10.5504071195421
"28079",9.7,9.2172888490372
"28081",7.3,7.54882929177725
"28083",10.6,10.324489786557
"28085",9.2,9.56834034808015
"28087",8,8.15786267888008
"28089",5.8,4.73603741255124
"28091",10.6,10.2831247561286
"28093",10.5,10.4187669512012
"28095",9.9,10.0598442406011
"28097",11.4,11.0387405247779
"28099",10.4,9.95804499043582
"28101",9.4,9.48932115937882
"28103",11,10.4195515162651
"28105",6.2,6.32031753170846
"28107",10.6,10.1207071416284
"28109",9.3,9.78199971068882
"28111",10.2,10.137831334598
"28113",10.5,10.3699508482886
"28115",8.6,8.58957619111746
"28117",9.1,9.13681506059088
"28119",12.4,11.4683324417148
"28121",6.4,6.76504018023435
"28123",10.5,9.62035539992552
"28125",13.3,10.8939786899886
"28127",9.4,9.76823095849514
"28129",11,10.3976023433216
"28131",8.6,9.64397901749122
"28133",10.1,10.0115069709018
"28135",10.2,10.5550756829127
"28137",8.1,8.80497542791993
"28139",9.8,9.76920147824793
"28141",10.7,11.0705293177268
"28143",11.2,10.1642471010291
"28145",9.3,9.08965747879978
"28147",10.4,10.4852577851678
"28149",8.2,8.88014570836344
"28151",11.1,10.4985661425448
"28153",10.7,9.63451521823544
"28155",8.5,8.94377991762322
"28157",10.5,10.9198000069089
"28159",11,11.2838621863174
"28161",11.4,11.4250161923512
"28163",10.7,10.4232907199576
"29001",7.5,7.88030710696944
"29003",8.1,7.59218002310408
"29005",10.9,9.50851357054211
"29007",10.7,10.6380766282329
"29009",11.3,10.9543962138737
"29011",12.2,10.7135593887231
"29013",10.7,10.2013778116315
"29015",12.4,12.1738930444474
"29017",11.2,10.6893439998482
"29019",6,5.56465026605103
"29021",9.3,8.63216249231687
"29023",11.8,11.5282658672149
"29025",9.8,9.50769872971614
"29027",8.4,8.23409820263238
"29029",10.2,10.9774216738551
"29031",7.7,7.58048244565952
"29033",10.3,9.23423394905303
"29035",12.7,12.0496005677273
"29037",7.3,7.23796738723729
"29039",12.2,11.2804169113299
"29041",10.4,10.0046027062387
"29043",7.2,6.93725579317466
"29045",11.7,9.70906023371853
"29047",6.4,6.07855712947521
"29049",8.6,8.62748551540797
"29051",7.1,6.59257073752716
"29053",8.6,8.59514785859508
"29055",11,11.1762621167244
"29057",12.2,11.0506623478365
"29059",11.7,12.0918462335216
"29061",11.2,10.2638218276688
"29063",9,8.51711010688451
"29065",11.2,10.7240663083162
"29067",11.7,11.70887323619
"29069",12.3,11.981063456999
"29071",8.5,8.31605439945716
"29073",10,9.71614548085665
"29075",10.1,9.5952601831734
"29077",7.8,7.67012137273526
"29079",11.2,10.8589837663042
"29081",11.5,9.69538087428144
"29083",11.1,10.5458239885789
"29085",16,13.2202232954733
"29087",10.3,9.36320796359974
"29089",8.5,8.54252080370255
"29091",12,11.5565383838408
"29093",11.5,11.5274459890962
"29095",7.4,6.82793135533046
"29097",9.2,8.79566966052069
"29099",7.9,7.83565766677766
"29101",6.9,7.14260986565873
"29103",12.4,11.4199884783235
"29105",11.1,10.5595548342482
"29107",8.5,8.43134827925414
"29109",10.7,10.3254086067016
"29111",9.9,9.81608786680673
"29113",7.9,8.43980244330265
"29115",10.4,9.81076429945478
"29117",9.7,9.34369320987613
"29119",11.9,10.7263507643533
"29121",9.3,9.68938647432977
"29123",9.8,10.8293591026777
"29125",10.3,10.5870674472008
"29127",9.1,8.33193789479829
"29129",11.8,9.83037059987664
"29131",9.9,9.89000046706932
"29133",12.3,11.0397243109396
"29135",8.7,9.50263321058516
"29137",11.4,10.8719609507281
"29139",10.6,10.0708647612047
"29141",12.5,12.7881556291319
"29143",11.9,11.5053150162701
"29145",9.5,9.07971423924437
"29147",7.7,8.34196736720734
"29149",13.3,12.9431632826746
"29151",8,7.96215064578413
"29153",14.9,13.9639204246197
"29155",13.3,12.0909173643078
"29157",9.2,8.79833107475766
"29159",9,9.18902521414904
"29161",8.4,8.20006411545306
"29163",10.3,9.61048086940134
"29165",5.9,5.0458467702481
"29167",10.1,10.3509512524472
"29169",5.8,6.59361504203256
"29171",9.9,10.5501123240111
"29173",10.5,9.45959972803819
"29175",9.6,9.41821571752867
"29177",9.6,9.42582603756071
"29179",12.7,11.9081325142589
"29181",12.8,12.3354185938957
"29183",5.8,5.27192904992383
"29185",12.5,11.7835498804375
"29186",9.1,8.76368802159549
"29187",10.1,10.1946508783929
"29189",6.5,5.79620403031161
"29195",8.2,8.15811037609909
"29197",8.9,10.038683293762
"29199",10.4,11.3175960593856
"29201",9.9,9.80387564319162
"29203",11.7,11.5586058533722
"29205",11.8,10.140005448582
"29207",11.4,11.193609072626
"29209",11.3,11.3376447855797
"29211",10.3,9.81300262401745
"29213",9.5,9.73299345081178
"29215",12.2,11.6176663026418
"29217",11.3,11.0836930533397
"29219",8.7,8.63030272938861
"29221",11.9,10.8417461060248
"29223",14.3,13.705404330166
"29225",9.4,9.83511874886146
"29227",11.7,10.5953248804254
"29229",12.6,11.4489831673851
"29510",7.4,7.27353434261665
"30001",7.5,7.44394086388758
"30003",10,8.59958784260189
"30005",9.3,8.20082001270501
"30007",7.5,7.9970440467895
"30009",8,8.07547425354445
"30011",9.5,9.42501994982892
"30013",7.5,7.08950237789058
"30015",8.5,8.1637528461005
"30017",7.4,7.10681351381333
"30019",7.9,8.3446755025727
"30021",7,6.86836098569204
"30023",9.8,8.88350699048239
"30025",7.4,7.96902711345844
"30027",8.5,8.90738838700868
"30029",7,6.63157799415858
"30031",4.5,4.40686208563527
"30033",8.6,9.12168452266807
"30035",10.8,9.31299054497877
"30037",11.1,10.1751098215733
"30039",9,8.79019049585917
"30041",8.5,7.57085336155825
"30043",7,7.03095350018025
"30045",9.4,8.97240327566515
"30047",8.8,8.50675457259243
"30049",6.3,5.7919462860373
"30051",10.9,8.88297135868935
"30053",10.7,10.1845433551277
"30055",7.8,7.93720892484248
"30057",7.3,8.23706868918612
"30059",8.9,9.29003227464139
"30061",9.3,9.32594359402794
"30063",5.4,5.17544528200332
"30065",9.2,9.53796559102098
"30067",7.6,7.37221935731916
"30069",8.6,8.02798967967205
"30071",8.6,8.06403384714629
"30073",10.3,9.1692748972018
"30075",8.3,8.83445504988444
"30077",8.1,7.47145234783249
"30079",12.8,11.0665092572669
"30081",7.6,8.03402782092372
"30083",6.4,6.49000324847878
"30085",9.6,9.56646193260583
"30087",9.5,8.77946112439476
"30089",10.8,10.2785013865749
"30091",8.3,7.81005955431416
"30093",7.6,7.31849172728665
"30095",7.5,7.62400764998513
"30097",7.7,8.01952129016462
"30099",8.1,7.94063297793915
"30101",8.8,7.21501545053793
"30103",8.7,7.30665588967779
"30105",8.4,8.21718188006305
"30107",10,10.973608032349
"30109",8.4,8.3374916583989
"30111",6.4,6.33738528792425
"31001",7,6.89358664463622
"31003",8.1,7.89664869231931
"31005",7.5,7.07319493268085
"31007",7.5,7.74793708019461
"31009",8.1,8.34901308347981
"31011",8,7.90167392244724
"31013",7.6,7.48129156703366
"31015",9.3,8.80419599342677
"31017",8.4,8.33244221652146
"31019",5.8,6.03362980929997
"31021",8.1,8.11054834999746
"31023",7,6.84643025917684
"31025",6.2,5.91954204993729
"31027",6.9,6.76939754467048
"31029",7.7,8.16964649803891
"31031",8.1,7.10571239454448
"31033",8,7.39859977295158
"31035",7.2,7.10438554220741
"31037",6.5,6.52125626554818
"31039",7.3,6.88515638653868
"31041",7.5,7.10834521467098
"31043",6.3,7.42191363650348
"31045",6.3,6.62191579542345
"31047",6.9,7.90053458875171
"31049",8.5,8.40856580583007
"31051",8.1,6.94422763643525
"31053",7.2,7.10649767421864
"31055",5.6,4.84921321221687
"31057",8.6,8.07345156636267
"31059",7.3,7.72864688895341
"31061",9.2,8.9200775471708
"31063",7.4,8.15686262581482
"31065",8.5,8.28178119094685
"31067",8.1,8.0864325474658
"31069",9.9,8.93517971057978
"31071",7.5,7.48805241026086
"31073",7.2,7.77641496585753
"31075",7.3,7.37728239559944
"31077",8,8.37968015948691
"31079",6.9,6.8027844221813
"31081",6.4,6.45055457632788
"31083",8,8.19410702375834
"31085",8.7,8.57944689815299
"31087",8.5,8.45307656995
"31089",8.1,7.049843569821
"31091",8.3,8.19824233411008
"31093",7,7.01038963923472
"31095",7.7,8.43174073362673
"31097",6.9,6.51460607477599
"31099",6.2,6.41259338850187
"31101",8,8.11626490612657
"31103",9,7.5467179393666
"31105",9.8,9.5003613124241
"31107",9,8.6407166278288
"31109",5.5,5.38886018262701
"31111",8,7.48530933020429
"31113",7.1,7.31913525931927
"31115",7.8,7.56295029787628
"31117",8.2,7.29610594812617
"31119",6.7,6.91638619793527
"31121",7.4,7.44054191319355
"31123",8.4,8.03991157670265
"31125",8.4,8.30336451794136
"31127",7.6,7.85335863287187
"31129",7.9,8.31964525503803
"31131",6.8,7.01555865281001
"31133",9.8,9.72846154797681
"31135",7.3,7.72680471122867
"31137",7.3,7.24097457845567
"31139",6.8,6.88528037093956
"31141",6.6,6.62905349599865
"31143",7.2,7.51991081330775
"31145",7.6,7.58745598787571
"31147",8.4,8.50317203821036
"31149",7.7,7.31863803881709
"31151",6.5,6.60525537076361
"31153",4.6,4.04377694949248
"31155",6.1,6.04325496846086
"31157",7.6,7.56478691594461
"31159",5.9,5.93316732541803
"31161",8.7,8.4543352158147
"31163",8.8,8.33939128266437
"31165",10.6,7.92029386239189
"31167",6.8,7.01703830136376
"31169",8.4,8.09507464798023
"31171",6.7,7.93652195950864
"31173",7.8,7.29291495734577
"31175",8.2,7.36966644971549
"31177",6,5.8556213768368
"31179",5.8,6.50625702593181
"31181",7.7,7.67276181189487
"31183",7.6,7.59072087230279
"31185",7,7.06310234885392
"32001",8.2,7.75926449798777
"32003",6.9,6.69420935121539
"32005",8.2,8.71755768022605
"32007",7.3,6.89192128717921
"32009",12.5,8.97078262843572
"32011",12.1,8.9600638078415
"32013",7.6,7.21865138114737
"32015",9,6.88038652550682
"32017",8.3,7.97366275697996
"32019",8.5,8.31348419632345
"32021",12.9,10.0382271636079
"32023",11,10.5488120220876
"32027",8,7.75448330633171
"32029",8.1,10.0627561305123
"32031",6.7,6.06766725261971
"32033",9.1,8.13578049412406
"32510",7.8,7.50430204390784
"33001",7.5,8.03992754033037
"33003",7.5,8.32889293779928
"33005",7.1,7.48809299604934
"33007",9.5,10.0867547872552
"33009",6.4,6.81402452949989
"33011",5.7,5.93506923451059
"33013",6.4,6.69916557080297
"33015",5.7,5.9838142121008
"33017",6,6.49375797360997
"33019",8,8.38314828011727
"34001",6.5,6.81971797779888
"34003",4.4,4.52101062838291
"34005",5.2,5.48959507083562
"34007",5.7,6.00620562441309
"34009",7.2,7.54951838459719
"34011",7.4,7.54476400556314
"34013",5.5,5.13113329275092
"34015",5.4,6.00464280902865
"34017",4.1,4.38260259230739
"34019",4.9,5.26578659951724
"34021",4.9,5.10193247555908
"34023",4.4,4.68219737779244
"34025",5,5.18873628646349
"34027",4.2,4.43295770689455
"34029",6.8,7.1551815536998
"34031",5.8,5.9779384307587
"34033",7.2,7.82258429711035
"34035",4.1,3.95852702033642
"34037",5.4,6.20748362850288
"34039",5,4.75911283543356
"34041",5.8,6.63619460171643
"35001",5.6,6.34135718676238
"35003",11.3,12.2549867852025
"35005",7.4,7.16023606120326
"35006",8.4,8.93001332767081
"35007",8.1,7.88739901775558
"35009",6.7,6.57536916913974
"35011",8.8,8.54042563973791
"35013",6,7.20192049694947
"35015",5.9,6.05681025472411
"35017",8.5,8.93043121833666
"35019",6.4,7.52605360210651
"35021",10.8,7.72947458484161
"35023",8.3,9.13885998902884
"35025",6.3,6.48537037169619
"35027",8.5,8.96199494693694
"35028",3.7,3.62166893798531
"35029",9.5,8.76201235673359
"35031",11.5,9.98701699239018
"35033",6.6,8.41253004185425
"35035",7.2,7.04992891605997
"35037",9.9,8.59639620393807
"35039",7,8.29508391891405
"35041",6.6,7.39986083716152
"35043",5.6,6.22995262005131
"35045",9.2,8.38230210717716
"35047",6.5,7.77392568434106
"35049",6.3,7.01296957894619
"35051",11.9,10.633253790762
"35053",8.1,8.66944641583322
"35055",7,7.48577609501128
"35057",9.6,8.67216139340049
"35059",8.4,8.24246145903598
"35061",6.6,7.32442012513934
"36001",5.7,5.97862004371782
"36003",8.1,8.98600985480952
"36005",6.9,7.15991225421147
"36007",7.7,8.39198910559579
"36009",9.4,9.72803600128298
"36011",8.6,8.74356025792696
"36013",8.8,9.4053063123523
"36015",8.2,8.4566457756103
"36017",9,9.26998810801026
"36019",7.8,8.09691049075332
"36021",7.7,7.93015559764773
"36023",6.9,7.7209929148415
"36025",9,9.4386973350454
"36027",5.9,6.15578774044552
"36029",6.9,7.41679386858844
"36031",8.3,8.77747984017033
"36033",8.6,8.76132735541647
"36035",9.1,9.07827324912837
"36037",7.4,8.3354416826984
"36039",8,8.43473939115554
"36041",9.4,9.95131063501364
"36043",8.4,9.1369990141241
"36045",6.9,7.50962088785855
"36047",5.8,5.77200099043666
"36049",8.6,8.956742418241
"36051",7.1,7.77779927409002
"36053",7.1,7.91470698153426
"36055",6.3,6.63710242382403
"36057",8.2,8.72233850965035
"36059",4.8,4.84070495099617
"36061",4.4,4.56279356625967
"36063",7.7,8.44218962598178
"36065",8,8.1917152682865
"36067",6.8,6.91463306050628
"36069",6.8,7.26637619878282
"36071",6.1,6.40823708028149
"36073",8.5,9.21118947166631
"36075",8.3,8.8287758284018
"36077",7.2,8.02488712789048
"36079",5.3,5.91490679901523
"36081",5.4,5.43350798706359
"36083",6.5,6.82604096352408
"36085",6,6.12677835377825
"36087",6.1,6.06960060653968
"36089",8.6,8.87454749013081
"36091",5.8,6.19270329625478
"36093",6.4,6.75344267078608
"36095",7.9,8.75011292106004
"36097",9,9.19189834530016
"36099",8.7,8.68018530065845
"36101",8.3,8.58120795978071
"36103",5.4,5.69189360224472
"36105",7.5,7.7654388565159
"36107",8.1,8.66552746504869
"36109",4.8,4.99448747498193
"36111",6.9,7.35004751134829
"36113",7.4,7.9974541763768
"36115",8.1,8.7808418618279
"36117",7.7,8.319260051882
"36119",4.9,4.69634613625255
"36121",8.1,8.6771957185217
"36123",8.9,9.05919936243293
"37001",7.4,7.67522653482444
"37003",9.2,9.6842495691879
"37005",11.6,10.1488952935748
"37007",10.5,10.08566922889
"37009",10,9.77240670556036
"37011",9.2,8.00237715907224
"37013",10,10.0186688397279
"37015",10.7,10.2706715721669
"37017",10,9.99245670559707
"37019",8.5,9.06126719432398
"37021",6.9,5.51292443230428
"37023",9.8,9.76182309316308
"37025",5.8,5.21878538803934
"37027",9.6,9.17931746932526
"37029",6.5,6.91775474849538
"37031",8.1,8.11571167450638
"37033",9.5,9.98497665548751
"37035",7.8,7.71660004468883
"37037",7.3,7.17897542849815
"37039",10.8,10.0540340719905
"37041",10.5,10.2253867551454
"37043",10,9.0477776165524
"37045",9.1,8.86928124160862
"37047",10,9.68521992134511
"37049",7.9,8.17124121636306
"37051",6.5,7.08289878578269
"37053",6.7,6.93898074541633
"37055",7,6.65680336191343
"37057",8.7,8.61328709404214
"37059",7.8,8.08464683149476
"37061",9.4,9.34145641449892
"37063",5.1,4.67518680924353
"37065",10,10.2260428594443
"37067",7,6.41704894857284
"37069",7.6,7.60005844528676
"37071",7.7,7.37001976879547
"37073",9.5,9.88766186785442
"37075",9.2,9.0147030377607
"37077",8,7.97131231744753
"37079",9.6,9.21457586201855
"37081",6.5,6.45702421575794
"37083",11.5,10.6989608473351
"37085",7.1,7.26947065301805
"37087",8.7,8.31182916437174
"37089",8.2,7.50123834187433
"37091",10.2,10.1681970087925
"37093",7,7.35516235891213
"37095",10.8,10.2151042224244
"37097",6.6,6.06606369781016
"37099",8.2,8.33461027733003
"37101",6.6,6.64942722746556
"37103",10.8,10.3535339584765
"37105",8,8.20908106461043
"37107",11.1,10.3148624068673
"37109",7.6,7.33425080170198
"37111",9.6,9.42605163891187
"37113",10.1,9.56244484127072
"37115",8.1,7.83577419373437
"37117",10.6,10.9704793356985
"37119",5,3.69313629451763
"37121",9,9.50471696184224
"37123",9.8,9.36086530001097
"37125",7,7.34155881362744
"37127",8.3,8.61672494407918
"37129",6.5,6.08084694630308
"37131",11.2,11.1025537175643
"37133",5.6,5.63245114747165
"37135",5,4.37555053006673
"37137",9.6,9.76645328908565
"37139",7.2,7.53803508425314
"37141",7.3,7.02871379428549
"37143",9.7,9.95497696154995
"37145",9.1,9.71465405432818
"37147",6.7,7.31383589049173
"37149",9.4,8.94020162352918
"37151",9.2,8.78371001903777
"37153",10.6,9.94012064999302
"37155",11.4,10.0725853081659
"37157",9.7,9.99437970703152
"37159",8.4,8.54232682162136
"37161",10.3,9.70289422894785
"37163",9.2,9.41267819120148
"37165",10.9,10.0162844984571
"37167",8.6,8.71518617925894
"37169",9.4,9.91699749365138
"37171",10.1,9.53355589893988
"37173",10.3,8.06717018595755
"37175",8.5,8.31716690337631
"37177",10.6,10.6172127624648
"37179",5.7,5.00497696143862
"37181",9.4,9.46000994650039
"37183",4.6,3.70431339095721
"37185",11.5,11.0319918133849
"37187",12.4,11.7139267317441
"37189",7,6.7771634763928
"37191",8.4,8.3358915268646
"37193",10.4,10.2906948574619
"37195",9.9,9.40838635378001
"37197",9.5,9.37409837353854
"37199",10,10.0255616316778
"38001",9.2,8.96470043184716
"38003",7,6.71032921273613
"38005",9.8,8.30207273308334
"38007",7.2,8.03719531844096
"38009",7.3,7.38469915486199
"38011",7.4,7.59547285674736
"38013",6.7,6.79349804288403
"38015",5.6,5.34790084547982
"38017",4.5,4.64313334916398
"38019",7.2,7.67811980569625
"38021",7,6.925552791876
"38023",7.8,7.82573156584477
"38025",6.8,7.51869669124182
"38027",8.7,7.78210554939225
"38029",8.8,8.13192511650274
"38031",7.2,7.01951689123814
"38033",8.8,8.90281261172357
"38035",5.3,5.39806209808712
"38037",10.3,9.0518873226971
"38039",7.7,7.76177134785921
"38041",7.5,8.09155938242989
"38043",8.1,7.94082608860151
"38045",8,7.81139727706488
"38047",8.9,7.8130325072219
"38049",7.6,7.49081649895469
"38051",9.7,9.17214926599809
"38053",5.6,6.53933315235916
"38055",7.2,7.67740612938477
"38057",7.9,7.43182950530395
"38059",5.9,5.7725638585483
"38061",7.3,7.37388356932541
"38063",7.5,7.53172335170279
"38065",7,7.41463593907184
"38067",7.8,7.71032832548411
"38069",7.5,7.30822995338348
"38071",7.9,7.35330193819279
"38073",7.4,7.35225708613561
"38075",6.9,6.88952616689199
"38077",6.6,6.76105586834591
"38079",9.7,9.63249503044252
"38081",7,7.52152311624799
"38083",9,8.52480464841152
"38085",12.2,11.0770712117068
"38087",9.4,7.78656954435426
"38089",6,6.05953941709596
"38091",7.9,7.74786969554889
"38093",7.3,6.7971948379481
"38095",9.9,8.1006005622584
"38097",6.2,6.25853364133642
"38099",7.8,7.50402770496581
"38101",5.2,5.49032723406129
"38103",9,7.715926812798
"38105",5.4,5.73521967590105
"39001",11.8,12.2463906657021
"39003",9.1,9.13855332952805
"39005",9.6,10.1896865591139
"39007",11,10.8325549665578
"39009",7.7,9.22038269388172
"39011",8.1,8.6681876129497
"39013",9.8,10.470453743404
"39015",10.4,11.5193395389659
"39017",7.2,7.40854865975595
"39019",10.5,11.0013143000265
"39021",8.5,9.17500575948654
"39023",9.9,10.0574739941608
"39025",7.6,7.80645223780632
"39027",9.3,10.1626094797958
"39029",10.3,10.4559606684056
"39031",11.1,11.691519105996
"39033",10.3,10.4127163922195
"39035",7.7,7.81186856388149
"39037",9.7,9.91156691405635
"39039",8.2,9.17086797225192
"39041",4.9,4.49956373067025
"39043",8.9,9.30289762292884
"39045",7.2,7.45284550900197
"39047",10.2,10.7049278213772
"39049",6.3,6.28130113158032
"39051",8.1,8.94337691804471
"39053",11,11.2513595425953
"39055",7.6,7.28847933265442
"39057",6.6,7.08883320358277
"39059",10.6,11.2943152012121
"39061",7.1,7.08892716236902
"39063",7.5,8.09932957335487
"39065",9.1,10.3098236535023
"39067",10.6,12.1042794586073
"39069",8.3,8.96202912678616
"39071",10.4,10.758287482238
"39073",10.9,11.7978891415201
"39075",10.7,11.1064640050093
"39077",9,9.64542258176586
"39079",10.5,11.4251657290542
"39081",10.1,10.7190978337175
"39083",8.5,9.51718719423159
"39085",7.7,8.04590767829184
"39087",10.6,11.5016773201731
"39089",7.6,8.11784876693276
"39091",9.2,9.61053382001933
"39093",8.2,8.54970346018849
"39095",8.6,8.38057068223743
"39097",7.8,8.65688963674277
"39099",9.5,9.89722249945629
"39101",10,10.249872469457
"39103",7,7.00191151968283
"39105",12.9,13.5417471918602
"39107",7.9,8.36623169789022
"39109",8,8.3814228209228
"39111",11.6,12.7345901728865
"39113",8.1,8.18791218870555
"39115",11.1,11.9884152163428
"39117",9.2,10.148023230958
"39119",9.6,10.2470335059932
"39121",11.8,11.333294719646
"39123",8.5,9.57915826648984
"39125",9.2,9.29922980755623
"39127",10.1,11.0214822365877
"39129",8.5,9.11700906948591
"39131",12.5,12.2079495045045
"39133",7.6,7.86354710361166
"39135",9.1,9.87522295318216
"39137",7.4,7.96501990685249
"39139",9.7,10.0128284208879
"39141",10,10.7144112113964
"39143",8.8,9.62802118312067
"39145",11.4,12.2703943466702
"39147",8.5,9.25851880447724
"39149",8.8,9.07361832786837
"39151",8.8,8.97231880688359
"39153",7.9,7.65407593315358
"39155",10.2,10.4959319268179
"39157",9.7,9.99448657330325
"39159",5.7,5.85703470064831
"39161",8.8,9.29564100355265
"39163",11.4,12.1859458473762
"39165",5.8,5.57031557767165
"39167",9.6,10.6127797527467
"39169",8.7,8.98954351128288
"39171",9.5,9.7431043114966
"39173",6.6,7.0968611335341
"39175",8.4,8.99199475724451
"40001",11.7,10.5523393735997
"40003",8.5,8.44503669260361
"40005",10.3,10.6102692185131
"40007",8.5,8.70151659823225
"40009",9.5,9.16950022906695
"40011",9.4,9.26770569083129
"40013",9.4,9.100360137502
"40015",9.5,9.90668151244043
"40017",5.9,6.15817059876902
"40019",8.8,9.05804465851766
"40021",8.9,8.49249436286605
"40023",11.5,10.9593037310409
"40025",8.1,8.37379862334554
"40027",6.4,6.37511161574753
"40029",12.4,11.2984882547389
"40031",7.5,8.07205593548705
"40033",10.5,9.74790891414419
"40035",11.2,9.97489994590079
"40037",8.9,9.05133003531633
"40039",7.5,7.09658123491594
"40041",11.5,10.7889177031214
"40043",9.2,9.23472973167813
"40045",9.5,9.59995842868559
"40047",8.2,8.1804074214967
"40049",9.6,9.42968613504673
"40051",7.9,8.37673948922504
"40053",9.2,9.18655201121874
"40055",8.4,8.80329836611974
"40057",10.1,10.2624341409625
"40059",9,9.08648701501403
"40061",10.8,10.8601912782281
"40063",10.5,10.4973060807273
"40065",7.9,7.86211045861592
"40067",11.6,10.9863913546572
"40069",10.8,10.3279881558068
"40071",9.6,9.2384055030098
"40073",7.7,8.27832927749399
"40075",11.4,10.4038016770137
"40077",12.1,11.2657215899121
"40079",10.8,10.501958041595
"40081",9.8,9.98900446339131
"40083",7.4,7.54491314067307
"40085",9.3,9.97802854319918
"40087",7.1,7.28052945124686
"40089",10.5,10.3580367629563
"40091",12.4,12.0452556799212
"40093",9.1,9.28895680063332
"40095",10.5,10.5560476976246
"40097",10,9.98872230381782
"40099",9.5,9.36414385100134
"40101",10.1,9.41683946607398
"40103",8.8,8.78435055655311
"40105",10.2,10.0607109501427
"40107",12.1,11.2929508822944
"40109",7,6.9457954517445
"40111",9.9,9.72509318896954
"40113",9.2,8.69369413666458
"40115",10.7,10.4041552275965
"40117",9.9,10.0149322221482
"40119",6.7,6.53013383595279
"40121",9.9,9.81847049035662
"40123",7.9,8.05883490337486
"40125",8.9,8.83067451886406
"40127",12.8,11.9989177222872
"40129",9.9,9.31858650737605
"40131",7.6,7.41312441328323
"40133",11.4,10.7611447670065
"40135",11.5,10.46678599114
"40137",9.8,9.39361382953624
"40139",7.2,7.55910130082737
"40141",9.8,9.8348163702201
"40143",7.2,6.64001062376479
"40145",7.4,7.15514023090046
"40147",8.8,7.77332507968657
"40149",9.3,8.81518080773901
"40151",7.6,7.40880831791323
"40153",8.2,7.66589248980923
"41001",9.1,8.61231845991278
"41003",5.7,5.29684529357365
"41005",6,5.64756222218478
"41007",8.3,7.98369621489539
"41009",7.9,7.57171380740823
"41011",9.9,9.13795174274005
"41013",8.1,8.34983644469754
"41015",10.5,10.0214671715995
"41017",6.4,5.95314560363791
"41019",9.7,9.19411063835375
"41021",10.4,9.70469173534964
"41023",10.2,10.1286735197183
"41025",10.6,9.35117368547172
"41027",6.4,5.33472365749253
"41029",8,7.48342564534015
"41031",8,7.57461568875341
"41033",10.4,9.33404381713829
"41035",9.4,8.51967493807211
"41037",10,9.04083277951038
"41039",7.5,7.08939626945102
"41041",9.8,9.08378243217598
"41043",8,7.74968473999721
"41045",8.6,8.19360862740013
"41047",7.2,6.69121378338585
"41049",8.9,8.19534246953916
"41051",5.3,4.50922310930593
"41053",7,6.72235064780463
"41055",9.9,9.25430731147166
"41057",9,8.57965176700699
"41059",7.8,7.36764938411211
"41061",8.4,7.97356683828406
"41063",8.2,7.79655529915193
"41065",8.6,7.81669524904303
"41067",5,4.18775407793744
"41069",11.4,10.2329306626745
"41071",6.8,6.58728736737753
"42001",NA,8.18907528668936
"42003",NA,6.20983760593895
"42005",NA,9.82651758580063
"42007",NA,8.37867406139817
"42009",NA,10.2609589835271
"42011",NA,7.15409260505417
"42013",NA,8.63426224697421
"42015",NA,9.23187858399015
"42017",NA,5.91208602551254
"42019",NA,6.58365404601195
"42021",NA,9.50134007508501
"42023",NA,11.6932750282042
"42025",NA,8.85600696566991
"42027",NA,6.34859881327473
"42029",NA,4.80699695290642
"42031",NA,9.3663728298626
"42033",NA,9.27782146683569
"42035",NA,8.8640303819364
"42037",NA,8.65511171394354
"42039",NA,9.89065536739537
"42041",NA,6.40624845905081
"42043",NA,6.62022462168581
"42045",NA,5.67245722452423
"42047",NA,8.97466014643147
"42049",NA,8.50224147533079
"42051",NA,10.8585696032366
"42053",NA,9.41180824565851
"42055",NA,7.85830422121428
"42057",NA,10.2251434675934
"42059",NA,9.61879223859665
"42061",NA,9.07121745420171
"42063",NA,8.90926199751328
"42065",NA,10.2928026270305
"42067",NA,9.36537400468602
"42069",NA,7.86920612408107
"42071",NA,7.05040339317199
"42073",NA,9.59895605655372
"42075",NA,7.78453458849262
"42077",NA,6.49265954381787
"42079",NA,8.10882672516969
"42081",NA,8.31591707616315
"42083",NA,9.05491785209965
"42085",NA,9.45187120027327
"42087",NA,9.94605429298593
"42089",NA,7.16493499493129
"42091",NA,5.04638624589684
"42093",NA,7.38430499930243
"42095",NA,6.74523999685054
"42097",NA,8.71992710219381
"42099",NA,8.84302686886134
"42101",NA,6.41668521197627
"42103",NA,8.03894968584741
"42105",NA,10.0787549881192
"42107",NA,8.55368362825619
"42109",NA,8.45112073236187
"42111",NA,9.96828592156083
"42113",NA,10.2644809894842
"42115",NA,9.48395496002679
"42117",NA,9.26323678779324
"42119",NA,7.7076593289168
"42121",NA,10.062665562932
"42123",NA,9.65583701268586
"42125",NA,7.65421051478469
"42127",NA,9.33681149954805
"42129",NA,8.05842651216488
"42131",NA,9.06742228011075
"42133",NA,7.14575577302636
"44001",5.9,5.70154456320023
"44003",7,6.96657494359219
"44005",6.3,6.16683582365106
"44007",6.7,6.4747170170099
"44009",6.3,6.27101011547712
"45001",9.9,9.05497812673698
"45003",7.5,7.37522712576966
"45005",10.7,10.4058969042549
"45007",8.2,7.93126486308723
"45009",9.9,9.80236677069629
"45011",11.6,10.3231375868773
"45013",7,6.87966671346512
"45015",6.2,6.23043698756631
"45017",8.8,9.0139747711691
"45019",5.7,4.80975075603986
"45021",9.4,9.0435323284317
"45023",9.9,9.4919747335466
"45025",10.3,9.72870323121152
"45027",10.5,9.73930844715201
"45029",10,9.41449473554381
"45031",9.4,9.08437065108344
"45033",11.8,10.7083180091226
"45035",6.5,6.40367671700155
"45037",8.8,8.62585635406038
"45039",10.3,9.33714272614633
"45041",8.1,8.20826829975197
"45043",8.6,8.9139563879909
"45045",6.4,5.59367282688015
"45047",8.6,8.00276284785106
"45049",10.1,9.63620696576908
"45051",9,8.77834387363823
"45053",8.9,8.53254839502358
"45055",7.9,8.07087226180616
"45057",7.5,7.50693842235241
"45059",9,9.01237333174395
"45061",10.4,9.9649209149701
"45063",6.9,6.48829602392796
"45065",11,11.1577892660944
"45067",11.8,10.7740778249811
"45069",11.4,10.5798425254466
"45071",8.7,8.28095622570275
"45073",9.9,9.05612387592342
"45075",9.6,9.32530149805968
"45077",7.8,8.54557070256741
"45079",5.8,5.54357890342703
"45081",9.6,9.19051479308361
"45083",7.5,7.57320129897028
"45085",8,7.89605649796619
"45087",11.9,10.3393112172423
"45089",10,10.0812980902978
"45091",6,5.40019293875713
"46003",7.4,7.38526897582867
"46005",8.1,7.19107236372095
"46007",11.5,9.96226069496005
"46009",8,7.41226647177255
"46011",4.9,4.78261490838001
"46013",6.3,6.02873344603104
"46015",8.1,6.97013166757209
"46017",9.9,10.2840805056706
"46019",8.1,7.44746608539334
"46021",8.1,7.56060737420192
"46023",9.3,8.47971395421413
"46025",8.4,7.99281975062959
"46027",5.1,5.1579697696376
"46029",7.3,6.84906268102045
"46031",12.5,11.0029331334593
"46033",7.9,7.84929585249272
"46035",7.5,7.03870763316271
"46037",9,8.38310007750531
"46039",7.3,6.87703737069065
"46041",10.3,9.65075929893412
"46043",8.5,7.62102616501148
"46045",7.6,6.83468518643103
"46047",10.2,9.4897645856451
"46049",9.4,9.19603661501867
"46051",7.7,7.3836547833366
"46053",8.8,8.14276997082323
"46055",8.5,8.24110861899047
"46057",6.1,5.92492880334835
"46059",7,7.14269998725597
"46061",7.4,6.23456685545089
"46063",6.3,6.41192899468517
"46065",5.9,5.91536552708669
"46067",7.3,7.2992521229066
"46069",8.4,7.95183636214777
"46071",12.3,10.900805570546
"46073",8.1,8.49407494608705
"46075",8.8,7.91829949223826
"46077",7.4,7.38254935434368
"46079",6.8,6.42903599679472
"46081",7.1,7.30941233285922
"46083",4.8,4.47070706736323
"46085",9.5,8.78929552518616
"46087",6.4,6.10062422669517
"46089",9.7,8.49210282161546
"46091",7.3,7.24218184795185
"46093",6,6.40538082997631
"46095",13.7,11.6342372546709
"46097",8.2,8.17470842404829
"46099",5.6,5.18701826574196
"46101",6.7,6.56796378199415
"46102",13.6,12.1043659898191
"46103",6.8,6.69953868407165
"46105",8.9,8.30707942641347
"46107",7.4,7.6589057999612
"46109",9.7,9.00417075168851
"46111",7.8,7.48039741619001
"46115",8,7.2058038962076
"46117",6.3,6.42745116693367
"46119",7.1,7.62645018250722
"46121",13.2,11.6514255125799
"46123",10,8.58788737045357
"46125",7.1,6.72846439450055
"46127",5.9,5.68720350827672
"46129",7.9,7.53237721672065
"46135",6.7,6.5860828818518
"46137",11.2,10.5428665671507
"47001",9.5,9.17458527167281
"47003",9.2,8.35878804080612
"47005",12.7,12.1699728216971
"47007",13.5,12.0725374130835
"47009",9,7.98526059048597
"47011",9,8.46376444092756
"47013",12.4,12.0377740794468
"47015",10.8,10.6592682977634
"47017",10.5,10.5056234232898
"47019",11.6,10.0160179521799
"47021",8.2,8.27036966842501
"47023",9.8,9.74642008846973
"47025",11.3,11.1175040944647
"47027",13.8,13.9975808028406
"47029",13.4,12.0208839928132
"47031",10,9.49773998358194
"47033",10,10.2488887798603
"47035",12.7,11.510420033081
"47037",6.2,5.57412939122224
"47039",13.6,12.4130742751211
"47041",11.8,11.5604574916252
"47043",8.6,8.89235648391219
"47045",10.2,9.76826698933682
"47047",8.9,8.909883339886
"47049",13.3,12.6815128320309
"47051",9.5,9.68906246435957
"47053",9.9,9.38725162931585
"47055",10.5,10.3226345055922
"47057",11.6,11.3860968044747
"47059",11.3,10.4104798996751
"47061",13.1,11.6713549012454
"47063",10.6,9.28954139666116
"47065",7.7,7.0332045961238
"47067",17.6,15.2681289072798
"47069",10.5,10.4331108859942
"47071",13,12.3010806852262
"47073",11.8,11.0207468804559
"47075",12,11.4041128602723
"47077",10.9,10.625968453719
"47079",12.1,11.4987691257196
"47081",10.3,10.3666910794458
"47083",10.5,11.0238593436514
"47085",10.9,10.6011520729162
"47087",13.1,12.9987472957355
"47089",9.7,9.17058184779785
"47091",13.3,11.449806584368
"47093",7.4,5.97800707109707
"47095",14.3,12.4326711518816
"47097",11.2,10.3343329056424
"47099",11.2,10.1178530541242
"47101",11.1,11.2697292673767
"47103",10,9.54830506934652
"47105",9.9,9.52211279529613
"47107",10.5,9.92098020525978
"47109",11.8,11.3391676487583
"47111",10.9,10.448389321134
"47113",9.1,9.19427836241192
"47115",11.9,10.9248337609257
"47117",9.1,9.41641069738977
"47119",7.8,7.99993798031278
"47121",11.9,10.9107782933618
"47123",11.8,10.6536054623326
"47125",6.1,6.25734595976824
"47127",10.2,10.2884059821567
"47129",11.1,11.2234761199381
"47131",11.4,10.5696366672139
"47133",12.3,11.9062319300313
"47135",12.8,11.8101483636557
"47137",15.2,14.8206927607951
"47139",11,9.51761295781755
"47141",8.9,9.05981659049639
"47143",11.4,10.101065164327
"47145",10.5,10.0619787933273
"47147",8.2,8.20683153257482
"47149",6.2,5.41739765648709
"47151",13.8,13.1134996763829
"47153",12.8,11.8071361714106
"47155",10.1,8.87718599185484
"47157",7.9,7.18312592319561
"47159",9.7,9.83422950736171
"47161",9.8,10.5612257565374
"47163",10.3,9.15080212981456
"47165",7.5,7.16695048386756
"47167",8.9,8.4886875097632
"47169",8.2,7.48020108519582
"47171",12.2,10.1177295013311
"47173",10.9,10.7805358018289
"47175",11.8,10.7843424969238
"47177",10.8,9.90209065942227
"47179",8.8,7.4246703707287
"47181",11.8,11.3331319958106
"47183",10,10.2657638813451
"47185",11.9,10.7752448608451
"47187",5.2,4.51914847668441
"47189",6.8,6.7392731905708
"48001",7.8,9.06264873323422
"48003",6.1,6.44017153263738
"48005",8.8,8.88691763558348
"48007",9.1,9.76021953200769
"48009",8.1,8.58628576314717
"48011",7.4,8.5739774669451
"48013",6.3,8.09430574345582
"48015",8.2,9.18410736197388
"48017",7.1,8.66904400199694
"48019",9,10.456948698292
"48021",6.8,7.9196916836104
"48023",9.7,9.63382557092256
"48025",5.7,7.42889434710727
"48027",5.9,6.6756874734751
"48029",5.1,6.25420732885055
"48031",7.2,8.86217356772509
"48033",7.4,6.55357831881455
"48035",8.7,9.26469535323602
"48037",8.1,8.69453150878029
"48039",5.1,6.21336412304101
"48041",5.2,6.04969546020208
"48043",5.5,7.49240476624146
"48045",10.4,10.0558345884189
"48047",7.1,9.47283577078674
"48049",8.5,8.49545144870684
"48051",7.8,9.47282489573296
"48053",7.8,8.18325031763256
"48055",6.8,7.86723375386572
"48057",6.9,8.58875904172403
"48059",8.2,8.21399564092748
"48061",6.2,7.83027474248297
"48063",9.5,10.2674379593396
"48065",6.9,8.16524773060721
"48067",9.9,10.3166607163052
"48069",6.7,7.97717449890305
"48071",5.7,7.08054608530248
"48073",8.9,9.51296761102417
"48075",6.9,8.16059485868238
"48077",8.3,8.70890139566234
"48079",9.7,9.85227125497633
"48081",9.9,9.85142036064783
"48083",9.4,9.24759817010978
"48085",4.1,4.19666675794564
"48087",9.3,10.6042251716189
"48089",7.9,9.35737865548028
"48091",5.6,6.68199972788283
"48093",8.7,9.10980930162067
"48095",7.8,8.85870920633273
"48097",7.9,8.70305967092609
"48099",5.7,6.8848506129964
"48101",11,10.8027092481712
"48103",6.3,6.30286100070793
"48105",7.4,6.84481766295357
"48107",8.6,10.2154979936677
"48109",8,10.2816955456977
"48111",7.4,7.91614931209974
"48113",5.6,6.89761158668093
"48115",7.6,7.10675357833496
"48117",7.2,7.59158238738141
"48119",8.7,9.42623486990169
"48121",4.3,4.58826912875872
"48123",8.6,9.21288357365306
"48125",9.8,9.69411527314835
"48127",9.4,9.69665680247437
"48129",8.9,9.5661676957948
"48131",7,9.22465520131916
"48133",9.1,8.84980956890324
"48135",5.5,6.23149884533117
"48137",9.9,9.36069288889046
"48139",5.6,6.60700643819246
"48141",4.9,7.07852278542338
"48143",6.6,7.0413138814674
"48145",9.1,9.54407230246845
"48147",8.5,8.90992869376803
"48149",7.7,9.45065129279514
"48151",7.6,8.79518714683603
"48153",8.3,9.0628030208609
"48155",11.8,12.1521953790327
"48157",4.2,5.21322219438631
"48159",7.6,8.76967245511944
"48161",8.6,9.58264524102905
"48163",5.9,7.19145105556549
"48165",6.6,7.48524221047172
"48167",6,6.29473579968017
"48169",7.5,7.10104428924478
"48171",7.7,8.99217374660566
"48173",5.2,6.86350770191166
"48175",8.4,10.1095617567622
"48177",8.3,9.47290601437849
"48179",8.2,8.22755268321412
"48181",7.4,8.13032499045446
"48183",7.7,8.39081902779267
"48185",8.1,8.63517049894187
"48187",5.5,6.68978718753565
"48189",7.4,8.05831749213106
"48191",9.6,10.4193680075689
"48193",9.4,9.58680720646162
"48195",7,7.04608156844101
"48197",9.1,9.92742987636501
"48199",7.9,8.37292730307456
"48201",5.5,6.19225840309961
"48203",7.9,8.87241220202579
"48205",6.3,6.6970519039744
"48207",9,8.48748614382298
"48209",4.8,5.63752725396052
"48211",6.2,6.93768131325007
"48213",9.2,9.69930430905414
"48215",5.9,7.43134966019144
"48217",8.4,9.28100136812503
"48219",7,7.345304127492
"48221",7.4,7.85816578858342
"48223",8.3,8.74888929347216
"48225",9.9,10.3239802320283
"48227",6.6,6.90454530538454
"48229",6.6,8.62859952483708
"48231",7.4,8.16291984718677
"48233",7.5,7.7250191144235
"48235",7.2,8.20588633973304
"48237",8.8,8.75672088089713
"48239",8.2,9.16832940100429
"48241",10.7,11.2391095739021
"48243",11.6,12.2794996704273
"48245",7.8,8.21127316196744
"48247",8.9,6.64284673207147
"48249",6.9,8.12016075121403
"48251",6.6,7.34396494735702
"48253",7.5,8.23465075159216
"48255",6.8,8.10872254446051
"48257",5.8,6.85462938174294
"48259",5.5,6.53450555777781
"48261",7.2,16.6991693753968
"48263",7.2,9.45529737066118
"48265",8.4,8.96248511668883
"48267",10.1,9.80441063794304
"48269",10.8,8.53519167826321
"48271",7.5,8.71485487899983
"48273",5.5,8.14785829050351
"48275",8.7,9.31545059083204
"48277",9.1,9.62856742714876
"48279",7.9,8.76578508104883
"48281",7.9,8.36813115630532
"48283",6.8,9.59550091590527
"48285",8.7,9.75725030865848
"48287",9,9.15093642073273
"48289",9.5,10.357543644073
"48291",8,8.56166454523066
"48293",9.3,9.85732986187508
"48295",8.3,9.09997671381356
"48297",8.7,9.53523016954595
"48299",9.5,10.3310538269077
"48301",NA,14.6218239867548
"48303",5.8,6.70078800113512
"48305",8,7.82707274069603
"48307",8.9,8.69502478925148
"48309",6.8,7.59501664942078
"48311",9.1,8.6887229567443
"48313",7.6,8.53145727172409
"48315",11.2,11.7477789004196
"48317",6,6.96581898593034
"48319",8.1,8.88520420706488
"48321",8.3,9.25963430851706
"48323",5.7,6.79780381031057
"48325",6.1,7.77702118336917
"48327",9.8,10.7707596146475
"48329",4.9,5.45528760238644
"48331",8.5,9.35132339157304
"48333",8.3,9.08736268062262
"48335",7,7.15355377103636
"48337",8.8,9.38616013747783
"48339",5.6,5.50200354961807
"48341",6.8,7.60459434363125
"48343",9.4,10.4218645817236
"48345",9.2,9.48757430597461
"48347",7.9,8.65282692240208
"48349",8.6,9.21931071581196
"48351",13,12.442498750011
"48353",9.4,8.78335657118406
"48355",6,7.59655366795089
"48357",7.1,7.83006024402623
"48359",7.6,7.92228018080957
"48361",7.7,8.4215094249306
"48363",9.1,9.17479192319908
"48365",8.4,9.25758897281447
"48367",6.4,6.80654387396583
"48369",6.4,7.74560420985591
"48371",6.5,7.52049571938444
"48373",9.8,10.0768654102037
"48375",8.2,8.09978602504956
"48377",8.4,9.56479376603188
"48379",8.8,9.71258322238831
"48381",5.8,6.16652326457545
"48383",5.5,5.35700630757293
"48385",11,11.842281665233
"48387",10.7,11.6077887634036
"48389",6.2,6.75950902155618
"48391",8.4,10.373026041019
"48393",6.7,7.60738427657821
"48395",8.7,9.66787587747858
"48397",4.5,4.71406926115133
"48399",7.8,7.8458623317069
"48401",8,8.9191224974564
"48403",11.1,11.7398108234514
"48405",14.1,13.4312692350976
"48407",10.1,10.401791718501
"48409",6.9,7.5540989133687
"48411",8.6,8.47096305163645
"48413",6.7,8.13529826513342
"48415",7,6.85092400258067
"48417",7.1,7.80305198542469
"48419",10.1,10.6345203849128
"48421",6.2,7.68773835325015
"48423",7,7.79619660688896
"48425",7.1,8.06763161750663
"48427",7.2,8.04112951419676
"48429",8.4,8.57160024834311
"48431",4.9,6.78063942727753
"48433",9.6,9.82184700191455
"48435",7.6,6.81820257695234
"48437",8.9,9.46100594859988
"48439",5.4,6.23898511806975
"48441",6.3,6.54516955216146
"48443",5.6,10.383329682924
"48445",8.2,8.15507984993585
"48447",9.7,8.96851527874285
"48449",8.5,9.16440226567572
"48451",6.5,6.68258527757996
"48453",4,4.16063569334838
"48455",10.5,11.3528138395168
"48457",10.7,11.1496682874567
"48459",9,9.05340232348317
"48461",8,8.50145342070722
"48463",6.6,7.66650567384775
"48465",5.6,6.6582025714245
"48467",8.5,9.13594920795249
"48469",6.9,8.26642432863515
"48471",7.3,7.89693326305438
"48473",5.4,7.34020450830231
"48475",6.4,6.92554420144864
"48477",7.1,8.59093517393795
"48479",5,6.32603003211385
"48481",7.4,8.89357199859831
"48483",9.1,9.47484115106204
"48485",7.1,7.49282775875822
"48487",9.9,9.42466297833205
"48489",7.2,8.2754912497121
"48491",4.3,4.77070701639443
"48493",6.1,8.00342309743323
"48495",6,6.5063170630235
"48497",7.2,8.0886669890554
"48499",9.3,10.4112709058731
"48501",5.8,6.83758529191617
"48503",8.1,8.5384866350616
"48505",7.8,8.67091264812522
"48507",8.4,8.90342091146875
"49001",5.5,7.05819833940475
"49003",5.6,6.02822487663069
"49005",4.6,4.82096771203612
"49007",7.7,7.69730356501655
"49009",8.2,8.09042974798522
"49011",4.2,4.57867649056945
"49013",7,7.10377423865029
"49015",6.9,7.43464034304554
"49017",6.6,7.66326323616742
"49019",6.6,7.175770406027
"49021",5.8,5.8643160638308
"49023",5.7,6.44562141855396
"49025",6.9,7.41195032153505
"49027",7,7.34962476243497
"49029",4.4,4.73836869362084
"49031",10.3,9.41896614136975
"49033",6.9,7.65471333057166
"49035",4.4,5.16095074359529
"49037",8.9,8.68422422271754
"49039",6.7,7.10963964750345
"49041",6.6,7.01404946852353
"49043",4.3,4.16771304294341
"49045",4.6,5.38307392018326
"49047",6.5,6.91316386440291
"49049",3.6,4.08897447808318
"49051",4.5,4.61943952890195
"49053",6.2,7.02624462792545
"49055",8.1,7.91861421008394
"49057",4.9,5.71044856743217
"50001",6,6.48213094308067
"50003",7.3,7.5170366298969
"50005",7.8,8.27641962785629
"50007",4.9,4.89314333228445
"50009",10.4,10.0735963927507
"50011",7.2,7.40853961363598
"50013",6.6,6.47803844344492
"50015",6.2,5.94481450933693
"50017",7.1,7.50365825777683
"50019",8.3,8.42972920759154
"50021",7.9,8.36569655999395
"50023",6.3,6.37172666284293
"50025",7.5,7.58909107276321
"50027",6.7,7.26859265265565
"51001",10.6,9.5972643492534
"51003",5.2,4.80546042117887
"51005",9.9,11.6491410497923
"51007",9.7,9.2236449145719
"51009",8.7,9.28871377602548
"51011",8.7,9.31470725203599
"51013",3.2,2.65445401343298
"51015",8.1,9.19110695482274
"51017",12.9,13.7861662969632
"51019",7.6,8.04198817895054
"51021",8.8,12.5232385772828
"51023",7.6,9.06122877191302
"51025",9.6,9.51282643228862
"51027",13,14.7648773891115
"51029",9.3,9.48470275321808
"51031",8.4,8.77326990354133
"51033",7.4,7.90831573296554
"51035",11.1,11.6222039997329
"51036",9.5,9.8212528684317
"51037",11.5,10.5433692052371
"51041",5.6,5.57444425430099
"51043",6.8,7.66266747154782
"51045",9.4,11.9970337572452
"51047",7,7.32374789351951
"51049",8.8,9.21493795977541
"51051",12.6,14.4574966956023
"51053",7.4,8.32390865747488
"51057",9.8,9.79219212277585
"51059",4.1,3.42314111629736
"51061",6,6.46596014804356
"51063",8.6,9.50284107789508
"51065",6.8,7.44515084356471
"51067",9.2,9.85600312573059
"51069",6.8,7.31183697584277
"51071",8.9,9.95500969839567
"51073",7.4,7.56383598510417
"51075",6.1,6.54232946042087
"51077",12.1,12.2685267327522
"51079",7.6,8.31756512793997
"51081",8.4,7.97852266230742
"51083",11.2,10.6685965872971
"51085",6.1,6.10780139780973
"51087",5.7,5.55632214181047
"51089",11,11.1229087821209
"51091",9.3,10.0066862658161
"51093",7.1,7.21929390329852
"51095",6.2,6.45005460253627
"51097",9.6,9.82204120414966
"51099",6.1,6.21235791902155
"51101",6.7,7.58392588490502
"51103",10.3,10.2355824447482
"51105",12.6,13.7026954623015
"51107",3.7,2.95292760486679
"51109",8.1,8.36132410501717
"51111",10.6,10.271498083017
"51113",8.2,8.87072512774188
"51115",8.8,9.22260351221571
"51117",10.3,10.3461518099455
"51119",9.3,9.4220295234524
"51121",6,6.47082587831325
"51125",9.1,9.53720848607259
"51127",6.1,6.61830714321728
"51131",9.9,9.56269010446636
"51133",9,9.94192759747185
"51135",8.9,9.08610213131838
"51137",7.4,8.05656639362715
"51139",9.5,10.0011042409466
"51141",11,11.6194358081477
"51143",10.8,10.9563880513237
"51145",6.7,6.82216340403282
"51147",7.7,8.66291942671073
"51149",5.9,6.40330234552556
"51153",4.7,4.22240729422619
"51155",9,10.7502799961265
"51157",8.8,8.77805672830635
"51159",8.8,8.31239533057041
"51161",6.8,7.16215502785039
"51163",8.8,9.16290347833281
"51165",7.7,8.31812234407922
"51167",11.4,13.2465877739345
"51169",11.6,12.8886505578651
"51171",9.1,9.69801705917004
"51173",10.9,12.0000554164172
"51175",8,8.57918578128662
"51177",6.1,6.25222385941614
"51179",4.8,4.61119094088107
"51181",8.5,8.96069406741055
"51183",8,8.44372199824902
"51185",10.9,13.1974780335562
"51187",7.6,8.16274784654951
"51191",8.8,9.22471240899784
"51193",10.7,9.66627835592504
"51195",10.5,11.6382161481107
"51197",9.6,11.2395645998714
"51199",5.2,4.96599540790521
"51510",4.1,3.49447798389483
"51520",10,9.86144882345797
"51530",8.8,10.2908518784634
"51540",5.4,5.20107647258136
"51550",5.9,5.948545005297
"51570",6.7,7.45187758608505
"51580",11,12.8781228574338
"51590",10.7,10.5813767209853
"51595",10.1,9.24056351180403
"51600",4.5,4.06143585884294
"51610",3.6,2.5470155217741
"51620",9.3,8.49762163251526
"51630",5.2,5.53707117059936
"51640",10.7,11.9378588259021
"51650",6.9,7.39145971934861
"51660",6.1,7.17558173240987
"51670",10.1,9.42870286341966
"51678",4.7,4.72222671242246
"51680",6.2,6.61531527621088
"51683",5,4.95760764982912
"51685",5.5,5.10183296818983
"51690",10.2,9.16362915187663
"51700",6.5,7.07988345304986
"51710",6.3,6.71201619409272
"51720",10.5,12.8213404250858
"51730",8.4,8.67799900973108
"51735",6.1,5.87871088171907
"51740",7.6,8.04033677174209
"51750",6.6,8.91499680571108
"51760",6.2,6.21655935945394
"51770",8.4,7.8916775095447
"51775",7.1,8.01848543000875
"51790",7.5,7.79172479864877
"51800",6.3,6.65891344273857
"51810",5.6,5.7335408710409
"51820",7.9,7.91165559472425
"51830",5.3,6.01496237560904
"51840",8.3,7.60817596255859
"53001",6.9,7.74277421235945
"53003",8.1,8.25870049091831
"53005",5.6,5.89569801060056
"53007",6.3,6.74603844825699
"53009",7.8,8.43153330134006
"53011",5.5,5.79552646780791
"53013",7.6,8.42981616826895
"53015",7.5,8.05464856046776
"53017",6.3,6.92446246070475
"53019",9.8,9.91867738649789
"53021",5.4,6.26374638951501
"53023",7,8.80444938349389
"53025",6.4,7.39063603027128
"53027",8.2,8.56240110618177
"53029",5.9,6.89734668474092
"53031",7.2,8.82251849143061
"53033",3.4,3.34976320614792
"53035",5.4,5.83729300417536
"53037",6.1,6.37872419648518
"53039",7.2,7.86879804431234
"53041",7.5,8.15593568906748
"53043",7.3,8.44172454806587
"53045",7.5,8.26369793479801
"53047",8.7,8.74890315657484
"53049",8.5,9.39282244097502
"53051",8.7,9.109755867924
"53053",5.2,5.63679813807091
"53055",6.4,7.44495226313044
"53057",6.5,7.24616400445165
"53059",7,7.5746528224069
"53061",4.8,5.04244909729427
"53063",6,6.26218373723639
"53065",8.6,8.62211503416469
"53067",5.3,5.81607879475935
"53069",9.2,9.91045039010409
"53071",6,6.79046167329111
"53073",5.4,6.10900909525663
"53075",4.9,5.09045546040937
"53077",6.5,7.19080514813955
"54001",11.9,13.1166528687087
"54003",8.4,7.64989397329667
"54005",12.4,13.4120956513278
"54007",14.3,12.9669900086848
"54009",9.8,10.1469313408031
"54011",9.8,9.23896160651378
"54013",16.2,16.4728974808232
"54015",14,14.6986639525446
"54017",11.5,11.6569717351431
"54019",12.2,11.8442379514806
"54021",10.1,8.62609128120749
"54023",11.2,11.1680022929268
"54025",12.4,11.9468135065332
"54027",11.3,11.1019022840471
"54029",10.8,10.7425446219897
"54031",12.6,11.4336710021215
"54033",10.2,9.09514134463765
"54035",11.1,11.7428335008809
"54037",7.6,7.21179828917988
"54039",9.8,9.77581435434285
"54041",11.6,11.8912243082985
"54043",13.8,14.666753507622
"54045",13.5,13.4099311308192
"54047",16.5,15.8582352300088
"54049",9.3,9.07069640378418
"54051",11.1,10.8079887852192
"54053",12.5,12.7303967178242
"54055",12.1,11.6827505501892
"54057",9.8,10.2401214555246
"54059",16.1,15.696942236705
"54061",6.7,6.48498627965587
"54063",12.3,12.0934311900611
"54065",11.1,10.5758684962368
"54067",11.9,12.1867803517623
"54069",9.4,9.10871542993661
"54071",12.2,11.8955188058646
"54073",10,9.2755677687265
"54075",13.9,13.2634827698218
"54077",10.5,10.7462177715104
"54079",8.8,8.36653802838057
"54081",12.1,12.1180012457042
"54083",10.9,10.4603860469557
"54085",13.4,14.0055548551826
"54087",14.4,13.3243667180395
"54089",13.9,13.8405952602101
"54091",11.2,10.8029674752601
"54093",11.3,11.5215067345837
"54095",11.9,12.7492593024984
"54097",11.5,11.6057785522531
"54099",12,12.0967427207006
"54101",14.8,14.2326672449221
"54103",11.7,11.9285683124519
"54105",12.7,12.9108710419053
"54107",10.8,10.2046318743805
"54109",14,14.0171924453789
"55001",10.1,9.70466262050783
"55003",8.6,8.09004428117082
"55005",8.2,7.66376565116743
"55007",7.9,7.65053057257497
"55009",6.1,5.7036831195099
"55011",7.8,7.59718623769189
"55013",9.7,9.16040584586862
"55015",5.9,5.18672136757667
"55017",7.2,6.87646514367502
"55019",9,8.08843051787754
"55021",6.9,6.52865255091381
"55023",8.8,8.71966173548862
"55025",4.4,4.06182435951211
"55027",7,6.64540134535957
"55029",7.5,8.43586086261264
"55031",7,6.81013265457227
"55033",6.2,6.00660193776843
"55035",5.8,5.79841709339013
"55037",8.5,8.50874831007283
"55039",6.9,7.04677928314906
"55041",10.2,9.07484791515855
"55043",7.3,7.00606916494066
"55045",6.8,6.7899609134819
"55047",8.8,8.33680012351187
"55049",6.8,6.56718789640221
"55051",9.1,9.59376556545463
"55053",8.5,7.70870307924773
"55055",6.4,6.46167589253058
"55057",9.1,7.97083311469271
"55059",6.5,6.29106571274172
"55061",7.3,7.31980554791869
"55063",6,5.96228885285831
"55065",8,7.62142395014569
"55067",9.2,9.05946132603458
"55069",8.5,8.14804502902939
"55071",7.7,7.69906866792151
"55073",6.7,6.53518102787761
"55075",8.5,8.36258741325707
"55077",9.5,8.86830675410233
"55078",8.9,6.61971963108536
"55079",6.7,6.41323513106606
"55081",8.2,7.14522673709885
"55083",7.9,7.58623726467737
"55085",7.9,7.89177430733686
"55087",5.9,5.25041663849951
"55089",5.4,4.81709032284544
"55091",7.4,7.65142641370507
"55093",5.8,5.6465650669499
"55095",7.3,7.17435628328116
"55097",6.1,6.0605190321967
"55099",9.5,9.16117588491177
"55101",6.7,6.70489881552484
"55103",8.9,8.74611356542672
"55105",6.8,6.91215785530383
"55107",9.8,8.78408064500398
"55109",5.5,4.86427757415555
"55111",7,6.84843361985269
"55113",9.3,8.43956915738861
"55115",8.2,7.80719883384888
"55117",6.5,6.34378305437043
"55119",8.4,7.69479525020328
"55121",7.6,6.95096693251568
"55123",8.5,7.66367881380102
"55125",8.3,8.55675474984034
"55127",6.4,6.60693718721551
"55129",8.9,8.33287915949671
"55131",5.9,5.73015410740847
"55133",5.2,4.89463011037246
"55135",7.8,7.59577005660735
"55137",8.7,8.61337151142439
"55139",6.4,6.35724202137153
"55141",7.7,7.66250895297383
"56001",5.1,5.16813968107213
"56003",8.8,8.49225068577599
"56005",6.6,6.59533434271262
"56007",8,7.88260722518765
"56009",7.8,7.45784261811575
"56011",7.5,7.25167223306608
"56013",8.3,8.23254836277018
"56015",8.1,7.93155057622824
"56017",9.9,8.84413559698319
"56019",8.9,8.21406255755222
"56021",6.6,6.61181464457645
"56023",7.3,7.35325858829336
"56025",7.1,6.85655398275356
"56027",9.5,9.08908105520121
"56029",7.3,7.44513584208153
"56031",9.1,9.26494924686343
"56033",7.1,7.15930231407687
"56035",7,7.85374579086999
"56037",7,7.15328366182152
"56039",4.5,4.71335451134123
"56041",7.2,6.96529826779287
"56043",8.9,8.28636670155613
"56045",8.2,8.48919526432934
