"county_fips","per_smokin","pred_outcome"
"01001",15.5,15.5225525377184
"01003",14,14.0672282450646
"01005",20.9,21.745573035696
"01007",21.1,21.6050562596176
"01009",19.1,20.3758699586977
"01011",24.6,23.2098382989161
"01013",19.5,20.9544312897363
"01015",17,19.408934902163
"01017",20.6,20.3449671221885
"01019",16.3,19.9344994534331
"01021",15.8,19.5317122972095
"01023",20.2,20.4822507138999
"01025",19.9,21.1506085612991
"01027",20.6,20.4852586682487
"01029",20.9,18.7038007550465
"01031",14.4,18.013349519978
"01033",17.6,20.7308499059827
"01035",18.8,20.2511174892446
"01037",18.9,19.8220669849728
"01039",16.9,19.5147670147809
"01041",19,18.9376670275736
"01043",18.4,19.4666015485651
"01045",18.1,18.8427600912372
"01047",18.9,21.532004596949
"01049",22.5,21.4169869795442
"01051",15.6,16.3809483046059
"01053",21.1,21.3498763782355
"01055",18.4,19.2660870230387
"01057",20.7,22.041292185198
"01059",19.9,21.4409969301326
"01061",17.6,20.5054137013521
"01063",22,22.6299283975104
"01065",18.3,20.9909460509042
"01067",20.8,17.581085229978
"01069",17.8,17.8879437581618
"01071",20.2,21.53793712316
"01073",14.6,15.1176992986199
"01075",18.2,21.396180558096
"01077",14.7,18.4203479600276
"01079",20.1,20.8336404903708
"01081",15.2,14.1708238520141
"01083",15.6,17.5436040748456
"01085",21.6,21.2149235841196
"01087",17.6,19.867763050358
"01089",13.2,13.4452230314292
"01091",19.9,19.002682995499
"01093",19.1,21.8505475974842
"01095",16.2,19.6767395692791
"01097",18.8,18.4515964258536
"01099",19.5,21.0676218774843
"01101",17.4,15.8954404436168
"01103",17.3,18.1169621273535
"01105",21.1,22.7664150324183
"01107",19.4,21.0164551785094
"01109",14.3,17.8466998136176
"01111",18.9,19.5331837499219
"01113",20.3,20.2047908222369
"01115",15.3,17.9930447869239
"01117",10.7,11.4406425346149
"01119",17.9,20.7420330949682
"01121",18.2,19.8763740145051
"01123",17.3,18.990097996112
"01125",16.2,16.1488359303837
"01127",21.2,20.6357252561484
"01129",20.3,20.0958084926842
"01131",23.6,22.4971841410238
"01133",17.6,21.9125333449853
"04001",26.3,24.3290793936962
"04003",14.8,14.7959213061043
"04005",12.4,14.5733337914198
"04007",17,17.189399581577
"04009",15.2,17.2022701862699
"04011",13.3,15.0944279605209
"04012",16.7,20.6598911105886
"04013",11.7,12.5026614833841
"04015",16.8,16.7609455184136
"04017",21.5,20.3590550058441
"04019",12.8,13.4321437852472
"04021",14.8,15.0094526897808
"04023",12.4,17.2754316122501
"04025",14.4,14.1225478754179
"04027",13.3,16.7765206966985
"05001",22.1,22.2258882950182
"05003",20,24.3775016585489
"05005",19.6,19.6378053616934
"05007",13.8,14.3465177401202
"05009",18.5,20.6225356281885
"05011",21.5,21.3650181785199
"05013",20.5,20.7238130159944
"05015",18.1,20.0493025125595
"05017",22.7,23.5352144506206
"05019",17.6,19.0611010904723
"05021",22,22.5709028899582
"05023",18.5,20.7198690897487
"05025",23,19.9830974054404
"05027",17.4,21.9406250399094
"05029",23.3,21.7089315064547
"05031",19.3,19.2162831108337
"05033",18.8,20.4426591340121
"05035",21.6,22.0431426526232
"05037",21.3,22.4399756220752
"05039",20.7,20.6260728495345
"05041",25.2,25.0811046406394
"05043",19.2,20.3424256325735
"05045",14.7,17.052508702243
"05047",23.4,23.0477739719944
"05049",25.1,22.2045698606459
"05051",16.4,18.8233002856124
"05053",19.5,19.9600153301175
"05055",22.1,22.7411209792353
"05057",19.8,22.6094264329814
"05059",21.4,22.7254058632966
"05061",17.7,21.2999035830759
"05063",22.6,22.5601027536086
"05065",19.8,21.5079043525183
"05067",24,24.0792218068737
"05069",22.2,21.155045227413
"05071",23.1,23.0240333091461
"05073",24.6,23.8765175632413
"05075",23,23.6185469742982
"05077",25.7,27.101208499543
"05079",23.2,24.7697545810686
"05081",19.6,19.1301397152974
"05083",21.4,20.9238010047001
"05085",18.3,19.7834326728251
"05087",22.3,23.2137192297973
"05089",20.5,21.7553288576639
"05091",22.9,21.9252682283253
"05093",24.1,23.6064617289317
"05095",23.4,23.2391059060028
"05097",20.4,21.7065650913472
"05099",21.7,25.7944968008927
"05101",21.8,20.4963926954426
"05103",20.2,22.0494726822259
"05105",19.7,21.3720843234586
"05107",23.6,24.2531814314544
"05109",19.6,20.6384060964405
"05111",25.9,24.2766498973841
"05113",20.6,20.7993521444726
"05115",18.2,20.0119082891169
"05117",21.9,19.5833482958432
"05119",16.3,15.9875734069311
"05121",22.8,22.753135473822
"05123",25.6,25.7595553234403
"05125",15.1,16.4365583855083
"05127",22.2,22.6103375028221
"05129",24.2,23.7642118486622
"05131",18.9,18.8808356838942
"05133",19.4,23.2152719045202
"05135",22.3,22.6588378556058
"05137",21.8,22.9128064299367
"05139",17.4,21.2721821736397
"05141",23.6,21.8546081454177
"05143",16.5,16.6530191342631
"05145",21.7,20.7533033133755
"05147",22.1,21.061729351986
"05149",21,20.8762416499671
"06001",10.1,7.76865266361073
"06003",12.3,11.9801906743923
"06005",13.2,15.1308191386293
"06007",13.1,13.135515058044
"06009",14,15.0858973204922
"06011",14.7,15.4289643316325
"06013",10.4,9.1752188632773
"06015",19.3,15.1866899207006
"06017",9.8,10.8899723782429
"06019",14.1,14.0385217852789
"06021",14.9,16.3009443544625
"06023",15.8,13.3471137431722
"06025",13.6,17.6112850787546
"06027",12.9,13.7674995932291
"06029",16.5,15.1589503995204
"06031",16,15.8508484428943
"06033",13.2,15.3770848622842
"06035",16.7,17.3443842459393
"06037",10.7,12.6712527366594
"06039",15.1,15.3560794380939
"06041",7.3,6.85394308226566
"06043",15.9,13.9219763835412
"06045",13.6,14.8161026699563
"06047",17.4,15.7796454716062
"06049",13.7,15.0156069474041
"06051",12.6,13.1677517173917
"06053",13.6,13.5380413287163
"06055",12.6,11.0866190358176
"06057",15.5,11.73300620045
"06059",10.7,10.2786679675982
"06061",11.2,9.63048749892312
"06063",12.9,14.9285080037303
"06065",11.3,14.5253861243886
"06067",12.9,11.5715869316279
"06069",11.1,13.4946444757198
"06071",12.7,15.0291588606667
"06073",10,10.4493958374477
"06075",8.6,6.62503185154772
"06077",12.5,14.0005499248292
"06079",9.8,11.1080002922475
"06081",8.8,7.48942449617598
"06083",9,11.7594271232223
"06085",8.9,6.95694973674288
"06087",10.4,10.0359268473747
"06089",13.5,14.4433234488375
"06091",14.3,15.4224757367394
"06093",14.8,14.9405686219808
"06095",12.7,12.2323413852118
"06097",10,11.0549107359074
"06099",12.6,14.4345963411253
"06101",15.9,14.031775141287
"06103",15.5,15.0094177300411
"06105",15.6,17.219699711839
"06107",15,15.7883474573981
"06109",12.3,14.6505746724244
"06111",10.5,11.4460061664086
"06113",11.3,9.64247478737399
"06115",15.7,14.7580098273295
"08001",15,16.3145990708672
"08003",14.9,15.5966909629041
"08005",12.3,12.4255828979368
"08007",10.7,12.6736185672763
"08009",18.6,16.5457800899479
"08011",18.5,18.4250888926423
"08013",9.8,9.81080930978207
"08014",8.6,9.96475339441637
"08015",15.1,12.6527887556489
"08017",13.2,15.9883409976424
"08019",10.9,10.4843370353185
"08021",13.8,16.8148374210868
"08023",16.1,15.8176517408911
"08025",19.4,19.5847126595488
"08027",13.2,12.3736883050937
"08029",15.7,15.271768110366
"08031",14.2,11.3165618655465
"08033",14.9,16.9152037438554
"08035",8.5,9.5589700364041
"08037",11.8,11.9648691475176
"08039",13.1,13.5187021993353
"08041",13,12.8745172139829
"08043",15.8,16.8182280113437
"08045",12.7,14.0865690899354
"08047",13.2,12.7672710731474
"08049",11.8,13.5933265700393
"08051",8.9,10.9523915759393
"08053",11.4,10.9699378778956
"08055",14.7,14.2596915609012
"08057",16.6,16.7968670269131
"08059",10.6,11.3483850652886
"08061",18.1,16.9506441536159
"08063",13.1,16.6688400136366
"08065",9.4,13.8538114784633
"08067",11.3,12.3678433116286
"08069",9,11.7558943100747
"08071",15.6,15.909563245051
"08073",16,17.3175596371599
"08075",17.1,18.0577592312103
"08077",14.8,13.787664866093
"08079",13.4,10.5519778210761
"08081",18.2,15.5532104916327
"08083",15.5,14.4885157615694
"08085",14.4,14.4805611912744
"08087",14.1,19.0384586524689
"08089",19.3,16.3100594696451
"08091",11.6,11.5635697709214
"08093",13.1,13.6955426938758
"08095",16.2,17.1447329905472
"08097",8.5,9.73385424513759
"08099",16.1,16.8874444301862
"08101",14,15.2363613276996
"08103",15.5,14.9699944443169
"08105",11.9,14.8366859365052
"08107",12.2,11.7464082339179
"08109",17.1,15.6906609307927
"08111",14,14.7111284106898
"08113",11.9,10.9301905265053
"08115",16,17.3831075093872
"08117",12.1,11.8716144525949
"08119",11.9,12.6851469272845
"08121",13.7,16.0250374409727
"08123",12.7,15.7636370286629
"08125",15,17.2711499045801
"10001",14.6,15.7201487209457
"10003",14,13.0530985753778
"10005",13.7,14.2911918250963
"11001",11.2,10.0710012059752
"12001",13.1,12.135124700614
"12003",19.1,19.9238547060901
"12005",15.8,15.7604547703912
"12007",20.9,21.0446845483041
"12009",13.1,14.0361950649092
"12011",13.4,13.6213682775658
"12013",19.8,21.4152546416159
"12015",13.9,15.6806216662411
"12017",13.5,18.0407600186643
"12019",13.5,15.2562236070726
"12021",11.5,12.2336479758486
"12023",19.4,19.4445990379466
"12027",19.8,23.1744565003057
"12029",22.1,22.0658054941775
"12031",14.9,14.8512955062238
"12033",15.9,16.3908759223057
"12035",13.4,14.9043404322535
"12037",17.7,18.5351556523074
"12039",17.7,19.4706573387646
"12041",18.8,19.3959378897465
"12043",20.3,21.7294462832653
"12045",16.8,17.0776250103012
"12047",21.9,23.6384951836309
"12049",19.9,23.8749970535989
"12051",18.4,22.6011158223149
"12053",15.9,17.6383456131386
"12055",15.6,18.4413186653509
"12057",12.8,13.7073051809593
"12059",21.6,20.5223786008472
"12061",13.5,14.131375007472
"12063",22,20.437621373602
"12065",17.9,18.3718980965911
"12067",21.9,23.0106422628882
"12069",14.8,15.5298119052691
"12071",12.2,14.7477197497954
"12073",12.3,11.4311619873024
"12075",18.2,19.1096371735505
"12077",21.2,20.7591195647544
"12079",22,21.1136747198351
"12081",15.1,13.7325337487297
"12083",16.7,17.2870880001616
"12085",13.4,13.4953028280912
"12086",13,14.760675405745
"12087",13.5,13.6413486872055
"12089",12.6,14.1110233088681
"12091",14.7,13.9610527418062
"12093",20.4,20.3919623796664
"12095",12.4,13.4205680925666
"12097",13.3,16.0898898875406
"12099",12.1,12.5287009378079
"12101",13.5,15.7814636753221
"12103",15,13.3452709954468
"12105",16.3,17.7107326004922
"12107",20.8,21.3992685397866
"12109",8.9,9.86711765848438
"12111",14.6,16.2376749519179
"12113",14.8,14.9395408096407
"12115",11.6,11.6245086081629
"12117",12.3,11.662037438892
"12119",10.6,12.8341820639077
"12121",19.6,19.2519166619962
"12123",19.9,20.16741852302
"12125",20.6,22.4558168632916
"12127",13.5,16.0582071959996
"12129",17.3,17.206366406854
"12131",15.7,13.3367658509266
"12133",20.7,21.5473957601735
"13001",18.4,22.6367546899645
"13003",20.5,22.8479020268692
"13005",21.3,21.7207289657479
"13007",17.5,19.103387187411
"13009",16.3,18.7909747583623
"13011",21.5,18.6594984657484
"13013",14.4,16.7764510702142
"13015",15.4,17.266643900354
"13017",22.5,22.0908886896641
"13019",20.3,21.3411885325964
"13021",17.5,18.3990555815379
"13023",15.5,18.4026170907686
"13025",20.9,21.0375402382405
"13027",21,21.2868794943351
"13029",14,13.3715600070973
"13031",14.1,17.2762280455509
"13033",18.5,19.674654431484
"13035",18.6,19.8445594571255
"13037",23.7,22.5771959533809
"13039",17.4,18.2918593648403
"13043",21.2,20.8720787660459
"13045",14.3,18.241815224064
"13047",14,16.88706274222
"13049",21,22.2706090023733
"13051",13,14.1137451657548
"13053",15.2,17.0113887442115
"13055",20.2,23.2150808053882
"13057",13.7,12.4545529770648
"13059",13.2,14.2809751765039
"13061",15.4,20.1291944484924
"13063",18,17.9889135306825
"13065",22.6,23.4438105285134
"13067",9.5,10.026357537248
"13069",20.4,21.1586903576875
"13071",21.2,21.4128106944672
"13073",15.2,12.7762018483034
"13075",19,20.3973889656997
"13077",13.5,13.7902812818018
"13079",18.9,20.4180276700193
"13081",18,21.1431377344879
"13083",14.8,16.9936832463794
"13085",12.6,13.6173529715168
"13087",18.7,20.9137219618227
"13089",13.3,11.6508079829349
"13091",16.9,21.0355150750006
"13093",18.1,21.4973460455206
"13095",18.2,18.8647176971563
"13097",14.9,14.9968441252362
"13099",19.9,20.5420446430102
"13101",17.8,19.494033567683
"13103",15.1,15.3133270765981
"13105",18.9,19.8297186603181
"13107",21.7,21.6646722353148
"13109",21.4,20.4260366776927
"13111",17.2,15.285313241605
"13113",10.2,10.3936080583966
"13115",17.8,18.3007674777806
"13117",10.3,8.62015784299843
"13119",18.2,19.1846006552828
"13121",10.6,9.38358214353939
"13123",14.6,16.6394632226982
"13125",17.8,18.9246511163733
"13127",13.1,15.5981644421499
"13129",20.2,18.4555620971219
"13131",19,19.9480119432524
"13133",13.8,14.4920964399142
"13135",11.9,12.7880517198792
"13137",16.9,16.601654240986
"13139",17,16.4499620028969
"13141",21.3,22.9671610518844
"13143",18.5,18.2241613222428
"13145",14.7,13.7389705579934
"13147",15.5,17.54085078694
"13149",19.1,19.8485500420802
"13151",13,15.1558565783736
"13153",13.7,14.2045797483354
"13155",19.1,20.7637426657052
"13157",16.9,15.5858079694415
"13159",18.4,17.8688462001304
"13161",22.3,22.1532508189866
"13163",22.6,21.0459913306608
"13165",23,23.4835152527838
"13167",22.5,23.2309839801394
"13169",17.5,17.9146778903262
"13171",17,17.6792451962634
"13173",21.3,21.7062206823573
"13175",18.9,20.2083808621369
"13177",15.2,13.9036669196143
"13179",15.7,18.3150594060475
"13181",16,19.1437457110136
"13183",18.3,20.1755599082789
"13185",16.4,17.5492498706532
"13187",13.6,15.9138356038058
"13189",16.4,18.4943756245344
"13191",18.6,19.671235687683
"13193",25.7,23.1961705545628
"13195",18.7,18.8529502075592
"13197",19.1,19.194235886403
"13199",19.1,20.5448378036948
"13201",20.4,19.272802004407
"13205",20.8,22.5929356960541
"13207",16,15.851207189696
"13209",20.7,18.6438931972549
"13211",13.3,14.5027325765799
"13213",18.2,20.3987530074974
"13215",17,16.942453502892
"13217",16.5,17.0297582222399
"13219",11.9,8.90337320314395
"13221",17.2,16.7868868362787
"13223",15.4,15.1861168094373
"13225",16.1,18.1929809571254
"13227",14.4,17.3939362097975
"13229",17,19.1652194105078
"13231",14.6,16.4037735450732
"13233",18.4,19.9234294590424
"13235",19.4,19.446862193282
"13237",16.6,16.7273492721542
"13239",18.2,19.9132370283715
"13241",15.7,15.3460440721692
"13243",23.7,21.8431410530092
"13245",17.7,18.5598914413461
"13247",15.3,15.3999693515891
"13249",16.6,18.5578056550489
"13251",20,19.5631719187295
"13253",17.9,19.3545588690871
"13255",18.3,18.9732283792078
"13257",17.2,17.9824819650212
"13259",20.8,21.0866202137137
"13261",17.1,18.7431796835243
"13263",19.2,19.4419817735177
"13265",18.8,19.6142157895347
"13267",20.1,21.7175597951511
"13269",22.4,20.8026726188324
"13271",21.7,24.9753329740313
"13273",21.3,22.3053843833585
"13275",16.7,17.467500085336
"13277",17.4,19.5418063870253
"13279",16.4,20.1990119978799
"13281",12.4,13.5312632895986
"13283",21,22.5764214442881
"13285",16.4,18.7008322169437
"13287",21.3,21.5920410812391
"13289",18,19.8083794582856
"13291",16.4,15.5616035670415
"13293",19.5,20.2331651412441
"13295",19.4,18.6972045810901
"13297",17.3,16.7203955293417
"13299",20.4,21.2137871122637
"13301",19.3,20.7773125152877
"13303",19.6,19.2744420204803
"13305",21,20.5305655482826
"13307",19.3,22.8395842477642
"13309",24.4,24.5164999606568
"13311",14.1,17.1036067992429
"13313",18.3,17.6759275570012
"13315",19.5,22.1650046504996
"13317",18.4,19.677054705696
"13319",20.2,20.6687675994405
"13321",18.1,21.4064623395422
"16001",11.6,11.0248418053783
"16003",15,17.09970097479
"16005",13.6,13.9531726317375
"16007",12.9,14.9155907796788
"16009",16.4,17.6304942153719
"16011",14.2,16.1056727257588
"16013",10,12.2826204768141
"16015",13,15.2013082998103
"16017",13.7,15.313697235899
"16019",12.8,13.2136110245716
"16021",14.7,18.0283443658306
"16023",15.9,18.2877872229518
"16025",12.3,13.8076682367513
"16027",14.4,15.1210675241277
"16029",13,15.3978190260118
"16031",13.5,15.8105767860059
"16033",14.3,20.1445756550756
"16035",13.8,17.6946161416472
"16037",13,16.8735342568842
"16039",15,16.0901135544707
"16041",16.5,15.0338179274211
"16043",13.6,16.3009707712074
"16045",13.1,15.7724876930293
"16047",16.5,17.7631728663599
"16049",16.1,17.2475169322278
"16051",15.5,13.7889260210557
"16053",15.7,18.098746921498
"16055",12.9,14.2375451345368
"16057",9.7,12.398578951676
"16059",13.4,16.3337199249229
"16061",16.5,17.8722520653779
"16063",15.7,18.5779181408557
"16065",11.4,13.56595991637
"16067",15.6,17.9099497319047
"16069",13,15.1799082806996
"16071",12.4,15.0553281045896
"16073",15.6,18.1867501663713
"16075",16.6,15.4850988920458
"16077",14.7,17.8512193032754
"16079",19.9,18.2641593737256
"16081",11.7,12.4426059317991
"16083",12.9,15.0629872969696
"16085",15.4,14.7961316860837
"16087",13.8,17.2301304588633
"17001",15.8,16.1098330693486
"17003",21,24.4904068333787
"17005",20.4,18.2708740653126
"17007",17.2,15.6044997086664
"17009",19.4,20.4702187868554
"17011",18.7,17.0637190520761
"17013",14,15.5611408313135
"17015",14.8,17.2280796915962
"17017",17,18.1445010655654
"17019",13.6,13.4299757142017
"17021",17.2,18.1755427344492
"17023",14.8,16.2287115121564
"17025",18.6,19.7340581119492
"17027",15.2,16.6819827869109
"17029",16.4,17.5710225971983
"17031",12.2,13.2815759802648
"17033",17.2,17.8107367408885
"17035",15.8,18.0375914852191
"17037",13,14.8172475118548
"17039",16.1,16.5394162278587
"17041",18.3,19.7193967079752
"17043",9.4,9.23620773531339
"17045",17.5,17.1728946590574
"17047",15.8,20.1793446758718
"17049",13.3,16.376006298721
"17051",16.1,20.3058388911977
"17053",16.7,17.8480956077419
"17055",20.1,20.1888851959734
"17057",18.5,18.0953567768884
"17059",19.5,20.7295874152077
"17061",18.5,19.0262438716052
"17063",13.5,14.7120395140103
"17065",17.3,18.9649719173324
"17067",14.1,16.3165231323254
"17069",19.2,18.3609536355033
"17071",15.6,15.7433073570767
"17073",13.9,15.5025711017201
"17075",16.7,17.8696209510924
"17077",16.5,18.0959167503498
"17079",14.3,16.9576365048636
"17081",17.6,19.5869372501303
"17083",16.3,16.4317585399369
"17085",13.3,14.8544565984783
"17087",16.6,21.2920413863181
"17089",12,13.1980875568675
"17091",16.2,17.586629289527
"17093",11.4,12.348725510309
"17095",17.4,18.2052614904116
"17097",12.9,10.6766535427874
"17099",16.1,17.5678323397221
"17101",20.8,20.3550483182115
"17103",17.8,17.1159682383957
"17105",17,17.0634703703008
"17107",17.4,16.8428777627213
"17109",16.1,16.8992563007832
"17111",13.5,12.4715819140662
"17113",13.5,12.4143794669566
"17115",17.2,17.0886304131111
"17117",18.1,17.7597521478211
"17119",13.8,16.1789067515972
"17121",18.8,19.8971759508691
"17123",17.6,17.5619536351883
"17125",15.8,17.8855294818441
"17127",17.9,20.7112137880106
"17129",15.4,14.6975863482318
"17131",15.6,16.9148587220931
"17133",12.3,11.6454328793114
"17135",18.1,18.3742135534527
"17137",17.3,17.056968108639
"17139",15.9,18.7606653645128
"17141",17.9,15.5496684071661
"17143",15.5,15.3114785317667
"17145",20.8,21.071267013734
"17147",13.7,14.003167870547
"17149",17.6,18.338436091083
"17151",16.7,20.241176065674
"17153",19.9,23.1169873105042
"17155",14.2,15.5356848842644
"17157",17.6,19.8257383286839
"17159",15.4,18.2676728815208
"17161",13.7,17.1646505116807
"17163",15.6,16.8757397488946
"17165",19.5,19.3572011201823
"17167",15.3,14.5290348115217
"17169",17.7,20.4716624246564
"17171",13.7,16.7494900121578
"17173",18.5,16.9524326485455
"17175",17.1,17.6014107268958
"17177",17,17.2527058892339
"17179",14.8,15.0222777638027
"17181",16.6,19.6950702307965
"17183",18.4,19.1278578008593
"17185",17.5,17.9663272004854
"17187",17.5,17.9620425951297
"17189",15.8,15.7955620313872
"17191",16.8,20.0793931135247
"17193",20.4,19.409005001805
"17195",14.8,17.1019425791992
"17197",12.2,12.5969929090335
"17199",18,16.8457889529541
"17201",17.8,17.02902110111
"17203",16.1,13.2228045717361
"18001",23.3,21.0296320345157
"18003",18.3,16.8429671761775
"18005",15.8,15.8773535144284
"18007",22.3,19.3869045545016
"18009",21.4,20.9434431461967
"18011",16.1,11.4412863746052
"18013",16.6,15.6356263996467
"18015",18.8,19.0166402208806
"18017",20,19.8740960555686
"18019",18.2,17.6495592946997
"18021",20.1,19.0644139861291
"18023",18.6,19.3381207995307
"18025",21.6,23.4771666629112
"18027",22.1,22.1628898275611
"18029",15,17.6903409514861
"18031",17.2,18.7919021728393
"18033",17.4,19.1742591201813
"18035",19.7,19.5699380130343
"18037",18.3,17.1614148988888
"18039",18.8,19.1279252254148
"18041",25.1,21.0174892310775
"18043",17.9,15.7875871517153
"18045",18.3,19.9990739181715
"18047",15.7,18.5050608183427
"18049",19.6,19.9957297105338
"18051",22.2,18.7622247007035
"18053",19.7,20.4943867536448
"18055",21.7,19.7946912634807
"18057",10.4,8.7795713114187
"18059",16.7,15.0170035485893
"18061",18.2,17.9398383046557
"18063",15.3,13.7397574218373
"18065",21.7,20.0386280056762
"18067",18.8,18.7258530941605
"18069",17.5,18.5490164478433
"18071",21.6,20.0100123362277
"18073",17,17.502444544263
"18075",22.7,21.3532463733664
"18077",18.9,20.0010855498515
"18079",20.8,21.4923037455937
"18081",17.5,15.6738558971897
"18083",17.8,19.18128586071
"18085",15.9,17.5756356899266
"18087",21.9,22.5541132646618
"18089",17,16.5804321923466
"18091",19.4,17.9023665330977
"18093",19.7,18.5959139000917
"18095",21.5,19.4463492047092
"18097",17.2,17.6589418040875
"18099",18,18.9932830670421
"18101",22.9,20.1726531411948
"18103",20.8,20.3752871183945
"18105",13.6,14.2424765737349
"18107",20.5,18.6252981259955
"18109",20,18.2721331013727
"18111",21,19.8366532319281
"18113",18.1,18.9550004325807
"18115",17.5,20.0594735177533
"18117",19.6,21.1766363194537
"18119",21.5,20.044463320923
"18121",20,21.326136828211
"18123",18.8,19.0437200146201
"18125",20.1,19.5101605639038
"18127",16.2,14.9502622826507
"18129",15.3,16.0933737296778
"18131",20.1,20.1332574665223
"18133",17.8,18.2990856794077
"18135",21.1,20.5228333632808
"18137",18.7,19.3806581207926
"18139",18.2,20.274615672365
"18141",16.1,15.8257918428601
"18143",23,22.2893596352472
"18145",20.7,19.5428858387829
"18147",16.9,17.3048427834823
"18149",19,20.5534833491535
"18151",13.5,17.1958339648444
"18153",21,20.412730567161
"18155",20.8,23.3472927261546
"18157",14.2,15.5985993354041
"18159",16,17.7456775085784
"18161",19.7,18.2725137800559
"18163",16,17.3057261182913
"18165",19.8,18.7129190312908
"18167",19,18.5147077545966
"18169",18.4,18.3162903919834
"18171",19.5,18.2631589586148
"18173",14.4,13.0836844070306
"18175",20.2,21.3154263471127
"18177",22.2,20.2801770882329
"18179",19.8,18.4219811243488
"18181",19,18.2300806660954
"18183",17.5,17.8747711455765
"19001",15.7,17.2561769117219
"19003",16,16.8535009526493
"19005",16.6,17.1996127047699
"19007",18.8,19.2993608798618
"19009",18.5,17.0228070457582
"19011",16.7,15.627841592947
"19013",18.5,16.1109144104401
"19015",14.6,15.4658758549098
"19017",15,13.5500701466026
"19019",15.8,16.4250522544791
"19021",15.3,17.8631998203864
"19023",15.5,16.6647462687252
"19025",15.7,16.1546417168967
"19027",16.6,16.0029778516344
"19029",18.4,17.6255513761853
"19031",15,15.9236941165059
"19033",15.9,16.5765517420134
"19035",17,17.3740804427018
"19037",15.7,16.6318883450594
"19039",19.1,19.7446708736699
"19041",16.3,16.1512694149164
"19043",16.7,17.5227440708781
"19045",16.6,16.7237233449852
"19047",17.8,19.2576513795369
"19049",11.2,10.5904802159778
"19051",18.2,21.6127306354827
"19053",15.8,17.4756246742054
"19055",14.4,16.2956248097596
"19057",16.5,16.995246640699
"19059",16.7,14.6160186252701
"19061",17.5,14.2169384544684
"19063",16.6,18.8126446836565
"19065",18.5,17.4647814313253
"19067",16.5,17.4869260833256
"19069",17.4,17.9753039263175
"19071",14.2,16.6500617239433
"19073",15.9,17.1095871022127
"19075",15.1,14.7268900882775
"19077",14.3,16.4307282989458
"19079",15.1,16.1555266160297
"19081",15.7,16.8034604271498
"19083",17.8,16.4053477270872
"19085",19.5,15.7732030300452
"19087",18.7,16.7973805509382
"19089",17.2,16.7581863479007
"19091",16.9,17.5711070581943
"19093",15.4,16.9646971077345
"19095",15.6,15.985206725981
"19097",17.8,16.845239313467
"19099",15.9,16.8292370419651
"19101",16.5,13.7635166669949
"19103",11,11.693695849682
"19105",16.4,16.2310286107937
"19107",17.7,17.839081702625
"19109",14.8,17.1097629432004
"19111",17.4,17.4412643318554
"19113",13.5,14.0196670613337
"19115",19.2,18.3846893206421
"19117",20.3,20.0773589773403
"19119",15,15.405663474725
"19121",13.1,15.3198845772294
"19123",15.1,17.0903234148266
"19125",12.6,14.3430267438168
"19127",16.3,17.13650545979
"19129",17.7,14.1938988746788
"19131",18.3,16.1276427467394
"19133",17.5,18.1141417211342
"19135",16,16.7508823308271
"19137",18.3,17.5687763058245
"19139",15.9,16.5380339320742
"19141",17,17.3366335354987
"19143",16.5,18.2008125979887
"19145",18.6,18.2000640001165
"19147",15,17.0946418465594
"19149",15.8,15.044184505043
"19151",14.1,17.2746483381026
"19153",17.7,13.6679559644198
"19155",18.1,16.3433504696079
"19157",15.9,15.1477224583475
"19159",16.9,16.9783506914551
"19161",14.9,16.350579280809
"19163",13.8,14.2817789563864
"19165",16.4,16.3508175172892
"19167",14.8,13.9944719503871
"19169",10.2,12.362052284257
"19171",17.9,18.4037686416658
"19173",17.7,18.3686444570016
"19175",17,17.1539351847568
"19177",18.7,19.0894448825949
"19179",20,19.5739712658602
"19181",16.5,13.972850284889
"19183",15,15.8939394442042
"19185",20.9,20.1011684488733
"19187",13.9,17.078601410567
"19189",12.2,15.7359861801422
"19191",11.6,14.4373886421969
"19193",16.9,17.5969757990445
"19195",14.7,16.3778356043071
"19197",17.3,17.266507330452
"20001",19.1,19.4500594547147
"20003",18.6,21.7065797666428
"20005",15.9,18.5784186484615
"20007",17.4,18.4724248793596
"20009",15.4,18.0058716434113
"20011",20.1,18.4200793092842
"20013",16.1,19.1160632489847
"20015",15.4,15.044208452367
"20017",16.3,16.5448813377274
"20019",18.3,20.9032235721329
"20021",18.5,19.77885042578
"20023",16.2,17.218480242882
"20025",13.9,17.1411815629314
"20027",18.5,16.0361266663348
"20029",16.6,17.0467008473261
"20031",20.7,18.1289646003006
"20033",14.7,16.8977036801283
"20035",16.6,17.9334686429419
"20037",15.9,18.2126557958809
"20039",17.3,16.1126854026904
"20041",16,17.2064866054691
"20043",16.7,18.510588420145
"20045",14.5,11.5093507531631
"20047",16.2,18.1761580453753
"20049",20.5,18.8320154620352
"20051",12.2,14.9993574465859
"20053",17.9,17.4189383346044
"20055",16.9,18.1238498383852
"20057",17.4,18.3970164365996
"20059",15.2,17.5697581528652
"20061",17.3,19.3521164318362
"20063",15.7,16.2456082082972
"20065",14.3,16.3509947857578
"20067",15.6,16.5835460538432
"20069",16.2,16.1174528179908
"20071",13.6,15.1819458984805
"20073",18.1,19.6700055610181
"20075",15.6,16.8396476521004
"20077",22,19.2263060288672
"20079",14,16.1891621695382
"20081",17.4,17.5432713999851
"20083",14.6,15.2998270700864
"20085",16.4,17.975618008193
"20087",14.4,16.4131736871633
"20089",16.7,18.6325029535807
"20091",9.3,9.16480666327573
"20093",18.1,18.1185094273092
"20095",17.3,16.3253371291561
"20097",13.2,15.7697880066271
"20099",18.8,18.6968984765909
"20101",15.3,16.5461098967384
"20103",15.3,14.7926871194153
"20105",15.7,16.5836475212238
"20107",17.4,18.6695786174983
"20109",17.3,15.9101631941752
"20111",15.1,18.4508516085213
"20113",14,15.3315619374083
"20115",13.6,15.6625566797577
"20117",17.2,16.9624777758425
"20119",16.8,16.622699130833
"20121",13.4,15.8049222739728
"20123",17.1,16.2892015538266
"20125",20.5,20.0967608916862
"20127",17.3,15.7100338109647
"20129",16.8,16.993853168976
"20131",15.2,15.3869495113487
"20133",18.4,19.7387531317939
"20135",17.7,17.3712710572701
"20137",17.3,17.1072578688716
"20139",18,18.6120701341245
"20141",15.3,16.726962358756
"20143",17.6,16.0487942785602
"20145",15.3,17.8731486119047
"20147",17.9,17.1586957355148
"20149",12.7,13.2659858017272
"20151",16.5,16.5439612381532
"20153",15.8,17.0776636180613
"20155",17.4,18.2829095892146
"20157",14.8,15.7609801191111
"20159",15.1,17.1922430949149
"20161",14.5,13.4322661612285
"20163",14,15.6964360538438
"20165",16.4,17.491628923456
"20167",15.8,18.2867241444424
"20169",16.6,16.8387008407869
"20171",18.8,16.685548093922
"20173",16.7,17.2078205542203
"20175",16.2,19.5175389524328
"20177",15,16.1307493498002
"20179",12.8,16.0311682253715
"20181",16.9,15.9260512075105
"20183",14.5,16.2557271557056
"20185",16.4,16.5634651429414
"20187",16.7,17.765524525092
"20189",16.9,18.1576636170679
"20191",18,17.2634182387918
"20193",13.4,15.2436524994883
"20195",15.4,15.7674378406684
"20197",16.2,16.47700498703
"20199",15.4,16.3331049874481
"20201",16.2,16.4480727904252
"20203",15.1,17.2979544818901
"20205",17,18.6524021013975
"20207",19.3,17.9414977710897
"20209",19.7,22.0628205820721
"21001",19.1,22.9722257670995
"21003",20.8,22.3741369684982
"21005",20,18.9599540061072
"21007",21,19.1662341597041
"21009",18.3,23.6564750329697
"21011",19.2,24.9184607048887
"21013",24.9,26.8280167397338
"21015",16.7,14.5876543127081
"21017",19.2,20.3442168908394
"21019",19.1,20.7366562820073
"21021",16.6,18.9856563993596
"21023",19.4,22.8824548017725
"21025",24,26.3790978501186
"21027",26,24.5873002854288
"21029",19.2,19.1874218271812
"21031",22,25.1887236518188
"21033",19.7,21.6398889788161
"21035",15.2,18.625414734269
"21037",15.2,15.2912781821646
"21039",20.9,22.908402097998
"21041",22,25.613483806146
"21043",21.1,23.8357976301932
"21045",26.1,27.0158647071739
"21047",19.3,21.3713072431951
"21049",19.2,20.7692674137247
"21051",27,27.9503776980008
"21053",21.9,24.2407551494425
"21055",19.6,23.2770676218887
"21057",23.1,26.6268634135652
"21059",18.5,18.0088861000065
"21061",22.6,23.3403693009699
"21063",22.9,26.1410071752895
"21065",25.3,26.3799494744172
"21067",15.4,13.990914510669
"21069",23.4,23.5031044783077
"21071",22.2,27.3621160718041
"21073",15.6,17.1068018746389
"21075",25.9,23.9686445075954
"21077",20.1,23.4473303108978
"21079",20.8,21.0502444348958
"21081",21,21.494435696761
"21083",19.7,21.5245076440263
"21085",21.3,24.0181113992378
"21087",25.1,24.843007890396
"21089",19,21.1668591122312
"21091",17.9,20.864095081988
"21093",17.5,18.4110754250141
"21095",27.2,28.4149767397132
"21097",19.4,21.6485097208889
"21099",24.3,26.021837204648
"21101",16.3,19.8711099836068
"21103",20.7,22.5110755735154
"21105",17.8,18.4501791893283
"21107",22.2,21.4150285994902
"21109",28.6,26.2895125015247
"21111",16.4,16.3008975038882
"21113",14.6,16.9210764727984
"21115",25.7,24.7752410416982
"21117",15.4,15.9923266477445
"21119",25.3,26.2018381283698
"21121",23.3,27.6090005337154
"21123",23.6,22.8062719682147
"21125",21.5,23.3386981336103
"21127",22.4,26.6618875604532
"21129",29.7,30.8278331226681
"21131",23.5,29.9768031609122
"21133",20.1,27.2840425505778
"21135",25.8,27.4449858781209
"21137",20.4,22.8168829831886
"21139",18.1,21.1924670200871
"21141",17.9,21.7738567100618
"21143",18.5,19.2028488459313
"21145",19.5,17.1344783231704
"21147",25.9,31.0555253274495
"21149",19.3,18.1953300326371
"21151",16.4,17.6814278957408
"21153",27.7,28.9381466845328
"21155",21.5,24.8970995173304
"21157",17.7,18.673674171881
"21159",29.1,28.1927439874755
"21161",21,21.3691259655978
"21163",19,20.7715273145068
"21165",24.4,27.5274576746979
"21167",17.3,19.0000480466304
"21169",23.1,25.7536738579981
"21171",20.5,24.0495666283512
"21173",21.6,21.5408796912141
"21175",23.9,23.3021907797522
"21177",21.3,21.3763007405809
"21179",16.1,17.8585522147232
"21181",21.8,24.9475298769683
"21183",21.5,21.0354606244033
"21185",12.1,11.4107803301423
"21187",20.5,20.9290266483665
"21189",24.6,28.0164363930058
"21191",20.9,23.2324047924648
"21193",21.7,26.4899680364049
"21195",23.6,24.6130120538413
"21197",20.6,24.4763420122709
"21199",22.6,23.2922937957254
"21201",23,24.4892524259964
"21203",25.2,25.9458394288993
"21205",18.5,22.0038926798667
"21207",25.6,24.1096161613704
"21209",15.8,16.0438747772758
"21211",15.5,15.8870573344208
"21213",18.6,21.6873462526745
"21215",18.8,18.2575094646185
"21217",19.5,19.3047939565018
"21219",23.1,26.8504706120608
"21221",20.1,21.4591670671865
"21223",19.4,21.8462349888176
"21225",23.1,22.6776979982919
"21227",14.7,18.9789075416586
"21229",17.8,20.899713834822
"21231",25.1,25.5216851334061
"21233",22.1,22.6069267414833
"21235",21.3,24.1101127217889
"21237",30.4,32.6786395257968
"21239",12.5,13.3356709683051
"22001",20.6,25.1724251284587
"22003",21.5,24.7608654389343
"22005",16.8,17.0942857263411
"22007",22.4,21.9273716752711
"22009",24.1,26.0531133194439
"22011",20.6,20.7189836562534
"22013",25.3,26.0934143523959
"22015",18.1,17.677976870635
"22017",19.4,20.3882967192627
"22019",18.7,20.0331293947039
"22021",23,25.4715737432433
"22023",19.8,21.6311890178232
"22025",20.6,23.3684909852657
"22027",27.2,27.4814555737321
"22029",23.4,25.7640453819696
"22031",19.8,22.558889413535
"22033",15.2,15.7431479197706
"22035",27.9,29.4800930404241
"22037",19.5,21.2410881217481
"22039",25.7,25.9389730704251
"22041",23.7,24.1133137328663
"22043",23.7,23.0345321340477
"22045",21.8,24.1965475152539
"22047",21.8,21.9226192497894
"22049",22.7,25.4009651128516
"22051",17.2,17.1001519915293
"22053",19.5,22.6112070672104
"22055",17.5,17.0117382985498
"22057",21.2,21.7375573738337
"22059",21.1,22.4175628089725
"22061",17.4,19.0519503642574
"22063",18.3,19.2790624204142
"22065",25.4,27.0372914590065
"22067",24.5,25.384180449653
"22069",19.5,22.0861896085707
"22071",17.1,15.9549019488004
"22073",18.9,20.7227751601508
"22075",20.1,21.3068404066741
"22077",21.6,22.6691243052993
"22079",19.4,20.2814741461808
"22081",23.2,25.14175397763
"22083",22.8,23.1247916860371
"22085",22,23.9651611799413
"22087",22.9,23.2768001739136
"22089",15.7,17.6898750881078
"22091",21.4,24.5205632739262
"22093",18.7,19.6961873396508
"22095",19.9,20.7270675462923
"22097",22.5,24.9931225831835
"22099",20.9,22.655291972621
"22101",24.4,24.793026550937
"22103",16,15.2557975079079
"22105",18.9,20.8834450634447
"22107",26.3,25.7437075014004
"22109",19.1,21.7952918279143
"22111",20.9,23.5857536251088
"22113",19.9,22.1494560187875
"22115",18.5,21.8934835038367
"22117",20.7,24.0969163727796
"22119",23.9,25.0422754850747
"22121",19.6,19.7012425725866
"22123",23.8,22.9000363424854
"22125",18.8,22.1053207069496
"22127",22,23.3198084665304
"23001",16,17.7187037295443
"23003",18,18.5065446094672
"23005",12.5,10.6052830371576
"23007",14.6,16.1906224107533
"23009",13.3,14.0894070350625
"23011",15.4,16.1852606090419
"23013",12.5,14.1200223027527
"23015",14.8,13.1625833651117
"23017",20,18.5004283211528
"23019",16.5,16.640238349461
"23021",16,18.6010559596989
"23023",14.5,14.0315597832347
"23025",19.1,19.5381616126336
"23027",14.3,15.4364574316954
"23029",18.1,17.9276535690774
"23031",12.9,14.6381464816707
"24001",15,19.3532184792455
"24003",10.8,11.5563927576128
"24005",12.2,12.4106555761303
"24009",11,13.197046462877
"24011",18.6,18.2849512270178
"24013",12.1,13.3483438939021
"24015",15.6,16.5737733985687
"24017",13.8,13.684453540697
"24019",16.8,17.8198179433877
"24021",11.1,12.2456084006685
"24023",15.9,18.1055587680688
"24025",10.8,13.0586711377925
"24027",8.1,7.55884537297019
"24029",11.3,13.4079549373706
"24031",8.2,8.22930797845874
"24033",10.7,12.2282534543641
"24035",12.9,13.641547715652
"24037",13.3,14.1713048179043
"24039",18.5,20.0133475693651
"24041",11.6,12.2421813934977
"24043",15.5,17.5491288181624
"24045",15.4,16.043085597797
"24047",13.3,13.596853737473
"24510",15.9,15.2058227703254
"25001",9.5,11.020710936501
"25003",12.6,14.3794805244102
"25005",14.5,15.7382770460583
"25007",11.3,11.6435808769545
"25009",10.9,12.5491531937184
"25011",10.3,14.2744976046153
"25013",16.8,16.6690635502595
"25015",10.8,11.1073056304783
"25017",8.1,8.89719885852791
"25019",9.2,10.1978484457914
"25021",10.3,9.05425111977459
"25023",13.4,12.604965501291
"25025",12.1,11.6716050644393
"25027",13.7,14.0473922031395
"26001",18.2,18.3613867622953
"26003",17.2,17.382162110185
"26005",16.7,16.9237020754705
"26007",18.8,19.4746982120541
"26009",12.5,14.687318997341
"26011",19.1,19.6660012610623
"26013",18.6,19.5368432143136
"26015",13.6,16.8964921241853
"26017",14.3,18.7499624700869
"26019",15.7,15.1299941667942
"26021",16.4,16.5274717734585
"26023",19.5,20.4379891816737
"26025",17.7,18.8075006404338
"26027",18.2,18.4154501587182
"26029",16.9,14.3868614324073
"26031",17.2,17.3422656348854
"26033",18.5,18.8469243066606
"26035",19.3,22.0887685914268
"26037",12.7,14.9691182249956
"26039",18,18.3633903175291
"26041",15.9,17.5835395039215
"26043",14.5,15.7222544802912
"26045",13.4,15.4380623570615
"26047",13,13.3367170620263
"26049",15.4,19.2671627247898
"26051",17.8,20.0225321556693
"26053",18,17.2403671566332
"26055",13.1,13.440977360175
"26057",15,18.9389498110729
"26059",19.3,19.1858180695683
"26061",13,15.6476934199193
"26063",19,18.948097243586
"26065",12.9,14.4988922590793
"26067",17.4,18.7962820693833
"26069",18.5,19.5273837752784
"26071",18.5,17.7534787816735
"26073",15.2,17.9535459743331
"26075",18.5,18.3838861303996
"26077",14.6,13.611580787048
"26079",20.2,19.2028419901205
"26081",15.1,13.5840349598119
"26083",11.7,12.6472113840311
"26085",22.4,21.6058438088316
"26087",18,18.4890598380708
"26089",10.6,10.8331925797712
"26091",16.3,18.2308750645153
"26093",12.7,13.0583261275788
"26095",19.8,19.7328527807571
"26097",16.9,18.1697730369807
"26099",18.9,17.9333545868869
"26101",14.9,16.8767868925753
"26103",14.4,14.7374635548804
"26105",16.5,17.2823767419028
"26107",18.5,18.538287073556
"26109",18.1,17.5333427209689
"26111",14.8,14.0329538795312
"26113",19.6,18.923349610862
"26115",18,18.2805223799479
"26117",19.7,19.7943480783904
"26119",17.5,20.2575601329678
"26121",20.1,17.4851720655785
"26123",17.6,19.3099240996245
"26125",11.9,11.4391464323637
"26127",16.6,18.7978603897479
"26129",18.6,20.0582479747904
"26131",18.3,18.3622305037216
"26133",19.1,19.9681785969071
"26135",19.9,20.7157754880423
"26137",20.7,16.432067505976
"26139",13.5,13.0014898877013
"26141",17.6,18.014293243349
"26143",16.8,18.922737567678
"26145",19.4,19.2010234412461
"26147",16.8,19.0738812624033
"26149",20.1,19.7069975637161
"26151",20.8,19.9171719337512
"26153",21.2,18.5567249103724
"26155",16.8,18.553330040241
"26157",20.3,19.4425013328788
"26159",20.3,18.565301393891
"26161",10.8,9.70884144304882
"26163",18.4,19.7043448197581
"26165",18.6,18.1685546364616
"27001",16.4,17.388654389281
"27003",12.1,16.1870431134055
"27005",14.2,16.5247093177662
"27007",16.5,17.9479477854051
"27009",14,17.4693471252601
"27011",16.4,16.5602197855994
"27013",16.7,14.9889472439171
"27015",16.2,16.3410204429402
"27017",15.2,17.261200834011
"27019",11.3,10.6403150324744
"27021",16.6,17.2693517902771
"27023",13,17.9598753615024
"27025",16.5,16.7657330023093
"27027",13.4,14.8097236681961
"27029",16.2,19.1127954400177
"27031",12.2,11.5571161250599
"27033",16.5,17.4952346064917
"27035",14.9,15.1360149869098
"27037",11.5,13.0601804439288
"27039",12.6,14.733623427824
"27041",16,14.6194589677854
"27043",14.2,16.8659785342769
"27045",16,15.6570683525671
"27047",17.2,18.1120908690627
"27049",13.7,15.4547803439236
"27051",16.6,17.0076055506164
"27053",11.9,12.0091784380886
"27055",16.3,15.0968469736937
"27057",15.1,14.4556146297826
"27059",16,17.40209628245
"27061",15,16.601355658935
"27063",13,16.4470741649539
"27065",18.3,18.3699651157599
"27067",14.1,16.9320910728062
"27069",16.4,15.0006650623551
"27071",16.8,18.0173916729963
"27073",14.5,16.208511960788
"27075",15.5,15.2654151068918
"27077",15.7,16.3256757127673
"27079",19.2,15.9744626159986
"27081",16,15.8140268378269
"27083",15.1,16.5869979280827
"27085",14.5,17.5198408082513
"27087",24.4,25.8312328375898
"27089",16.1,17.110065727081
"27091",14.6,16.5322133521684
"27093",14.3,16.9499336293431
"27095",19.4,18.9593020577288
"27097",15.8,17.864090913071
"27099",16.4,17.2193480090276
"27101",17,16.3685353946781
"27103",14.4,14.6313660030838
"27105",17.3,19.2993098555813
"27107",14.9,16.6299421948097
"27109",12.4,12.0282988124256
"27111",18.3,15.1951999692622
"27113",14.7,17.5124407359271
"27115",16.7,19.1593195559854
"27117",16.5,17.6950898254472
"27119",14.6,16.0878292722874
"27121",16.3,16.2233973163565
"27123",15.4,14.5591341032144
"27125",16.3,17.4350472581595
"27127",15.1,17.4326822906433
"27129",17.5,17.8564904960794
"27131",13.8,16.0423710436428
"27133",16.3,15.1120600857511
"27135",14.7,17.2916026033497
"27137",15.9,15.1642379963257
"27139",14.3,13.0439036771668
"27141",15,16.2173022008869
"27143",16.1,17.5060502270971
"27145",14.7,16.8460585464741
"27147",12.9,15.8680861096848
"27149",13.6,16.0745159172523
"27151",14.8,16.4842533472606
"27153",16.2,18.803992248494
"27155",14.8,18.5103378667132
"27157",12.7,15.10545620602
"27159",17.7,18.2980084367933
"27161",15.3,16.4637531576309
"27163",8.8,11.6963967304161
"27165",15.9,17.991981761088
"27167",17.3,16.0934471594878
"27169",13.7,14.6406964552065
"27171",14.5,14.2860393211606
"27173",16.2,17.459252712022
"28001",19,21.9321719812517
"28003",18.2,21.15177503501
"28005",22.2,24.6243163218728
"28007",19.8,21.9507504250089
"28009",18.4,22.2669133349039
"28011",16.3,20.6584261249286
"28013",22.1,21.681255402139
"28015",22.4,21.0570035604269
"28017",21.3,23.511168134433
"28019",18.4,19.8792292449655
"28021",18.4,19.6571910721529
"28023",18.3,20.9892859140287
"28025",20.5,21.376734467492
"28027",23.2,24.4267988287291
"28029",17.8,19.8315361689885
"28031",19.5,21.7937353213422
"28033",14.9,17.5331578966837
"28035",15.1,18.7137191471682
"28037",19.4,22.3530741844416
"28039",18.5,21.2351052351874
"28041",20.1,22.7605544400441
"28043",21.3,20.4070086252857
"28045",18.9,17.8677990005186
"28047",17.8,18.6077384719702
"28049",19.9,17.4634437743387
"28051",23.3,24.0019396897067
"28053",24.8,22.8769943755783
"28055",21.6,25.6825724191427
"28057",18.5,19.8662570634915
"28059",16.6,18.3480994930862
"28061",18.4,20.1112721176268
"28063",20.9,22.0132601936459
"28065",19.3,21.2231903114167
"28067",16.1,20.1620961827324
"28069",17.4,20.7783053679146
"28071",14,12.8768370368223
"28073",16.7,15.806899455229
"28075",19.2,20.7132952451485
"28077",22.2,21.7108876791951
"28079",21.6,20.5873850371356
"28081",17.9,17.097870638016
"28083",24.6,23.9685293935813
"28085",20.4,20.7014380019197
"28087",17.4,18.2464529092843
"28089",13.3,10.5182216292171
"28091",21.6,22.4747196040892
"28093",19.7,21.9409682190045
"28095",19.7,20.6070602622787
"28097",21.7,22.1264984919181
"28099",23.3,22.510676581537
"28101",20.7,21.1243530317381
"28103",21,22.185315582534
"28105",14.2,15.3004541820818
"28107",20.7,21.2627922293528
"28109",17.4,20.1585129189902
"28111",23.4,22.0872652760346
"28113",21.7,23.3312234053054
"28115",17.2,19.8910444942553
"28117",18.4,20.3108464939861
"28119",22.9,24.0697091146911
"28121",16,15.0948828732746
"28123",21,22.7545062691357
"28125",23.8,21.3315731623103
"28127",19.9,19.8894787515089
"28129",21,20.0349140327353
"28131",19.8,21.8481459130323
"28133",22.5,23.8825856211137
"28135",22.3,23.9457489934937
"28137",18,20.2729415427124
"28139",20.1,21.3347142518777
"28141",18.7,21.598351482214
"28143",24,23.3047621527946
"28145",16.6,19.7012689739003
"28147",20.1,20.5036712046742
"28149",17.2,18.3594211870725
"28151",18.7,22.988232031854
"28153",19.4,19.8009007262393
"28155",19,18.8809428376272
"28157",22.5,23.3216450632909
"28159",20,21.5605484070485
"28161",20.7,22.3982065983232
"28163",23.6,26.1218040874043
"29001",15.5,17.4471604243201
"29003",18.2,16.3637085645099
"29005",19.4,18.3036087923817
"29007",25.6,22.9033836146885
"29009",20.2,22.389770161061
"29011",24.4,21.8198595624733
"29013",19.9,22.1226747196712
"29015",21,21.0036958398522
"29017",24.1,22.9430447720677
"29019",12.8,13.4092790651385
"29021",19.6,19.7381709073906
"29023",22.5,24.6912731607795
"29025",21,20.4598980456584
"29027",20.9,18.2246717062548
"29029",19.1,19.0799969436889
"29031",19.8,16.3164089940017
"29033",20.2,18.3538049318936
"29035",22.7,24.4364050410314
"29037",16.1,17.1950527156327
"29039",23.2,21.9651255051269
"29041",17.6,18.4420129206705
"29043",20.1,16.1795560819412
"29045",24.9,20.4187980548116
"29047",17.3,15.5441236944817
"29049",20.3,18.4530501491647
"29051",15.2,15.0990720607449
"29053",20.6,19.1172364727424
"29055",24.4,23.1456992219603
"29057",22.9,22.0758797765875
"29059",22.7,24.2317312497043
"29061",23.1,19.9465269493989
"29063",19.2,20.1452252605951
"29065",23.2,22.2184174824326
"29067",22.1,22.4679590415989
"29069",23.5,25.7111966546306
"29071",17.5,18.3792268311303
"29073",17.6,19.014058402951
"29075",22.6,19.1696787829741
"29077",15,16.9075271623178
"29079",20.8,22.1403216901504
"29081",20.7,19.5020222324364
"29083",19.9,20.9684603559028
"29085",23.4,22.6065043393971
"29087",21.4,17.9354520344097
"29089",18.9,18.142217568377
"29091",24.7,23.6614391070221
"29093",20.8,21.8926981367613
"29095",15.4,17.1101030271906
"29097",19.9,20.0408214535676
"29099",19.8,18.5144672586332
"29101",16.7,18.161977994973
"29103",24.4,22.5252637015575
"29105",23.3,22.187629942125
"29107",20.2,18.384971854352
"29109",19.9,22.1576013706667
"29111",21.8,20.6388934255614
"29113",18.8,19.9073933576517
"29115",23,19.5239846177502
"29117",18.3,19.5342725377763
"29119",25.2,25.4574532157034
"29121",20.2,19.7682716067134
"29123",21.2,22.9637310501957
"29125",23.9,20.9996271638163
"29127",20.2,18.0835747309147
"29129",19.2,19.3418760471041
"29131",22.6,20.4736845586331
"29133",28.2,25.3045749150947
"29135",21.3,21.2700178846115
"29137",20.9,20.8162517458501
"29139",21.6,20.7198472406115
"29141",22.3,24.7058596815259
"29143",24.2,24.07187800745
"29145",17.3,20.0718268452074
"29147",18.4,17.931763304689
"29149",24.4,25.3959358434319
"29151",17.8,16.9068284120296
"29153",26.9,25.1701460571921
"29155",24.8,26.6946280168722
"29157",20.3,18.8832441236845
"29159",19,21.4708669495329
"29161",18.6,17.9864080921792
"29163",22.6,21.1573442646459
"29165",14.9,12.6301499496213
"29167",23.1,21.68146598382
"29169",16.8,19.3897848336483
"29171",18.2,19.3977026354589
"29173",21.3,19.3728853825788
"29175",20.6,21.3860355751795
"29177",19,20.8110232516789
"29179",24.6,23.3190705776809
"29181",24.8,25.4935762517645
"29183",15.8,12.2442696516367
"29185",21.7,22.5753909834634
"29186",20.8,18.8359170334641
"29187",22.3,23.3411324876766
"29189",16.2,12.7391129492409
"29195",17.2,18.2759789868511
"29197",17.9,21.4288691341518
"29199",21.7,22.7260262079065
"29201",21.4,21.0572753136712
"29203",24.3,22.2717260464669
"29205",21.8,19.8558546354235
"29207",24.7,23.2403638068722
"29209",19.1,19.1651464620191
"29211",21.9,20.7383740377622
"29213",20.3,19.9108645498491
"29215",20.4,23.8504755509133
"29217",21.1,22.4230332486875
"29219",19.9,18.9930251935956
"29221",23.3,23.8882796760221
"29223",21.9,25.7509511792503
"29225",19.2,21.9921474544139
"29227",20,19.7128727075509
"29229",23,24.5489484508257
"29510",18.9,18.3325195163343
"30001",13.6,14.3535672812584
"30003",23.4,26.6691720711583
"30005",22.1,23.3890669365954
"30007",17.4,16.477698585934
"30009",14.2,14.9851066285586
"30011",16,17.4732246312234
"30013",16.2,16.0459653957153
"30015",16.9,17.958963069428
"30017",15.5,15.876366815014
"30019",15.1,15.7229282314381
"30021",16.4,14.9023908176921
"30023",15.3,18.1576184499374
"30025",15.3,17.2896228018593
"30027",14.8,16.4518674958033
"30029",16.1,13.5251049754436
"30031",11.8,10.8218609208505
"30033",16.6,16.0296466995852
"30035",29.9,25.2414980879712
"30037",20.2,17.5786712637174
"30039",16,15.4672540621091
"30041",19.4,19.1928230997331
"30043",13.7,13.5786806927931
"30045",14.9,16.8159398793796
"30047",18,18.3758267707971
"30049",11.8,12.2719211016401
"30051",24.3,16.655628762786
"30053",19.1,18.2675229994786
"30055",13.3,14.7165805008034
"30057",14.4,14.9927536126648
"30059",12.9,15.2231808478578
"30061",16.5,16.2335039077736
"30063",13,12.2030923669294
"30065",16.8,17.1867406331326
"30067",14.8,14.2555151090907
"30069",14.9,14.9586487038072
"30071",15.5,17.2717265803577
"30073",17.2,18.4711180279578
"30075",18.2,15.7390449303305
"30077",19.2,16.661375753254
"30079",21,18.4116165189256
"30081",12.7,15.2054914899171
"30083",15.8,17.18028874725
"30085",28.1,28.2489043952336
"30087",22.3,23.1579111977298
"30089",16.8,18.5293784750968
"30091",12.8,15.9276205330027
"30093",14.9,15.2412657315887
"30095",11.8,14.8013235225299
"30097",12.7,15.6861126984018
"30099",15.6,16.219907183774
"30101",19.9,16.8879596087575
"30103",13.5,14.3773170938409
"30105",14.6,17.7658834901354
"30107",18.2,18.336145314591
"30109",17.2,17.6796216271135
"30111",16.7,15.0245280394497
"31001",14,16.0742169445986
"31003",13.6,16.2508491534844
"31005",13,14.2544513525368
"31007",12.2,13.8686683537239
"31009",16.7,15.1198072290481
"31011",14,15.7965697051976
"31013",14.5,18.0163438248948
"31015",14.9,16.7399556713356
"31017",14.3,15.4411830117847
"31019",16.3,14.550198928111
"31021",15.3,16.9356934781756
"31023",13.1,15.0356206769785
"31025",13,13.9686782885988
"31027",14.8,14.5325009788821
"31029",15.5,16.5366240777385
"31031",18.8,16.3311489684883
"31033",15.3,15.6076835450809
"31035",16.6,15.8552101466551
"31037",15.7,19.0732139665126
"31039",15.2,15.3422133049413
"31041",15.6,15.1100163170168
"31043",17,21.220296866782
"31045",12.9,14.4532471115749
"31047",16.5,21.4445260356614
"31049",14.6,16.5946563602384
"31051",15.4,16.6749117076992
"31053",15.8,16.0738838855054
"31055",14.3,13.9461612319614
"31057",14.6,15.3237241019682
"31059",15.2,15.583622091931
"31061",16.4,17.1434258557984
"31063",15.3,16.723974275432
"31065",17,16.1838651029856
"31067",17.3,17.2662412710366
"31069",17.3,15.8153087808656
"31071",12,14.4618877879372
"31073",13.4,14.7083118837361
"31075",11.9,15.3706517990841
"31077",14.9,17.3738537652813
"31079",15,18.2307736440403
"31081",13.3,14.573626640535
"31083",13.6,15.8538803903345
"31085",17.1,16.9798535396161
"31087",16.6,16.7914398116878
"31089",15.6,14.3899477593743
"31091",13.6,15.4255130494841
"31093",13.5,14.7133965108243
"31095",16.4,17.2959251085823
"31097",14.5,16.8480776934553
"31099",15.9,14.45221647137
"31101",14.9,16.8496975579211
"31103",12.9,14.2430706629866
"31105",17.7,18.9665177051282
"31107",16.4,18.1887800615018
"31109",12.9,13.6793077200101
"31111",19.3,16.8045371073069
"31113",12.2,16.5800522605937
"31115",13.7,16.9164466766244
"31117",16.8,15.5760365166653
"31119",14.5,16.3450049115598
"31121",14.5,16.4336385650403
"31123",13.8,17.6729997864159
"31125",16.8,17.0850847399044
"31127",14.9,16.3390979554033
"31129",13.9,15.3448664122664
"31131",14.9,16.2880837746137
"31133",15.6,18.3545432566026
"31135",15.9,15.330199321866
"31137",13.8,15.928761719433
"31139",14.2,15.1596895913922
"31141",15.3,15.3697118938827
"31143",16.4,16.0877658588232
"31145",13.9,16.3492890241381
"31147",18.4,18.0270115614468
"31149",15.3,13.7262814234324
"31151",15.5,17.0512527296056
"31153",12.8,12.1520233820304
"31155",13.3,14.0671914013908
"31157",14.4,17.0771387861798
"31159",11.6,13.5738242661184
"31161",14.9,17.8110517861835
"31163",17.2,16.2700416016936
"31165",17.8,16.6787061780548
"31167",15.7,15.9230770216319
"31169",15.6,16.3088931234854
"31171",13.2,15.5823782819047
"31173",22.9,22.3743685505824
"31175",13.9,13.9886710841806
"31177",12,13.5612452445583
"31179",11.3,15.5652988459986
"31181",16.8,15.895312315142
"31183",15.3,14.2143121408286
"31185",10.7,15.463264989293
"32001",17.3,16.0788808421659
"32003",15.5,14.7087506269378
"32005",11.6,13.7374345456491
"32007",17.3,16.3286088792142
"32009",17.7,14.9955573160668
"32011",18.6,17.0167826543715
"32013",19.4,15.5662936659944
"32015",17.6,16.2198586213784
"32017",18.8,16.5099255235095
"32019",17.8,16.4930437039538
"32021",19.2,17.9728984454072
"32023",18.9,18.432637915012
"32027",18.8,18.5543637981513
"32029",13.8,14.2486929832737
"32031",15,13.0997993266214
"32033",19.4,17.3467785025143
"32510",16.9,15.3125084333916
"33001",14.8,15.0082379391589
"33003",13.6,13.6585346331857
"33005",14.2,14.590982971872
"33007",15.4,19.0083969497185
"33009",11.8,12.7195009518068
"33011",10.3,13.0965485966473
"33013",11.7,13.9449562045954
"33015",12.1,12.1558312277966
"33017",13.7,13.8869741932862
"33019",14.9,16.3047788302955
"34001",13,14.6700255976163
"34003",9.4,9.58152322002648
"34005",11.4,11.8964320705976
"34007",12.8,13.9864923336956
"34009",13.6,13.2572687402932
"34011",16.6,17.7313194812325
"34013",12.3,12.530117426258
"34015",12.3,13.8313785906302
"34017",11.1,11.3517649781776
"34019",9.8,9.88711217857619
"34021",10.3,11.7909247129281
"34023",9.8,10.669973813794
"34025",11.4,10.800072983019
"34027",8.9,9.07044819124121
"34029",13.5,14.6830791282444
"34031",14.4,14.2233219937443
"34033",12.5,17.2370503500788
"34035",8.9,8.26608074280413
"34037",11.4,13.4782529213322
"34039",11.5,11.3833772709547
"34041",11.9,14.1031041259649
"35001",13.3,14.397628079702
"35003",19.8,17.0327594472445
"35005",17.3,16.5008458329479
"35006",22.9,20.6003696361627
"35007",15.1,14.84335004825
"35009",15.7,15.7805013055262
"35011",16.5,18.0141178103162
"35013",13.4,16.1152106634783
"35015",17.3,14.8382549974696
"35017",16.7,15.5197467958095
"35019",16.9,17.7411650076802
"35021",15,13.1151960346418
"35023",16.3,18.1167965374802
"35025",17.9,16.5379537396952
"35027",15.8,15.2132455818022
"35028",7.8,7.96696115409256
"35029",19.8,18.0667312170912
"35031",30.6,24.5097925571703
"35033",13,14.5797814919784
"35035",17.8,16.1487632939517
"35037",18.5,16.4583315000555
"35039",16.9,18.5186953422531
"35041",15.6,16.5728828827464
"35043",15.6,13.9136568253322
"35045",24.5,19.7987267352891
"35047",13,15.9334042200052
"35049",11.3,12.4218610977168
"35051",16.7,16.1811001224211
"35053",20.2,18.7694024714872
"35055",14.4,13.3921053478536
"35057",19.4,18.0055735538416
"35059",20.3,16.6194849121309
"35061",15.1,16.1611709580737
"36001",11.4,12.8070609509919
"36003",14.8,19.0497888917638
"36005",16.1,17.5808864890063
"36007",13.9,18.1322886360477
"36009",17.7,20.4248388100724
"36011",17.6,18.8324597875045
"36013",16.1,19.4917501925118
"36015",15.9,18.8006494137064
"36017",18.3,19.3873036236727
"36019",17.5,17.8281816667464
"36021",13.3,14.5422046702987
"36023",14.7,17.8019789167574
"36025",15.1,18.3099631218258
"36027",11.8,13.3634895374554
"36029",14.5,16.3154642081736
"36031",16.2,16.1942630066949
"36033",18.4,19.6927691711951
"36035",19.9,19.6681244225277
"36037",16.5,18.2479862399673
"36039",14.1,16.9965568647391
"36041",17.8,17.1795069072425
"36043",16.5,18.65100832662
"36045",17.1,18.3023979211763
"36047",11.8,13.4711666615554
"36049",16.9,19.4268091273738
"36051",14.8,17.0019827405585
"36053",14.4,17.0702184507349
"36055",11,14.796556870548
"36057",19.1,19.2193861785419
"36059",9.5,10.1893562013326
"36061",10.5,9.06320126346534
"36063",14.7,18.260346644626
"36065",15.1,17.8182167158659
"36067",15.3,15.3517095415228
"36069",13.4,14.6665185742601
"36071",11.6,15.610250977975
"36073",15.2,20.0815723854093
"36075",16.5,19.991128343402
"36077",12.3,15.578864813567
"36079",11.2,12.5804707312508
"36081",10.4,12.2086085682948
"36083",12.6,15.2713045511403
"36085",10.5,13.9270956217759
"36087",13.1,13.8364565120475
"36089",17.8,19.3518116139804
"36091",10.5,12.7713332064335
"36093",12.9,14.9252899008509
"36095",17.8,17.0882986339059
"36097",19,18.7053049266633
"36099",15.8,18.6396811297986
"36101",14.9,18.0900804157123
"36103",10.6,12.7974411497406
"36105",15.1,17.0200013243376
"36107",14,17.4433540696543
"36109",11,10.8683046216028
"36111",13.3,15.205200399709
"36113",17,15.2272684822864
"36115",15.1,18.8218140002404
"36117",14.4,17.6417901525985
"36119",9.4,9.79882537970875
"36121",16.3,19.4228515985998
"36123",17.2,17.7484714377845
"37001",16.4,16.451376687667
"37003",15.9,19.0377791937421
"37005",18,18.0403710784632
"37007",19.4,21.4309309338595
"37009",16.2,17.3313399904681
"37011",15.8,15.6253582749779
"37013",17.1,17.8529969157369
"37015",19.6,20.3628854252156
"37017",17.4,20.0781535861723
"37019",13.5,13.1752892766609
"37021",10.8,11.0575289696672
"37023",16.5,19.1932496234075
"37025",12.5,13.1755503727017
"37027",17.2,18.7397921963061
"37029",15.8,15.1929790736375
"37031",13.7,13.4601796525657
"37033",18.1,19.4044772181267
"37035",15.7,16.5397563549234
"37037",13.7,11.6568326216637
"37039",17.1,16.4590771825291
"37041",16.2,18.0343221698262
"37043",15.3,13.7876506122992
"37045",19.7,19.274749322653
"37047",20.5,20.3516863406689
"37049",16.1,16.389234784107
"37051",14.5,17.841757429161
"37053",14.1,14.5295475051311
"37055",11.1,10.9806151277467
"37057",16,17.5926347259414
"37059",15.2,15.6472045244776
"37061",17.6,19.2724733482191
"37063",10.7,11.6378460373456
"37065",17.8,20.2522269670241
"37067",14,14.8047801174102
"37069",16.2,16.2589646374514
"37071",16.7,16.6671793176952
"37073",17,19.8188558598824
"37075",17.9,17.7725828318423
"37077",17.1,17.5042336453879
"37079",19.9,21.2636546003089
"37081",13.9,14.5918304743398
"37083",19.9,20.9053772493174
"37085",16,17.2043736622683
"37087",13.7,15.1716120697172
"37089",13.5,13.1585161109864
"37091",19.5,20.3090223218961
"37093",17.1,19.1300963501798
"37095",22.1,21.4429639077959
"37097",14.3,13.8033061785035
"37099",14.3,16.4342560682968
"37101",16.2,15.5970386095777
"37103",18.7,19.0343854511928
"37105",17.1,17.8864484082037
"37107",18.2,20.6605274817477
"37109",16.5,15.3353254790647
"37111",22.1,18.7443504065257
"37113",14.4,16.0506303679628
"37115",17,14.4416127600163
"37117",19.2,19.9209296522121
"37119",13,11.1957619757474
"37121",15.5,17.0414324640873
"37123",16.6,18.2990024992488
"37125",12.5,12.5739520350073
"37127",17.1,17.8824582038052
"37129",11.5,12.2451250206875
"37131",17.9,19.3520511323157
"37133",13.3,16.2360288925572
"37135",8.6,8.73312699239746
"37137",15.8,16.0650973240429
"37139",15.3,16.2017195548674
"37141",16,15.0147080380441
"37143",14.4,17.0067351894879
"37145",18.8,18.7685163677061
"37147",12.3,16.5069740593242
"37149",9.9,12.4196843975762
"37151",18.9,18.3216216041617
"37153",17.6,20.8298726335246
"37155",24.2,22.9510895273621
"37157",17.7,19.9523021903309
"37159",16.3,18.5352647064478
"37161",19.5,19.1931179193701
"37163",19,20.5531949491349
"37165",20.5,22.5363906137495
"37167",16.3,17.8714194331243
"37169",17.4,18.5846020446139
"37171",18.4,18.8352556062952
"37173",20.1,16.3745045248984
"37175",11.8,12.1301161489361
"37177",16.2,19.4661248700499
"37179",11.8,12.1451819297157
"37181",18,19.5868202416106
"37183",9.6,9.69832441146485
"37185",19.1,20.0102919104686
"37187",18.1,20.6538046165588
"37189",11.7,14.8456041901063
"37191",15.5,18.6257342459597
"37193",17.7,19.4883896083213
"37195",19.8,19.271520421426
"37197",18.4,18.8345173311757
"37199",15.8,17.3779019552171
"38001",17.7,16.5610073945306
"38003",13.3,15.0808110381133
"38005",25.2,25.7340166439344
"38007",13.6,14.6639157248118
"38009",18.1,15.1788716587281
"38011",16.6,16.2161294612026
"38013",13,15.062183526897
"38015",13.1,13.6237076873166
"38017",14.3,13.0062461355909
"38019",13.2,15.1484979728835
"38021",16.3,15.810779289847
"38023",15.4,16.0729681096405
"38025",16.1,18.3474305325936
"38027",16.3,14.9699522232766
"38029",14.5,15.594993936031
"38031",15.1,15.6210290696949
"38033",15.5,16.3194236109647
"38035",14.4,14.4946463926066
"38037",18.6,16.6042965798634
"38039",14.7,13.6324252934639
"38041",15.7,16.6051741379301
"38043",16.5,16.1565107572627
"38045",14.2,14.9622728636436
"38047",17.3,14.8381999821348
"38049",16.3,16.4030606382725
"38051",16.5,17.1732421967624
"38053",18.8,19.1078409985529
"38055",14.4,15.9404463411861
"38057",16.1,16.6431469208553
"38059",15.3,15.4683703358281
"38061",18,21.4206180877516
"38063",15.3,14.7037753149732
"38065",15.9,16.1961595752064
"38067",16.9,15.9923652414229
"38069",14.9,14.3902529525387
"38071",14.8,17.4467570782688
"38073",15.4,16.8840403904886
"38075",16.1,14.976987548607
"38077",14.9,16.3305796567719
"38079",28.3,30.142965671208
"38081",17.3,16.0236717804981
"38083",15.4,15.9555361700534
"38085",36.5,34.1001298122987
"38087",14.4,14.3470206676137
"38089",15.8,16.4544285974359
"38091",14,13.7952032885057
"38093",15.7,15.9369817954235
"38095",19,18.2975955857369
"38097",14.4,14.2956173896323
"38099",18.4,17.5723634622511
"38101",16.4,15.8704465962354
"38103",13.8,15.9914815948578
"38105",17.4,17.3169649700838
"39001",24.1,23.5115279040202
"39003",21.5,19.7507944915704
"39005",20.4,19.5303301488507
"39007",20.7,22.4712962265276
"39009",15.1,18.9131681912006
"39011",17.9,17.9383283084423
"39013",21.8,20.6866126691327
"39015",22.5,22.7130598373273
"39017",18.6,16.9194028044684
"39019",23.4,21.7384102234025
"39021",19.2,19.6437324475263
"39023",20.8,20.5843395862645
"39025",18.7,16.2945099692592
"39027",21.5,20.6709405834134
"39029",21.6,20.8164915526923
"39031",20.7,22.6712329611554
"39033",22.8,21.352756125921
"39035",16.6,17.3398814563018
"39037",20.1,20.0103923537029
"39039",18.2,19.3134928351821
"39041",12.2,9.30002006119862
"39043",15.1,17.9319649255048
"39045",20.2,16.8794806362731
"39047",23.4,22.607582824855
"39049",14.9,15.9065331016693
"39051",21.2,19.03457190987
"39053",21.6,22.0703525897055
"39055",16.5,13.5488538589047
"39057",14.5,14.3806636529406
"39059",24.1,22.6312310149701
"39061",17.9,15.7996542472843
"39063",16.3,17.0554269223516
"39065",24,22.0940753758688
"39067",20.8,23.2876465474745
"39069",19.4,19.0676084141308
"39071",23.2,22.0170237283886
"39073",25.3,22.9639410875382
"39075",25.7,25.297581222061
"39077",17.8,20.7033570708998
"39079",22.5,22.9872976077422
"39081",19.3,20.8796907520579
"39083",16,19.6933267766794
"39085",16.6,16.5147564507392
"39087",22.8,22.2775041320741
"39089",19.4,17.2913560545929
"39091",20.9,19.7223177764481
"39093",18.7,18.4053416316623
"39095",19,18.7427280624932
"39097",22.2,20.3347535650748
"39099",19.8,19.46666170717
"39101",21.6,22.6166127126641
"39103",17,14.2751815920268
"39105",24.7,24.5129436820576
"39107",18.9,18.1279797602107
"39109",16.1,17.4284633424381
"39111",22.7,23.0378134003202
"39113",19,17.76246732409
"39115",18.2,23.9195361194823
"39117",23.7,21.0735806837533
"39119",19.2,21.2569270711219
"39121",23.1,20.662265757477
"39123",16.4,16.9363494083595
"39125",21.7,19.5823328098539
"39127",22.9,22.8350414947038
"39129",18.9,20.7447586171012
"39131",24.1,24.2386966064162
"39133",15.8,16.8212278931099
"39135",20.8,19.4957133343067
"39137",15.6,16.5842269433723
"39139",18.2,20.9412687895909
"39141",23.5,22.5441624545782
"39143",20.1,20.1393522019424
"39145",22.5,23.8347687005577
"39147",20.8,19.8190767497239
"39149",19.6,19.4051261423946
"39151",16.5,19.046859343372
"39153",16,16.5301899322724
"39155",23,20.9066924313543
"39157",22.7,20.0801789729626
"39159",14.1,13.9962138016212
"39161",17.9,19.0794294104917
"39163",26,24.0085507825408
"39165",13.9,12.6134070110187
"39167",19.5,20.1044638513618
"39169",17.3,19.049245188256
"39171",19.8,20.1347422045346
"39173",14.7,15.1474416963682
"39175",16.9,17.9354146188424
"40001",24.8,25.9406822266757
"40003",17,18.7610798920561
"40005",22.5,23.8965493160766
"40007",14.2,16.7847765347906
"40009",17.5,20.7315218771906
"40011",19.1,19.8689504477022
"40013",18.9,18.9816435934337
"40015",22.6,23.2636045596511
"40017",13.7,15.2597536777637
"40019",18.4,20.0912696484468
"40021",20.4,20.1444733801402
"40023",21.2,23.1287916623136
"40025",13.2,14.7497176022799
"40027",13.3,15.3390195956281
"40029",22.8,23.6535156540594
"40031",17.6,20.1874696712379
"40033",20.3,20.4046157836965
"40035",23.2,23.0439072377535
"40037",18.1,20.0376487508751
"40039",15,17.2477232483423
"40041",20.9,21.4940046399406
"40043",18.7,18.5994168750253
"40045",17.1,17.9087551055278
"40047",17,18.564553184803
"40049",19.9,20.0756655188514
"40051",16.9,17.9062484336993
"40053",20.5,18.284974270677
"40055",20.3,21.3051850820564
"40057",15.7,20.7229137914375
"40059",15.6,18.1367170036466
"40061",22.6,23.4134693399125
"40063",21.9,23.7486294496487
"40065",16.3,17.7174322419377
"40067",20,21.3544921042715
"40069",22.4,22.6787624849391
"40071",16.9,20.680409583352
"40073",17.1,17.7870704717044
"40075",21.2,20.2458443575328
"40077",22.7,22.5067818184527
"40079",22.9,23.1223955108486
"40081",19.8,20.7953940774358
"40083",16.3,16.5998287050774
"40085",17,21.3480112813625
"40087",15.7,16.7278929324808
"40089",23.1,22.5786372918901
"40091",21.7,23.7398557736029
"40093",16.9,18.8531589755781
"40095",19.3,22.0991945451133
"40097",21.2,22.4924083521867
"40099",18.5,20.1583972218031
"40101",17.9,20.924651627762
"40103",16.9,18.6978042817586
"40105",19.6,21.7150807464828
"40107",23.7,26.0037968603757
"40109",15.7,17.000766377332
"40111",20.9,22.0613178994382
"40113",18.3,19.3687325844906
"40115",21.6,23.1260368683409
"40117",17.8,21.1194665428127
"40119",14,16.7575298415382
"40121",20.2,21.156589424635
"40123",19.6,17.8641003070308
"40125",20,19.8126548582975
"40127",22.6,23.1525182475207
"40129",16.9,17.8979385825317
"40131",16.2,17.482823512497
"40133",21.1,23.5791544765251
"40135",22.5,23.051251596081
"40137",17.5,18.7842590737542
"40139",16.7,18.1326246667482
"40141",18.4,20.3094581812473
"40143",16.1,16.2203360836649
"40145",16,16.8216302817388
"40147",19.8,16.4784446548149
"40149",18.8,18.0710763068981
"40151",15.4,16.7671239258883
"40153",18.5,18.0643514313391
"41001",15.8,15.301942176035
"41003",10.6,10.4481197877584
"41005",10.2,11.4413547403308
"41007",12.3,14.2750134324092
"41009",17.2,15.0944059502016
"41011",14.3,15.2772177514815
"41013",16.6,14.9730484103225
"41015",17.9,14.3064434584031
"41017",10.9,11.8629524050783
"41019",18,15.4818931942671
"41021",13,15.3733838975691
"41023",14.9,16.4039149764778
"41025",17.6,16.6917231113101
"41027",12.9,12.0610886653116
"41029",16.7,13.4874507460858
"41031",16.3,14.8213631906869
"41033",17.6,15.8007492009079
"41035",16.5,15.5878413466197
"41037",17.7,16.343524668432
"41039",14.9,13.36336130913
"41041",15.7,13.8616262622158
"41043",15.2,15.2417498649846
"41045",18.1,17.8158359803212
"41047",16.2,14.2164698472035
"41049",17.3,17.0482256765411
"41051",13.7,10.4722546265817
"41053",14.5,13.0067493256646
"41055",17.2,16.007886105204
"41057",14.8,14.5179351321293
"41059",16.4,15.5245244189008
"41061",15.3,15.3277524411822
"41063",12.9,14.0120804667531
"41065",14.1,15.1129329738778
"41067",9.7,10.0890322938572
"41069",17,14.7306587429731
"41071",13.9,13.5137133493132
"42001",15.7,16.4714718413408
"42003",14.7,13.1531475817999
"42005",19.6,18.8917921243243
"42007",15.5,17.2784520673573
"42009",18.2,19.3695360300862
"42011",14.8,16.2899181682212
"42013",19.2,18.4272762475043
"42015",16.1,19.099436070879
"42017",15.5,12.0984279403791
"42019",12.2,13.5870432062555
"42021",18.1,18.9887825045029
"42023",20.8,21.773202204843
"42025",17.6,18.7449527800547
"42027",15.1,14.6400661922654
"42029",10.6,10.1218848390491
"42031",18,18.9391319286492
"42033",20,19.5728463407653
"42035",18.4,19.0894857509143
"42037",16.4,18.5538773608488
"42039",19.5,19.6151611021538
"42041",14.1,13.6733445740744
"42043",17.1,14.9556844753504
"42045",12.5,12.6630453424338
"42047",17.9,18.5879617814307
"42049",17.8,18.0981151805684
"42051",20.7,20.3744697806394
"42053",21.8,22.1369289039706
"42055",18.5,16.8066407258373
"42057",17.2,19.4757014351489
"42059",18.7,19.3101049098037
"42061",18.8,18.9585644107022
"42063",15.4,17.9630921768433
"42065",20.2,20.3981522515579
"42067",18.8,18.7493638220845
"42069",16.5,16.7569870155484
"42071",15.2,14.6884849182268
"42073",17.7,19.0536071168152
"42075",15.2,16.8915726419816
"42077",16,14.937615633906
"42079",17.5,17.9074000565394
"42081",16.5,18.0377244103091
"42083",16,19.6885397333021
"42085",16.8,18.7266727974599
"42087",20.8,20.9786326429936
"42089",15.8,15.8728129678966
"42091",12.5,10.5442668239448
"42093",16.8,14.6824987347201
"42095",14.6,14.7239846329144
"42097",19.2,19.0664907191285
"42099",17.8,18.0021538281227
"42101",18.4,15.9181866375155
"42103",14.6,16.1641056048127
"42105",18.2,19.5415690325135
"42107",19.9,18.8162161383211
"42109",15.3,17.5267424502017
"42111",18.6,19.2349909027348
"42113",21.1,18.9336297007937
"42115",14.3,18.6352263565639
"42117",18.6,18.5972127276783
"42119",17.5,17.2632548142631
"42121",18.1,19.4637317514754
"42123",18.5,19.0861638895309
"42125",16.6,15.3665811571973
"42127",18.9,18.3055293530726
"42129",13.4,15.7190218865517
"42131",19.2,18.4578183503492
"42133",15.7,15.9769724265083
"44001",12.4,10.7646277320338
"44003",13.1,14.4241618059553
"44005",10.2,10.6022659345643
"44007",13.1,15.3291975712884
"44009",9.9,11.5531063136833
"45001",16.9,18.2845075208828
"45003",17.2,15.7357010432638
"45005",20.8,23.6343258976764
"45007",15.5,16.8813145745904
"45009",19.5,20.2427155735905
"45011",19.9,21.598978397604
"45013",11.8,11.7428065170289
"45015",14.3,15.6841101534161
"45017",18.4,18.8842267913498
"45019",9.6,11.0573675848104
"45021",18.4,19.7581022670032
"45023",19.2,20.4848090078242
"45025",18.4,20.8709241707415
"45027",18,19.957200313548
"45029",20.3,19.5308326928621
"45031",17.7,19.819970547045
"45033",27.4,23.9854936828453
"45035",16.3,15.7191948700324
"45037",19.1,19.3174089772918
"45039",21.4,20.4705176776318
"45041",16.5,18.2882396662244
"45043",14.9,15.6962839150221
"45045",11,12.8500031255163
"45047",17.5,17.4871007016593
"45049",21.2,21.8809743174308
"45051",16.3,15.855416955367
"45053",17.3,18.1231033868099
"45055",17,17.759896083317
"45057",15.6,15.1877059920793
"45059",18.4,19.3948026981733
"45061",22.9,23.1404662446844
"45063",14.6,14.7088017607174
"45065",15.3,18.1377698546206
"45067",21.6,22.7963650159943
"45069",25,24.4126955306283
"45071",16.4,17.716822949659
"45073",16,16.6514000190373
"45075",18.3,20.4365936137696
"45077",17,18.1711247079974
"45079",13.7,14.5656084604934
"45081",17.5,19.1692414024764
"45083",15.8,17.191096323945
"45085",15.7,18.3068221303617
"45087",22.4,20.814106916207
"45089",20.1,21.5811781614984
"45091",15.4,12.9070273070154
"46003",15.7,15.6133518643721
"46005",19,17.6211034108686
"46007",26,27.4715128119244
"46009",16.7,17.4990042713407
"46011",10.8,12.8578849059771
"46013",14,14.9534281525992
"46015",18.7,17.7480513158847
"46017",34.4,33.0096504020636
"46019",17.3,16.9917497210959
"46021",13.8,13.3111112461045
"46023",18.9,22.0666424893883
"46025",15.6,16.7304804335178
"46027",14.3,15.3636215819934
"46029",16.8,16.9644234457397
"46031",26.9,31.5395829567753
"46033",15.1,13.8369306812539
"46035",17.8,16.6068477315868
"46037",16.6,17.4709132521752
"46039",16.7,14.9723728584917
"46041",27.3,30.5754626973453
"46043",14.9,15.7242983104781
"46045",15.4,14.2649577240378
"46047",17.5,18.9192812941502
"46049",18.1,18.2675794905468
"46051",13.8,15.4430387484361
"46053",18.3,17.7143683456794
"46055",15.4,16.6887882294593
"46057",15.4,15.6856606917596
"46059",14.3,14.8991258166375
"46061",16,15.6717253858116
"46063",13.1,15.5331288941355
"46065",13,15.0115599932604
"46067",15.2,15.9243316565392
"46069",15.2,16.0303903384804
"46071",26.1,30.4569279098886
"46073",15.7,17.0484036590166
"46075",13.3,16.1558540078768
"46077",14.9,15.6322828475354
"46079",13.3,13.4656095609855
"46081",14.2,13.7206092879536
"46083",10.1,11.8928686179923
"46085",22.8,23.966299884618
"46087",14.8,14.2186500346452
"46089",14.4,16.1605381591765
"46091",13.7,16.4922685166297
"46093",13.6,15.8071068917608
"46095",27,33.5588109681688
"46097",16.3,16.9558660415254
"46099",11.8,14.1899031430302
"46101",16.3,16.8019701426115
"46103",16,16.2420803862526
"46105",11.4,16.2664875757314
"46107",14.6,14.9721690005155
"46109",20.9,23.2712421492068
"46111",14.5,16.1574407504203
"46115",15.7,15.4039860637091
"46117",15.6,13.9911515763753
"46119",14.9,15.8604561067413
"46121",33.3,37.792508549037
"46123",21.1,20.5265007447915
"46125",15.6,15.2230162065771
"46127",13,13.6599354313699
"46129",16,16.9059430750113
"46135",14.5,14.2768886802085
"46137",29.6,32.4744422968465
"47001",17.7,18.8775165692495
"47003",21.6,19.8049692213703
"47005",22.6,23.2897678175492
"47007",25.6,26.6597134119131
"47009",17.9,16.3764634924921
"47011",17.2,18.1928726288323
"47013",21.6,23.8151874620861
"47015",22,22.0526141210636
"47017",23.2,20.9722620297798
"47019",22.9,18.8422713514414
"47021",18.5,19.8091948465482
"47023",23.5,21.4073083942999
"47025",23,21.6376030622338
"47027",24.3,24.7615941357857
"47029",24.1,22.9782566968271
"47031",24,20.3430815474387
"47033",21.4,22.0387990521488
"47035",19.8,18.472672134139
"47037",18.1,15.0318133289993
"47039",25.4,22.2198194020148
"47041",25.5,22.896673829208
"47043",19.7,20.3188645470506
"47045",24,20.4397138612181
"47047",16.9,16.8997711152073
"47049",24.4,23.3112231714462
"47051",21.4,19.9454648040245
"47053",22.5,20.9087304030797
"47055",21.7,20.0603419758218
"47057",26,22.3955888394175
"47059",21.9,19.9869134915307
"47061",23.2,22.4056687004261
"47063",19.9,20.4271580655631
"47065",17.3,14.963147637883
"47067",30.6,27.0622294241225
"47069",24,24.0601003403695
"47071",20.2,22.3720775380556
"47073",19.2,21.0583329515815
"47075",24.8,23.8681566552687
"47077",22.3,22.8950620240593
"47079",22.9,21.5337860229281
"47081",22.7,22.829332232203
"47083",20.9,22.770681595103
"47085",24.3,20.9538851138592
"47087",23.7,24.0248355563062
"47089",18.9,18.6071221251726
"47091",23.6,21.3676567991028
"47093",16.1,14.1175383846511
"47095",27,29.1425832233507
"47097",25.5,24.3798943496466
"47099",22,21.6683866414351
"47101",25.7,23.9455763151042
"47103",19.6,19.4739774578797
"47105",17.6,16.352722979503
"47107",19,20.0234206245688
"47109",22.7,22.7288521952032
"47111",22.6,24.0569597841009
"47113",18.3,19.8441956874238
"47115",19.5,22.1961319697394
"47117",24.1,21.0753219199835
"47119",19.2,17.5940443773821
"47121",19.1,22.2165908814044
"47123",23.2,21.2535643051936
"47125",18.5,18.1202794060815
"47127",17.9,19.6719556515519
"47129",24.8,25.0613294816119
"47131",22.4,21.2665139018562
"47133",22.9,23.2067705087104
"47135",22.4,22.8220843545351
"47137",25.1,22.6757340333337
"47139",22.5,19.4348337820242
"47141",18.5,19.7288514018704
"47143",25.3,21.3316950664473
"47145",18.9,19.0402782534431
"47147",19.1,19.5735853342951
"47149",18.4,15.9977457490995
"47151",25.9,27.1825242611285
"47153",24.9,22.8471104355435
"47155",17.5,18.650421829372
"47157",19.3,17.4963945584487
"47159",20.2,22.2910358416564
"47161",21.5,21.0898157793216
"47163",17.8,17.1724198215707
"47165",17.3,16.692606811414
"47167",20.6,19.6324764851206
"47169",22.1,23.1116073013337
"47171",24.3,20.4284079514485
"47173",22.4,23.2797044338343
"47175",22.9,22.0770636729415
"47177",25.7,21.6107518577122
"47179",20.3,15.4823820234838
"47181",25.4,24.8708877255202
"47183",18.5,22.0871895242791
"47185",24.1,22.3215301555213
"47187",11.1,10.1259072911819
"47189",17.7,15.7030999725649
"48001",18.6,21.2096272745935
"48003",16.7,15.6820473253255
"48005",18.9,18.3082001456185
"48007",17.2,15.7695102117918
"48009",15,15.7704140224678
"48011",15.4,13.8032667544146
"48013",15.7,17.0769911484059
"48015",15.6,16.5887108230887
"48017",13.8,17.4005808954821
"48019",15.2,15.2934251805135
"48021",14.8,16.5242974114552
"48023",14.4,16.0751173856602
"48025",18.1,18.5811722710673
"48027",15.3,16.2913578570908
"48029",13.9,14.4189758467966
"48031",15.3,14.3361503890308
"48033",10.7,11.7669986772308
"48035",18,16.591821503847
"48037",17.9,19.074109913193
"48039",13.2,14.5670991233127
"48041",12.1,14.7346527304578
"48043",11.4,11.6605012404674
"48045",21.8,19.3287991637544
"48047",15.5,18.0119775801138
"48049",16,16.2807091859686
"48051",17.5,16.879654231101
"48053",15.4,13.9115231971767
"48055",16.6,16.8463034529374
"48057",13.3,18.0380609815472
"48059",16.8,15.1401968747053
"48061",16.4,16.7335606758809
"48063",17.1,20.1582544548492
"48065",14.9,15.4072225099637
"48067",19.1,20.0902823125609
"48069",14.7,16.3884176181316
"48071",14.9,16.8531682455586
"48073",18.9,19.1798060240642
"48075",18,19.6957924621823
"48077",15.1,15.6168129269704
"48079",21.2,19.7226599418579
"48081",20.1,16.8253955611511
"48083",17.2,15.5565497493401
"48085",9.1,10.920619094612
"48087",18.2,17.7807016201364
"48089",15.9,16.4101521300433
"48091",12.9,12.1930471050597
"48093",17.3,16.5579149598912
"48095",19.5,18.0208119020985
"48097",15.9,17.2066636724093
"48099",18.5,17.7594050872521
"48101",20.3,20.4844947614004
"48103",16.9,13.2882145755137
"48105",14.9,13.9688178108968
"48107",18.7,19.8307315029568
"48109",16.4,18.082724321116
"48111",17.2,17.3847192406255
"48113",13.3,17.397084902809
"48115",18.8,18.6218184177255
"48117",19.6,17.417698240931
"48119",14.5,18.2281671768124
"48121",10.9,11.8629771097617
"48123",16.6,18.5911038220224
"48125",15.8,16.2686875740171
"48127",20,19.1680915291101
"48129",16.2,17.8184363526813
"48131",16.2,18.845759881823
"48133",17.8,16.5131820332937
"48135",15.9,16.1147592601469
"48137",18.9,17.0190619251063
"48139",14.4,15.6230499076731
"48141",14,17.0431759492414
"48143",16.3,15.1376106143999
"48145",19,19.546238563609
"48147",17,18.2131147671944
"48149",14.7,15.9831631902739
"48151",16.9,16.2230479755729
"48153",18.7,18.0611400960387
"48155",19.9,19.7915135176946
"48157",11.2,11.7164373007866
"48159",12.9,15.0908605830022
"48161",18.6,18.9902219827525
"48163",17.9,18.2972216998424
"48165",17.5,18.1849347690985
"48167",13.7,13.5468377848354
"48169",18.6,17.7932145649931
"48171",13.7,12.6943491156893
"48173",12.2,13.1293439328154
"48175",15.4,17.7178087988333
"48177",16.6,17.9826218822258
"48179",19.6,18.1890907947636
"48181",18,16.7363697017921
"48183",17.3,18.0729702989615
"48185",17.8,17.6055718635341
"48187",12,14.5735819904872
"48189",18.4,17.9278251683363
"48191",16.4,18.6894656872132
"48193",18,15.9263537882856
"48195",13.5,15.7233178744487
"48197",17.2,18.5319769061959
"48199",17.4,17.5554380475913
"48201",15.6,14.2599613869415
"48203",16.6,18.329653986134
"48205",13.8,15.6415947449337
"48207",19.1,16.3743074350948
"48209",13.5,12.9095661467115
"48211",15.8,15.6198774525145
"48213",17.6,17.7130227540678
"48215",16.5,16.7216079139764
"48217",17.9,17.8882088516664
"48219",15.9,16.6310680755947
"48221",12,12.9472870651093
"48223",16.1,17.4624006007361
"48225",19.5,20.469425866558
"48227",17.4,17.2422451641591
"48229",22.4,21.0828808903345
"48231",16.8,17.8278683637134
"48233",15.4,16.6078322640919
"48235",14.6,15.1275573622277
"48237",17.9,18.3475366680339
"48239",17.5,18.2911226284704
"48241",20.4,21.2065307653556
"48243",16.4,16.2199032963978
"48245",18.5,17.9662986598438
"48247",15.9,17.8838463179607
"48249",16,17.315716000762
"48251",17.5,16.7327985813717
"48253",20.8,18.7910845332796
"48255",16.8,17.8738498440146
"48257",16.9,17.5653577835315
"48259",9.8,10.7503662029669
"48261",26.1,18.1688387537413
"48263",14.2,13.839095201535
"48265",14.9,13.8068020660878
"48267",16.3,14.0158075783502
"48269",22.6,19.4590422528907
"48271",14.3,16.7860502984775
"48273",13.4,17.8202324585247
"48275",16.6,18.730108423934
"48277",18.7,18.2552050327171
"48279",17.5,18.2033442288194
"48281",17.7,16.1206381897032
"48283",17.4,19.6117154932956
"48285",16.8,17.5168721271347
"48287",17.7,17.9012175260986
"48289",20,18.2975346138086
"48291",21.1,19.3881543134535
"48293",20.8,19.9240556050683
"48295",17.3,17.3153094066971
"48297",17.7,18.4681661641522
"48299",14.7,13.4446759112057
"48301",15.3,16.3157883155348
"48303",14.3,15.2832408036013
"48305",19.1,16.8866515024342
"48307",18.1,15.7988488620423
"48309",16.9,16.8249954077054
"48311",18.9,17.1983196271083
"48313",17.6,19.7149382795334
"48315",19,20.1111856371895
"48317",17.1,18.1769086090308
"48319",14.1,12.1776958263482
"48321",18.9,18.9629146722084
"48323",17.1,16.1451708864752
"48325",15,15.556615520732
"48327",13.7,15.3408055784505
"48329",12.7,13.7902200973862
"48331",15.7,17.5274212495253
"48333",14.8,13.5650290520935
"48335",19.6,17.4362989201476
"48337",16.1,17.5520035652904
"48339",16.3,11.914815866556
"48341",19.3,17.8688912694437
"48343",17.9,20.6589691683274
"48345",14.8,15.4494510710156
"48347",14.9,18.653038789207
"48349",17.3,19.6471553335746
"48351",23.8,22.1569936120702
"48353",18.1,17.1177726482296
"48355",16.2,16.0291132551427
"48357",15.7,17.3582382732178
"48359",16.8,18.5696415713396
"48361",18.1,17.9725129582588
"48363",17.5,17.8119786259377
"48365",19,18.2660786964587
"48367",13.3,14.1616410069248
"48369",16.6,16.4644574911993
"48371",16.2,17.9104190886198
"48373",19.9,20.0991390363924
"48375",20.1,18.1503254461409
"48377",18.2,18.7187742137317
"48379",17,17.0215655739869
"48381",13.9,13.8135145673191
"48383",14.4,14.9286367739432
"48385",19,16.8390896372667
"48387",20.1,20.9835271396457
"48389",17.8,17.2811830907095
"48391",15.6,19.1324820214531
"48393",15.2,18.4394591320696
"48395",16.3,18.4345568878347
"48397",12.4,11.1865778303344
"48399",15.6,15.9889313140737
"48401",17.1,19.7329600466133
"48403",19.2,19.1134256986038
"48405",22.2,21.4673859406844
"48407",19,18.5070808664447
"48409",15.6,16.6675126832163
"48411",16.5,15.8225049449911
"48413",16.1,15.7783032580733
"48415",17.3,16.0005019799839
"48417",14.7,14.2801593942956
"48419",20.7,21.3612237616476
"48421",15.7,16.4601919689678
"48423",16.7,15.9353732350148
"48425",12.7,14.8554425495878
"48427",17.7,18.2126488927801
"48429",18.9,17.6983634905617
"48431",14.2,14.0056894053126
"48433",17,16.3733184799197
"48435",16.9,15.7092439429933
"48437",17.7,20.0977357768868
"48439",14.7,15.823267985632
"48441",14.4,14.8173743494299
"48443",10.6,13.5532251291552
"48445",19.5,18.5378786597492
"48447",14.9,15.6773387096987
"48449",17.4,21.2179749236774
"48451",15.5,14.6413845546944
"48453",12.4,10.2418105405002
"48455",17.3,18.4326235735393
"48457",18,20.700058819765
"48459",20.4,18.8058773823284
"48461",18.7,17.4674556985472
"48463",14.5,16.5538881267911
"48465",14.9,15.3929845829051
"48467",17.4,17.6352050168847
"48469",16.2,17.1825437084803
"48471",18.2,19.9033232288697
"48473",14.2,17.0605859044844
"48475",17.2,16.4858719721357
"48477",15.4,15.4207044999558
"48479",11.9,15.5416259701253
"48481",16.5,17.3796779065608
"48483",18.5,18.5555337919086
"48485",15.9,17.4852270241887
"48487",19.7,20.3432542190062
"48489",16.7,18.3559165300165
"48491",11,11.0267780213699
"48493",15.3,15.7775668440649
"48495",16.7,16.4317726788664
"48497",18,17.3460542124337
"48499",15.8,17.2251993008775
"48501",18.3,16.8445337146066
"48503",17.7,16.2181953508425
"48505",19.9,18.9457430251985
"48507",17,18.3253596418346
"49001",9.8,12.92457202586
"49003",10.1,13.0386875040039
"49005",9.7,11.2673996811466
"49007",13.3,15.5154335331914
"49009",10.3,15.3306209590133
"49011",7.9,10.3679699988824
"49013",12,15.2257719797489
"49015",12.2,14.4787042076454
"49017",9.8,14.057723719077
"49019",11.4,14.3580180692179
"49021",9,11.8555505939936
"49023",9.6,13.6273461512645
"49025",9.8,12.99960164582
"49027",11.1,14.6810875464274
"49029",9.1,9.92986541604827
"49031",13.4,17.2964362922498
"49033",9.7,13.7137400672909
"49035",8.6,12.0923920568416
"49037",14.4,19.4369429875422
"49039",11.9,15.076690381819
"49041",11.4,13.9529670626592
"49043",7.2,8.89164513546547
"49045",10.5,12.6834851857639
"49047",13.1,14.856099751877
"49049",5.3,10.1213267301115
"49051",7,10.0102841046058
"49053",7.7,11.669689010164
"49055",10.8,13.6442638685892
"49057",8,12.8474361181438
"50001",10.4,12.7398564824328
"50003",12.6,13.8630730203625
"50005",16.6,16.1498090999987
"50007",11.6,10.6576447668632
"50009",14.6,18.7145701271082
"50011",14.4,17.0063753865171
"50013",13.1,12.6820697712259
"50015",13.7,12.716469147948
"50017",11.2,14.7135881831676
"50019",15.6,16.6717159848445
"50021",13.3,15.7560066425891
"50023",14.5,12.6606538943397
"50025",12.5,14.0493415684571
"50027",11.1,13.0313236182503
"51001",19.1,17.4000233885307
"51003",10,8.47405377830225
"51005",17.8,20.2080652745263
"51007",18.2,17.6268146126659
"51009",16.6,17.5206789310505
"51011",18.8,18.0251390852079
"51013",9.7,6.32392883234331
"51015",15.6,17.1533477923544
"51017",19.1,21.4647824221918
"51019",13.8,14.5613645068277
"51021",16.3,20.2821840528205
"51023",15.2,15.914138346319
"51025",19.9,19.774246029821
"51027",25.2,25.4215344306445
"51029",20.7,19.9715555570197
"51031",17.8,16.6117128424694
"51033",16.6,17.0716160107727
"51035",20,19.5924697163019
"51036",17.3,18.289843649495
"51037",20.4,19.314960218566
"51041",11.6,12.3479821700217
"51043",13.1,14.1047899775427
"51045",19.2,20.9487977986587
"51047",16.8,15.3949226028844
"51049",16.6,17.3456410666384
"51051",20.2,24.8446842043382
"51053",18.3,17.7666871063255
"51057",19.5,18.9026838507876
"51059",8.2,7.70701230209988
"51061",12.7,13.0154762155454
"51063",14.9,16.6587854552654
"51065",16.1,13.2656585559844
"51067",15.3,17.3582126476677
"51069",15,15.2441144925601
"51071",17,18.5393184516798
"51073",15.5,15.228775778806
"51075",11.3,11.2307030673535
"51077",21.8,20.9519065897512
"51079",15.7,16.2181804190585
"51081",20.1,20.1158891830102
"51083",18.6,18.8996162270289
"51085",14.1,12.0020793142867
"51087",12.4,12.0081496590764
"51089",20.8,20.1624335526392
"51091",11.4,14.5944134144157
"51093",14.5,15.0160618111098
"51095",10.6,10.4646397218644
"51097",19.3,18.5502213428426
"51099",14.7,14.1255126924207
"51101",17.2,15.7621233714445
"51103",14.2,14.6044838088545
"51105",20.2,24.8598005923319
"51107",9.3,7.74929816330454
"51109",14.9,16.3406712774735
"51111",20.2,19.8467997901016
"51113",14.9,16.5004688693552
"51115",13.6,13.6584126794997
"51117",16.8,18.2323444193979
"51119",14.7,14.4734154347384
"51121",12.6,14.13545738191
"51125",14.9,15.633748363894
"51127",12.6,13.3534297166727
"51131",15.2,16.0295089842374
"51133",13.8,14.4270779456333
"51135",20.8,19.9438308314576
"51137",16,16.5955454048581
"51139",18.4,18.7374628962283
"51141",17.8,19.1164975187687
"51143",20.1,19.7628020072538
"51145",12.6,13.6839972769237
"51147",16.2,17.1424602894126
"51149",17.4,16.6697187809831
"51153",12.1,11.3668792268449
"51155",16.5,18.9612214933975
"51157",16.5,14.1790296909853
"51159",22,17.2069926841097
"51161",13.1,13.0194722702476
"51163",16.6,15.1917180353603
"51165",14.5,15.7586508366526
"51167",21.8,23.5586915454247
"51169",19.5,21.8938143868123
"51171",17.2,18.4221276447203
"51173",22.2,21.2661113492611
"51175",14.3,17.1229984164712
"51177",14.2,14.1448009783602
"51179",12.4,11.9289905500682
"51181",15.9,16.9673888100228
"51183",17.9,19.237750230153
"51185",18.7,22.0170574804552
"51187",18.1,17.4252331493943
"51191",16.9,16.5750060837646
"51193",18.3,18.2251573861684
"51195",20.6,22.6726113772088
"51197",14.6,20.1358942035106
"51199",11.4,10.495374012398
"51510",9.2,8.11804533906951
"51520",18.1,17.2882352178146
"51530",19.4,19.9829708273724
"51540",14.4,11.7193124338854
"51550",15.2,13.8903140790994
"51570",15,15.4072090368294
"51580",17.7,21.9121106737817
"51590",20.9,20.7569827689244
"51595",20.7,20.0799056124121
"51600",11.2,9.53385095863332
"51610",7.6,5.11429724493244
"51620",17.8,18.7944853967254
"51630",14.9,14.1656734715824
"51640",20.3,19.7835639018331
"51650",14.5,16.724670985425
"51660",14.1,17.266804680214
"51670",22,21.1701977477323
"51678",9.2,9.51625609682047
"51680",12,14.6905851666994
"51683",12.2,12.195406065719
"51685",15.5,13.870418342522
"51690",20.3,20.1863236811648
"51700",15.3,16.6673372176007
"51710",15.4,16.4778303377993
"51720",20.5,22.9045348567942
"51730",17.7,19.5596403500991
"51735",11.2,12.1957283748222
"51740",17,18.7407548589882
"51750",12.9,16.8733808094155
"51760",16.4,14.3402792042179
"51770",18.4,16.8285220979295
"51775",12.9,14.7190828479056
"51790",15.9,14.6831984415741
"51800",13.7,15.1394646958855
"51810",11.6,13.0191784833195
"51820",16.7,16.998731620835
"51830",11.1,11.8332464114409
"51840",15.2,15.7670582373209
"53001",14.2,18.810081692258
"53003",14.6,15.2471432172014
"53005",11.7,13.1943634864901
"53007",11.9,14.0358419925479
"53009",11.1,13.3880581752995
"53011",10.4,12.7048045386749
"53013",12.6,14.2464702613353
"53015",14.7,15.555167283073
"53017",13.1,15.2732439597396
"53019",16.8,16.715597134223
"53021",14.6,16.2193050411012
"53023",13.1,14.5645411894157
"53025",13.5,16.7241947676826
"53027",15,15.9998377674903
"53029",9.7,11.9100558605503
"53031",9.8,11.5896088549712
"53033",7.1,8.98520579919527
"53035",9.3,12.101983562445
"53037",11.6,13.0415106532016
"53039",14,14.1498079016045
"53041",15.5,15.3553374653993
"53043",14.5,14.9607744387746
"53045",13.6,15.2589229335931
"53047",16.3,17.5646099435351
"53049",13.6,14.3797668582865
"53051",13.7,16.0778442597725
"53053",12.8,12.8020078127162
"53055",10.6,10.9974771954137
"53057",11.1,13.8002864835254
"53059",13,13.945617357641
"53061",10.7,11.9802303569705
"53063",13.6,13.1790126188031
"53065",14.3,15.9549935988293
"53067",10.4,11.7953892529935
"53069",12.4,14.8696184657438
"53071",11.9,13.8219695317473
"53073",10.8,12.6059737491314
"53075",11.3,12.4850379295031
"53077",15,16.3039652546677
"54001",22.9,23.9637261745342
"54003",16.9,17.2235710882858
"54005",23.8,23.9237308675346
"54007",22.8,22.6775454335263
"54009",18.7,18.4039370655335
"54011",20.2,17.0641489842384
"54013",25.5,27.0834840719147
"54015",25,25.2637042012153
"54017",22,22.3065890273255
"54019",24.5,22.0963682382848
"54021",19.1,18.7322569520664
"54023",22.5,20.0037551461378
"54025",20.3,20.017240227109
"54027",23.7,20.5958091500196
"54029",20.8,19.9238609825796
"54031",23.3,21.1351935161322
"54033",19.5,18.2698629787759
"54035",20,21.9421829872961
"54037",15.3,15.3912859957051
"54039",19.9,17.0627770460831
"54041",21.7,21.1798104179478
"54043",26.5,26.9527935716371
"54045",24.7,24.1922939036251
"54047",27.4,28.5559187959239
"54049",18.9,18.4315682967339
"54051",20,19.945897219063
"54053",21.6,22.1366122873976
"54055",19.1,20.2444966492639
"54057",19.5,18.8006188151683
"54059",26.4,27.1283133826911
"54061",15.1,13.6215453487182
"54063",20.9,19.2104288584395
"54065",17.7,18.7301042995803
"54067",21.2,21.0514248387821
"54069",15.1,16.0823977830069
"54071",20.2,19.7249827752819
"54073",21.4,21.0915879975677
"54075",24.8,22.2189367557192
"54077",22.8,20.3589092076999
"54079",15.8,16.240905527282
"54081",21.1,21.5328036552927
"54083",20.1,19.9937595951154
"54085",26.5,23.8660085518007
"54087",24.9,23.4176616057292
"54089",22.6,21.9768156788892
"54091",23.6,20.9263874867382
"54093",17.4,17.7956457812174
"54095",21.6,20.8961761453346
"54097",23.9,21.427662687551
"54099",22.7,20.5830748902184
"54101",23.4,23.6047590249195
"54103",21.3,22.156850792127
"54105",25.6,23.7221678360415
"54107",20.6,19.2047247645014
"54109",27.2,25.195548891969
"55001",18.3,18.0365843804481
"55003",19.8,18.3210779503159
"55005",17.6,16.8543457358459
"55007",14.8,14.6324112410729
"55009",16.1,13.975689119689
"55011",15.7,16.0403210836408
"55013",17.8,16.6783646361393
"55015",15.8,12.8390539666031
"55017",15.9,16.4489715944234
"55019",18.3,18.3669207587564
"55021",15.9,14.9374592474367
"55023",18.7,17.236289785662
"55025",11.5,10.386918750561
"55027",19.2,15.3968302410358
"55029",15.8,13.6521645508747
"55031",14.3,15.8151841210037
"55033",14.9,15.0645783600625
"55035",14.4,13.860500713669
"55037",20.9,16.1391893068851
"55039",17.2,15.3424645498925
"55041",20.1,18.6654591629275
"55043",17.2,16.0227105989329
"55045",16.2,14.559569742305
"55047",19.8,16.5179280671047
"55049",13.4,14.635212251818
"55051",15.5,15.9127288425286
"55053",18.8,18.2442581889041
"55055",14.3,14.1403501183068
"55057",18.9,17.7018208593664
"55059",19.1,14.960307516643
"55061",16,15.494804490049
"55063",13.4,13.7964091833546
"55065",16,16.6645118011771
"55067",16.5,17.6375337157737
"55069",17,16.664039741557
"55071",16.6,15.66962425588
"55073",13.9,15.1735097952829
"55075",20.8,16.7492243613543
"55077",20.7,17.5072552572276
"55078",25.9,21.6204358582842
"55079",16.6,15.9927144961325
"55081",16.6,16.7370781627512
"55083",19.5,16.4562155561649
"55085",13.9,15.1008121032236
"55087",16.6,13.2339981940235
"55089",11.7,9.43118883384705
"55091",17.2,15.6188697894543
"55093",15.7,14.4735926441995
"55095",18.8,16.0646295894032
"55097",14.6,13.8473700860086
"55099",17.5,17.7392440647383
"55101",17.7,15.0262487903185
"55103",17.2,17.1794319875047
"55105",17.2,15.4931140074337
"55107",18.5,17.284944703858
"55109",11.7,12.8153973685344
"55111",18.5,15.1279828439896
"55113",17.4,17.002515932547
"55115",17.4,16.8503892600512
"55117",14.6,14.2253461236168
"55119",19.4,17.240218474216
"55121",17.2,16.8018482091266
"55123",17.3,16.1834108265419
"55125",16.5,15.5092260135414
"55127",13.3,14.2364720950643
"55129",16.8,16.0663154304246
"55131",13.4,12.3247420162758
"55133",12.6,9.85678300936365
"55135",17.2,16.0626639572002
"55137",20.2,17.5121607826685
"55139",15.5,14.4373075020588
"55141",17.2,16.0592366934766
"56001",12.8,13.3647737182136
"56003",14.9,17.2904557307991
"56005",19.1,17.4260948589298
"56007",17.1,17.8483109465495
"56009",17.6,16.3107362952766
"56011",16.4,15.079291484919
"56013",17.9,19.2466211409588
"56015",13.6,16.1699473471068
"56017",15.6,17.5677384436702
"56019",13.6,16.3248923714611
"56021",17,15.2441886505334
"56023",14.3,14.4250858210116
"56025",17.7,15.4030776098323
"56027",20.3,16.9513446792023
"56029",13.3,15.1658148817925
"56031",17.1,17.8566567181012
"56033",14.2,14.5931212582541
"56035",13.6,15.4926129399316
"56037",17.7,15.9009865306134
"56039",11.4,10.5601792311822
"56041",17.8,14.2222246716973
"56043",17.3,17.4030916564939
"56045",17.6,19.058895446326
