"county_fips","per_cancer","pred_outcome"
"01001",8.3,7.25515977175033
"01003",10.2,8.54313017823459
"01005",7.8,7.52839801538166
"01007",8.3,7.19903018756006
"01009",9.3,7.96684466064094
"01011",6.3,6.69256402920412
"01013",8.4,8.37528404372048
"01015",8.2,7.56524283238502
"01017",8.4,8.05371523120448
"01019",10.6,9.12113565305288
"01021",8.6,7.56961103566083
"01023",9.1,8.81875657634198
"01025",8.3,8.07356403234198
"01027",9.7,8.38435948552801
"01029",9.7,8.38940641236707
"01031",8.4,7.36169230164759
"01033",9.2,8.11694666287769
"01035",9,8.80432067346244
"01037",9.8,9.19451713447633
"01039",9.9,8.73811332300421
"01041",8.7,8.12411547477415
"01043",9.5,8.06730329971513
"01045",8.4,7.54969846139957
"01047",7.3,7.49990207480974
"01049",8.8,7.42697500520231
"01051",8.3,7.27938016749628
"01053",8.2,7.72482467490301
"01055",9.1,7.93664930489172
"01057",9.7,8.52167110598958
"01059",8.7,7.52740271536398
"01061",9.4,8.35832872788494
"01063",7.4,8.21376928017926
"01065",7.4,7.59815422758106
"01067",9.5,8.83846912695044
"01069",8.8,7.65337646782859
"01071",9.7,8.38071043818103
"01073",7.3,7.01740830805912
"01075",9.9,8.76946657201097
"01077",9.1,8.24852815001509
"01079",9,7.97314771804892
"01081",6.8,6.13067026137044
"01083",8.3,7.11184537675206
"01085",7.1,7.42428641907979
"01087",6.3,7.68447656203343
"01089",7.8,6.94730693681219
"01091",8,7.79530465581227
"01093",10,8.52682682555181
"01095",9,7.4424419287333
"01097",7.7,7.41355003209649
"01099",8.4,8.22908697615377
"01101",6.6,6.59974343236516
"01103",8.8,7.59006285935806
"01105",7.3,7.69230562159964
"01107",7.8,7.77577279264672
"01109",6.6,6.6817095682455
"01111",9.4,8.22881608975887
"01113",7,6.64693114727513
"01115",8.9,7.75040544568619
"01117",8.9,7.34119231361286
"01119",6.4,7.38088017407708
"01121",8.3,7.76753851694462
"01123",9.8,8.76459786327994
"01125",6.6,6.45652678313422
"01127",9.5,8.15544938821325
"01129",9.1,8.0907140726471
"01131",7.6,7.78860191218377
"01133",10.2,8.63434956743401
"04001",7.8,6.94426076304062
"04003",9.9,8.57090986437098
"04005",7,6.41042082628843
"04007",11.7,9.78157757105247
"04009",7.2,6.24371068847935
"04011",6.8,6.50539373593785
"04012",14.4,12.297822720276
"04013",8.3,6.87460279079736
"04015",12.1,10.0064318770528
"04017",9.3,7.56455709769033
"04019",9.2,7.96499753398322
"04021",9.3,7.96325712403862
"04023",7,7.52828039106511
"04025",13,10.5940682694167
"04027",7.9,7.59262944205506
"05001",8.8,8.07880523294778
"05003",9,8.42159403079104
"05005",12,10.4666278297571
"05007",7.6,6.59948368879742
"05009",9.9,8.54438876113858
"05011",8.1,7.73395538889302
"05013",9,8.39194408690444
"05015",10.1,8.73661412801696
"05017",7.8,8.12702436278383
"05019",7.1,7.10549922321531
"05021",9.8,8.75004329663061
"05023",11.1,9.72304075640003
"05025",9.6,8.39147238652385
"05027",7.3,7.33362352863497
"05029",9.1,7.95637880219099
"05031",7.5,6.63559286436837
"05033",8.8,7.65021270026427
"05035",6.6,6.70866448533648
"05037",8.3,7.77590055174622
"05039",8.9,9.07984742518484
"05041",7.6,7.78403313297322
"05043",7.8,7.43603263863657
"05045",7.3,6.5549317093675
"05047",9.6,8.30716153409051
"05049",10.9,9.59005960218874
"05051",10.5,8.97587408857136
"05053",9.1,7.73895743516218
"05055",8.5,7.45507511370598
"05057",8.1,7.73358700662476
"05059",8.7,7.97074367029513
"05061",8.4,7.6794489078845
"05063",8.8,7.64895381449409
"05065",10.5,8.99612309937392
"05067",7.9,7.60848548041334
"05069",7,7.24951854676486
"05071",8.5,7.47187807482823
"05073",9.1,9.03269487164979
"05075",9.3,8.07527875922652
"05077",6.9,7.4042132118858
"05079",6.6,6.36319002099155
"05081",9.2,8.39533340105895
"05083",9.6,8.32997413022636
"05085",8.1,6.96966121034037
"05087",9.2,8.15757707031704
"05089",11.6,10.1136052449333
"05091",7.9,7.26381393505129
"05093",7.3,6.90603699861276
"05095",8.9,8.59019879787603
"05097",11.3,9.6003443956269
"05099",8.7,8.23051530676645
"05101",11.1,9.68133917993798
"05103",8.3,8.24928323856388
"05105",9.8,8.23544754692317
"05107",7.5,7.81526365825069
"05109",9.6,8.2384181847956
"05111",8.8,7.93201319915299
"05113",10.2,8.72500549697669
"05115",8.4,7.22240406136521
"05117",10,8.88852302192685
"05119",7.5,6.88766184766716
"05121",9.3,8.05615420241409
"05123",6.9,6.85969864401794
"05125",9,7.65266597872482
"05127",9.5,8.42975216732486
"05129",10.9,9.28558232821911
"05131",8,7.28696674187249
"05133",7.2,6.81199701982763
"05135",10.7,9.40605597250671
"05137",11.6,9.85226755990036
"05139",8.2,7.73972640317704
"05141",10.9,9.63078079995055
"05143",6.4,6.19460463850869
"05145",8.4,7.5077025652986
"05147",9.4,8.81935710536166
"05149",8.6,7.66550868738929
"06001",5.9,5.49999877178016
"06003",10.6,7.88146766609048
"06005",10.6,9.32031938612504
"06007",8.1,7.15337565855151
"06009",11.2,9.72580667763296
"06011",6.6,6.0355027178366
"06013",7,6.21824066450169
"06015",9,7.4219014990036
"06017",10.2,8.56787993448893
"06019",5.7,5.09757873197117
"06021",7.5,6.60048840007236
"06023",8.6,7.44237955685304
"06025",5,5.49222832496272
"06027",10,8.46067508301713
"06029",5.6,5.12651848306342
"06031",5.1,4.68984239901377
"06033",9.9,8.18742689390823
"06035",7.7,6.44588179421655
"06037",5.7,5.77405491369373
"06039",6.3,5.52230723872768
"06041",10.5,8.42231661194229
"06043",11.5,9.87616920799835
"06045",9.9,8.35186461347554
"06047",5.2,4.64317197240291
"06049",11.4,10.0573636122812
"06051",8.4,6.94455830520004
"06053",6.3,5.45706968384021
"06055",8.6,7.49217922513624
"06057",11.6,9.96033898773686
"06059",6.8,6.28076881323352
"06061",9.2,7.84537072261903
"06063",12.1,10.16574212126
"06065",6.4,6.16852719173765
"06067",6.6,5.8281073400505
"06069",6.1,5.59835923639679
"06071",5.5,5.44017092012518
"06073",6.8,6.20773587653276
"06075",6,6.16221642249562
"06077",5.8,5.16312169010419
"06079",8.9,7.9102689983782
"06081",6.8,6.3154201688869
"06083",6.9,6.36874473246582
"06085",5.7,5.47309753537665
"06087",8,7.04092806349585
"06089",9.5,8.15127249782286
"06091",12,11.2594784151677
"06093",11,9.33258153701984
"06095",6.9,6.15398358593286
"06097",9,7.71937964427878
"06099",6.2,5.58651537761685
"06101",6.9,6.09515621791501
"06103",9,7.54707463646596
"06105",11.8,9.83252096950008
"06107",5.5,5.00604496746025
"06109",10.9,9.53647103557789
"06111",7.3,6.71292476288841
"06113",5.8,5.69334901755968
"06115",6.5,5.77417022748616
"08001",6.1,5.66187550366879
"08003",6.7,6.51574906290942
"08005",7.6,5.97928189674762
"08007",11.5,9.36845970641119
"08009",10.9,8.6022445518576
"08011",7.8,5.68528078661945
"08013",8.2,6.51579015893952
"08014",8.2,6.71805132816831
"08015",10.5,8.64537780599077
"08017",10.2,7.99915638770372
"08019",10.4,8.53885077780523
"08021",7.9,8.12068032714518
"08023",9.1,8.6279723090055
"08025",6.2,5.34648017429235
"08027",12.9,10.0079614518376
"08029",11.2,9.26848397814926
"08031",6,5.54706995808503
"08033",10.2,10.4909166490726
"08035",8.5,6.6717823425096
"08037",7.9,6.57234356867421
"08039",9.7,8.00594805912216
"08041",7.5,6.29278621840223
"08043",9.4,7.63702999714863
"08045",7.8,7.15270271777909
"08047",10,7.96587709735404
"08049",9.6,8.14212454046833
"08051",7.7,6.61495935297359
"08053",13.4,10.8961401986063
"08055",11.3,9.62519248098094
"08057",11.1,9.92645254579534
"08059",8.6,7.2095587372024
"08061",11.8,8.77304467753825
"08063",9.8,7.8429772458297
"08065",7.4,6.69797586556759
"08067",9.6,7.91698740774381
"08069",8.5,6.95972885189916
"08071",9.5,7.96824257133012
"08073",8.8,7.33905532738281
"08075",8.7,7.47063367754583
"08077",9.6,7.84209048634193
"08079",11.8,9.80610105881348
"08081",8.6,7.31278538214262
"08083",10.4,8.71054889783068
"08085",10.7,8.90264388663886
"08087",7.8,7.01083563416379
"08089",8.7,7.00788340655577
"08091",12.5,11.0618723320836
"08093",10.7,8.78191140457401
"08095",9.7,8.09396145447875
"08097",10.5,7.96139974132426
"08099",8.2,6.94139395360278
"08101",8.1,7.17577179742529
"08103",9.2,8.00430717846262
"08105",9,8.15138060635037
"08107",9.5,7.53746237786475
"08109",10.2,8.87582828529097
"08111",10.3,7.97595229414846
"08113",9.3,7.64837421625023
"08115",11.8,9.08244635484332
"08117",8.2,6.77348313201244
"08119",11.2,8.77698387251419
"08121",10.2,8.72531901485361
"08123",7.1,6.5944727411146
"08125",9.1,7.5258441224386
"10001",8.4,7.47645100346449
"10003",8.1,7.03653447412703
"10005",11.7,9.9161852067023
"11001",5.6,5.76553677571277
"12001",7.1,6.36595340016195
"12003",8.2,6.93590821130246
"12005",9.1,7.75163299994014
"12007",9.2,7.3886162972449
"12009",10.6,8.98114220222772
"12011",7.6,6.99541882334108
"12013",9.2,7.29739190629484
"12015",14.4,13.0262850755136
"12017",13.4,12.0119367317679
"12019",9,7.31213934860859
"12021",13.3,10.994608107315
"12023",9.3,7.93554197102693
"12027",9.3,8.62235570742747
"12029",10.6,8.84605970480996
"12031",7.4,6.55624030410068
"12033",8.6,7.55417823724144
"12035",12.1,10.6212381870135
"12037",11.3,9.19237178884495
"12039",7.9,7.31084532639244
"12041",10.2,8.26775750827749
"12043",9.7,9.11513362097694
"12045",10.4,8.62833393406221
"12047",8.6,7.40681667180689
"12049",7.8,6.82233734687378
"12051",6.2,6.14359012540326
"12053",11.1,9.76081710222272
"12055",12.9,11.748690772517
"12057",7.2,6.46708969572002
"12059",9.8,8.24651326350872
"12061",13.1,11.2968880656197
"12063",9,8.02668557024701
"12065",10,8.74329860506434
"12067",8.9,7.78992916120386
"12069",10.9,9.57905495531934
"12071",11.6,10.0506022718927
"12073",7,6.23080481942623
"12075",10.8,9.28180484148924
"12077",8.1,6.24546193796552
"12079",9,8.28948016291845
"12081",11.8,9.93065473734817
"12083",11.4,10.0420574187776
"12085",13.3,10.7231668661314
"12086",6.1,6.73181210941558
"12087",10.7,8.78903696402152
"12089",11.3,8.83559493456923
"12091",8.6,7.22888069585583
"12093",9.5,7.86389958654894
"12095",6.4,5.89823511967644
"12097",6.3,6.13374792355027
"12099",10.2,8.75415791064168
"12101",9.9,8.56337352027527
"12103",11.3,9.38927921249258
"12105",8.5,7.82838820569865
"12107",10.3,8.73359720086236
"12109",10.6,8.16059879336266
"12111",10,8.94172264310108
"12113",9.2,7.42658284456546
"12115",14.1,12.1504484109063
"12117",8.1,6.93631299995533
"12119",17.8,16.7941190909953
"12121",9.9,8.24308916690276
"12123",9.6,8.0772301110185
"12125",8.2,6.84900312047449
"12127",10.6,9.18847485750748
"12129",9,7.28118217568718
"12131",10.3,7.995382609893
"12133",9.2,7.63486121474431
"13001",8.5,7.41941703214178
"13003",6.8,6.43982865111928
"13005",8.2,7.30139277846322
"13007",8.9,9.03321482689728
"13009",6.9,6.74583482050557
"13011",8.9,7.57786798318999
"13013",6.9,6.42084365462146
"13015",7.9,6.84794757001758
"13017",7.8,7.36870591664351
"13019",8.6,7.52025804489985
"13021",6.9,6.56653062455361
"13023",8.3,7.30553821057334
"13025",9,7.61946823207745
"13027",8.7,8.03545013285266
"13029",7,5.9878089034293
"13031",6.1,5.98488010664611
"13033",7.4,7.10100558366889
"13035",7.3,6.83193953354716
"13037",6.1,6.22305177019412
"13039",7.4,6.69683738714503
"13043",8.1,7.47908129438733
"13045",7.2,6.62739125712803
"13047",9.3,7.8240799178806
"13049",6.8,6.24277982830728
"13051",7.2,6.76624502092589
"13053",3.2,3.01658183926894
"13055",8.7,7.66218671284778
"13057",8.5,7.04328500205165
"13059",5.5,5.63520570759324
"13061",9.2,10.3975518568786
"13063",4.5,5.23332206033789
"13065",8,7.0664143494844
"13067",7,6.12198513146422
"13069",6.9,6.55551955976566
"13071",7.5,6.66095938745513
"13073",7.7,6.82655010893792
"13075",7.8,6.99582658240671
"13077",7.9,6.87595914585932
"13079",8.8,7.96431415208872
"13081",8.2,7.55119801645746
"13083",9.6,8.33168974306557
"13085",9.5,7.95797780655286
"13087",7.5,7.01573364998939
"13089",5.8,5.91149176751505
"13091",8.3,7.48604092500153
"13093",7.7,7.81683309542364
"13095",6.4,6.75372921304267
"13097",6,5.91717891139898
"13099",8,7.6254457688562
"13101",7.2,6.51814886670303
"13103",7.3,6.47909109457543
"13105",8.8,8.07191232910024
"13107",7.3,6.81582856156414
"13109",7.5,7.19312888569757
"13111",12.1,10.2679253402588
"13113",8.9,7.69978882797847
"13115",8,7.13632509145739
"13117",7.5,6.25451843463351
"13119",8.9,7.51975315230537
"13121",5.9,5.73306336320047
"13123",11.1,9.33064748015765
"13125",8.9,8.10252693615656
"13127",9.5,8.35089297897308
"13129",8.1,7.06963771175011
"13131",8.3,7.60084194407668
"13133",11.2,9.85835382214014
"13135",5.7,5.51546189992091
"13137",8.8,7.77812569323323
"13139",7.8,6.89242592921522
"13141",7.5,7.93385680731105
"13143",8.4,7.30709940757323
"13145",9.1,7.7919031782329
"13147",9.5,8.51925765660215
"13149",8.7,7.54698277431728
"13151",6,6.07083940733748
"13153",6.9,6.31356071138845
"13155",8.4,7.25460740232932
"13157",7.9,6.97432911661413
"13159",8.4,7.51569407935747
"13161",7.8,6.78095771893543
"13163",7.2,7.37107137576607
"13165",7.1,7.67495667159497
"13167",7.8,7.36130194192951
"13169",8.1,7.59816216391716
"13171",7.7,7.37994372522291
"13173",7.4,6.48434135413667
"13175",8,7.35474164335892
"13177",7.4,6.50972473137065
"13179",4.8,5.28401471346199
"13181",10,8.95270169419397
"13183",5.6,5.47261706281409
"13185",6.2,6.06549786984611
"13187",8.4,7.6314034630189
"13189",8.1,7.37002736648433
"13191",10.1,9.77286639819592
"13193",6.6,6.86668084285961
"13195",8.6,7.49102420424787
"13197",8.9,8.33175332764864
"13199",8.3,8.12675896626196
"13201",9.6,8.2930671395973
"13205",7.5,7.14645363263472
"13207",8.6,7.70892995189627
"13209",7.9,7.26441367102492
"13211",9.3,8.14401453341565
"13213",8.2,7.12140129591498
"13215",6.4,6.29211572495847
"13217",6.3,6.37335489325515
"13219",9.3,7.25693899203594
"13221",8.9,7.85617543002173
"13223",6.8,6.22724605796028
"13225",7.1,6.82060424135561
"13227",10.2,8.6292984133377
"13229",8.7,7.44862826068202
"13231",8.4,7.44796260662302
"13233",7.8,6.95120210649321
"13235",8.6,8.83827953336857
"13237",10,8.66188784816427
"13239",10.5,10.8123048799129
"13241",11.6,9.69101613925348
"13243",8.7,7.86463415608293
"13245",6.1,6.25247382940068
"13247",6.4,6.58161470321256
"13249",8.7,7.16130198904976
"13251",8.3,7.89151156788033
"13253",9.8,9.17393966194737
"13255",7.9,7.51228600021294
"13257",9.2,8.20862348947063
"13259",5.5,5.60136138768883
"13261",7,7.06836622643891
"13263",8.8,9.26833346938162
"13265",9,9.13146583463794
"13267",7.1,6.32974054849916
"13269",8.6,8.06063162998694
"13271",7.6,6.72234090205556
"13273",7.7,7.47637689744638
"13275",8.3,7.55950462248205
"13277",7.4,6.76278656130042
"13279",7.8,7.16028153162889
"13281",13.4,11.3539229802427
"13283",7.7,7.31590115888085
"13285",7.4,6.84685765140363
"13287",8.1,7.77923533259503
"13289",8.8,8.72359353746743
"13291",12.9,11.0182597554599
"13293",8.3,7.53902337973321
"13295",9.3,7.92276639060716
"13297",8.1,7.10110776833169
"13299",7.8,7.11745871215488
"13301",8.2,8.37872149949584
"13303",7.1,7.17520142584121
"13305",7.8,7.09169429520713
"13307",9.3,7.43184484428221
"13309",6.9,5.9629996178165
"13311",10.2,8.74632143217503
"13313",7.4,6.69258949582431
"13315",8,7.18229426376576
"13317",8.8,8.34586517600233
"13319",8.3,7.88411520340009
"13321",8.7,8.09162734189719
"16001",8.2,6.99010564154702
"16003",11.5,10.4724587058219
"16005",7.7,6.94124473422011
"16007",9.8,8.78481115895572
"16009",10,9.02420150717843
"16011",7.8,7.26756762886629
"16013",9.9,8.3113094864224
"16015",11.4,9.91439128872461
"16017",10.9,9.61946047186543
"16019",7.6,6.81151967871369
"16021",10,9.04879396173069
"16023",10.5,8.22589360891229
"16025",10.5,7.5831323943749
"16027",7.6,6.88280167486684
"16029",9,8.16391956680346
"16031",7.4,6.70913885804013
"16033",8.4,7.18247367946998
"16035",11.1,9.83134726186299
"16037",11.8,11.6939326204028
"16039",7.2,6.61207178096616
"16041",8,7.34711157661329
"16043",8.5,8.04915774339643
"16045",10,8.77913169579394
"16047",8.4,7.50422422006903
"16049",11.2,10.1567297017772
"16051",7.5,6.69127048640209
"16053",7.1,6.51466540718068
"16055",9.4,8.11751225427923
"16057",7.2,6.64213665320649
"16059",11.7,10.4099985901687
"16061",11.2,10.006840738979
"16063",7.4,7.42771970622828
"16065",3.4,4.57396317739719
"16067",7.5,7.07253116139896
"16069",9.7,8.21775160711074
"16071",9.4,8.36015745228435
"16073",8.2,7.66206527054615
"16075",9,8.16889584696965
"16077",8,7.31691480195854
"16079",9.9,8.96357768043356
"16081",8,7.08056136685727
"16083",8.1,7.24980729231497
"16085",10.9,9.46508560385666
"16087",10.2,9.37551116120459
"17001",9.7,8.35525320668188
"17003",9.5,8.93786768368343
"17005",8.6,7.77375156491668
"17007",8.3,7.35179023644867
"17009",7.1,6.72687323383765
"17011",10.1,8.92480027003559
"17013",11.1,9.58881574938664
"17015",10.1,8.96020724258421
"17017",8.6,8.02255153839973
"17019",6.5,6.13238877644701
"17021",9.3,8.29760767677864
"17023",9.7,8.44474158061583
"17025",9.9,8.54800934560903
"17027",9.2,7.95827256069301
"17029",8.4,7.7202443443704
"17031",6.4,6.52639174823546
"17033",9.3,8.02370150234966
"17035",10,8.52235357194477
"17037",7,6.49625264333017
"17039",9.7,8.47838537724169
"17041",9,8.0870361456839
"17043",8.1,7.26483870503621
"17045",10.5,9.42093828397014
"17047",10.3,8.91175137582787
"17049",9.4,8.03303713295426
"17051",8.7,7.93553322394051
"17053",9.4,8.22114488624534
"17055",9.8,8.55162009658419
"17057",9.6,8.51291986904752
"17059",11,9.58380754570771
"17061",9.9,8.53505219603238
"17063",8.2,7.28631476542557
"17065",10.2,8.85594408532071
"17067",10.8,9.19524866759038
"17069",10.9,10.9216529808211
"17071",11.4,9.86436376054411
"17073",10,8.66016201026601
"17075",10.1,8.85211485326954
"17077",7.4,7.04234148239708
"17079",10.2,8.64350502171878
"17081",9.3,8.12318932340444
"17083",9.7,8.64776044366038
"17085",11.9,10.3480686902725
"17087",8.7,7.73224378949863
"17089",7.6,6.78110075744255
"17091",8.3,7.58877443121778
"17093",6.7,6.12430119576653
"17095",9.6,8.53167043079282
"17097",7.7,6.82236204363532
"17099",9.3,8.10770415776975
"17101",8.6,7.31566340199171
"17103",9.5,8.28869263382281
"17105",9.3,8.38153832073166
"17107",8.9,8.0919464055943
"17109",8.3,7.84581142072114
"17111",8.6,7.42368564605096
"17113",7.4,6.68951353187488
"17115",9.2,8.35842837311318
"17117",9.9,8.69637274640991
"17119",8.9,7.87962909879828
"17121",9.6,8.3607444005321
"17123",10.5,9.15538631201207
"17125",10.3,9.14164533825888
"17127",9.9,8.69832690205908
"17129",10,8.55959587209773
"17131",10,8.84012225954515
"17133",9.9,8.19715338925679
"17135",9.5,8.4277244106838
"17137",9.4,8.53219595237773
"17139",9.4,8.30844009502223
"17141",9.5,8.22256325473584
"17143",8.4,7.37927231893684
"17145",9,8.01359247624593
"17147",10.1,8.69957189963536
"17149",10,8.77661891325351
"17151",12,9.42809177761797
"17153",8.5,8.28225745662069
"17155",10.6,9.12225467916922
"17157",9.4,8.31308510658678
"17159",10,8.57555284034851
"17161",8.8,7.96974584530902
"17163",7.9,7.31048403104825
"17165",9.8,8.53401966718354
"17167",9.1,7.9382092526046
"17169",10.2,9.09002659315201
"17171",10,8.595345169765
"17173",10.6,9.39196581374556
"17175",10.2,8.98355985445576
"17177",10.4,9.05794537843191
"17179",9.6,8.36227666368837
"17181",9.9,8.57571016019449
"17183",9.1,8.07004620959663
"17185",10.1,8.8846098582142
"17187",9.1,8.13180308125065
"17189",10.1,8.74560349230432
"17191",10.2,8.80054464826324
"17193",10.4,9.14422207457232
"17195",9.7,8.62475006729988
"17197",7.2,6.71787336726862
"17199",9.5,8.10062337630318
"17201",8.5,7.5194258462358
"17203",9.6,8.13245997256218
"18001",8.8,7.48480557020295
"18003",7.8,7.14866530742277
"18005",8.5,7.28902329344924
"18007",9.1,7.68722657358714
"18009",10.1,8.71928778151987
"18011",8.6,7.17874695936683
"18013",11.1,9.74952441970767
"18015",9.8,8.63431078325577
"18017",8.8,7.8479174013981
"18019",8.4,7.49688287649214
"18021",9.4,8.24771731768996
"18023",8.5,7.66217945687878
"18025",9.9,8.3790647530929
"18027",8.5,7.41319470220734
"18029",9.6,8.260419779825
"18031",9.1,8.02984783883226
"18033",9,7.84360861275703
"18035",8,7.47053132817692
"18037",9.5,7.92287400871925
"18039",7.8,7.11973545875687
"18041",9.6,8.37390705720387
"18043",9,7.6539806815086
"18045",9.7,8.38712539960667
"18047",9.7,8.55702292664572
"18049",9.7,8.4001618633041
"18051",9.2,7.90912638898499
"18053",8.9,7.85804803409739
"18055",9.7,8.36096246395302
"18057",8.2,6.78974301529768
"18059",9,7.87513862222928
"18061",9.6,8.28286285394565
"18063",8.1,7.15671979120782
"18065",9.3,8.04064904921901
"18067",9.2,8.22761442365788
"18069",9.1,8.08222353611408
"18071",8.6,7.28852036334785
"18073",9.3,8.17473267798692
"18075",9.2,8.00031087497281
"18077",9.2,8.20474579064738
"18079",9,7.75553323833508
"18081",8.5,7.37341979260834
"18083",9,7.90739896110437
"18085",9.1,7.84690115208795
"18087",8,7.29604593385293
"18089",7.8,7.25941160165633
"18091",9.1,7.86284380756202
"18093",9.7,8.45451252980815
"18095",8.8,7.87184036487922
"18097",6.6,6.22051225951043
"18099",9.1,8.01821193996563
"18101",9.9,8.34506013253003
"18103",8.8,7.63065813609985
"18105",6.9,6.46468790937666
"18107",9.1,7.95428999317418
"18109",9.3,8.07055610567601
"18111",9.5,8.27522514040478
"18113",8.8,7.75901955339905
"18115",10.7,9.19686657503447
"18117",9.7,8.45679443860735
"18119",9.8,8.64485179544291
"18121",9.7,8.38183515936056
"18123",9.2,7.77869161402583
"18125",9.9,8.76285072592474
"18127",8.5,7.84460184172405
"18129",10.1,8.4334552873712
"18131",9.9,8.69009947046605
"18133",8.6,7.78673830865457
"18135",9.7,8.38381854110393
"18137",9.4,8.24594860594969
"18139",9.5,8.19353500617993
"18141",8.1,7.23543283773009
"18143",8.7,7.84106576961143
"18145",9.3,7.98040523368287
"18147",9.9,8.51185861374229
"18149",9.6,8.37378835939283
"18151",9.9,8.8036061749937
"18153",8.9,7.70263809760805
"18155",9.5,8.18423501411496
"18157",6.2,5.84910805998525
"18159",10.1,8.68541283097678
"18161",9.9,8.76259889711581
"18163",8.7,7.67468792397979
"18165",9.6,8.414736288802
"18167",8.1,7.1953658870529
"18169",10.2,8.77067572831841
"18171",10.1,8.64879800981028
"18173",9.4,8.06065650289335
"18175",9.3,8.09317347585891
"18177",9.3,7.95147666635227
"18179",9.4,8.27234747320561
"18181",9.9,8.54215844718036
"18183",9.5,8.17325680734785
"19001",10.4,8.89609361569349
"19003",11,9.26149588752689
"19005",10.5,8.9573615535458
"19007",10.5,8.85526500418214
"19009",11.1,9.4743490075875
"19011",9.9,8.25378221807461
"19013",8,7.35413454881799
"19015",9.6,8.24073332173274
"19017",9.4,8.16206671103812
"19019",9.5,8.19141479532912
"19021",7.6,7.38611931926561
"19023",10.4,9.00594517167125
"19025",10.2,9.06996089321948
"19027",10.1,8.56545855097112
"19029",10.6,8.71274401554871
"19031",9.9,8.66192159069109
"19033",10.3,9.02239661831945
"19035",10.8,9.20250468602635
"19037",10.5,9.10831958124457
"19039",9,8.12739369266276
"19041",10.2,8.71828499336098
"19043",10.8,9.36733506439375
"19045",9.7,8.34957734966054
"19047",8.6,7.65502166673926
"19049",7.6,6.30475522708052
"19051",9.4,8.36963503546232
"19053",9.3,8.36712633586094
"19055",10.3,8.69838999376981
"19057",9.7,8.42363915023064
"19059",11.7,10.2218325807834
"19061",9.3,7.97715390758577
"19063",10,9.20924476831705
"19065",10.2,8.78400889037311
"19067",10.1,8.85281667432167
"19069",9.9,8.48913809609138
"19071",10.7,9.24391914373575
"19073",10.7,9.30099064260392
"19075",10.2,8.6671585891318
"19077",10.6,9.15029701051466
"19079",10,8.63096801344135
"19081",10.4,9.11852578129808
"19083",10.3,9.04542465940788
"19085",9.9,8.37445765561252
"19087",9.5,7.94724094494057
"19089",9.9,8.78615947294398
"19091",10.2,8.55326793499361
"19093",10.2,8.88240791719178
"19095",9.9,8.20195871194695
"19097",10.2,8.86139302061306
"19099",9.3,8.24092520058402
"19101",10.6,8.95621064837084
"19103",6.7,5.86513498257982
"19105",9.7,8.46944613180505
"19107",10.1,8.78936553254227
"19109",11,9.49786422416807
"19111",10,8.67125060929821
"19113",8.7,7.40369298560791
"19115",9.2,8.20779169242179
"19117",10.1,8.60642771477608
"19119",9.9,8.3688778852178
"19121",9.2,8.03508898390881
"19123",9.2,8.02070850857092
"19125",9.7,8.03939439131177
"19127",8.5,7.60910133699917
"19129",9.9,8.26169854667021
"19131",10.3,9.02082947936807
"19133",10.5,9.2828046189797
"19135",9.7,8.39023222304943
"19137",10.2,8.9104991781201
"19139",8.7,7.63700397656921
"19141",9.7,8.42501429976377
"19143",10.3,8.53466422558903
"19145",10,8.82287826094786
"19147",10.2,8.74319841021735
"19149",9.5,8.26825505943157
"19151",10.8,9.33894060277689
"19153",7.4,6.47229549346344
"19155",9,7.85485543271814
"19157",9.4,8.44613939192183
"19159",10.6,9.15726524896812
"19161",10.7,9.3635964140312
"19163",8.7,7.40526224560787
"19165",10.7,9.09064385402648
"19167",8.5,7.47284905351157
"19169",6.4,5.71800154520798
"19171",9.7,8.06975083095276
"19173",10,9.08606489046448
"19175",9.7,8.38308778009428
"19177",10.4,9.14617877145356
"19179",8.6,7.57160255937256
"19181",8.9,7.59765919892194
"19183",9.7,8.34969915816329
"19185",10.4,8.93494302172994
"19187",9.1,8.08568522940476
"19189",9.8,8.67832352521943
"19191",10.1,8.89651978633392
"19193",7.6,7.08654481813157
"19195",10.3,9.13164787164942
"19197",10.1,8.52098273326096
"20001",9.5,8.57916968994061
"20003",9.7,8.794494404757
"20005",8.3,7.79965475337522
"20007",10.6,8.92324658358763
"20009",9.2,8.28383876930687
"20011",9.2,8.26904582514003
"20013",9.9,8.57356398969954
"20015",8.4,7.29658291303325
"20017",10.2,9.10313628688135
"20019",10.4,9.02151908807931
"20021",9.3,8.31584816886739
"20023",10.6,9.03418698433947
"20025",9.9,9.17497255680614
"20027",10.4,9.22974256403583
"20029",9.6,8.47606507844143
"20031",10.1,9.01951958401611
"20033",10.9,10.5221629846135
"20035",8.6,7.8730184389072
"20037",7.8,7.02195630906579
"20039",11.7,9.8552714456435
"20041",9.9,8.61236334565806
"20043",9.1,8.24768179816573
"20045",6.7,6.22177653682821
"20047",9.4,8.67965968728119
"20049",11.2,10.0604113783141
"20051",7.6,6.98774084474327
"20053",9.7,8.67366976436632
"20055",5.9,5.72812587847593
"20057",5.8,5.83564060971074
"20059",8.9,7.8914303341906
"20061",5,4.93729883733935
"20063",10.5,9.37830745112836
"20065",11.1,9.38557828986115
"20067",7,6.23777555964854
"20069",8.3,7.73285855971464
"20071",9.5,8.14946157408001
"20073",10.7,9.61886625180017
"20075",7.3,6.85548698144423
"20077",9.9,8.88505734847024
"20079",9.3,8.5148461312301
"20081",7.8,7.34523413080535
"20083",9.8,8.83845862572869
"20085",9.4,8.26838975421348
"20087",9.7,8.40442173391089
"20089",12,10.3924513596854
"20091",8.4,7.05475948992988
"20093",7.7,7.499259627803
"20095",9.3,8.31096540960985
"20097",9.9,9.02623318454425
"20099",9.3,8.21583880369254
"20101",10.7,9.15860002679032
"20103",8.2,7.07156520233033
"20105",11,9.34886762964863
"20107",10.1,8.91555982871842
"20109",9.6,8.39001189740408
"20111",7.2,7.18393037407827
"20113",9.3,8.181167501196
"20115",10.1,9.04674364069654
"20117",10.2,8.90577282746107
"20119",8.7,7.81212804296269
"20121",9.2,7.91176591037708
"20123",10.2,8.76180277403252
"20125",9.2,8.20136056673803
"20127",11,9.52582401952653
"20129",9.2,8.25602232036593
"20131",9.8,8.21833327585435
"20133",9.4,8.39279332456488
"20135",10.6,9.05026784230975
"20137",9,8.08744017065029
"20139",9.8,8.55891057051357
"20141",11.2,9.53810448093433
"20143",9.9,8.28279111319624
"20145",9.6,8.52014025925676
"20147",10.7,9.01263030369144
"20149",8.5,7.20724945424777
"20151",9.3,8.57521718670933
"20153",11.5,9.73327505038322
"20155",9.1,8.31724009849237
"20157",11.3,9.6180877299227
"20159",8.9,8.0076294653413
"20161",4.9,4.95036132217708
"20163",10.3,9.08734835553267
"20165",11,9.33573522594251
"20167",10.6,9.41113212432806
"20169",8.9,7.82402491898382
"20171",9.1,8.04692594419027
"20173",7.6,6.96437801494798
"20175",5.3,5.43358386952103
"20177",8.8,7.84773246510665
"20179",10.5,9.00270143331233
"20181",9.3,7.70178136414309
"20183",11.6,10.0692585852987
"20185",9.9,8.63923371415874
"20187",8,6.72275401497682
"20189",7.9,6.76320358318014
"20191",9.3,8.12669503610391
"20193",8.8,7.87439312439523
"20195",11.2,9.8470810497761
"20197",9.8,8.71950327109808
"20199",10.7,9.30423450527955
"20201",10.4,9.06697267252919
"20203",9.2,8.15916951998057
"20205",10.1,8.80137144278218
"20207",10.7,9.74777586033074
"20209",5.8,6.24148381947222
"21001",NA,8.15498068818861
"21003",NA,7.88486868497659
"21005",NA,7.5978721359893
"21007",NA,8.64446342249012
"21009",NA,7.77851437597393
"21011",NA,7.67575528007948
"21013",NA,8.08019000182051
"21015",NA,7.14789505832544
"21017",NA,8.16716520812223
"21019",NA,8.3415341607897
"21021",NA,7.80280699936004
"21023",NA,7.94322373825826
"21025",NA,7.97521779822682
"21027",NA,8.27813927576082
"21029",NA,7.7655721167305
"21031",NA,7.9763793572358
"21033",NA,8.57312470688362
"21035",NA,7.40872746715559
"21037",NA,7.73310242036157
"21039",NA,8.20485959314093
"21041",NA,7.4010213504532
"21043",NA,8.44585764540154
"21045",NA,8.41412880563517
"21047",NA,6.05933567562543
"21049",NA,7.99801908920913
"21051",NA,7.26924736841227
"21053",NA,8.4539297716972
"21055",NA,8.42298750750131
"21057",NA,8.69528165959843
"21059",NA,7.66132044705158
"21061",NA,8.73335227220927
"21063",NA,8.41948609263018
"21065",NA,8.32748248502838
"21067",NA,6.57097433674298
"21069",NA,8.07220563065444
"21071",NA,8.26749887930791
"21073",NA,7.80256020202754
"21075",NA,7.98006955359136
"21077",NA,7.40668090737148
"21079",NA,8.03789811058037
"21081",NA,7.21868982740208
"21083",NA,7.80162184392722
"21085",NA,7.87556751341489
"21087",NA,8.78014384536222
"21089",NA,8.81480201368305
"21091",NA,7.99504014343912
"21093",NA,6.88364658870809
"21095",NA,8.29909454682718
"21097",NA,8.2123718254905
"21099",NA,7.65379639967905
"21101",NA,8.07096505352653
"21103",NA,7.95855988648055
"21105",NA,9.45598905989262
"21107",NA,8.09098558915313
"21109",NA,8.05760401913011
"21111",NA,7.0451341085731
"21113",NA,7.42662899688102
"21115",NA,8.0772796038664
"21117",NA,7.26052684696104
"21119",NA,8.35691134991598
"21121",NA,7.85901294294827
"21123",NA,7.85252422596959
"21125",NA,7.6814152909293
"21127",NA,8.42530962516098
"21129",NA,7.90656807790989
"21131",NA,8.23159993907284
"21133",NA,8.5356975752952
"21135",NA,8.31417780818421
"21137",NA,8.16401967526234
"21139",NA,8.75802099167888
"21141",NA,8.03511986162137
"21143",NA,8.9218989632059
"21145",NA,8.19556170735818
"21147",NA,7.25777564142822
"21149",NA,8.42749099618168
"21151",NA,7.11038274526424
"21153",NA,8.01713528834393
"21155",NA,7.64094682193941
"21157",NA,8.73687609497189
"21159",NA,7.44127044979523
"21161",NA,8.1429006968675
"21163",NA,7.31657436646677
"21165",NA,8.74458758918285
"21167",NA,8.189139244156
"21169",NA,8.08888392316905
"21171",NA,8.0147842190616
"21173",NA,7.79443291878277
"21175",NA,7.44170126103666
"21177",NA,8.2208737290438
"21179",NA,7.69450436744147
"21181",NA,7.83016701023955
"21183",NA,8.03851228052437
"21185",NA,7.00022226122621
"21187",NA,8.3409040459704
"21189",NA,8.55330482585994
"21191",NA,7.83564646392833
"21193",NA,7.92161989857944
"21195",NA,8.26991324381407
"21197",NA,7.43977258414029
"21199",NA,8.17719169921173
"21201",NA,8.38458510803432
"21203",NA,8.24992825983
"21205",NA,7.082670152852
"21207",NA,8.47536736126028
"21209",NA,6.78989687192945
"21211",NA,7.52816955564651
"21213",NA,7.20708782866155
"21215",NA,7.51272376190495
"21217",NA,7.84411116879429
"21219",NA,7.27468587658666
"21221",NA,8.54197275800366
"21223",NA,8.15052852229967
"21225",NA,8.22197628730473
"21227",NA,6.46502835362055
"21229",NA,8.16149299247938
"21231",NA,8.56998694270909
"21233",NA,7.90838205764617
"21235",NA,7.40748038583678
"21237",NA,8.27779968749143
"21239",NA,8.33422659900346
"22001",8.1,7.47995707942378
"22003",7.1,6.59006503977966
"22005",7.1,6.62186732771506
"22007",8.4,8.30777174551419
"22009",7.9,7.45742335765163
"22011",8.2,7.30331254611031
"22013",8.3,8.08731101446076
"22015",7.5,6.72386152295307
"22017",7.5,7.42589680044422
"22019",7.8,7.11491111406106
"22021",8.4,7.50812104491137
"22023",9.5,8.11141723739632
"22025",7.8,7.32270100061463
"22027",8,7.8738462938374
"22029",7.9,7.47253577281347
"22031",8.1,7.7590342406133
"22033",6.5,6.68796126805585
"22035",5.7,6.85050528550156
"22037",7.8,7.76608272909539
"22039",7.5,7.16427610534572
"22041",8.4,7.81706207009552
"22043",7.5,6.9535059913175
"22045",7.5,7.26900194227704
"22047",7.1,7.42114990574994
"22049",8.7,8.05630460713684
"22051",7.8,7.55233784132436
"22053",8.4,7.60269147342118
"22055",7.4,6.70118410166815
"22057",8.1,7.44402887771785
"22059",7.5,7.04837466767853
"22061",6.1,6.11490515609041
"22063",7.8,6.98120663472785
"22065",6.8,6.94334281596589
"22067",7.8,7.6559770470659
"22069",7,7.12498389280386
"22071",6.3,6.82897918344565
"22073",7.4,6.82036248737039
"22075",7.3,6.79972709964933
"22077",8.9,8.47297337828991
"22079",7.8,7.30615681254408
"22081",8.1,7.7869416924348
"22083",7.9,7.45827787216183
"22085",9.1,8.2518115010421
"22087",6.8,6.52902086611191
"22089",7.7,7.09470805932185
"22091",7.8,7.90324829092794
"22093",7.9,7.92889808725639
"22095",6.5,6.85960134501591
"22097",7.4,7.35434402217131
"22099",7.9,7.51097704279572
"22101",8,7.71209134203461
"22103",8.9,7.70419804991855
"22105",7.2,6.97375668745147
"22107",9,9.11048968258026
"22109",7.8,7.20741722574274
"22111",9.4,8.33077093519289
"22113",8.1,7.49572945482488
"22115",7,6.61276457694252
"22117",8.1,7.686834627327
"22119",8.5,8.02174417867179
"22121",7,6.86332404630385
"22123",9.4,8.30833330920015
"22125",7,6.4187889509659
"22127",8,7.56226497909855
"23001",8.8,7.93865109814334
"23003",10.5,9.40844309526198
"23005",9.4,8.11458190511911
"23007",9.9,8.97363234290883
"23009",11,9.54702058006708
"23011",9.3,8.47141934350213
"23013",10.9,9.79199197146156
"23015",11.9,10.1703223224579
"23017",10.4,8.99659720922669
"23019",9.5,8.18736572044451
"23021",10.9,9.63454765061303
"23023",10.5,9.07832577462275
"23025",9.9,8.85058652619433
"23027",10.6,9.1727086834163
"23029",10.8,9.29463758813386
"23031",10.5,8.70772144747456
"24001",9.4,8.04561931253099
"24003",8.5,7.07629041076474
"24005",8,7.33766931939874
"24009",8.9,7.49168412119307
"24011",8.9,7.60249022900951
"24013",9.7,7.89667827460731
"24015",9,7.55077862399551
"24017",6.7,6.48337824042282
"24019",9.6,8.52532805457546
"24021",8.4,7.03026604406784
"24023",11.2,9.04062982038319
"24025",8.8,7.5146558050954
"24027",7.7,6.61707826863409
"24029",11,9.59207720294092
"24031",7.4,6.82392741797595
"24033",5.6,6.06060918897971
"24035",10.4,8.2954124043726
"24037",8,6.83755735062015
"24039",7.5,6.77994743354607
"24041",12.3,9.96794729080848
"24043",9,7.48321811518545
"24045",7.8,7.08395590926664
"24047",11.6,9.8435476235346
"24510",5.9,6.12678211258771
"25001",13.2,10.7674737526807
"25003",10.8,9.09969350066253
"25005",8.9,7.51966501914361
"25007",11.7,9.36608208831144
"25009",8.8,7.435672785128
"25011",10.9,8.94359583362479
"25013",8.5,7.29767661844881
"25015",8.5,7.92041084322444
"25017",8.1,6.88187930939788
"25019",8.8,6.8975823075101
"25021",8.9,7.30333824827024
"25023",9.6,7.92173115308272
"25025",5.8,5.69549987573326
"25027",8.5,7.2364524875034
"26001",13.6,11.7617401667528
"26003",10.9,9.49414155944089
"26005",9.5,7.97931054237857
"26007",11.2,9.23658028277059
"26009",12.1,10.1820375309873
"26011",11.7,9.81706115390113
"26013",10,8.83709423143844
"26015",10.1,8.35243795244924
"26017",10.2,8.64391331403938
"26019",12.2,10.0698935831898
"26021",10,8.29690768645444
"26023",9.7,8.06483668884392
"26025",9.1,7.88040008605194
"26027",10.3,8.83675763858997
"26029",11.9,9.71467452890756
"26031",11.8,10.1585724763634
"26033",8.8,7.86889337681968
"26035",11.1,9.19911911859413
"26037",9.8,8.01263890216217
"26039",11.7,9.692496318485
"26041",11.4,9.52872058021521
"26043",11.2,9.1848252365568
"26045",9.7,8.35078735008692
"26047",11.2,9.21510463563103
"26049",9.1,7.86295989400708
"26051",11.7,9.95876360855897
"26053",12.2,10.1261250528092
"26055",10.6,8.61687779915426
"26057",8.6,7.59099477868981
"26059",10.3,8.54637894043367
"26061",8.5,7.36197057002535
"26063",11.6,9.94000657217966
"26065",7.1,6.76144891976483
"26067",8.5,7.24761123915762
"26069",12.5,10.4823840189554
"26071",12.6,10.593672072702
"26073",7.1,6.62289680757598
"26075",9.5,8.01076097244283
"26077",8.1,7.14902269800991
"26079",10.4,8.71177215671417
"26081",8.1,6.89962300935982
"26083",13.9,11.4967478786909
"26085",10.6,9.45548988316456
"26087",10,8.41401735787109
"26089",13.3,10.9999936908029
"26091",9.7,8.41854649483524
"26093",10.3,8.23658335895793
"26095",9.8,8.30829216766115
"26097",11.6,10.0897626452981
"26099",9,7.90769555037621
"26101",11.5,9.87475815264558
"26103",9.3,8.1489284570892
"26105",11.5,9.47334442061097
"26107",9.7,8.23925972717661
"26109",11.6,9.71631434817505
"26111",10,8.22717507717668
"26113",10.6,8.93102954145837
"26115",9.9,8.31860102708053
"26117",9,7.82448216490659
"26119",12.7,10.9417758801836
"26121",9,7.85531308795385
"26123",10.1,8.47873116636966
"26125",8.7,7.66237161982874
"26127",10.3,8.81415207467723
"26129",11.6,9.87302467541729
"26131",13.9,12.1617512131677
"26133",10.5,8.82194925519809
"26135",12.1,10.1961913537817
"26137",10.6,8.83794231656773
"26139",8.6,7.4972327676051
"26141",13,11.1849505903789
"26143",13,11.1703629465727
"26145",9.2,8.10307460000594
"26147",10.1,8.45363263391557
"26149",9.5,8.08508234424177
"26151",10.6,9.02889304215403
"26153",12,10.0755885874438
"26155",10,8.42648320602342
"26157",10.3,8.85093990041556
"26159",9.7,8.16923196584983
"26161",7.7,6.81677903935515
"26163",7.6,7.07834925377743
"26165",10.1,8.48774652577653
"27001",12.6,11.4482449664296
"27003",8,7.30649639301531
"27005",10.3,8.84833600491428
"27007",8.4,7.6330522961354
"27009",7.9,7.03014238605842
"27011",11.4,9.76316585663617
"27013",7.1,6.63478174519081
"27015",9.9,8.91905449769766
"27017",9.2,7.95998236774949
"27019",8.4,7.02965473328139
"27021",11.3,9.88545396111111
"27023",10,8.61208201088468
"27025",8.9,7.84678072658052
"27027",7.5,6.72066643972299
"27029",9.8,8.85828156581116
"27031",11.7,10.2770497370974
"27033",10.1,8.71326278605277
"27035",10.6,9.22922725493637
"27037",8.3,7.30961392883576
"27039",8.6,7.57718492684144
"27041",10.5,9.23255514434288
"27043",10.3,8.98616175765715
"27045",10.2,9.01234469156998
"27047",10,8.98474717801597
"27049",9.7,8.42989156823351
"27051",10.4,9.17457419228152
"27053",7.6,6.92719743575258
"27055",10.6,9.18860292546466
"27057",11.2,9.68835356406917
"27059",8.8,7.88646111329039
"27061",10.8,9.46093797092751
"27063",10.4,9.030709888636
"27065",9.7,8.84963620162172
"27067",9.3,8.40646254012137
"27069",11.2,9.72720299661851
"27071",11.3,10.0429640656192
"27073",11.4,10.0504030605067
"27075",11.3,9.95191428352812
"27077",11,9.90893261610862
"27079",9.4,8.21690362222509
"27081",10.7,9.35623482554578
"27083",8.7,7.60367567666186
"27085",9.5,8.50834935635212
"27087",8.8,8.08872348286003
"27089",10.3,9.18585043648365
"27091",10.6,9.20808164192342
"27093",9.9,8.74173700613104
"27095",9.3,8.13487581053087
"27097",9.8,8.5967971747111
"27099",8.8,7.77239019946871
"27101",11.1,9.81717211893716
"27103",8.5,7.59881348363025
"27105",8.1,7.75289863673632
"27107",10,8.93644810801945
"27109",8.6,7.37529124284305
"27111",11.1,9.45115725068195
"27113",9.3,8.16966132022346
"27115",9.8,8.92175166207592
"27117",10,8.51562115045428
"27119",9.3,8.11397872693999
"27121",10.9,9.50802710442515
"27123",7.7,6.90346580321863
"27125",10.3,9.14732618873592
"27127",9.9,8.82897901041074
"27129",9.9,8.69036947291006
"27131",8,7.50296710222471
"27133",9.7,8.38811049195037
"27135",9.5,8.32027417115319
"27137",9.2,8.32418417699509
"27139",7.6,6.72351260237883
"27141",7.6,6.82217442153575
"27143",9.3,8.16149778616446
"27145",8.2,7.28511773046225
"27147",9.3,8.09935247610272
"27149",8,7.57891023233769
"27151",10.5,9.17884094678364
"27153",10.3,9.06563595000276
"27155",11,9.62240407969164
"27157",10.6,9.08020448281993
"27159",9.7,8.49910718931958
"27161",9,8.20466405692633
"27163",8.8,7.52646839300655
"27165",9.2,8.42551753536889
"27167",9.6,8.20009573708934
"27169",8.3,7.73142961694599
"27171",8.2,7.07479310117719
"27173",9.8,8.71597605138721
"28001",7.7,8.0604483220022
"28003",8.9,7.88563370500866
"28005",9.5,9.13884389576491
"28007",8.1,7.84513770840787
"28009",8.3,8.29500416040456
"28011",6.7,6.8851920116328
"28013",8.7,8.02850664720732
"28015",9.3,8.68443874261286
"28017",7.6,7.50720940076359
"28019",9.5,8.66595498674319
"28021",5.7,7.32574792188683
"28023",8.9,8.47280281985873
"28025",7.4,7.6680136427465
"28027",6.2,6.76869134639399
"28029",7.7,7.56387621262045
"28031",7.9,7.50398799491852
"28033",7,6.47414326288998
"28035",6.6,6.5764369283632
"28037",8.9,8.0805460536397
"28039",8,7.23694697417382
"28041",7.3,6.70097258463385
"28043",8,7.53423387889654
"28045",10,8.74552229515404
"28047",7.9,7.26533366430225
"28049",6.1,6.8074762927727
"28051",5.8,6.53348233454642
"28053",6.8,7.35850574069493
"28055",5.3,7.31700898822537
"28057",8.6,7.86355287787283
"28059",8.1,7.52818912507263
"28061",8.1,8.18240263983389
"28063",6.3,7.27662138812477
"28065",8.3,8.62687540253425
"28067",8.3,7.50000448527251
"28069",7.5,7.92033747779883
"28071",6.4,6.29625583628672
"28073",8.1,6.9626174398014
"28075",7.9,7.4126030953757
"28077",8.3,7.63064925531589
"28079",7.7,7.57549194827421
"28081",7.8,7.03117685801971
"28083",6,6.63052654916526
"28085",8.2,7.53890985228437
"28087",7.5,7.24451166167963
"28089",7.6,6.66234971796692
"28091",8.2,7.92149268643513
"28093",7.5,7.50450620059412
"28095",8.7,8.08112773845424
"28097",8.7,8.31854311665464
"28099",7.8,7.2526196617808
"28101",7.8,7.38804180038978
"28103",6.5,7.4821293175819
"28105",5.2,5.56474832620187
"28107",7.5,7.29226338065289
"28109",8.9,8.16893109241861
"28111",8.7,8.05436762171805
"28113",7.2,7.31950936847013
"28115",7.9,7.10886517228056
"28117",8.4,7.59105460310716
"28119",6.5,7.29653554389627
"28121",8.2,7.37821495507686
"28123",7.2,7.10947817636315
"28125",7.3,7.28684489523887
"28127",8.2,7.78195806699668
"28129",9.1,8.37508729563868
"28131",8.2,7.67638699947113
"28133",5.6,6.30590750727454
"28135",6.7,7.01471523594315
"28137",7.7,7.24691863441328
"28139",8.4,7.54517264549407
"28141",9.7,8.39779903278336
"28143",5.5,6.30619950618205
"28145",8.4,7.42940803147639
"28147",8.2,8.0598145554622
"28149",7.7,7.46637053901842
"28151",6.6,7.2233906531472
"28153",7.9,7.51621903657795
"28155",8.6,7.91742913065628
"28157",6.8,7.25832822943166
"28159",8.1,7.92387598182221
"28161",8.5,8.37648372362642
"28163",6,6.2157505153983
"29001",7.4,6.78061450928819
"29003",9.9,8.59263706951418
"29005",11.1,9.44323286354074
"29007",9.2,8.07718191383881
"29009",9.8,8.67759361204809
"29011",9.8,8.38675423708016
"29013",9.5,8.14599556445776
"29015",12.1,10.5558108610908
"29017",9.9,8.66738486813428
"29019",7,6.37606300173479
"29021",8.5,7.38546090666763
"29023",9.2,8.20703425102929
"29025",9.8,8.42950669182671
"29027",8.9,7.73505279152888
"29029",12,10.0681916363999
"29031",8.5,7.5970144277125
"29033",10.2,8.89687113576595
"29035",9.8,8.53675750604893
"29037",9.3,7.92095351608473
"29039",10.6,9.02151206151803
"29041",10.8,9.52010400055016
"29043",9.1,7.51204668994373
"29045",10.2,8.84956086253433
"29047",8.1,7.11458420183842
"29049",9.5,8.0172735656375
"29051",8.9,7.55077785726359
"29053",9.3,8.15465299196219
"29055",9.8,8.64213944592791
"29057",10.7,9.31008311658516
"29059",9.8,8.60390607474464
"29061",10.2,8.7762224771485
"29063",9.8,8.05373154885311
"29065",10.2,8.7314392146084
"29067",10.7,9.26147210916314
"29069",8.9,8.04007559377247
"29071",9.6,8.15364486250407
"29073",10.7,9.06826482220328
"29075",9.5,8.1141049771551
"29077",8.3,7.48503230286898
"29079",10.4,8.73970561216474
"29081",10.4,8.74679996553638
"29083",10.3,8.83547470740207
"29085",12.4,10.8285506990652
"29087",11,9.78171918918918
"29089",9.2,8.24767928004878
"29091",9.5,8.38407675009077
"29093",10.1,8.8083524245892
"29095",7.4,6.91664950757888
"29097",8.4,7.30283754428462
"29099",9,7.62157577915974
"29101",7.1,6.74344921265638
"29103",10,8.77821253576006
"29105",9.2,7.91895490797579
"29107",9.5,8.2188660156227
"29109",9,7.95176178770802
"29111",8.9,8.09240541327691
"29113",8.2,7.29078720937754
"29115",10,8.55664600685537
"29117",9.4,8.54967722962038
"29119",8.4,7.47825940783993
"29121",10.2,8.99534883158737
"29123",9.5,8.29549641249147
"29125",10.1,8.9087124916556
"29127",9.3,8.03074593367659
"29129",10.5,8.74809706914392
"29131",9.6,8.32605772569623
"29133",8.4,7.53016863423192
"29135",8.7,7.65742936648667
"29137",10.8,9.33445043702181
"29139",9.7,8.50260499485321
"29141",10.5,9.12856447450007
"29143",9.1,8.22818045263894
"29145",9.3,8.01691305751601
"29147",8.1,7.36302534010291
"29149",10.3,8.99640719701662
"29151",9.4,8.06250377773136
"29153",11.6,10.1873060050991
"29155",8.5,7.65633229354065
"29157",9.6,8.33143130419994
"29159",8.8,7.6925369874804
"29161",8.4,7.35741880727354
"29163",9.1,7.83426558034802
"29165",8.5,7.19291004588029
"29167",9.1,8.01099810888865
"29169",5.4,5.64190582870729
"29171",10.7,9.39987640902799
"29173",10.5,9.01804194154896
"29175",8.7,7.58266371522045
"29177",9.6,8.25149922672973
"29179",10.4,8.91146018041815
"29181",9.6,8.51060564695263
"29183",9,7.57151744246673
"29185",11.1,9.59358360413375
"29186",9.9,8.64104392999681
"29187",8.6,7.57599067646221
"29189",8.5,7.74948278985919
"29195",8.3,7.51022501594011
"29197",9.7,8.52496544390427
"29199",9.7,8.83068963722827
"29201",9,7.99915320827875
"29203",10.5,8.87310729150973
"29205",10.2,8.73523281326175
"29207",9.6,8.50405243205074
"29209",12.3,10.5225599609683
"29211",9.5,8.42191564309961
"29213",10,8.72602052895556
"29215",9.7,8.35724535686869
"29217",9.7,8.41903417405706
"29219",9.2,8.05502343678717
"29221",9,7.7844863634745
"29223",10.7,9.20188561892063
"29225",8.6,7.50748206871316
"29227",11.2,9.39597569438748
"29229",9.6,8.40528058638089
"29510",6.5,6.48923295469759
"30001",9.8,8.75737718003707
"30003",7.2,6.99988658612304
"30005",8.4,7.8000330480567
"30007",10.3,9.21557552144243
"30009",11.4,10.0442601467393
"30011",11.9,10.6945319521243
"30013",9.2,7.9194058714415
"30015",9.9,9.08134463051823
"30017",9.6,8.29577013779321
"30019",11.2,10.4525588404588
"30021",9.8,8.4616150005268
"30023",10.5,9.0112126706824
"30025",9.6,8.78540623069311
"30027",10.7,9.26968652111686
"30029",10,8.41273772721277
"30031",7.2,6.58815249271152
"30033",11,10.2627450164942
"30035",7,6.78943930403595
"30037",12.5,10.2115401729504
"30039",11.8,10.6783314878001
"30041",8.3,7.26549384175337
"30043",10.5,9.13087024123999
"30045",11.6,9.97696590987419
"30047",10.3,9.10303044376012
"30049",9.7,8.10603094978637
"30051",10.8,8.42163654542858
"30053",11.7,10.4161100530604
"30055",11.8,10.4489744753193
"30057",11.6,10.6233850103853
"30059",12.5,11.3088205840505
"30061",11.6,9.8197004837659
"30063",8,7.24991375436601
"30065",11,10.3285220611729
"30067",10.5,8.97078963137939
"30069",12.1,10.1804003900925
"30071",10.6,9.37051789355183
"30073",10,8.41480105190603
"30075",11.9,10.9885122318223
"30077",9.1,8.07857961003846
"30079",13.5,11.4443864224626
"30081",11.2,9.82752828273903
"30083",9,7.81346316080697
"30085",7,6.45763146860103
"30087",8.7,7.84113878175741
"30089",12,10.9800055423158
"30091",10.6,9.35038515537588
"30093",8.9,7.70194693491911
"30095",10.8,9.58007481658496
"30097",11.3,9.37765205280325
"30099",10.5,9.22299663520799
"30101",8.2,7.40641519448098
"30103",12.4,9.08918318553906
"30105",10.9,9.22682494959642
"30107",10.6,10.3157359386225
"30109",10.9,9.5004280810968
"30111",9.1,7.67489736920867
"31001",9.1,7.49772630000902
"31003",10.8,9.23455852600409
"31005",10.5,8.34444676585594
"31007",11.4,10.1080345411273
"31009",10.7,10.6017997822476
"31011",10.7,9.16887493302106
"31013",9.4,8.11678610045138
"31015",12.2,10.8956807526731
"31017",10.8,9.6754805356344
"31019",8.1,7.07951618794498
"31021",10.6,9.11406372275166
"31023",9.7,8.36062598059519
"31025",9.4,7.9663057103452
"31027",10.4,8.86352690231258
"31029",10.4,9.3063735662008
"31031",10.2,8.62470329371463
"31033",9.9,8.27309869085281
"31035",9.7,8.4539859614711
"31037",7,6.61945996868244
"31039",10,8.52011219573899
"31041",10.3,8.62600813655042
"31043",6.6,6.75384432176164
"31045",8.7,7.89288949166878
"31047",7.5,6.97869681952384
"31049",11.5,9.70395029520932
"31051",10,8.68677383926752
"31053",8.8,7.96773366378528
"31055",7.4,6.40453344631601
"31057",11.6,9.29329559018571
"31059",10.5,9.1703885811641
"31061",11.3,9.80850972519971
"31063",10.6,9.23715203304848
"31065",10.9,9.38424750715709
"31067",9.9,8.53994822912406
"31069",11.8,10.4418918898092
"31071",11.8,9.57108367361081
"31073",10.8,9.28473151999146
"31075",10.9,8.57489371740542
"31077",10.7,9.42751817152714
"31079",7.8,6.77863899931393
"31081",9.8,8.23130473565386
"31083",11.3,9.64204718486125
"31085",11.7,9.57453687461428
"31087",11.1,9.48545370364674
"31089",10.5,8.65214260750636
"31091",11.2,9.78384357624974
"31093",10.4,8.88766070982443
"31095",10.6,9.4486014618901
"31097",8.2,7.55852374492335
"31099",9.9,8.0681670896452
"31101",11.2,9.23774003669507
"31103",12.4,9.34122843587438
"31105",10.9,9.97267131407944
"31107",11,9.48196935644899
"31109",7.7,6.65955796275495
"31111",9.5,8.06945772155954
"31113",11.4,8.72554115866266
"31115",12,9.31707121061623
"31117",12.1,8.87114040407509
"31119",8.7,7.47154655251215
"31121",9.8,8.51198392044683
"31123",9.8,8.69443906474536
"31125",9.7,8.58924150569935
"31127",9.1,8.16592999917471
"31129",11.5,10.1398546105616
"31131",9.7,8.21772029789763
"31133",11.8,10.156557455278
"31135",10.4,9.07576955608447
"31137",9.7,8.08611316044825
"31139",9.8,8.42060019914554
"31141",8.8,7.57971619486845
"31143",10.4,9.172111642046
"31145",9.7,8.12766727322811
"31147",10.6,9.24659092564
"31149",11.5,9.39271997175712
"31151",7.8,7.16757924513918
"31153",7.4,6.37737831377535
"31155",9.4,7.83082474928182
"31157",9.2,8.06703589309748
"31159",8.8,7.68385535805679
"31161",11.2,9.80944109333421
"31163",11.2,9.75500543120429
"31165",11.8,9.29488135073267
"31167",9.9,8.43638506490469
"31169",10.8,9.46370614469638
"31171",11,10.5262446783678
"31173",7,6.52695319957008
"31175",11,9.21930333124842
"31177",9.8,7.93838715631506
"31179",7.5,7.23170662584254
"31181",10.2,8.79265261312075
"31183",12.1,10.5217791846713
"31185",9.3,8.15486488027912
"32001",9.1,7.66388621674245
"32003",6.8,6.39818360544284
"32005",12.6,10.3782655703589
"32007",7.3,6.09914335517579
"32009",11.8,9.29051220326461
"32011",9.6,8.325006915524
"32013",8.1,6.84189113742346
"32015",8.5,6.507101956757
"32017",10.6,8.22874116400522
"32019",9.5,8.0917894101963
"32021",10.4,8.57724521486714
"32023",11.3,9.81992250903249
"32027",8.4,6.87521725964928
"32029",12.4,12.1339775873228
"32031",8.3,6.86904688997895
"32033",9.2,7.85425715678255
"32510",9.2,7.71384589798703
"33001",11.3,9.07736594474452
"33003",12.5,10.4153696564471
"33005",10.6,8.65265982480523
"33007",10.9,9.33934987073056
"33009",10.2,8.62255627503119
"33011",9,7.45322731080933
"33013",9.7,8.17688229921667
"33015",10.1,8.23029818039654
"33017",8.6,7.50801995531544
"33019",10.5,8.90505940484845
"34001",8.1,7.4815354804773
"34003",7.6,7.14982831492834
"34005",8.2,7.48005487329537
"34007",7.3,6.86250831937527
"34009",11.5,9.88468579769136
"34011",7,6.49738394967859
"34013",5.8,5.74286216307479
"34015",8.1,7.41413624638031
"34017",4.9,5.28667956392161
"34019",9.9,8.30342105919325
"34021",7,6.50152086002853
"34023",6.5,6.5131481840638
"34025",8.9,7.65074098479578
"34027",8.6,7.37073577107309
"34029",10,8.57015849252583
"34031",6.7,6.30879486898726
"34033",8.7,7.84131940816802
"34035",7.6,6.89901930472125
"34037",9,7.93598357413735
"34039",6.4,6.19533895403701
"34041",9.4,7.92514400859275
"35001",7.2,7.15872722186796
"35003",13.1,12.4159270369406
"35005",6.7,6.33717768560996
"35006",6.8,7.05513818512839
"35007",9.4,8.62391642028312
"35009",5.9,5.81727656651199
"35011",10,7.17519122750065
"35013",6.1,6.97292685692955
"35015",6.6,6.19237421058433
"35017",9.8,9.54140757238792
"35019",6.1,6.60783930319862
"35021",11.7,8.89102028659727
"35023",8.1,8.26246064081623
"35025",5.5,5.42713722499154
"35027",11.1,9.36027877889171
"35028",8.6,7.73988663946088
"35029",7.2,7.4288375383647
"35031",6,6.14523080379682
"35033",8.4,10.0203552175595
"35035",7,6.65262874330012
"35037",9.3,8.01028502419315
"35039",7.1,7.62565808823392
"35041",6.4,6.41481333876121
"35043",8,7.60826811235505
"35045",7.4,6.76047724213497
"35047",7.4,7.98261876736302
"35049",9.7,8.99118288691349
"35051",12.1,10.3190277249475
"35053",7.3,7.42638751062857
"35055",9.6,9.29722618251988
"35057",8.4,8.01015861373494
"35059",8.5,7.73248819255193
"35061",7,7.04201598768166
"36001",8.2,7.26967884534202
"36003",9.4,8.10559411669708
"36005",5.1,5.37187544238744
"36007",9.1,7.79549832156287
"36009",9.8,8.22077804489978
"36011",9.9,8.28066760648635
"36013",9.9,8.34389996444976
"36015",9.6,8.01582901909679
"36017",10.5,8.78059268459064
"36019",9.2,7.83359602175053
"36021",11.2,9.11588118011046
"36023",8.5,7.59801882286877
"36025",10.7,9.22926157268657
"36027",8.8,7.59995249895602
"36029",8.8,7.7951781371683
"36031",11.1,9.34389789345983
"36033",9.5,7.69855829344068
"36035",9.8,8.33121438217253
"36037",9.8,8.30092865961909
"36039",10.4,8.79053824613748
"36041",12.7,10.8900089014479
"36043",10.3,8.62843184343925
"36045",8,6.91730025095091
"36047",5.8,6.08099199906794
"36049",10,8.37812656106759
"36051",9.6,8.14937579347855
"36053",9.8,8.32823005600537
"36055",8.9,7.53110187577691
"36057",9.1,7.8760914951187
"36059",8.4,7.39703267587144
"36061",7.2,6.70380639919975
"36063",9.8,8.32633311105518
"36065",9.4,7.90264744764821
"36067",9.1,7.51435675661735
"36069",10.3,8.55279421447652
"36071",7.6,6.53943070946807
"36073",9.5,8.15056028438095
"36075",9.2,7.71527689719451
"36077",9.3,8.41472911420451
"36079",9.3,7.72709594049
"36081",6.1,6.50815769183044
"36083",8.9,7.56953840327855
"36085",7.6,7.10414667171262
"36087",7.9,6.56762989281077
"36089",9.1,7.7753920735806
"36091",9.8,8.12587456583221
"36093",8.4,7.32476511186594
"36095",10.4,8.97860125274453
"36097",10.6,8.74363272967997
"36099",10,8.22548819594864
"36101",10,8.3034386081185
"36103",8.6,7.40531443661738
"36105",8.9,7.47758984948477
"36107",10.5,8.60934258205612
"36109",7.6,6.76367411387063
"36111",9.5,7.90292676708869
"36113",10.7,9.06218350513162
"36115",10.2,8.48585352269487
"36117",10.1,8.29652979977332
"36119",8.1,7.02026806948039
"36121",9.6,8.26287865037637
"36123",10.3,8.35380289135753
"37001",7.9,7.22192113034026
"37003",9.3,8.43957469552131
"37005",11.3,10.141293004947
"37007",7.4,7.70014877050484
"37009",11.3,9.69850600366314
"37011",9.9,8.57457628139875
"37013",9.9,9.02336127820429
"37015",7.9,8.22272015602872
"37017",8.9,8.48651048868379
"37019",12.3,10.9162516274361
"37021",9.7,7.89147888435961
"37023",9.5,8.24202061733749
"37025",7.2,6.44451415727981
"37027",9.6,8.41540991345312
"37029",8.6,7.5367088618488
"37031",11.3,9.43381248147239
"37033",8.6,8.38693815559457
"37035",8.9,7.63904882023489
"37037",10.6,8.94131592609745
"37039",12.1,10.354970100376
"37041",9.6,9.08721989969987
"37043",12.7,10.4980899420436
"37045",8.6,7.73827273055565
"37047",8.4,8.01014085275084
"37049",8.8,7.90793578862807
"37051",5.9,5.93642335559464
"37053",9.1,7.7405636215253
"37055",11,8.9675620198775
"37057",9,7.81807606497768
"37059",10,8.63096628649962
"37061",8.2,7.89682318018022
"37063",6.3,6.20591146161238
"37065",7.5,7.71661550076678
"37067",7.7,6.88558213384073
"37069",8,7.48198581102231
"37071",8,7.1805041085848
"37073",9,8.68242467048605
"37075",10.5,9.12851592919151
"37077",7.8,7.13773241898304
"37079",6.9,6.63923092665369
"37081",7.1,6.61702073890757
"37083",7.8,7.67283873138554
"37085",7,6.49382646093724
"37087",10.8,9.18630089879544
"37089",10.8,9.12279908017775
"37091",7.5,7.70157963462
"37093",5.7,5.78812126742429
"37095",8.9,8.01933226925154
"37097",8.5,7.23737012070929
"37099",8.7,7.83627961753448
"37101",7.3,6.62732911123002
"37103",9.1,8.6163206180738
"37105",7.9,7.24835136975566
"37107",8.1,7.92981497006503
"37109",9.4,7.99017463516997
"37111",9.7,8.34754076450657
"37113",11.5,9.82517123671098
"37115",10.1,8.68021440709288
"37117",9,8.88057835638687
"37119",6.2,5.71316384684958
"37121",10.8,9.3581853048183
"37123",9.2,8.41737783771844
"37125",10.3,8.81323133674597
"37127",7.8,7.67926474306335
"37129",8.7,7.66779260644726
"37131",9.4,9.30302672806767
"37133",5.4,5.35229304198181
"37135",7.6,6.68598848184616
"37137",11.3,10.1059141086425
"37139",7.8,7.51985616250072
"37141",8.7,7.53597596156789
"37143",10.6,9.93694457463083
"37145",8.8,8.13357985235373
"37147",6.5,6.43732772946465
"37149",12.5,10.4858982922222
"37151",8.8,7.72546478912823
"37153",7.9,7.25857538145177
"37155",6.7,6.55446754496801
"37157",9.1,8.22385581902383
"37159",8.3,7.41862029381057
"37161",9.8,8.49371819773106
"37163",7.7,7.42645841246976
"37165",7.3,6.90795569007567
"37167",8.8,7.92529393999972
"37169",10.2,8.94397111142099
"37171",9.7,8.34573756293989
"37173",9,7.46307675867431
"37175",12.2,10.0804851749615
"37177",8.7,8.73800739581336
"37179",7.6,6.49279507992168
"37181",7.5,7.54978270425473
"37183",6.9,6.00789458675425
"37185",8.8,8.90263814864908
"37187",9.4,8.89727563753356
"37189",7.5,6.89238884953771
"37191",7.4,7.0682150389908
"37193",10.1,8.78703394420957
"37195",7.7,7.47374792161035
"37197",9.7,8.47746141855509
"37199",10.9,9.54379544526201
"38001",11.7,10.2699853906307
"38003",9.8,8.80352849329634
"38005",8.2,7.52577018806836
"38007",10.6,10.2267776797914
"38009",10.9,9.62282918676216
"38011",10.7,9.53045688656055
"38013",10.5,8.98967574406712
"38015",8.9,7.57676917698184
"38017",6.7,6.53768787733904
"38019",11.7,10.1706520204015
"38021",9.4,8.4847928153343
"38023",11.1,9.63743797849604
"38025",9,8.47332072368435
"38027",10.3,9.94469318045352
"38029",11.8,10.423879099372
"38031",10.8,9.21500510040298
"38033",11.2,9.75558003965408
"38035",7,6.87327774830879
"38037",12.2,10.4199249680925
"38039",12.3,10.3224447062692
"38041",10.4,9.96117461296943
"38043",11.4,10.2179555138652
"38045",11.4,9.99625089369698
"38047",11.4,10.1332842347323
"38049",10.1,9.12161760260825
"38051",12.1,10.7803036288561
"38053",6.7,6.61290510481504
"38055",11.1,9.80105865056875
"38057",10.2,8.8986361173692
"38059",8.8,7.66062336259237
"38061",7.3,7.20406910143885
"38063",11.4,10.0666293035556
"38065",11,9.91887846918586
"38067",10.6,9.89366167632142
"38069",10.6,9.17449892864639
"38071",9.9,8.5330554026116
"38073",10,8.96484778570997
"38075",9.8,8.76568725222199
"38077",9.2,8.33365742497311
"38079",6.9,6.96148625796453
"38081",10.2,9.37741667128115
"38083",13.4,11.0043207174164
"38085",5.9,6.10172389393896
"38087",12.6,10.248201122348
"38089",7.8,7.03017143661104
"38091",11.1,10.2379542270969
"38093",9.4,8.33477911458031
"38095",11.3,9.64833946014538
"38097",9.7,8.54290492486736
"38099",10.1,8.81591681035244
"38101",7.6,6.95307143297296
"38103",11.7,9.72572079996144
"38105",6.5,6.31202224369739
"39001",9.5,8.15292477029553
"39003",9,8.00370273330671
"39005",9.8,8.40906478061032
"39007",9.6,8.13397470206603
"39009",7.3,6.81452695724579
"39011",9.8,8.39723562488128
"39013",10,8.51125028359195
"39015",9.7,8.22745353840809
"39017",8.2,7.15170787253797
"39019",10.4,8.83391023600255
"39021",9.7,8.39804005052547
"39023",9.6,8.20856461101382
"39025",9.5,7.99815326427204
"39027",9.5,8.03294801692195
"39029",10.1,8.65439897356005
"39031",9.8,8.19286501051096
"39033",10,8.63305910917565
"39035",8.1,7.76098153910345
"39037",10,8.54749961997234
"39039",9.4,8.37028464430489
"39041",8.8,7.22984970272047
"39043",10.4,8.98141919443647
"39045",8.8,7.6042474110019
"39047",9.1,7.93333473970227
"39049",6.8,6.3293991053103
"39051",9.6,8.36577840304223
"39053",9.8,8.28714967984943
"39055",10.8,8.77928930503833
"39057",9,7.88440806210698
"39059",9.9,8.33044319320029
"39061",7.8,6.97725294908134
"39063",9.1,8.0618952700855
"39065",8.4,7.4508674029169
"39067",10.2,8.90597507567443
"39069",9.7,8.52709705891632
"39071",9.7,8.23249831301216
"39073",10.2,8.32892423090745
"39075",8.1,7.25708542820961
"39077",9.3,8.11263119643903
"39079",9.3,8.00830752937884
"39081",10.1,8.62556668106247
"39083",9.6,8.19468722770371
"39085",10.2,8.66635776562203
"39087",9.5,8.16185633889438
"39089",9.1,7.79369459183988
"39091",9.6,8.2940367074329
"39093",9.3,8.12612016210459
"39095",8.2,7.4415966082006
"39097",8.6,7.50075525289121
"39099",9.7,8.41833215352814
"39101",9.1,7.89984440666023
"39103",10.2,8.31560849237191
"39105",10,8.50555346229357
"39107",9.7,8.33721356602972
"39109",9.7,8.25198913245577
"39111",10.5,9.08393568502573
"39113",8.5,7.55253697473895
"39115",10.2,8.85817920461244
"39117",9.7,8.33471181388929
"39119",9.4,8.02336861552763
"39121",12.2,9.36609820499639
"39123",11.6,10.1007650952689
"39125",9.8,8.39813101107825
"39127",9.4,8.06184094035568
"39129",8.5,7.55789268200967
"39131",9.5,8.10108458036449
"39133",8.7,7.84763607084513
"39135",9.9,8.49808931220334
"39137",9.8,8.28781043798302
"39139",9.2,8.26695790832113
"39141",9,7.74778686699794
"39143",9.4,8.39668350434056
"39145",9.3,8.00051716986948
"39147",9.2,8.17714733991778
"39149",9.3,7.96144906472158
"39151",9.4,8.33218909070001
"39153",9.2,7.94182767851911
"39155",9.8,8.63033757960958
"39157",9.7,8.3440381562269
"39159",8,7.07082133390325
"39161",9.8,8.46156970806781
"39163",9.5,8.27277598481494
"39165",8.8,7.32993466515445
"39167",10.4,8.67123890473904
"39169",9.4,8.17673168171659
"39171",9.7,8.45655285401237
"39173",8.2,7.46730216207455
"39175",10.1,8.74449366002755
"40001",7.7,7.21287274002716
"40003",9,7.76371827288695
"40005",8.4,7.8286660927443
"40007",9.1,8.17706464040707
"40009",7.6,6.62927271692206
"40011",9.2,8.05786619585249
"40013",8.2,7.47045348991364
"40015",7.3,7.04632058041441
"40017",7.4,6.75770275352982
"40019",8.1,7.53918752424737
"40021",7.9,7.30991835234237
"40023",9,8.20835624381455
"40025",10.6,8.91291998077209
"40027",7.4,6.74527725241466
"40029",9.2,8.36030423568023
"40031",6.7,6.49584967787055
"40033",9.3,8.06883884085843
"40035",8.7,7.90023942731943
"40037",9,7.99773548765958
"40039",7.3,6.71761154767817
"40041",10.1,9.20498429502048
"40043",9.2,8.25777244209266
"40045",10.3,9.04838054248275
"40047",8.1,7.43071584437532
"40049",8.6,7.82461769206078
"40051",8.3,7.62912013521563
"40053",10,8.97959904280649
"40055",8.1,7.39970134038033
"40057",8.5,8.11536066199601
"40059",9.3,8.3344777588575
"40061",9.2,8.24677868072122
"40063",8.2,7.68676213104176
"40065",7.5,6.81665128350337
"40067",9.3,8.52875334397723
"40069",8.6,7.90519506749153
"40071",9,8.06518518221702
"40073",8.4,7.71970046961889
"40075",9.4,8.29078925573692
"40077",9.2,8.46860339077917
"40079",8.4,7.69748815576602
"40081",9.2,8.25971091552912
"40083",8.4,7.42477183219932
"40085",8.6,8.02632183466253
"40087",8.2,7.49136152542998
"40089",8.3,7.55156978631092
"40091",10.1,9.32471725469651
"40093",9.7,8.79177667868033
"40095",9.5,8.52129952701846
"40097",8.7,7.94306500628839
"40099",9.3,8.14329781611193
"40101",7.9,7.39142309447185
"40103",9.7,8.75704355765786
"40105",9.1,8.27438505636968
"40107",8.2,7.56503150686031
"40109",6.9,6.51436248905334
"40111",8.4,7.84299103263612
"40113",9.1,8.40020737818578
"40115",8.5,7.78698745809931
"40117",9.2,8.28145606128615
"40119",6.3,6.02362811206863
"40121",9,8.04360802609235
"40123",8.3,7.43455006250974
"40125",8.2,7.52190597313519
"40127",9.6,8.72561048646937
"40129",10.2,8.6510570611573
"40131",8.6,7.62283202114998
"40133",8.5,7.73284516237016
"40135",8.7,7.82691502317131
"40137",9.3,8.10540297269882
"40139",6.2,5.89128450946987
"40141",8.8,8.03307972262988
"40143",7.3,6.80473986125352
"40145",8.4,7.56032927476459
"40147",9.2,8.03115214873239
"40149",9.4,8.14037450671199
"40151",8.2,7.28735764007689
"40153",8.3,7.31192774686708
"41001",11.5,9.5258785424024
"41003",8,6.90120339404741
"41005",9.7,7.80795074912504
"41007",10.8,8.99902984436917
"41009",9.8,8.21016371695736
"41011",11.5,9.57216285085174
"41013",10.9,9.36399856506675
"41015",13.3,11.2879385410045
"41017",10.1,8.17003888285912
"41019",11.3,9.39562705862947
"41021",12.1,10.5701981534647
"41023",12.3,10.6881139192263
"41025",11.2,9.37859619224322
"41027",8.8,7.56508757311186
"41029",10.2,8.57982335590886
"41031",9.1,7.89943293807905
"41033",11.4,9.5259902819234
"41035",9.9,8.2465239725897
"41037",10.7,8.87772055403465
"41039",9.5,7.96762809443383
"41041",12.4,10.2628423221351
"41043",9.3,7.99877987925718
"41045",8,7.00961889986456
"41047",8,7.06182113236784
"41049",7.9,7.36769357888405
"41051",7.2,6.40034259921319
"41053",9,7.72905287573292
"41055",11.3,8.90045874870374
"41057",11.4,9.71052148703703
"41059",8,7.19664289146394
"41061",9.9,8.34206399107703
"41063",12.1,10.3042969877712
"41065",9.5,8.24127741421011
"41067",7.6,6.45809194015681
"41069",13.7,11.9452957553251
"41071",8.8,7.60254960228795
"42001",NA,8.63625164882933
"42003",NA,7.77010041185533
"42005",NA,9.12785260539903
"42007",NA,8.76219009191755
"42009",NA,9.12002866832714
"42011",NA,7.43512798002495
"42013",NA,8.44613202381164
"42015",NA,8.71935459238931
"42017",NA,8.12478433985897
"42019",NA,8.2541717954428
"42021",NA,8.9537274171608
"42023",NA,10.4360697256094
"42025",NA,8.66763193505662
"42027",NA,6.71336931448623
"42029",NA,7.44085106398391
"42031",NA,8.3168852562965
"42033",NA,8.48323689570623
"42035",NA,8.05751979663391
"42037",NA,8.21864044408324
"42039",NA,8.81363805866302
"42041",NA,7.89844968491803
"42043",NA,7.3237916673383
"42045",NA,7.19538191023632
"42047",NA,9.2025862431077
"42049",NA,7.95267761131639
"42051",NA,8.54877281822162
"42053",NA,8.25979177550417
"42055",NA,8.28028611543417
"42057",NA,8.82873982097776
"42059",NA,8.24879982163149
"42061",NA,8.55191824435384
"42063",NA,8.19118546113352
"42065",NA,8.6390044775066
"42067",NA,8.44056848489607
"42069",NA,8.03563142164333
"42071",NA,7.86332147694973
"42073",NA,9.01664562138282
"42075",NA,8.08304052200493
"42077",NA,7.20109044939954
"42079",NA,7.807077185122
"42081",NA,8.25346205669239
"42083",NA,8.37322422808633
"42085",NA,8.83991036722646
"42087",NA,8.44741000248374
"42089",NA,7.59795355433752
"42091",NA,7.62864461918175
"42093",NA,8.62561491376465
"42095",NA,8.01047250698665
"42097",NA,8.55858436730715
"42099",NA,8.41239973163996
"42101",NA,5.90013175469083
"42103",NA,8.8334836529194
"42105",NA,9.58996929335003
"42107",NA,8.23789437446528
"42109",NA,8.31868180079677
"42111",NA,9.0103963906034
"42113",NA,10.4993847532753
"42115",NA,9.32975304705045
"42117",NA,9.02172737719183
"42119",NA,7.87914589771039
"42121",NA,9.26590316932024
"42123",NA,9.31008156997251
"42125",NA,8.50209049760253
"42127",NA,9.05385975398481
"42129",NA,9.00475628643878
"42131",NA,8.92881834587891
"42133",NA,7.89481163994514
"44001",10.1,8.34677550504245
"44003",9.4,8.28512029060245
"44005",11.2,8.93139635089089
"44007",7.2,6.81981239257951
"44009",10.2,8.77072165559765
"45001",9.3,8.49056756744527
"45003",9.2,7.91881906746761
"45005",6.9,7.42591186024797
"45007",9.1,7.59965268521304
"45009",8,8.24642017620027
"45011",8.2,7.35626033505637
"45013",11.4,9.51916981164497
"45015",7.4,6.68488908802645
"45017",9.3,8.73006254942657
"45019",8.4,7.25594732842215
"45021",8.5,7.38378594065493
"45023",8.4,7.65374299703758
"45025",8.3,7.69482645348746
"45027",9,8.6786268678274
"45029",8.6,7.86677413384123
"45031",8.1,7.70863184884128
"45033",7.5,7.18101175990081
"45035",7.8,6.74919119756228
"45037",8.2,7.53444484143261
"45039",8.6,8.36274539012102
"45041",7.7,7.28566023347099
"45043",11.5,10.002530206355
"45045",8.3,7.01198978491163
"45047",8.6,7.71607935066194
"45049",7.3,7.21641825394716
"45051",11.1,9.2875242171874
"45053",9.4,7.9728593797921
"45055",8.8,7.73704700528379
"45057",9.6,8.24804240430103
"45059",8.6,7.64142161057339
"45061",7.2,7.43869297687953
"45063",8.6,7.27372736555084
"45065",12.2,11.1834221993941
"45067",7.7,7.92324221570602
"45069",7.3,7.06084783468433
"45071",8.8,7.86459916629647
"45073",10.7,8.79912410926333
"45075",7.5,7.65400508711179
"45077",8.4,7.35721816949433
"45079",6.3,6.15658721725627
"45081",9.1,7.6060364081315
"45083",8,7.091043196736
"45085",7.3,7.11631559561593
"45087",9,8.08939053249815
"45089",7.5,7.95178993002021
"45091",8.2,6.87811024869787
"46003",10,8.78851302977455
"46005",9.1,7.86457450886966
"46007",7.9,7.37910539492974
"46009",9.7,8.3173799907453
"46011",7.2,6.44278439811837
"46013",9.3,7.68143433724737
"46015",10.4,8.46668723354016
"46017",5.6,6.3204525360679
"46019",9.9,8.43605692129193
"46021",13,10.2344856201926
"46023",9.7,7.91754745232849
"46025",11,9.30596607697514
"46027",6.4,5.97794373403925
"46029",10,8.19481024706472
"46031",7.6,6.79698936940338
"46033",13,10.8956441698331
"46035",10,8.26108240102531
"46037",11.7,9.74168134294931
"46039",10.6,9.0125426278892
"46041",6.4,6.16873543302994
"46043",11.4,9.09825134024733
"46045",11.3,9.03866367480076
"46047",12.1,9.96770794349472
"46049",11.1,9.21869203440926
"46051",11.2,9.077763171154
"46053",11.6,9.56556710732081
"46055",11.7,10.2028106941684
"46057",8.7,7.43640370834015
"46059",11.6,9.4931675434427
"46061",9.1,7.82048125775531
"46063",10.5,8.84690826953895
"46065",9.6,7.71478480146265
"46067",10.8,8.82317837099824
"46069",11,9.89458440805778
"46071",8,6.92455240946998
"46073",12.4,10.3695373070885
"46075",12.2,8.91796594242981
"46077",10.9,9.11736226863218
"46079",10.7,8.82335131575818
"46081",10.8,8.95002871994002
"46083",8.8,6.89262854460344
"46085",9.2,7.83421568577985
"46087",9.9,8.13102291059357
"46089",12.5,10.6560464433724
"46091",10.7,9.15031454326438
"46093",8.8,7.73841177594249
"46095",8.3,7.04812958070132
"46097",11.1,9.67960807039073
"46099",8,6.78395235241947
"46101",10.1,8.35819235721121
"46102",5.1,4.86045184465535
"46103",9.4,7.96132586454792
"46105",12,9.90511181549632
"46107",12.2,10.1155165532874
"46109",10.1,8.73509505905616
"46111",10.4,8.59299271394722
"46115",11.4,9.30298025241732
"46117",10.6,8.92446405405751
"46119",11.6,9.42440065287404
"46121",5.5,5.80933221294882
"46123",11.1,8.78669739611786
"46125",10.1,8.52208756172147
"46127",9.9,7.93745448220303
"46129",10.9,8.79697343275176
"46135",10.2,8.19185454612104
"46137",6.7,6.37844225316212
"47001",9.4,8.10900397758274
"47003",7.8,6.74447696709521
"47005",10.4,9.05599502691195
"47007",9.4,7.75790389868191
"47009",9.8,8.28900575149809
"47011",8.8,7.49796643437682
"47013",9.6,8.49120966237688
"47015",9.2,7.70519512750405
"47017",9.1,8.11632699364797
"47019",10.1,8.64609393521673
"47021",8.7,7.32287320887674
"47023",8.3,7.734000620592
"47025",9.3,8.24630463752007
"47027",10.8,9.47853919565369
"47029",9.9,8.73434003209489
"47031",8.9,7.62376010027351
"47033",8.6,7.93693593710349
"47035",12.3,10.6706811217896
"47037",6.3,5.97907020047063
"47039",10.2,8.90575245850887
"47041",9.1,7.89674954801015
"47043",8.7,7.59253677371814
"47045",8.7,7.62404634166652
"47047",9.5,8.3640373800826
"47049",10.3,8.9051807892098
"47051",9.4,8.34188646999332
"47053",8.4,7.607039010216
"47055",9.5,8.4222922307817
"47057",9.9,8.53003477037689
"47059",9.9,8.64435218539266
"47061",9.5,8.38918157355524
"47063",8.7,7.6591445355311
"47065",8.4,7.46800462679349
"47067",10.1,8.96417486593232
"47069",7.4,7.26707839014103
"47071",10.4,8.91874852033994
"47073",10,8.64285293523314
"47075",7.7,7.92366482671009
"47077",9.1,7.89417156781689
"47079",10.3,8.92899146650342
"47081",8.9,7.71678472455547
"47083",9.5,8.28000086301627
"47085",9.6,8.34906236334668
"47087",10.2,8.91482035275238
"47089",9.8,8.2382146131324
"47091",10.1,8.69057865963432
"47093",8.3,7.00548822798018
"47095",7.2,6.30893982372987
"47097",7.5,7.07280732714662
"47099",9.1,7.82436677085977
"47101",9.7,8.32536668301164
"47103",9.5,8.1257425097736
"47105",11.5,9.5207854430229
"47107",9.6,8.22273074334399
"47109",9.5,8.5069075825281
"47111",8.4,7.26320836051024
"47113",7.8,7.3372797362121
"47115",9.7,8.33539014452347
"47117",8.5,7.42111203865482
"47119",8.5,7.42277825233448
"47121",9.8,8.52325369304154
"47123",10,8.54033716187351
"47125",5.9,5.6027070399988
"47127",10.1,8.69695744451689
"47129",9,7.75704925832343
"47131",9.4,8.30588102313437
"47133",9.5,8.36112308570809
"47135",9.6,8.67525420317301
"47137",11.6,10.0467576803569
"47139",9.9,8.28393732890075
"47141",8.1,7.34203412651873
"47143",9.4,7.9936289557763
"47145",10.4,8.84973639269375
"47147",8.2,6.97909867734826
"47149",6.6,5.86182705147079
"47151",8.9,7.71029712476666
"47153",9.8,8.35675936810699
"47155",9.7,8.06760773399399
"47157",6.5,6.41367482609278
"47159",9,7.46885232916546
"47161",9.7,8.51515197553991
"47163",10.2,8.53668224386256
"47165",8.7,7.26468506922615
"47167",8,7.08038291441254
"47169",6.5,5.65991608134329
"47171",10.3,8.91106621094163
"47173",9.3,7.94882496014416
"47175",10.5,8.99596381951469
"47177",8.7,7.66072384604771
"47179",8.9,7.61752466089162
"47181",9.1,7.61808584028169
"47183",8.3,7.73492689706303
"47185",9.7,8.40322945443033
"47187",8.9,6.93768250252899
"47189",8.5,7.20108112801188
"48001",6.8,6.11053409851278
"48003",5.5,5.5016685303354
"48005",7.5,7.02721675207434
"48007",10.5,9.40517555515175
"48009",9.5,8.26696350429548
"48011",10.2,9.50227615500246
"48013",6,6.53115852941922
"48015",8.7,8.04804315165818
"48017",6.3,6.81935554208837
"48019",11,10.1041166408824
"48021",7,6.75973820716004
"48023",9.7,8.95161921717084
"48025",5,5.36231409509754
"48027",5.9,5.56124918681481
"48029",5.4,6.00422751022679
"48031",10.6,9.62987371451768
"48033",10.7,7.79186623622615
"48035",10.2,9.11492543628969
"48037",7.7,7.27287090634228
"48039",6.2,6.16238623276967
"48041",4.9,5.13050441992001
"48043",8.4,9.259595901826
"48045",9.5,9.14687644936647
"48047",5.1,6.89408431182612
"48049",8.8,7.68565743730633
"48051",8.7,8.62495254012295
"48053",9.6,8.69840031557711
"48055",6.2,6.34937111235801
"48057",7.6,7.47474958317346
"48059",9.5,8.14385443431532
"48061",4.9,5.89425199194733
"48063",7.8,7.4343546529117
"48065",9.2,8.65080517257306
"48067",9.2,8.5091947377323
"48069",6.6,6.95613405384085
"48071",6.4,6.05806919363113
"48073",7.8,7.23292510737123
"48075",6.7,6.62455348107709
"48077",10.1,8.46676584067051
"48079",6.2,6.97176567862045
"48081",10.4,9.43009027147293
"48083",10.1,8.72222422906926
"48085",6.3,5.90241592324578
"48087",8.3,8.14669184265098
"48089",9,8.59915750359064
"48091",8.3,7.93051437018309
"48093",9.5,8.49280427310789
"48095",7.5,7.54631121899747
"48097",8.7,7.69531056773427
"48099",5.6,5.62289178499477
"48101",9.3,9.19764878657988
"48103",5.4,6.22702067969057
"48105",7.1,7.38626103816978
"48107",7.2,7.76326251045994
"48109",6.3,8.55346417201107
"48111",5.7,5.31752962427845
"48113",5.2,5.66773442292362
"48115",5.7,5.546449990964
"48117",5.4,5.9091067701394
"48119",9.1,8.4778552963833
"48121",6.4,5.87177544251327
"48123",8.1,7.49940693224772
"48125",10.2,8.90793394113272
"48127",5.2,6.39174793761555
"48129",9.7,9.44332042728478
"48131",5.6,6.24077299341183
"48133",9.1,8.17599345709791
"48135",4.9,5.21647422811176
"48137",9.6,8.25913462702726
"48139",6.6,6.28103968424866
"48141",4.6,5.94307524047837
"48143",7,6.6967811207675
"48145",7.6,7.64431224586372
"48147",8.2,7.4876217636688
"48149",10.3,9.5353414196469
"48151",9.4,8.34857809824124
"48153",7.3,7.31564901101595
"48155",10.1,10.2899821475175
"48157",5.5,6.13058599146191
"48159",9.8,8.40759855205767
"48161",8.6,7.79138414499788
"48163",4.4,5.34269292078713
"48165",5.4,5.56786053729329
"48167",7.3,6.60990941712319
"48169",5.8,5.58197976717267
"48171",11.4,10.0227598323843
"48173",7.5,7.67277288507963
"48175",9.3,9.18125059938421
"48177",7.2,7.61182126252637
"48179",7.4,6.62180226090796
"48181",8.3,7.54560598564944
"48183",7.3,6.84757686668216
"48185",7.8,7.13525128061144
"48187",6.7,6.68585591683267
"48189",5.9,6.05145217799859
"48191",8.9,8.97512906613928
"48193",10.3,8.81760271988857
"48195",7,6.7162111246134
"48197",9.2,8.43169564097276
"48199",8.5,7.39532189828312
"48201",5.2,5.28826676499487
"48203",7.7,7.28072284931925
"48205",7.5,6.72290676106082
"48207",8.5,7.99307358395115
"48209",5.9,6.17613959996421
"48211",8.6,7.31664141840043
"48213",9.4,8.45396116214506
"48215",4.4,5.34437898180607
"48217",8.7,7.99687630566647
"48219",6.7,6.62236236529963
"48221",10.4,8.87123309490899
"48223",8.4,7.69425884367856
"48225",8.5,8.07248386025392
"48227",6.1,5.6777324247137
"48229",3.8,5.57026707176327
"48231",7.4,7.04800919264116
"48233",8.1,7.01914292532655
"48235",9.2,8.48866240824546
"48237",8,7.21822622295874
"48239",8.3,7.59960165504375
"48241",8.9,7.99961932682788
"48243",12.5,10.9021027939579
"48245",6.3,6.20532346150369
"48247",5.5,4.38474449384787
"48249",5.6,6.25674620754304
"48251",7.1,6.54631434023937
"48253",6.4,6.57004197185587
"48255",5.6,6.10881100717283
"48257",5.8,5.95525585866923
"48259",9.2,8.45841428082899
"48261",6,15.2550674124526
"48263",11,10.4373469259588
"48265",10.6,9.5643551051889
"48267",10.9,9.87479448504511
"48269",10.6,8.89643945661609
"48271",8.6,8.50405952947636
"48273",4.9,6.09776644558826
"48275",8.5,8.00077174872418
"48277",8.5,7.83555487767884
"48279",7,6.90650255826703
"48281",9,8.09609094382824
"48283",4.9,7.51615465802378
"48285",9.8,8.98654537520123
"48287",8.4,8.07288483941943
"48289",9.7,8.85508063535875
"48291",6,5.71665065505379
"48293",8.4,7.70771515119577
"48295",8.7,8.06715051274223
"48297",7.6,7.77676773458138
"48299",12.8,11.3356458095484
"48301",NA,15.5491298583935
"48303",6.1,6.37682993606754
"48305",7.2,6.93208930074196
"48307",9.2,8.15344619713455
"48309",6.8,6.42792582797717
"48311",8.5,7.43796475012429
"48313",6.5,6.48100444669788
"48315",10,9.46386195433416
"48317",6.1,6.16905737830577
"48319",11.4,10.6645096043217
"48321",7.4,7.13491795230555
"48323",4.1,5.43777132616511
"48325",7.1,7.26185321119838
"48327",10.8,10.241338184729
"48329",5.6,5.88582468724349
"48331",8.7,8.01332180115733
"48333",11,10.012521037782
"48335",6,5.90413115047765
"48337",9.5,8.42135893367479
"48339",7.1,6.21826820191951
"48341",5.4,5.62416191959207
"48343",8.7,8.43582532563247
"48345",10.7,9.58041317902872
"48347",6.9,6.70795619573578
"48349",7.3,7.01562000236763
"48351",9.1,8.44382610561956
"48353",7.8,7.23976608293893
"48355",6.1,6.47314132486935
"48357",6.3,5.90931708757578
"48359",7.9,6.37910392845927
"48361",7.9,7.08138820959356
"48363",8.9,7.76181618974384
"48365",8.6,7.98765563993883
"48367",8.3,7.1973355408629
"48369",6.3,6.65625546107072
"48371",5.1,5.51588342533532
"48373",8.2,7.48560578942406
"48375",6.4,5.92180718115602
"48377",6.9,7.21847678877934
"48379",10.3,9.03921412399745
"48381",7.6,6.83627946921327
"48383",5.4,5.1563325270037
"48385",10.6,10.902452269135
"48387",9.8,9.28903396564803
"48389",4.5,4.96266884755818
"48391",7.8,8.33326435124091
"48393",9.8,7.86400605948711
"48395",8.4,7.90149986059774
"48397",7,6.23676508784887
"48399",8.5,7.65720423723227
"48401",7.5,7.13648273652673
"48403",11.4,10.0931366782019
"48405",9.8,9.34577404474237
"48407",9,8.01713772814456
"48409",6.4,6.23376225969028
"48411",8.6,8.02099422717981
"48413",7.9,8.59816163278211
"48415",7,6.3991774102227
"48417",9.6,8.37843860536399
"48419",7.9,7.27227216460234
"48421",7.3,7.71274815796793
"48423",7.6,7.22721412890321
"48425",9,8.24851777926559
"48427",4.1,5.17746547122061
"48429",8.4,7.44586942986617
"48431",7.1,7.00268568103087
"48433",10.4,9.30380669360578
"48435",7.4,6.40872064942214
"48437",6.7,6.37381619569421
"48439",6,5.82378969302933
"48441",6.9,6.45416655946648
"48443",9.6,11.3733229833807
"48445",6.4,5.94952808414199
"48447",11,8.72621578471516
"48449",6.8,6.73167143332957
"48451",7.2,6.68218599120967
"48453",5.6,5.74495866189315
"48455",10.2,9.52558368512838
"48457",8.8,8.16502010344589
"48459",8.6,7.7051162974431
"48461",6.5,7.25959650870078
"48463",6.2,6.48901465284326
"48465",4.9,5.9182777215469
"48467",9.2,8.14526034502576
"48469",7,6.80157455965462
"48471",6,5.80801393843638
"48473",5.3,5.76718779652709
"48475",6,5.82473859466262
"48477",9,8.36402578668034
"48479",4.1,5.10343072624182
"48481",7.3,7.2820493417266
"48483",9,8.25236809805172
"48485",7,6.51413152400336
"48487",7.7,7.62837428833447
"48489",4.6,5.77044932737848
"48491",6.6,6.29861135990518
"48493",7.5,7.54199672912803
"48495",5.6,5.61381201684852
"48497",7.9,7.23066805920706
"48499",10.5,9.5855944514579
"48501",5.8,5.72215760234457
"48503",9,7.72967895901417
"48505",4.7,5.73525660034574
"48507",4.7,6.03683013453905
"49001",8.3,7.52862535453594
"49003",7.8,6.76757550953821
"49005",6.4,5.77278359994942
"49007",9.1,7.57703101423839
"49009",11.5,8.37339009341989
"49011",7.3,6.15750733910651
"49013",8.1,6.98006295790874
"49015",9.2,7.94660024295343
"49017",10.6,8.9814753579035
"49019",9.5,7.61120566363042
"49021",7.5,6.577916681107
"49023",7.7,6.83867780113835
"49025",10.9,8.78601063479864
"49027",9.3,7.84521655010122
"49029",8.5,7.03921425943791
"49031",11.6,10.0716148505757
"49033",10.2,8.77860726311471
"49035",7,6.17387260251794
"49037",8,7.52743232625285
"49039",7.6,6.93380069339665
"49041",9,7.66568984673255
"49043",9.2,7.06682078174195
"49045",6.5,6.07105707585186
"49047",7.7,6.83179414012704
"49049",6,5.50066817089047
"49051",8.5,6.77761834533978
"49053",10.1,8.33741914756063
"49055",10.8,9.15026954935681
"49057",7.3,6.52313478382724
"50001",9.8,8.63590493764991
"50003",11,8.98010569516884
"50005",10,8.7384413924167
"50007",8.6,7.21511701749201
"50009",11.5,9.6835354508724
"50011",9.5,7.79658976392131
"50013",10.8,8.67545435576565
"50015",9.3,7.84235153721581
"50017",10.6,8.86790230833475
"50019",10.2,9.01043368953434
"50021",10.7,9.07045894834869
"50023",10.1,8.40305427275416
"50025",10.7,9.10311867296165
"50027",11,9.24801655277218
"51001",9.8,8.9742202360793
"51003",9.2,7.85059962135026
"51005",10.7,9.31375196965115
"51007",8.9,8.40644766389521
"51009",9.3,8.51971638112058
"51011",9.2,8.4696293884576
"51013",6.2,5.79303733886527
"51015",9.9,8.66895463979005
"51017",11.5,9.49017255287882
"51019",10.3,8.75593921608077
"51021",10.1,9.00502755630176
"51023",10.6,9.04267258001256
"51025",7.6,7.80475337405996
"51027",10.2,9.09698220415824
"51029",8,7.7087210477613
"51031",9.2,8.32046709230157
"51033",7.6,7.25699518084342
"51035",11,9.56850898742277
"51036",8.8,9.19794918024015
"51037",9.2,8.01511049473996
"51041",7.6,6.97027994491966
"51043",10.4,8.69052557048287
"51045",10.9,8.49943726079184
"51047",8.3,7.35399190491755
"51049",9.1,8.89391156390515
"51051",10.5,9.34499862504847
"51053",8.2,7.77213723032846
"51057",9,8.77793322319779
"51059",7.1,6.40172431324647
"51061",8.9,7.54464847780568
"51063",10.6,9.33419979410233
"51065",9.4,8.4891465271009
"51067",10.6,9.13848712746602
"51069",9.1,7.81151610287947
"51071",10,8.93833112815812
"51073",9.7,8.40609907171175
"51075",10.7,9.03180268159003
"51077",10.5,9.39368598349536
"51079",9.1,7.86903283928414
"51081",6,6.10455469722868
"51083",9.3,8.97688495445964
"51085",9.3,7.91801441982514
"51087",7.5,7.0005838545338
"51089",9.7,9.00112339009772
"51091",13.5,11.0476494770062
"51093",9,7.95565039046682
"51095",10.9,9.20055674955659
"51097",9.4,8.53340870650191
"51099",7.7,6.94244861905296
"51101",8.3,7.66792080430995
"51103",12.7,11.9698276866657
"51105",9.9,8.72066122927664
"51107",6.6,5.80669693109054
"51109",9.3,8.29282922331759
"51111",8.6,8.37788559119286
"51113",10.1,9.10007881940671
"51115",12,10.80683393347
"51117",9.9,9.09219885125213
"51119",12.2,10.8889220038125
"51121",6.7,5.80029677671711
"51125",11.5,9.64380534792075
"51127",8.6,7.91025286462983
"51131",10.5,9.41040062378907
"51133",12.5,11.7575503894677
"51135",7.5,6.99361126790174
"51137",9.3,8.04235602370642
"51139",10,8.78551049174507
"51141",11.1,9.92860808659826
"51143",9.7,8.92678408371812
"51145",9.5,8.21834712836117
"51147",6.5,6.72374774665511
"51149",6,6.1226664859334
"51153",6.1,5.75154463768719
"51155",10.2,8.62968422167315
"51157",11.5,9.3977005583503
"51159",8.5,7.81432905126025
"51161",9.8,8.22309478331319
"51163",11.2,9.61962460094744
"51165",9.4,8.16156667884951
"51167",10.4,9.1187930027259
"51169",10.7,9.40976635919958
"51171",9.8,8.57686617411952
"51173",10,8.96300671126227
"51175",8.7,8.23614383392319
"51177",7.7,6.95977173225581
"51179",6.6,6.04567075205097
"51181",9.2,8.85947276944741
"51183",6.8,7.11749131753859
"51185",10,8.94091870523752
"51187",8.6,7.36301434457252
"51191",10.7,9.11247352785543
"51193",10,9.33405953151097
"51195",9.1,8.17856114142727
"51197",10.1,8.79885956332599
"51199",8.6,7.27023249810117
"51510",6.5,5.97262739357962
"51520",9.9,8.63803360939037
"51530",8.5,7.29239654189856
"51540",6.4,5.60286169671452
"51550",7,6.55968938363708
"51570",8.6,7.80911174040818
"51580",8.8,7.72407711222108
"51590",7.7,7.52999885755636
"51595",7.1,7.28575518071006
"51600",6.9,6.29062105790374
"51610",8.2,6.71094933886434
"51620",7.6,7.26689448280413
"51630",5.9,5.6820600205114
"51640",8.6,8.08993147454963
"51650",6.5,6.77671091509024
"51660",5,5.16303045827695
"51670",6.8,6.40969604539641
"51678",5.9,5.90866111346493
"51680",6.2,6.32148151144325
"51683",5.6,5.50697298797563
"51685",4.9,5.35380513120666
"51690",7.3,6.69449397229543
"51700",6.3,6.22412826090427
"51710",5.6,5.76667340498968
"51720",8.5,8.4680209028033
"51730",5.6,6.66085440373905
"51735",9.8,8.05948038435058
"51740",6.3,6.47114929560761
"51750",4.9,5.33907383282467
"51760",5.7,5.91738839769353
"51770",7.8,6.85703947288004
"51775",9,7.78228116898594
"51790",9.2,8.0060652149634
"51800",7,6.69397320369201
"51810",7.6,6.83334845921021
"51820",8.6,7.38797720914264
"51830",6.4,7.04473839702414
"51840",7.9,6.69710049968818
"53001",6.2,6.27291319278195
"53003",10.9,8.95027513712574
"53005",8.3,6.98000754150288
"53007",9.2,8.15754094261953
"53009",12.2,10.4551137545904
"53011",8.4,7.23011935365846
"53013",11.5,10.1712615217723
"53015",9.6,8.10329583748322
"53017",8.4,7.69849617178744
"53019",11.4,10.4263107241769
"53021",5.6,5.88095553516779
"53023",11.2,10.1794074342987
"53025",7.1,6.89517757817065
"53027",10,8.6712894753051
"53029",11,9.3169654951686
"53031",14,11.9973955318473
"53033",6.7,6.18988678067527
"53035",9.4,7.66296796959497
"53037",8.4,7.35499961108971
"53039",10.4,9.03161900141234
"53041",9.7,8.48312421364115
"53043",11.5,9.59431449891809
"53045",10.2,8.83950670223127
"53047",9.7,8.72778208913056
"53049",12.2,10.8845851645764
"53051",11.5,9.71330040023864
"53053",7.4,6.76247435027535
"53055",13.1,11.1224400000849
"53057",9.7,8.47890280004373
"53059",10.8,9.05212602442042
"53061",7.6,6.71907511385379
"53063",8.4,7.34230742628723
"53065",11.2,9.31633182905392
"53067",9,7.58770335900319
"53069",12.7,10.7522166884985
"53071",8.7,7.81275335793403
"53073",8.6,7.59739214178552
"53075",5.9,5.70739838899848
"53077",6.8,6.77306610776732
"54001",9.5,8.41994573168056
"54003",8,7.08928339544792
"54005",10.1,8.8466483204531
"54007",10.4,8.98679597523364
"54009",10.6,9.21594620251494
"54011",9.1,7.83218343292632
"54013",10.9,9.04553908141923
"54015",10.2,8.64401987350331
"54017",9.6,8.3673027689726
"54019",10.2,8.6045620637397
"54021",8,7.25335148631523
"54023",10.8,9.18309746951118
"54025",10.6,8.79362256679424
"54027",10.5,8.94659788529663
"54029",10.5,9.09063334415059
"54031",10.3,8.67295493098909
"54033",9.6,8.10228259566629
"54035",10.2,8.44455844067404
"54037",8.8,7.55059466710577
"54039",9.9,8.15089093145093
"54041",9.8,8.29073376678981
"54043",9.8,8.68511660310813
"54045",9.9,8.79713045890483
"54047",9.2,8.43695447446107
"54049",9.2,8.0659199053928
"54051",10.6,8.84257934151828
"54053",10.3,8.84236558082854
"54055",9.8,8.61684741008815
"54057",10.1,8.68523277505014
"54059",9.8,8.74711647553205
"54061",6.8,5.94645606719208
"54063",10.9,9.38646268509257
"54065",10.7,9.36277817529562
"54067",10.6,8.90827384516589
"54069",10.1,8.42883244361884
"54071",11.8,9.78054850467851
"54073",9.4,8.11099892469083
"54075",11.3,9.21433479135616
"54077",9.5,8.15963478260603
"54079",9.7,7.98657743049052
"54081",9.7,8.15029408093365
"54083",9.9,8.39780512203062
"54085",10.4,8.88970012155837
"54087",10.3,8.90474516247183
"54089",10.8,9.55844140012428
"54091",9.7,8.47079528296927
"54093",11.4,9.78322243528623
"54095",10.9,8.99124034575485
"54097",9.7,8.36949798770307
"54099",10.2,8.80333558977971
"54101",10.9,9.03431240219879
"54103",10.3,8.92594262503257
"54105",10.7,8.75224708748697
"54107",10.2,8.45477764504996
"54109",9.9,9.02543962167475
"55001",11.5,10.7061975757325
"55003",9.5,8.48100439324459
"55005",10.1,9.17890439498002
"55007",12,10.5225178384128
"55009",8.3,7.45731273114429
"55011",10.2,9.30526270869438
"55013",11.9,10.8310914872431
"55015",8.8,7.63881980956936
"55017",9.2,8.21180267736125
"55019",8.8,8.32870800103977
"55021",9.3,8.25318590902646
"55023",10.4,9.38565485565704
"55025",7.2,6.74486645054513
"55027",8.9,8.04985298683384
"55029",12,10.7680240557311
"55031",9.2,8.36040962820373
"55033",7.8,7.56195172101068
"55035",8,7.50126541609067
"55037",11.8,10.3155679575512
"55039",8.9,8.32864514081466
"55041",10.8,9.55286875255347
"55043",8.5,7.86023539053779
"55045",9.6,8.44392275743441
"55047",10.2,9.12781160747173
"55049",9.6,8.37824619465122
"55051",12.3,10.9157160761683
"55053",9.3,8.38371211840816
"55055",8.7,7.97451632705318
"55057",9.6,8.57807591120314
"55059",8.1,7.16388173279538
"55061",9.9,8.91046339277092
"55063",8.2,7.55114656221359
"55065",9.5,8.53232326994841
"55067",10.5,9.56023779303669
"55069",10.1,9.12305195732191
"55071",9.8,8.79239836140095
"55073",9.1,8.16454757013568
"55075",10.7,9.50600388385774
"55077",10.7,9.77044682433369
"55078",7.5,7.52685416797704
"55079",6.6,6.6276684131578
"55081",9,7.9625826611142
"55083",10.1,8.97591038002031
"55085",11.5,10.0112055212512
"55087",8.3,7.61709035780313
"55089",9.9,8.5060479713918
"55091",10.5,9.55422595718407
"55093",8.2,7.46767802421197
"55095",10,9.00454492531606
"55097",8.3,7.78505136803446
"55099",11.2,10.0919473899232
"55101",8.5,7.66933917588079
"55103",10.3,9.32986454847202
"55105",8.5,7.72314056476053
"55107",10.7,9.61469376468149
"55109",8.7,7.41397458387399
"55111",9.3,8.32901895451015
"55113",11.2,9.90216792577783
"55115",9.8,8.95240229585816
"55117",9,8.15524113215081
"55119",9.8,8.78290389972734
"55121",9.3,8.34576482827921
"55123",9.9,8.70150436180167
"55125",12.2,10.6306339295946
"55127",8.8,8.13028110669402
"55129",11.2,10.0385278575213
"55131",9.6,8.25338086558928
"55133",9.6,8.2313959229099
"55135",9.5,8.7015535793397
"55137",10.5,9.65314244057969
"55139",8.4,7.59006000639756
"55141",9.6,8.7602783406482
"56001",6.2,5.84638536885772
"56003",9.9,9.02864044295919
"56005",7.7,6.87020494723261
"56007",8.9,7.98864714441169
"56009",9.2,8.03435383796412
"56011",10.7,9.26236567981899
"56013",9.2,8.31845524563366
"56015",10.2,8.69373624514218
"56017",12,9.56309521548172
"56019",11.4,9.71882292415995
"56021",8.6,7.38477463645929
"56023",9.7,8.39781423318543
"56025",8.6,7.49471881638948
"56027",10.7,10.196976202987
"56029",10.8,9.27053174167579
"56031",11.2,9.82779447184202
"56033",10.1,8.68361707128712
"56035",10.7,9.4179732345981
"56037",8,6.89050814112826
"56039",8.8,7.53305436752649
"56041",8.9,7.75977103485927
"56043",10.3,9.19887159257548
"56045",9.7,8.88127874508515
