"county_fips","per_HighBP","pred_outcome"
"01001",40.6,38.7401723624388
"01003",38.7,39.9213635540833
"01005",48.9,48.9186566523786
"01007",42.3,42.3566053653547
"01009",40.5,40.8584918487852
"01011",52.4,49.7942015606696
"01013",47.7,50.1066853189123
"01015",41.3,42.7231955871711
"01017",46.8,47.7361903337813
"01019",44.3,44.0935909564712
"01021",41,41.6634638745521
"01023",51.1,50.7968163526501
"01025",47.7,49.4038974112276
"01027",45.1,45.5393664279563
"01029",42.3,41.1600612532606
"01031",39.1,41.125993200647
"01033",42.1,43.3609170054244
"01035",49.9,51.0685778927964
"01037",46.9,50.0895144343756
"01039",42,44.4418039351886
"01041",43.5,45.2191548002348
"01043",40.9,40.4759594891109
"01045",42.1,42.423281509035
"01047",51,52.0006691669991
"01049",41.8,41.0131401499007
"01051",38.7,39.843252385904
"01053",46.2,46.1883197508257
"01055",42,42.6860107833703
"01057",45.7,44.8685171769111
"01059",41,42.6531390680378
"01061",43.4,44.1790917483785
"01063",57.7,58.2031566290975
"01065",49.6,50.5777785252831
"01067",45.5,46.2507229332553
"01069",43.4,42.6187387643944
"01071",42.2,42.5312525359249
"01073",41.8,42.1622629842799
"01075",44.4,45.1677077601864
"01077",39.4,41.3771801855801
"01079",43.4,43.6285915210178
"01081",34.8,34.6413179183847
"01083",37.9,38.179544609979
"01085",53.9,52.6765885457863
"01087",48.4,52.8155436244185
"01089",37.3,36.9238251768591
"01091",49.6,48.5065012759725
"01093",42.9,43.6574805278859
"01095",39.6,39.7766311632855
"01097",41.5,43.1052279017038
"01099",48.2,49.0906475205352
"01101",43.8,43.774299844459
"01103",42.2,40.8456018355914
"01105",52.7,53.6464173926899
"01107",46.5,47.6414352492077
"01109",37.4,41.6381589979873
"01111",45.1,44.918126290359
"01113",44.3,44.4479817837992
"01115",37.9,40.1642122683742
"01117",36.8,35.5824179069491
"01119",47.9,51.6496618149817
"01121",46,45.3984107740772
"01123",45.9,47.0683426668535
"01125",37.5,39.1588980734948
"01127",41.8,42.6308670473936
"01129",47.5,46.8268636104648
"01131",53.8,54.3967541046326
"01133",43.3,43.6933054237708
"04001",36.4,37.3547291344037
"04003",36.9,34.7443985524793
"04005",25.2,28.3985572897158
"04007",37.1,39.8385506750689
"04009",29.7,31.9018083948397
"04011",26.8,29.8077264345701
"04012",44.8,47.043833002661
"04013",29.3,29.1034269418086
"04015",39,40.3669193129039
"04017",37.5,36.2000753712504
"04019",31.4,31.889151920769
"04021",33.3,33.6048627138121
"04023",31.1,34.3002855416218
"04025",36.5,38.9752408181442
"04027",33.3,34.754080401614
"05001",42.7,44.9246950609997
"05003",46.3,47.0027609584871
"05005",46.7,46.8976316899872
"05007",32.6,33.642772807837
"05009",41.2,41.3265087827584
"05011",45.2,46.3422226051272
"05013",43.7,45.7057407934909
"05015",42.5,42.1936440246839
"05017",51.9,51.6113326661497
"05019",36.5,40.3141609869726
"05021",44.7,42.598980815878
"05023",44.5,45.0525256758254
"05025",45.1,44.0036997899331
"05027",41.8,44.303863151948
"05029",45.1,42.8740346914799
"05031",36.9,37.5923548613565
"05033",40.3,39.726770675218
"05035",45.4,46.7136313193213
"05037",44.1,44.3937806439489
"05039",48.6,50.8500393626641
"05041",50.6,50.2294453758889
"05043",41.7,42.3776716293818
"05045",33.6,35.4214139220278
"05047",44.8,43.9510133541441
"05049",49,44.6895685684302
"05051",41.4,42.4332772357028
"05053",39,39.3859932234457
"05055",38.4,38.5804830016396
"05057",44,45.6774581316301
"05059",41.5,42.408635713086
"05061",42.3,43.5152548068453
"05063",42,40.8527703643462
"05065",44.8,44.985856963842
"05067",44.3,44.1787351740129
"05069",48.8,48.081879452151
"05071",40.1,41.8201134565997
"05073",51.6,50.7368581271766
"05075",40.8,41.1787629759315
"05077",50.8,51.550616358776
"05079",41.2,43.3268713127052
"05081",42.4,44.1712080069292
"05083",43.1,42.5138442523508
"05085",37.7,37.190838269536
"05087",42,44.1147479412084
"05089",46.7,47.2252559139889
"05091",42.4,42.312607481498
"05093",43.2,44.4170310531447
"05095",50.8,51.7798724936147
"05097",47.9,45.6309360051473
"05099",47.4,49.6926877342664
"05101",45,45.6149362004267
"05103",46.8,48.357432263784
"05105",42.1,42.6958340593662
"05107",51.4,52.918660331274
"05109",42,41.6111797541656
"05111",43.4,43.1432820845266
"05113",42.2,43.3183534366186
"05115",38.8,38.4152402295347
"05117",43.7,44.8639990850724
"05119",40.6,40.3377900850856
"05121",43.9,41.6446915924494
"05123",49.2,49.501772872721
"05125",39.2,37.6677945842854
"05127",43.7,43.6974773496722
"05129",47.6,47.901613661538
"05131",39.3,39.4236493301612
"05133",39.8,41.6041867060019
"05135",46.5,46.2808753741933
"05137",48.7,47.6113711155019
"05139",42.7,44.8408410184761
"05141",46.5,45.9035074785279
"05143",31.6,33.5687423471812
"05145",41.2,38.9637771846798
"05147",47.8,48.8558121138401
"05149",42.3,42.066615147733
"06001",27.2,25.6277219790874
"06003",33.2,33.3592103096239
"06005",34.7,37.2805158185443
"06007",30.7,31.1549799085311
"06009",37.5,38.7511668299115
"06011",30.8,32.7670753684636
"06013",27.9,27.7668829599048
"06015",34.8,33.7093203146553
"06017",31.3,32.0113753401579
"06019",31,29.3478011851966
"06021",32.6,33.8331352605427
"06023",32,31.6365595889285
"06025",30.3,31.3117464190668
"06027",33.2,34.5676806360292
"06029",30.1,29.5852950187338
"06031",28.8,29.3212051172315
"06033",35.1,35.9037573598327
"06035",30.8,32.1701223093904
"06037",28.2,28.932490311285
"06039",30.1,31.7224318046532
"06041",28.1,28.5402358435785
"06043",38.1,38.0118469408214
"06045",34.3,35.6723538872358
"06047",30.1,30.5258025990676
"06049",39,39.2577263162957
"06051",29,30.6152617025274
"06053",29,30.1826305262055
"06055",30.7,31.096892332423
"06057",35.5,35.3907619176112
"06059",27.9,27.724030827988
"06061",29.9,29.9351456916947
"06063",36.8,38.9616394696542
"06065",28.6,30.6869247706225
"06067",29.7,28.7463682535487
"06069",26.7,30.332720726295
"06071",29.8,29.8458902329532
"06073",25.5,27.4354150306823
"06075",25.5,24.9397544004415
"06077",29.1,30.1636981045406
"06079",29.9,31.0439308460438
"06081",27.4,26.5203842813781
"06083",27,29.3389657951688
"06085",24.8,24.5721415349169
"06087",29.4,28.7917243513902
"06089",32.1,34.2555998112851
"06091",38.2,40.7915496856152
"06093",37,37.5112643189165
"06095",30.3,30.4501041359601
"06097",29.7,31.2854830006101
"06099",30.6,30.6138807607556
"06101",31.4,31.4502031149214
"06103",34.7,34.480472220835
"06105",40.3,39.6529969499657
"06107",30.4,30.4748585420856
"06109",34.8,37.0294547189528
"06111",30.9,29.6597764914967
"06113",26,26.0893797549014
"06115",29.6,30.6533986725387
"08001",24.8,28.2089589003808
"08003",27.7,31.0832073567251
"08005",26.6,25.8185105200524
"08007",32.9,34.2520502648219
"08009",35.6,36.6110724020392
"08011",34.4,31.215128401871
"08013",24.1,22.4641705739577
"08014",23.7,23.5509594744615
"08015",33.3,31.7065076634196
"08017",31.3,36.0362857926193
"08019",27.1,28.9775278773819
"08021",32.5,35.0777726271963
"08023",37.5,38.0618743835581
"08025",31.1,30.5341888872482
"08027",36.5,36.5244570871167
"08029",34.9,35.8592791919146
"08031",23.5,22.6388615697961
"08033",32.1,40.2040824702498
"08035",24.3,22.6883016935329
"08037",25,24.6603529004926
"08039",28.8,31.768456287531
"08041",25.2,26.8248300819692
"08043",32,32.5302138124843
"08045",27.1,29.2655021886305
"08047",28.5,28.3144156869967
"08049",27.8,30.9445603673443
"08051",23.4,23.7438460301547
"08053",33.7,36.7012475617325
"08055",36.4,37.1442914833941
"08057",34.7,37.8643517709996
"08059",26.1,26.4931690877576
"08061",35.7,38.1530314842161
"08063",31.9,36.8637999564073
"08065",23.9,28.2532201230614
"08067",27.2,29.1014635553999
"08069",23.8,25.8579988002494
"08071",34,37.3098731938993
"08073",30.8,31.9983314138532
"08075",31.1,33.6115534017548
"08077",30.1,31.3361804562667
"08079",33.1,31.1377091154028
"08081",30.9,31.2626606165953
"08083",33.6,34.4668401833049
"08085",32.6,34.7379842727313
"08087",28.5,33.1959097099878
"08089",33.6,34.5859478440603
"08091",33.3,36.3951974633446
"08093",31.5,32.6431770380477
"08095",33.8,34.9741048818727
"08097",25,25.6169757502705
"08099",30.5,34.9437697902234
"08101",31.6,32.3904629552531
"08103",29.5,32.0795999746446
"08105",29.4,33.4163619157389
"08107",25.8,26.7005957565986
"08109",34.8,36.4130127866
"08111",31.2,32.5317991474524
"08113",27.2,25.4057460654172
"08115",37,38.4338056809728
"08117",23.6,24.5648837669575
"08119",29.8,32.7639956589604
"08121",33.1,35.3394491733285
"08123",25.5,28.6823475747767
"08125",30.8,34.5501622212407
"10001",36.1,37.6382020605013
"10003",34.3,34.1312863372985
"10005",40.8,41.0084147742948
"11001",27.9,31.4337569118601
"12001",NA,33.0604589084635
"12003",NA,40.0974722369135
"12005",NA,39.0764393192444
"12007",NA,43.0937356050556
"12009",NA,40.6711772499776
"12011",NA,38.6974731582799
"12013",NA,42.5806197800776
"12015",NA,54.269180677695
"12017",NA,52.9370198968806
"12019",NA,37.6630900148688
"12021",NA,45.8491232598539
"12023",NA,43.6664455448958
"12027",NA,47.3632945977007
"12029",NA,47.2263954158229
"12031",NA,37.3699825035913
"12033",NA,40.4736222243087
"12035",NA,46.6564693984481
"12037",NA,45.2427751073977
"12039",NA,48.3348732331593
"12041",NA,42.3367098311601
"12043",NA,49.9609043238955
"12045",NA,43.2523258703954
"12047",NA,47.0164760465143
"12049",NA,43.9691249590731
"12051",NA,42.3570754529265
"12053",NA,46.8896443478427
"12055",NA,54.1209521250465
"12057",NA,35.9575798327614
"12059",NA,42.9301516319905
"12061",NA,47.3523589612997
"12063",NA,46.0738511198337
"12065",NA,47.6492264592143
"12067",NA,44.5830378252809
"12069",NA,45.3837974842884
"12071",NA,45.9066661675843
"12073",NA,34.3797679680108
"12075",NA,46.3194163552809
"12077",NA,39.0178629790354
"12079",NA,48.8392400462079
"12081",NA,44.2515269484177
"12083",NA,48.3785706886935
"12085",NA,44.812845235881
"12086",NA,39.3235429261481
"12087",NA,39.579526302189
"12089",NA,39.2879128728217
"12091",NA,36.6790778740436
"12093",NA,43.025874782759
"12095",NA,34.4820155693697
"12097",NA,38.4582237077749
"12099",NA,40.8375316131657
"12101",NA,41.8535868957975
"12103",NA,42.2385457424361
"12105",NA,43.3498252901081
"12107",NA,47.5436484745251
"12109",NA,33.3962866203299
"12111",NA,44.9348629936554
"12113",NA,36.6924052265355
"12115",NA,48.2219203376579
"12117",NA,33.8596546143152
"12119",NA,63.5957089023085
"12121",NA,44.2329263463552
"12123",NA,44.7276765235492
"12125",NA,42.7161376519634
"12127",NA,43.6995216919624
"12129",NA,38.7571092174803
"12131",NA,37.7350058805456
"12133",NA,42.5000166454027
"13001",44.4,44.7317043794764
"13003",41.5,42.2654561789787
"13005",42,43.58329995406
"13007",51.2,51.261543416477
"13009",40.3,42.0835442931337
"13011",38.5,39.174678265088
"13013",34.6,37.1580045416547
"13015",38.6,37.535226284795
"13017",45.6,45.9921635756834
"13019",43.1,42.3394829086046
"13021",41.8,43.9056197282377
"13023",41.1,41.6608703243223
"13025",41.8,41.2641579263587
"13027",47,46.9251869009337
"13029",32.9,31.805119893663
"13031",33.4,36.370776364873
"13033",45.2,44.1484639373771
"13035",40.4,42.0998276801832
"13037",47.5,46.1308854943551
"13039",36.7,38.4161808725316
"13043",45.2,45.3237249089975
"13045",36.1,38.8851362249838
"13047",38.7,38.5578214842582
"13049",43.3,43.5102985436284
"13051",36.9,37.3664152839417
"13053",24.9,27.5534182162994
"13055",42.9,42.8212460578455
"13057",36.5,34.0674475518636
"13059",31.7,32.9164153558704
"13061",53.8,53.8567578514107
"13063",40.5,43.5196040235426
"13065",45.4,43.8281543989396
"13067",33.4,33.7696967029704
"13069",43.2,42.5695811664405
"13071",42.2,42.9293425049981
"13073",35.2,34.195119012586
"13075",42.4,42.9369717940021
"13077",35.3,36.3728644734687
"13079",43.5,43.9911083971545
"13081",47.1,47.0985043161194
"13083",39.6,39.242792738698
"13085",37.7,35.7880524023291
"13087",43,45.3029399414168
"13089",37,37.4203449579271
"13091",43.7,44.5823298365444
"13093",48.2,49.1494033729233
"13095",48.9,46.7639952042942
"13097",38.4,39.7735570284557
"13099",48.2,48.624722869643
"13101",39.2,40.4659739789751
"13103",33.8,34.6233042051033
"13105",45.8,44.510910263715
"13107",44.1,44.1098901335035
"13109",45,43.8227959472954
"13111",43.2,42.9377946472995
"13113",38,38.0228974360818
"13115",39.7,39.4674867375331
"13117",28.2,30.5050564729946
"13119",40.2,40.1126966365631
"13121",33.7,33.5757950587086
"13123",41.9,41.6219347776344
"13125",41.1,40.6545498705993
"13127",43.6,41.3819322630606
"13129",39.4,38.3506365725348
"13131",44.1,44.7807350758527
"13133",47.4,46.8417183984539
"13135",32.5,36.1985394432557
"13137",35.6,38.9626295496461
"13139",35.6,37.4008078569113
"13141",53.2,53.073874565978
"13143",37.1,38.3864921231136
"13145",39.5,39.1672129037926
"13147",44.9,43.1282759442259
"13149",40.6,40.6370998465519
"13151",39.6,40.3525712510842
"13153",37,37.1497010106586
"13155",43.2,43.4492641264003
"13157",36.4,36.4669370141135
"13159",40.8,41.2124460170943
"13161",41.6,42.615748871147
"13163",46.3,47.8510195873619
"13165",46.2,48.6650680829741
"13167",47.8,45.8548368748132
"13169",41.6,41.997258626762
"13171",39.6,42.5466704141813
"13173",43.3,41.4039592773165
"13175",45.6,44.4718100948527
"13177",36.8,35.3560648851703
"13179",34.4,38.6562961891507
"13181",46.8,46.6073718714313
"13183",37.6,39.165892443824
"13185",37.2,38.8643190280454
"13187",35.6,36.1698130588984
"13189",42.9,43.5072792406408
"13191",49.8,50.213413355734
"13193",47.7,48.6310292161568
"13195",41,39.754987403643
"13197",46.5,47.697932177612
"13199",46.5,47.545594101599
"13201",45.6,46.0708608608752
"13205",47.4,46.8802267459609
"13207",41.3,40.1392431967496
"13209",42.6,41.9620390427792
"13211",39.5,40.573091643223
"13213",37.4,38.6542848844798
"13215",40.4,41.5666424327013
"13217",40.3,41.446766720896
"13219",33.4,31.1039028930746
"13221",40.8,40.844603584818
"13223",35.6,36.3703541481397
"13225",41.9,42.9990587317029
"13227",38.5,39.8980615053617
"13229",39.6,40.3629921209957
"13231",37.7,37.9752798877433
"13233",39.7,40.2290297453262
"13235",46.3,48.931609002584
"13237",45.5,45.1349513796931
"13239",53,58.9319453338832
"13241",45.3,41.7329845081813
"13243",55.5,51.9476170134672
"13245",42.8,42.0929636640895
"13247",44.1,42.740467360295
"13249",42.1,38.3073258084766
"13251",45.6,45.2429900964312
"13253",46.6,48.1698356771849
"13255",41.7,44.1154866735464
"13257",40.6,41.6295323111494
"13259",39.4,43.5077603312932
"13261",43.5,45.0911024367942
"13263",52.2,53.3643272261152
"13265",54,53.8261396123211
"13267",41.9,42.4192147835318
"13269",48.9,47.6157986464696
"13271",47.3,46.9050406016927
"13273",50.8,49.9164904496894
"13275",42.7,43.1855673548587
"13277",41.4,42.2354999276535
"13279",41.4,43.175062605447
"13281",45.3,43.7754873301173
"13283",44.5,45.8471843955658
"13285",42.9,42.6656757768845
"13287",46.8,46.7902796992623
"13289",46.6,49.6510028200719
"13291",45.8,45.4473548764988
"13293",43.5,43.9359491775462
"13295",39.8,39.5063089492992
"13297",40.1,38.6919665506034
"13299",44.2,43.846399765051
"13301",50.8,50.7542228863076
"13303",47.5,45.7713471951551
"13305",42.4,42.11904825159
"13307",50.2,48.2062498335474
"13309",43.5,43.5405084642411
"13311",39.5,40.5693487098439
"13313",37.2,37.7408129968771
"13315",47.8,45.0091433215179
"13317",48.3,47.547506221351
"13319",47.8,47.144117047422
"13321",44.7,46.5365649814815
"16001",27.9,27.3610981641602
"16003",41.2,40.5956841346934
"16005",32.1,29.9972969833374
"16007",35.9,35.6718006666343
"16009",38.3,37.5565149818453
"16011",32.8,32.7218755642798
"16013",30.5,30.4502883752264
"16015",38.3,38.0680296347981
"16017",38.3,36.803630110449
"16019",32,28.8386102669689
"16021",38.2,37.8838611182397
"16023",41.1,37.3181689226365
"16025",39.4,30.7631624972299
"16027",33,31.2997374214716
"16029",32.3,34.3971711388651
"16031",32.8,32.1057009784608
"16033",33.8,36.6841266288781
"16035",40.4,40.1975695327059
"16037",41.9,41.3465741795592
"16039",31.6,31.2944517474758
"16041",31.8,32.6524146121231
"16043",34.2,34.1000849207183
"16045",35.7,35.7872863229332
"16047",34,35.1890366221269
"16049",38.6,40.0253387054501
"16051",28.8,29.420863386852
"16053",33.1,32.7408288200599
"16055",31.3,32.9244526628482
"16057",25.6,26.9308430129248
"16059",38.3,39.9023721973322
"16061",41.6,40.1979189229864
"16063",33.2,34.7832459172189
"16065",16.7,23.2479736042093
"16067",33.7,34.0550989662692
"16069",36,33.8048145234568
"16071",34.6,34.5430508883568
"16073",35.3,35.9087743685322
"16075",36.5,34.3090783472413
"16077",34.4,34.4037426672605
"16079",39.1,38.6243910372128
"16081",27,27.297857480528
"16083",32.3,32.0772253817487
"16085",37.6,35.8260219863043
"16087",38.9,38.7362495491574
"17001",35.9,35.2676859866915
"17003",46.1,48.557034458372
"17005",35.5,35.9791403705795
"17007",33.4,33.9211051637654
"17009",35.2,35.5379993734923
"17011",37.6,37.7547403354289
"17013",37,38.0699904976229
"17015",36.9,38.4523149366694
"17017",35.6,36.4677499298583
"17019",28,29.8322379121253
"17021",36.5,36.7400871108816
"17023",35.4,35.7733196065608
"17025",37.3,38.9228238581628
"17027",34.9,34.5938882806226
"17029",32.6,34.972351171784
"17031",30.3,32.9564664121212
"17033",36.5,36.0506234870921
"17035",35.8,37.4506238732783
"17037",29,30.5700062484364
"17039",36,35.8743026482288
"17041",33.5,37.1898725928704
"17043",27.8,29.2497221179466
"17045",38.2,38.6032157390925
"17047",38.2,40.7409471064555
"17049",34.9,34.3835558592785
"17051",37.3,38.0959795994543
"17053",35.8,36.3818129429936
"17055",38.4,38.9147852767519
"17057",36.8,37.0239174395474
"17059",39.9,43.3472460788839
"17061",37.2,37.5293561865647
"17063",31.6,31.8085783288419
"17065",38.2,39.5315671398174
"17067",38,37.401914967305
"17069",40.1,44.8772671860549
"17071",38.6,38.9670401783634
"17073",35.3,35.7582740620308
"17075",37.7,38.7998405520783
"17077",32.5,36.0050464404482
"17079",35.9,36.3102664853347
"17081",36.7,38.6625312449109
"17083",34.1,36.2074827601868
"17085",39.6,40.0536232877545
"17087",36.7,38.7114775458413
"17089",32.1,31.7932989238057
"17091",34.1,36.3502276132033
"17093",27.9,28.7200177449764
"17095",38.1,38.6385380747341
"17097",29.6,29.3348807663649
"17099",35.7,36.4373335424665
"17101",36.6,36.2635510211532
"17103",36.8,36.4887089237209
"17105",35.9,36.6472187589616
"17107",34,36.1703934777699
"17109",33.3,34.6175795130565
"17111",31.3,30.3375939911082
"17113",29.7,29.1341321522745
"17115",37.6,37.7451548353748
"17117",36.5,37.2400071633017
"17119",34.9,34.994327799861
"17121",38.3,38.9051290531879
"17123",37.5,38.573456374882
"17125",38.2,38.5055631661238
"17127",39.6,41.282422706123
"17129",34.2,34.7440442503352
"17131",37,36.5492851906843
"17133",31.8,31.0126708246378
"17135",37.2,37.4125129624076
"17137",37.4,36.9596292652687
"17139",35.5,36.6550380778726
"17141",35.9,34.9644048605771
"17143",34.6,34.5906195629487
"17145",38.8,39.2428145666617
"17147",33.9,34.6198965510902
"17149",37.7,37.7729819060892
"17151",43,42.8901338258386
"17153",43.4,47.0906149613676
"17155",36.9,36.934005375329
"17157",37.5,38.8737116744116
"17159",36.8,37.4253582142536
"17161",35.8,37.4942397439587
"17163",36,36.9812149698922
"17165",38,39.0722684279108
"17167",33.9,34.3195353855363
"17169",39.4,40.5297999110171
"17171",37.2,36.3939711755783
"17173",37,38.3351825223517
"17175",37.3,37.7992012492061
"17177",39.8,39.6437726240856
"17179",34.8,34.389138986195
"17181",38.7,40.2550661032576
"17183",38.6,38.4295824125278
"17185",37,38.7746170308709
"17187",34.3,36.6193677776854
"17189",36.7,36.1138515729884
"17191",38.5,39.3988277537331
"17193",39.4,40.655537854919
"17195",36.4,37.2226593879821
"17197",32.1,31.0510135325422
"17199",35.5,35.9645820844225
"17201",36.4,36.4820179053899
"17203",33.8,31.9925145657019
"18001",36.9,36.1202184211255
"18003",34.4,34.5008334434748
"18005",33.8,34.4419053358783
"18007",39.2,36.2789681230433
"18009",41.4,40.1789030747555
"18011",29.4,29.4969130168077
"18013",39.5,38.3659967729324
"18015",37.4,38.4524118272165
"18017",37.8,38.225848157895
"18019",34.6,36.1004982866749
"18021",37.1,37.6686716065902
"18023",36.1,36.9844502905534
"18025",42.7,41.7533342083851
"18027",37.3,36.897584253942
"18029",35.4,36.7780597711856
"18031",37.3,37.2966257589937
"18033",35.4,36.1964445803151
"18035",34.8,36.9627949745223
"18037",36.2,36.0364753111705
"18039",34.3,35.7310979453119
"18041",40.9,39.654915198481
"18043",36,35.0206972973838
"18045",38.4,38.6515592271452
"18047",36.4,37.9307511681332
"18049",37.6,38.5131407897379
"18051",37.3,36.9998521497632
"18053",37.4,38.7284123663606
"18055",39.2,38.2459298898152
"18057",29.3,27.4758234149157
"18059",33.1,34.0967867724134
"18061",36.6,37.2781873630971
"18063",32.3,31.8576870287518
"18065",37.9,37.8964711325584
"18067",38.3,38.361460701175
"18069",36.1,36.4823472099899
"18071",38.4,37.2597140023806
"18073",34.6,36.5828360116358
"18075",39,38.4199231458288
"18077",36.8,38.6340824132744
"18079",36.9,37.8465072585918
"18081",33.9,33.6047241963224
"18083",35.9,36.6347254574547
"18085",33.7,35.7423126140997
"18087",34.3,35.514604990924
"18089",37.3,36.5672400437222
"18091",36.7,36.721603787459
"18093",39.3,37.952227634892
"18095",39.3,37.6792288098713
"18097",34.1,34.5808226897361
"18099",34.8,36.7402482601393
"18101",37.5,38.4452629111923
"18103",37.7,37.1686199032481
"18105",27.6,30.6013249535057
"18107",36.2,36.4090408301506
"18109",36.3,36.5464411533758
"18111",37.5,38.360842777887
"18113",36.3,36.1683199359786
"18115",39.7,40.9154937090182
"18117",40.1,40.1621249913239
"18119",39.1,38.8845826016306
"18121",40.4,39.3645919003201
"18123",36.6,36.1956503218837
"18125",38.1,40.3631291918871
"18127",34.3,33.8166060198933
"18129",37.1,35.7675216242714
"18131",40.3,39.5203151094347
"18133",35,35.9656068458423
"18135",39.5,39.4311146386947
"18137",37.2,38.0862786892226
"18139",38.2,38.2680165199487
"18141",34.4,34.139249733874
"18143",37.8,39.50999893404
"18145",36.1,37.6102549287993
"18147",36.8,37.8774859225084
"18149",39.5,38.4597578036909
"18151",37,37.2769135447681
"18153",39.6,37.3788190669802
"18155",39.6,39.9404681602585
"18157",26.9,29.7082597219742
"18159",37,37.8832417934608
"18161",38.1,38.1145211154737
"18163",35.4,36.0527641403494
"18165",38.3,37.3391253521825
"18167",33.2,34.8047077935679
"18169",38.9,38.7519334690886
"18171",39.3,37.9230891118712
"18173",33.8,32.9286841784298
"18175",40.2,39.0357834879503
"18177",41.6,38.4650054460174
"18179",35,37.196462036208
"18181",37.4,38.3291535234213
"18183",35.4,36.2254279843517
"19001",35.3,36.0292098569973
"19003",37,36.7122955787639
"19005",34.9,36.8515482329814
"19007",37.2,38.8858022370869
"19009",36.8,36.6103866201839
"19011",34,32.2575525186684
"19013",30.5,31.6175615138267
"19015",31.9,32.6697749703789
"19017",30.3,31.4417729874428
"19019",32,32.66063192847
"19021",29.8,31.5000402782741
"19023",34.6,35.0966896906391
"19025",35.9,34.9435746859086
"19027",33.2,33.887556019522
"19029",37.3,36.2028564777588
"19031",32.9,33.9404587890945
"19033",33.8,35.2097930472166
"19035",36.6,36.4103363982765
"19037",35,36.2100082389186
"19039",34.4,36.8523645062578
"19041",34.3,34.2025964997931
"19043",37.7,37.7846256143655
"19045",34,35.3530867934074
"19047",35.4,33.6342053365245
"19049",24.8,25.1069222522864
"19051",33.7,37.8971002778285
"19053",32,35.9624356315809
"19055",32.5,34.6537122307477
"19057",35.5,36.3743113058831
"19059",35.4,36.9539599394952
"19061",28.8,31.99126192181
"19063",34,36.7107809635045
"19065",36.2,36.117491577217
"19067",33.4,36.2025751571193
"19069",35.1,35.8577573127191
"19071",34.6,36.9001833073492
"19073",34.9,35.7827522385856
"19075",32.5,32.7952479735413
"19077",34.2,35.1237700577437
"19079",33,34.2267350975176
"19081",33.7,35.6445406247907
"19083",34.6,35.3967017783321
"19085",34.6,34.261625578075
"19087",33.5,34.4846370078828
"19089",33,35.5519411040836
"19091",35.3,34.8906171389243
"19093",33.3,35.0814540317917
"19095",32.2,32.8373308743317
"19097",34,36.0416427254987
"19099",32.2,33.3684586643559
"19101",33.7,37.1512329017944
"19103",23,25.5926330977774
"19105",34.7,35.1859092555974
"19107",35.7,36.4998463374018
"19109",35.5,36.6085597439104
"19111",34.7,36.5997625398144
"19113",31.6,30.5503312139469
"19115",33.2,37.1466439398218
"19117",35.5,37.6619267976532
"19119",30.6,33.3497178110319
"19121",30.6,32.0638823995889
"19123",31.5,33.6227154439675
"19125",31.2,31.2288421984968
"19127",32.2,32.8155076616011
"19129",31.8,33.22469031952
"19131",33.2,35.3391188415117
"19133",35.2,36.8021020575614
"19135",32.9,33.6831878702636
"19137",35.4,35.0791761989925
"19139",31.3,33.7357840882583
"19141",33,34.085048666782
"19143",34.5,36.2821782958948
"19145",37.2,38.4064203668484
"19147",36.2,34.9327854239342
"19149",32.1,33.1186481384433
"19151",37.3,36.2554750337274
"19153",29.3,27.5681432844165
"19155",33,33.220498253229
"19157",32.1,33.3854721344537
"19159",35.9,37.578476461
"19161",33.8,36.0358086674232
"19163",32.4,32.019141318506
"19165",32.2,35.8141562487972
"19167",27.5,30.2264449175566
"19169",23.1,25.4536524177439
"19171",33.1,35.5338598073737
"19173",33.7,38.4422630330897
"19175",33,35.2627918415678
"19177",36.4,39.5607542120161
"19179",33.9,35.5991895114538
"19181",29.2,29.5152401318544
"19183",32,33.9568145067882
"19185",35.7,38.8123893893324
"19187",31.7,33.9255641762396
"19189",31.5,33.8753850079161
"19191",31.5,34.038308556818
"19193",32,30.8809747764043
"19195",33.7,35.2601517489634
"19197",34.2,35.123462880847
"20001",39.3,39.6486949519564
"20003",40,40.9630236436138
"20005",36.4,35.8927482935145
"20007",39.6,40.7559304023137
"20009",40,39.4844231054377
"20011",38.1,38.2681557117703
"20013",40.2,39.6017048208745
"20015",35.4,34.1822485010143
"20017",38.3,40.2108463080648
"20019",44.1,43.7301219806525
"20021",42.2,39.8512275637888
"20023",42.1,39.7344695442911
"20025",37.3,40.5107520134659
"20027",40.7,38.8737637264042
"20029",36.3,38.4555066549846
"20031",37.7,39.441193792621
"20033",38.9,41.9828148333573
"20035",38.1,38.2559826811577
"20037",34.3,33.5223793181091
"20039",41.4,40.8913534830418
"20041",35.6,39.2011034432769
"20043",37.5,37.4196825966481
"20045",25.5,28.138276763293
"20047",39.3,40.5624039659275
"20049",44.4,43.9536111188664
"20051",28.9,32.296845399047
"20053",41.8,39.1003307494028
"20055",33,34.9343853146937
"20057",35,35.6389163519982
"20059",35.6,36.5916550898393
"20061",29.4,31.9861974140706
"20063",39.2,39.9916993432082
"20065",44.6,40.8957377934659
"20067",32.8,34.0492267172662
"20069",34.2,35.523847375717
"20071",36.5,35.8665275710275
"20073",42.6,43.5361997959768
"20075",34.1,37.7257163952301
"20077",42.1,41.1694227577666
"20079",37,38.3104089521823
"20081",35.1,38.4557165845056
"20083",36.7,38.9183490744357
"20085",38.9,39.067914974474
"20087",35.7,36.5753131790266
"20089",44.9,43.2808414349376
"20091",29.7,29.5609400814251
"20093",36.5,36.6887899961293
"20095",37.8,38.0925592124682
"20097",36.3,39.7749678136449
"20099",39.4,39.1200608345475
"20101",40.7,40.384673287845
"20103",35.3,33.2225852094866
"20105",40.4,39.7749904582874
"20107",39.6,39.2553469373557
"20109",39.5,36.8004511769062
"20111",32.2,35.9440744635498
"20113",34.4,35.876195217497
"20115",38.8,38.7905746253861
"20117",38.9,38.0007291438488
"20119",36.3,37.2565249601532
"20121",34.1,34.9075889145392
"20123",38.5,38.2722136798357
"20125",39.6,40.4620833130498
"20127",37.6,39.8913187308716
"20129",39,38.8323548936358
"20131",35.7,35.3033372609856
"20133",37.8,39.1455395928087
"20135",40.1,40.4918399538713
"20137",35.1,37.3747103060249
"20139",39,38.2064890584572
"20141",41.3,40.1437999481705
"20143",38,36.1335582521051
"20145",40,39.8926691597488
"20147",38.4,39.2598195235284
"20149",33.2,31.0512527402982
"20151",37,37.7808966626272
"20153",42.6,41.0416544513146
"20155",39.3,39.4508379115806
"20157",41.7,39.826759216029
"20159",35.7,38.0272205865289
"20161",22.7,25.0938583070857
"20163",39.3,38.5373292169474
"20165",41.9,40.3208002636644
"20167",40.5,41.5554539993232
"20169",39.2,36.9378867733198
"20171",37.9,36.552900179181
"20173",35.1,36.0910617518928
"20175",32.3,36.7081521336384
"20177",36.7,37.1658466342189
"20179",37.7,38.3798011545774
"20181",35.7,34.6208983628465
"20183",41.9,42.0432942898973
"20185",39.5,38.6883657123501
"20187",38.4,37.9438732812271
"20189",35.4,37.2226134795109
"20191",37.6,38.2648327162315
"20193",33.1,34.7190054101597
"20195",39,41.3131794568141
"20197",37.2,38.5179319130559
"20199",38.2,37.0587406238011
"20201",40,38.783054858632
"20203",39.2,38.5176528721775
"20205",40.7,40.0464850622928
"20207",41.2,41.3999255645011
"20209",38.4,40.8872863983878
"21001",41.9,41.7868444945891
"21003",41.2,40.1441364110623
"21005",37.1,37.3196027258487
"21007",43.4,41.1386284974497
"21009",43.4,41.5075209324364
"21011",41.3,41.6856559184958
"21013",46.1,44.4588328947366
"21015",34.5,32.833122490841
"21017",40.6,40.7612498683453
"21019",41.2,42.1358269668102
"21021",37.5,39.1787630754396
"21023",41.1,40.7286331742739
"21025",44.1,43.8098380494518
"21027",43.5,42.8125735376233
"21029",36.9,37.0800629919448
"21031",41.4,41.9718662467209
"21033",42.2,41.2553404373565
"21035",35.1,36.8976638372481
"21037",36.4,34.8530736054717
"21039",43.1,41.8488652443424
"21041",41.1,41.0624579769842
"21043",43.4,42.8428573266585
"21045",43.7,45.0353898417924
"21047",36.9,36.6853845269492
"21049",40.5,40.0360150454982
"21051",44.4,43.1814270115733
"21053",44.5,43.4850459571511
"21055",43,40.9520113823883
"21057",47.4,46.1856702664917
"21059",37.9,36.6533113569106
"21061",42.7,43.0364432302306
"21063",45.4,44.3024550216974
"21065",44,44.3561794812646
"21067",35.2,34.3938015259774
"21069",40.9,41.4210301625094
"21071",46,45.7598705590127
"21073",37.8,37.7299422602079
"21075",46.8,45.0630006206973
"21077",39,38.7918551187488
"21079",41.9,40.546835130109
"21081",39.2,37.8209241108726
"21083",42.7,40.4620361904334
"21085",43.2,41.6415296289201
"21087",45.2,43.6690392039565
"21089",40.5,43.4678216939677
"21091",38.3,39.1141140162467
"21093",37.1,36.4339639465853
"21095",46.9,46.7670906937104
"21097",40.8,41.0251843582787
"21099",43,42.4364293511321
"21101",40.4,39.4956378559141
"21103",41.1,40.6038502360377
"21105",47.3,43.4677623630355
"21107",43.3,40.7394349179338
"21109",44.9,43.7657312356695
"21111",37,36.8555279163395
"21113",36.4,35.9755757820957
"21115",43.2,43.4732989369642
"21117",35.8,34.3931157577299
"21119",45.7,45.3704302877857
"21121",45.4,43.8321702558844
"21123",39.7,41.2764757194612
"21125",42.3,40.3080150304332
"21127",44.1,44.0702974186539
"21129",45.4,45.955592972792
"21131",46.7,47.1512228780994
"21133",47.1,46.3858733085002
"21135",46.8,45.2428435559258
"21137",43.1,41.7231719853276
"21139",43.2,41.9922752881772
"21141",42.6,40.6891767733862
"21143",43.1,40.9019887931721
"21145",42.2,38.2920653691131
"21147",44.7,45.0326707937701
"21149",41.3,38.7136884918305
"21151",33.8,36.0415135973195
"21153",46.3,45.9519726342658
"21155",41.2,42.2595450271983
"21157",41.5,39.6133093051414
"21159",42,45.4579403485771
"21161",42.3,41.1281911644717
"21163",37.3,38.4235545274601
"21165",44.4,45.9953057264058
"21167",39.6,39.0482969024583
"21169",42.3,43.65003439912
"21171",43.2,42.7533459953212
"21173",40.3,39.6290954218704
"21175",42.8,39.666790763432
"21177",42.6,40.572821947915
"21179",37.7,36.8808741866018
"21181",41.7,41.6604675374092
"21183",40.9,39.4806292552637
"21185",34.1,30.3750185563766
"21187",40.6,40.2080270764078
"21189",45.3,48.2512159481073
"21191",40.8,40.2850525271624
"21193",45,44.1295233431756
"21195",45.1,43.8700866098798
"21197",39.1,40.8919649071661
"21199",41.8,41.8422491068049
"21201",45.3,43.2083460448825
"21203",43.3,43.8658940456254
"21205",34.3,37.9777452148214
"21207",43.4,43.8308205868245
"21209",34.8,33.9649839451798
"21211",36.5,35.8182709210263
"21213",38.9,37.8137811819543
"21215",37.6,36.4197699811787
"21217",38,39.4189077072376
"21219",41.7,41.4102808114998
"21221",45.4,42.6544985672547
"21223",40.4,40.4569519487981
"21225",42.5,41.3755736333082
"21227",32.8,35.7652286398582
"21229",42,40.630799717323
"21231",44.9,44.6203221989584
"21233",41.5,41.3231699416815
"21235",40.1,40.260050451361
"21237",48.7,49.5526864141368
"21239",37.3,36.7667500193541
"22001",42.6,41.7214156595861
"22003",40.5,41.3019683669951
"22005",35.1,36.3281445289153
"22007",43.5,45.2211171174284
"22009",46.9,45.4043644060539
"22011",38.2,38.844499855353
"22013",49.8,50.476970728899
"22015",36.1,37.7321184243727
"22017",44,45.552426006538
"22019",40.6,39.6122797446144
"22021",42.8,43.3680442800222
"22023",39.6,38.2658063821069
"22025",45.1,43.7779644119762
"22027",49.9,52.5285755343629
"22029",47.6,46.1146898688011
"22031",45.4,45.3153825145712
"22033",35.7,40.4866483697804
"22035",51.8,50.2464139643641
"22037",43.6,46.6890770227559
"22039",44.5,44.1085795807741
"22041",43.8,45.3365358617815
"22043",40.1,40.0669156764493
"22045",42.8,44.0601542794557
"22047",44.2,46.288846797598
"22049",44.1,46.617824400724
"22051",39.4,41.9350107041131
"22053",39.6,41.3748214049633
"22055",38.2,36.7918375487733
"22057",41.8,39.5410747889586
"22059",38.1,38.7488187264499
"22061",35.7,38.8899712904845
"22063",34.7,36.4261228033604
"22065",48.6,50.459884673959
"22067",49.4,49.7741004408621
"22069",40.9,44.8198443424459
"22071",38.8,42.5998039085503
"22073",38.7,41.7190476674718
"22075",39.1,39.1240776012418
"22077",45.3,47.1645423913372
"22079",41.7,42.0740655098614
"22081",45.1,48.6214190166243
"22083",45.6,45.3172134722919
"22085",45.1,46.7320760319242
"22087",38.5,39.5359598111381
"22089",38.7,37.8754646390517
"22091",48.2,51.1106782874816
"22093",44.9,45.0505793460262
"22095",44.4,45.3634817440071
"22097",44.9,46.2925796737616
"22099",42.1,43.274920606824
"22101",44.1,45.2451813401701
"22103",37.3,37.4531365171245
"22105",40.4,41.2094580499114
"22107",54.7,55.8156843436751
"22109",41.3,40.8287422179491
"22111",45.8,45.929795230591
"22113",41,40.5595545124187
"22115",32.9,37.9254616580679
"22117",44.8,46.025314352122
"22119",48.7,47.2686941648775
"22121",38.8,41.218788761466
"22123",44.7,43.916379661212
"22125",43.8,43.0039630831555
"22127",45.1,44.9464369517995
"23001",31.8,34.8048834229262
"23003",40.2,37.9745944001748
"23005",30.3,28.892908970437
"23007",31.3,34.8728734904586
"23009",33.6,34.412865974333
"23011",34.2,33.7805926597414
"23013",33.7,34.976088254876
"23015",33.2,34.657244409668
"23017",37,36.6801427154458
"23019",34.1,33.7309771452763
"23021",38.1,38.7199541872748
"23023",35.4,33.186634409208
"23025",38.3,36.9109974344462
"23027",34.7,34.4802354299356
"23029",40.4,37.3093776423563
"23031",33.1,33.2361211733499
"24001",39.6,38.0031082240801
"24003",32.9,33.0473156892124
"24005",35.7,35.4818352812481
"24009",35.1,34.6422703225445
"24011",39.7,39.3481725531426
"24013",33.2,33.8201722037249
"24015",36.9,35.0755277029985
"24017",40.6,38.8302195033389
"24019",40.6,42.7957775120675
"24021",30.2,32.9184438589293
"24023",40.9,40.4617196658018
"24025",34.9,33.7653647455086
"24027",30.5,31.4348182042043
"24029",39.6,40.6214668551416
"24031",30.1,32.6984784739807
"24033",39.6,39.6095011559126
"24035",39.5,35.814314556236
"24037",35.4,34.1710496991797
"24039",40.4,40.0739058112766
"24041",39.2,40.5576324092762
"24043",39,36.6562543621742
"24045",36.6,37.1562679060851
"24047",42.1,40.5498472054108
"24510",36.3,37.6967454526634
"25001",35,36.712114699372
"25003",34.6,34.1612994788063
"25005",31.6,33.2753628476482
"25007",30.7,33.9130884739101
"25009",30.6,30.83923338862
"25011",30,32.6854241467162
"25013",33.6,33.7625465416954
"25015",24.6,28.6455102723367
"25017",26.5,26.403623342946
"25019",27.6,27.6741289624668
"25021",27.7,27.5944173718759
"25023",29,31.7262999693035
"25025",25.8,27.1033743166291
"25027",29.8,30.8359079156688
"26001",45.4,46.511338706021
"26003",39.6,39.0017245435512
"26005",35.3,34.9379744160484
"26007",39,40.6335684874354
"26009",38.4,38.5751188160785
"26011",41.6,41.6049218444858
"26013",39.6,39.1459384132367
"26015",33.9,35.5978671391585
"26017",38.5,38.1881664784667
"26019",38.7,38.2700420620427
"26021",37.2,37.1796048280435
"26023",38.3,37.8709492278375
"26025",38.2,37.6482918830588
"26027",39.2,39.2007761668905
"26029",37.7,36.9148030973785
"26031",41.5,41.1969584456433
"26033",35.8,36.340366452752
"26035",42.7,42.1451275738772
"26037",33.6,33.3391952586502
"26039",40.9,40.4951687165086
"26041",39.7,39.6554154933058
"26043",37.3,36.9320896561976
"26045",34.6,35.564954434834
"26047",34.9,34.6078722527088
"26049",39.8,38.5008136844527
"26051",42.6,42.5539777050647
"26053",41.5,40.7436082485362
"26055",33.1,33.3408079542571
"26057",34.4,35.1215519948059
"26059",38,37.9086661032386
"26061",30.8,32.1539896946372
"26063",39.2,41.7722894441709
"26065",32.3,31.2370633920791
"26067",33.5,33.9860378807653
"26069",43.6,44.3095185744856
"26071",44.1,43.2041056284177
"26073",28.8,32.1530319992083
"26075",36.1,36.6221416990315
"26077",29.7,31.1850923183833
"26079",39.2,37.7394472643756
"26081",30.3,30.5203600029755
"26083",41.1,41.9760941523394
"26085",44.7,43.1810331945806
"26087",35.8,36.7885627903575
"26089",38.9,38.2140100762519
"26091",37.1,37.1556067931471
"26093",32.5,31.8219559456045
"26095",41.4,41.9202819874503
"26097",42.4,41.8419073994766
"26099",36.1,36.8863340795165
"26101",39.1,39.9684727844253
"26103",33.2,33.4599764347524
"26105",41.4,39.2147990728145
"26107",35.9,36.5354688472541
"26109",40.3,39.8692794826341
"26111",33.3,33.2100658116606
"26113",38.7,37.8847754498105
"26115",37,37.0693738998367
"26117",34.1,35.9056405640338
"26119",45.7,45.3957599212774
"26121",36.2,36.0345146823242
"26123",36.9,37.4508872147921
"26125",31.5,31.1699936200897
"26127",38.5,37.63727190549
"26129",43,42.2680168745287
"26131",45.8,48.0314304044957
"26133",39.4,38.5610401930859
"26135",43.5,43.3156557699747
"26137",36.5,36.2936239089311
"26139",29.2,30.6897012528441
"26141",43.7,44.3415783122829
"26143",43,45.5274068201579
"26145",37.4,39.2480469912095
"26147",37,37.737047147551
"26149",36.7,37.6888584255447
"26151",39.4,39.7393343772004
"26153",43.5,41.9496434851828
"26155",35.7,37.2522084190961
"26157",39.1,39.0288575630843
"26159",37,37.3856507280872
"26161",25,27.2457326960701
"26163",39.6,38.4078479201087
"26165",36.9,36.9355323366451
"27001",41.7,43.8506361515663
"27003",30.1,30.6124144794591
"27005",35.6,35.2474608842757
"27007",31.1,33.1474424262488
"27009",29,30.1526207783894
"27011",38.8,37.7416996468475
"27013",26.3,28.7453969884556
"27015",32.5,34.663063554276
"27017",34.8,34.0992544396333
"27019",27.4,27.0181220814597
"27021",39,39.4463047900961
"27023",35.9,36.0138014947591
"27025",31.3,32.4057297077852
"27027",28.9,28.7976592933489
"27029",35.4,37.0311923683275
"27031",37.1,36.5172917800069
"27033",35.9,35.4610493230269
"27035",35.7,35.898002717152
"27037",27.6,29.3348764759061
"27039",31.1,30.6700634051655
"27041",34.9,35.443246409534
"27043",37.1,35.563901529803
"27045",35,35.4523721554571
"27047",36.7,36.4213403838259
"27049",34.6,33.6645464577152
"27051",34.6,36.8508549661839
"27053",26.5,28.8546445378127
"27055",35.6,35.2928529170591
"27057",36.9,37.4345197063164
"27059",31.6,32.4990187152951
"27061",37.2,37.4904268353934
"27063",34.5,35.0890159015956
"27065",35.4,35.7110533229601
"27067",34.2,34.2503655875196
"27069",35.2,37.4863314020316
"27071",39.4,40.2429025005563
"27073",35.9,38.221126681545
"27075",36.9,38.8512996781901
"27077",37.7,38.9184625489175
"27079",33.6,32.9444486032657
"27081",37.6,36.3030367776096
"27083",33.1,31.7249749020225
"27085",32.9,34.1474768910433
"27087",38.4,38.7286332801546
"27089",35.3,36.5290180394539
"27091",35.5,35.927890603841
"27093",33.8,34.6983449723019
"27095",33.2,34.3457480276611
"27097",34.9,34.9220839404818
"27099",33.4,33.275890334194
"27101",36.2,37.3385377907992
"27103",30.1,30.7730500796202
"27105",34.5,34.8136528423272
"27107",34.2,36.1648219240088
"27109",28.6,29.0853952384317
"27111",35.1,36.5025955722142
"27113",33,33.6009743717111
"27115",38.1,37.8072021951188
"27117",35.4,34.6989788728922
"27119",34,33.7138926717733
"27121",35.8,37.1545209608318
"27123",29.2,29.8496666650771
"27125",36.8,36.6108262929886
"27127",33.8,35.4610033238347
"27129",34.2,35.2540991458609
"27131",29.3,31.9799555574177
"27133",32.1,32.7720196784015
"27135",33.9,34.974292025357
"27137",31.7,33.6906346772183
"27139",27.1,27.2070465406996
"27141",26.8,28.8167553465748
"27143",32.4,33.5782850104676
"27145",31,31.2216826582461
"27147",33.1,32.4588420527605
"27149",28.9,32.3309487289858
"27151",36.8,36.2538553149858
"27153",36.4,37.5388442114108
"27155",37.9,37.5342345792344
"27157",33.8,35.4327415743291
"27159",36.9,34.8971971553734
"27161",31.3,32.1535329790495
"27163",28,29.4042882137669
"27165",34.2,35.8523471554917
"27167",34.5,34.0668331543936
"27169",29,31.2635846155448
"27171",26.5,28.9957555187511
"27173",35.2,34.5507112383629
"28001",50.3,50.5155924375863
"28003",41.2,42.7668295260014
"28005",53.5,53.1320270577592
"28007",49.1,48.8616141711223
"28009",46.6,49.7966415690784
"28011",50.6,49.7587318709605
"28013",47.2,47.8639397872954
"28015",50,48.758119404195
"28017",48.9,49.7130840932503
"28019",48.2,48.3323906395202
"28021",51.5,56.3465963688559
"28023",47,49.5033148349042
"28025",49.5,51.5075295046166
"28027",53.8,53.0401268610097
"28029",48.1,49.2861511628711
"28031",46.9,46.2164388668301
"28033",40.8,39.46725655242
"28035",38.8,41.0444267559453
"28037",50.4,47.955737100777
"28039",42.6,41.4905240697355
"28041",42.9,43.7104338640631
"28043",47.3,47.799340457778
"28045",43.8,42.4130967902291
"28047",42.4,42.1672502545541
"28049",45.3,48.1859106716344
"28051",54.6,53.8826072244174
"28053",55.1,54.5845632397837
"28055",45.8,56.6874247273413
"28057",40,40.5313719592902
"28059",42.2,41.6853035999424
"28061",51.8,51.33955078159
"28063",54.5,54.6066907119904
"28065",52.6,54.8358703712229
"28067",45.1,44.1545873199246
"28069",49.6,53.4787432336614
"28071",35.6,35.0828649977829
"28073",38.5,38.6789709396768
"28075",47.3,46.735014863691
"28077",48.4,47.9185716085037
"28079",46.4,49.3539146790052
"28081",41.2,41.4688370463546
"28083",52.9,52.061151867599
"28085",44.9,44.6218673630803
"28087",44.5,45.5684439499254
"28089",40.2,37.3100837805411
"28091",48,48.3049555408076
"28093",49.7,49.6438484198404
"28095",45.3,46.3891005621813
"28097",52,51.0663739991293
"28099",45.4,46.7480605138097
"28101",44.7,47.1045823163109
"28103",52.4,54.6886028024474
"28105",32,36.3994478644507
"28107",47.1,48.7850740079004
"28109",42.9,44.1800775982819
"28111",45.6,45.9656370507006
"28113",49.6,49.0296755240908
"28115",41.3,41.3490245574206
"28117",41,41.6364610827926
"28119",55.8,54.6986267129567
"28121",37.7,39.1454619390378
"28123",49.1,47.9543090687224
"28125",55.5,54.5935057189651
"28127",45.8,46.855639313687
"28129",46.3,47.48237977014
"28131",43.8,44.4800857068643
"28133",50.7,50.4711941552478
"28135",49.4,51.550580623636
"28137",43.2,44.1072798296437
"28139",44.7,43.1208562233479
"28141",43.8,43.4905453649568
"28143",50.7,51.6240251139542
"28145",41.4,41.6194744322037
"28147",50.4,48.5698535396972
"28149",47.6,46.4944517038321
"28151",52,52.5726685422203
"28153",47.8,47.5439797337252
"28155",44.2,43.9552844455187
"28157",53.1,52.4488628532028
"28159",50.2,50.7035373461151
"28161",49.4,50.1324527436429
"28163",48.1,48.2842528328166
"29001",28.7,31.2580911951014
"29003",36.6,36.1943788654221
"29005",41.4,41.3126395582232
"29007",39.8,39.2042689925252
"29009",39.7,43.0520912902308
"29011",40.5,40.4285952493572
"29013",39.3,39.3777680289333
"29015",45.3,45.9195062768098
"29017",41.5,41.7070507124842
"29019",28.2,28.9623324330641
"29021",36.3,36.9934940018975
"29023",40,42.0456006271098
"29025",37.7,38.3263149582384
"29027",35.3,35.3902060022054
"29029",39.9,42.7735067777803
"29031",35.4,34.5771297220942
"29033",38.3,38.5041168612888
"29035",38.7,41.7681593336147
"29037",34.2,36.6449038268552
"29039",43.2,41.055056929977
"29041",41,40.1665509169932
"29043",34.1,33.2578813426089
"29045",39.6,38.5804399438791
"29047",32.9,33.8422698427267
"29049",37.3,36.0020670033921
"29051",37.7,33.8470889949546
"29053",38.4,37.2413610648481
"29055",41.1,40.7282162527701
"29057",43.4,43.2122338987224
"29059",41.5,41.3222367678248
"29061",39.4,38.7871968993849
"29063",37.5,38.5203602920385
"29065",42.4,40.7319650413428
"29067",43.6,43.6821380768043
"29069",43.5,43.5673359101668
"29071",36.4,36.581192138522
"29073",39.9,39.1483166691625
"29075",39.7,36.0856696853078
"29077",33,33.9759100355506
"29079",39.3,40.663067453272
"29081",42.5,37.7203849877547
"29083",40.1,40.9472548649244
"29085",46.5,48.7525464771023
"29087",40.5,41.4715395839792
"29089",35.1,36.8926412476063
"29091",39.5,40.2601671313945
"29093",41.3,41.1205394007512
"29095",36.4,37.0810439280341
"29097",36.1,36.1910585530759
"29099",36.5,34.9454551378071
"29101",29.9,33.1829356656364
"29103",40.5,40.9732116773767
"29105",39.9,38.9874486974259
"29107",39.2,37.4150512052012
"29109",37.6,38.9394247126201
"29111",38.1,37.4301554115672
"29113",36.4,34.7096258922712
"29115",39.4,37.5364537011002
"29117",35.7,37.9813848219695
"29119",38,40.1608334817162
"29121",38.8,39.5133639442524
"29123",37.5,39.2115933939444
"29125",38.8,40.0036714281675
"29127",35.5,35.4234168287226
"29129",41.1,38.6519625932894
"29131",39.4,37.731243703027
"29133",43.4,42.8439176573056
"29135",36.2,37.149828220651
"29137",41.5,41.2575995559471
"29139",39.5,38.9292489119364
"29141",42.7,43.0575952193471
"29143",43.8,44.3102653723839
"29145",38.3,38.4801963307535
"29147",31.2,33.0120251764256
"29149",44.4,42.5450436331581
"29151",32.8,34.388309361596
"29153",46.5,46.9591217380985
"29155",43.1,46.2248291301952
"29157",37.5,37.3758944534102
"29159",38.7,38.1522467684337
"29161",33.7,34.0992288302743
"29163",39.6,37.7325710184357
"29165",33.7,32.4047874190759
"29167",36.7,37.8183513264163
"29169",28.7,31.5787395147028
"29171",40.7,41.1042944386502
"29173",40.4,39.1836875941302
"29175",35.3,37.0610629880888
"29177",38.3,38.2883557973966
"29179",42.4,42.6986828614414
"29181",44.1,42.3533402067484
"29183",32.2,30.9049966356108
"29185",42,44.1699530612358
"29186",37.2,38.3311137446563
"29187",38.7,38.1381023344346
"29189",35.1,34.3614012691083
"29195",34.9,36.8217640283383
"29197",36.7,38.6481219090382
"29199",37.5,39.45339781519
"29201",39.8,39.6621085332571
"29203",43.1,41.8421207337809
"29205",40.1,38.6669868590493
"29207",39.3,41.1866005502968
"29209",43.7,45.274585045121
"29211",40.2,39.9541247638182
"29213",37.3,39.3312348103151
"29215",43.2,40.7271800682729
"29217",38.3,39.1932249164223
"29219",35.4,36.6846943693192
"29221",39.6,38.9540036403624
"29223",44.6,45.6951884213112
"29225",36.4,36.5863423766263
"29227",42.3,40.2449769718127
"29229",40.9,41.1610407399687
"29510",35.1,37.0167210900863
"30001",32.6,33.1636798081317
"30003",35.3,36.5566986843478
"30005",36.3,36.3178670518513
"30007",34.9,37.2636559337619
"30009",36.9,36.9736090317557
"30011",37.4,41.8605160507441
"30013",31.6,32.3853770258535
"30015",35.9,36.2399074366768
"30017",31.1,33.3875229787417
"30019",37.4,40.4304074887294
"30021",32.6,33.4018887788583
"30023",38.1,37.4154223300726
"30025",32.2,35.7395896871134
"30027",35.4,36.1921835405284
"30029",31,31.9277871275643
"30031",22.8,24.6922211313601
"30033",35,37.0344348757071
"30035",34.7,34.8884146115583
"30037",39.8,39.261561638667
"30039",38,38.7237165803857
"30041",32.2,32.5717196611508
"30043",32.5,33.7194088655977
"30045",37.3,37.4646993101484
"30047",33.7,36.0496967934904
"30049",29.1,29.4152678502101
"30051",38.1,35.8880810563042
"30053",38.9,41.306790999978
"30055",35.4,40.192893644007
"30057",35.1,38.4848492747524
"30059",37,39.325265966813
"30061",39.4,38.4044980718355
"30063",25.5,27.6292309902269
"30065",39.5,40.2471734781179
"30067",34.2,33.5959878852797
"30069",38.9,35.4595479505737
"30071",36.9,37.5659258866594
"30073",33.9,35.9036590827779
"30075",38.1,40.1479762475528
"30077",34.7,34.8414497301939
"30079",43.7,42.7826790651596
"30081",32.3,36.8648357663406
"30083",31.7,33.0820684881437
"30085",35.3,35.1598518297235
"30087",37.8,37.2020678391689
"30089",41.4,42.6711398556408
"30091",35.9,36.6743347223523
"30093",32.2,32.4829171613448
"30095",34.9,35.863969556176
"30097",36.7,37.0191919423746
"30099",32.9,36.0423476310502
"30101",32.9,33.2457869256714
"30103",38.6,34.9676228264359
"30105",34.9,37.023327210826
"30107",37.8,40.8854316674145
"30109",36,37.2112031882504
"30111",28,30.3606927351087
"31001",35.6,34.2761384607522
"31003",39.2,37.4759575287911
"31005",36.1,36.4633099481811
"31007",35.3,40.6396390637413
"31009",36.5,44.3157424428932
"31011",35.7,37.1414652551181
"31013",37.8,35.4582573903864
"31015",41.3,43.2744212964156
"31017",39.7,40.1476560485317
"31019",29.2,31.7084397444402
"31021",39.6,37.9790773584554
"31023",35.5,35.4125385498617
"31025",36.3,33.9689465901653
"31027",34.6,35.2637738116927
"31029",38.8,40.2936271301349
"31031",36,35.4417941830559
"31033",38.8,34.8391152643725
"31035",36.9,36.5362076462866
"31037",33,32.5792977204412
"31039",34,35.9091280903151
"31041",37,36.4471646337433
"31043",33.4,30.6787647391493
"31045",29.6,32.0024720896009
"31047",34.5,36.176475919408
"31049",41.6,41.0083866569655
"31051",36.4,35.2287615440508
"31053",35.2,34.6491763359684
"31055",30,29.8752075719467
"31057",39.3,35.005294613847
"31059",37.2,38.2217145463238
"31061",40.4,41.2277180120606
"31063",35.1,39.295773636927
"31065",37.6,39.6637708615761
"31067",37.4,37.1123992747766
"31069",41.3,41.8036699986796
"31071",37.8,37.7606443116247
"31073",38.4,39.3388851708054
"31075",38.9,35.9425614770724
"31077",37.7,39.1612108835806
"31079",34,34.101646043976
"31081",34.7,35.5422306331287
"31083",37.2,40.2187013258795
"31085",40.5,38.6829265067221
"31087",38,39.7332696127592
"31089",37.1,35.1726316113566
"31091",37.9,35.4994204719599
"31093",36.9,36.737650285848
"31095",38.1,40.6621673215155
"31097",34.6,36.6327056963215
"31099",34.9,34.7153564759225
"31101",39.8,39.7036955009037
"31103",43.4,34.4220670750158
"31105",41.1,41.675680749849
"31107",40.1,38.0956579781701
"31109",29.8,30.6526878781775
"31111",35,35.9973933517935
"31113",35,35.457017750139
"31115",40.4,38.9843791327405
"31117",39.3,41.1989769150297
"31119",34.6,32.7684849660214
"31121",35.7,37.4710729458983
"31123",35.2,37.0772565749479
"31125",35.3,36.340256094777
"31127",31.9,35.8409854764484
"31129",39.9,41.4667539390393
"31131",36.1,35.5871000947146
"31133",41.7,43.7628393413351
"31135",37.9,37.5187919375688
"31137",34.9,35.6096409937295
"31139",35.5,34.542337340662
"31141",32.5,33.9843405133845
"31143",36.2,37.7669862273833
"31145",35.3,36.8323912267597
"31147",39.1,40.8391648005587
"31149",38.6,37.1736075117263
"31151",35.1,34.8687315182094
"31153",28.7,28.3826950011445
"31155",34.8,33.0434463389787
"31157",33.4,35.1314491033586
"31159",31.2,32.9435988299522
"31161",40.6,40.4586681062892
"31163",40.2,40.7968569844421
"31165",41.2,37.000360447415
"31167",35.3,34.325520941048
"31169",38.9,39.9498273098831
"31171",37.2,42.5306544648522
"31173",33.9,31.4877093686529
"31175",39,38.1559142700738
"31177",34.1,32.2898840352686
"31179",28.6,30.645486124619
"31181",37.3,37.8815248491386
"31183",41.3,42.8736484734904
"31185",33.7,35.3733088339513
"32001",33.9,34.701237980724
"32003",33.6,31.3206854589792
"32005",36.5,37.7059073154563
"32007",30.5,30.9096819190483
"32009",44.4,37.1207287555992
"32011",38.6,38.7394470560563
"32013",32.4,31.8906299932008
"32015",35.4,32.0362669985015
"32017",36.3,34.7743269815337
"32019",35.4,35.8527063804052
"32021",41.8,40.4128528194999
"32023",40.9,40.9599721996944
"32027",33.7,33.9537595170058
"32029",39.7,41.6829471604865
"32031",31.3,30.5392248905374
"32033",35.2,34.84238451896
"32510",34.8,33.9873445083697
"33001",31.9,34.2680070401475
"33003",36.4,35.6941286863788
"33005",31.4,32.7966031278134
"33007",36.3,38.6305540241429
"33009",31.2,31.1662107484813
"33011",29,30.5320554498821
"33013",30.4,31.5240370335298
"33015",29.4,30.6734669115058
"33017",29.9,30.2120065353879
"33019",32.4,34.7854167141259
"34001",36.3,35.8530209934583
"34003",27.5,30.2248438215157
"34005",34.1,33.5613266376055
"34007",34.6,33.7263094170712
"34009",38.2,37.1047084916743
"34011",35.7,36.6484951686077
"34013",31.9,31.9902789507515
"34015",30.7,32.855337281466
"34017",26.3,28.2347941302651
"34019",30.7,31.3494748903286
"34021",31.2,31.7527728698341
"34023",29.9,32.3575371845194
"34025",31.1,30.3638182640637
"34027",29.9,28.9037657366212
"34029",34.2,34.1473388024614
"34031",31.1,32.8677191415758
"34033",35.3,37.3740369028657
"34035",28.6,30.1213718051589
"34037",32.2,32.5049857238808
"34039",28.9,32.5530635966802
"34041",33.3,33.747478725955
"35001",31.8,30.8067956039495
"35003",50.9,48.1683313415139
"35005",35.3,33.9374666896167
"35006",37,35.5407296755342
"35007",39.3,37.4571143475004
"35009",30.6,32.5914197354405
"35011",40.6,37.4313207553383
"35013",31.9,32.6537850282093
"35015",31.9,32.1922295489885
"35017",37.3,38.0342128546944
"35019",34.9,35.1355189904365
"35021",46.2,37.8206628717989
"35023",36,37.51810355752
"35025",31.1,32.4603195796439
"35027",40.3,40.7465136584761
"35028",29.1,23.468094759714
"35029",39.5,36.4914716795839
"35031",34.8,35.9721790929602
"35033",40.8,41.8866586407114
"35035",32.9,33.6183024190016
"35037",40.5,38.9811620949302
"35039",35.5,36.5643431263788
"35041",29.4,34.5640928869672
"35043",31,31.8551717669135
"35045",33.2,34.6432974390707
"35047",34.5,36.0836785713146
"35049",29.6,34.0311830552566
"35051",44.7,43.2407211358113
"35053",36.6,36.1848867424126
"35055",35.9,35.8564990046409
"35057",37.6,37.5091770645072
"35059",36.1,38.8985966734951
"35061",34.9,33.8274870020576
"36001",30.7,30.1616554802635
"36003",34.1,34.3499218683949
"36005",33.7,35.6663847907538
"36007",34.7,33.3580957336603
"36009",36.9,36.8980408164533
"36011",37.2,35.5135874818113
"36013",35.6,37.132514738699
"36015",34.1,35.004648224373
"36017",36.9,37.1309266346336
"36019",34.5,33.1485565216064
"36021",34.7,34.4951901392149
"36023",29,32.8601070700077
"36025",34.2,36.6614528013769
"36027",33,32.3721400297583
"36029",33.2,34.1478839291647
"36031",35.8,35.215675687416
"36033",38.2,34.9493860783411
"36035",38.1,36.4433671920122
"36037",34.8,35.8034621135118
"36039",32.8,36.0642590613852
"36041",39,39.9293511782459
"36043",35.3,36.1649440355036
"36045",31.2,32.7073616189997
"36047",29.3,31.5287897330356
"36049",36.8,35.7110080080576
"36051",32.1,33.6472206135482
"36053",35.2,34.4610752995386
"36055",33.2,32.2232823517631
"36057",37.1,35.9302083278013
"36059",28.9,32.201920297119
"36061",25.9,27.2272286127911
"36063",35.9,36.0037061378792
"36065",33.7,34.5000652075831
"36067",34.8,31.9951194935564
"36069",33.8,33.0964107790873
"36071",32.2,32.0482294526049
"36073",39.1,36.8973971709956
"36075",32.2,34.2058880820781
"36077",29.7,32.9394931959801
"36079",30.5,31.5697563241944
"36081",31.8,35.6317072574682
"36083",30.9,31.9154081704354
"36085",32.1,33.3879380798688
"36087",30.9,29.825873589075
"36089",34.6,34.0846602358144
"36091",29,30.5346308366778
"36093",33.2,32.842364327035
"36095",34.9,36.1248985972204
"36097",36.1,35.7178164352891
"36099",35.7,35.4278131677213
"36101",35.9,34.7570423604188
"36103",31.6,32.5791768294321
"36105",32.6,34.0977120018951
"36107",33.6,35.5125990380122
"36109",23.6,25.5894252003628
"36111",31.8,32.7209037249687
"36113",35.2,34.4873936779175
"36115",35.7,35.9716709418302
"36117",35.5,35.1391774664098
"36119",28.7,30.3331539328196
"36121",34.5,36.3891038848198
"36123",36,34.7077869445551
"37001",34.8,37.7059139795045
"37003",37.2,40.083173715141
"37005",44,42.9307976136692
"37007",43.6,45.4658867191067
"37009",38.5,41.8121451618659
"37011",36.9,36.4401899243558
"37013",42.5,43.5929690464656
"37015",50,48.9748291677265
"37017",43.7,46.0367977464133
"37019",43.3,43.5644846759231
"37021",32.7,32.9328999626035
"37023",39.3,40.3909909329804
"37025",32,32.4135402254958
"37027",39,39.6353515027816
"37029",35,35.6486729381382
"37031",36.7,38.3896763169399
"37033",42.9,44.8605160434726
"37035",35.4,36.7028817873216
"37037",37.8,38.0988821780115
"37039",44.2,43.442785889439
"37041",45.6,44.7437392240696
"37043",42.9,42.1869674442991
"37045",39,40.4191626590004
"37047",42.3,43.6482805696069
"37049",37.1,38.8203924319954
"37051",35.8,37.3977077985218
"37053",34.7,35.1425676133015
"37055",36.1,34.7216350593294
"37057",37.1,37.8439261587419
"37059",36.5,37.9969962328306
"37061",41.1,42.617802507747
"37063",33.3,32.9727135771419
"37065",44.9,46.6010331003285
"37067",35.4,35.5510119145103
"37069",36.7,38.9273739503934
"37071",36.6,36.5253916302316
"37073",42.8,44.9958654409491
"37075",38.5,41.7448714495464
"37077",40.3,39.4681184821913
"37079",40.6,41.6642665113047
"37081",33.4,36.2865049626044
"37083",48.4,47.2110390910062
"37085",35,35.9673374627681
"37087",39,39.1747178451935
"37089",37.8,38.4065933324592
"37091",45.1,47.1649904357992
"37093",35,38.5353480284288
"37095",42.4,45.2677094200684
"37097",33.9,33.3640871151404
"37099",34.9,37.9393837992359
"37101",35.3,34.7732937281038
"37103",44.8,45.0897215605573
"37105",38,38.147032607203
"37107",44.9,45.4412680420589
"37109",35.8,35.7663281443931
"37111",36,39.0201960922435
"37113",41.2,42.2028618187064
"37115",36.9,36.8695144492613
"37117",45.4,47.7415505788952
"37119",29.8,30.3743839374295
"37121",37.8,40.6898546715073
"37123",41.1,41.9860708680311
"37125",34.3,37.6892617143495
"37127",40.2,42.9104659941356
"37129",33.1,32.8325880879434
"37131",49.1,50.9631939441893
"37133",27.2,30.2099932014006
"37135",29.1,28.6048180674082
"37137",43.7,45.0554874366868
"37139",38.4,39.9532624419311
"37141",36.4,35.978392103924
"37143",42.8,46.1245088019113
"37145",40.4,42.576558475798
"37147",34.5,36.7454669910522
"37149",42.1,42.0414644352879
"37151",36.5,37.8632867592861
"37153",41.9,42.5043665361128
"37155",45,46.7771559436352
"37157",38.8,42.8066116257142
"37159",37.7,38.594456125671
"37161",39.4,40.9366599092142
"37163",41.6,42.9880442064085
"37165",43.7,44.9563550566083
"37167",37,38.2347897474845
"37169",38.1,41.1373486665732
"37171",38.7,39.3019992155823
"37173",38.7,38.764489985982
"37175",39.4,40.2234107630766
"37177",44.5,44.5435413107268
"37179",32.1,30.2530162011616
"37181",43.7,45.2687511277967
"37183",29.4,28.7980066075775
"37185",47.7,50.4833062933073
"37187",48.1,48.6485152265272
"37189",28.4,31.0269857237387
"37191",39.2,40.1245950592414
"37193",39.9,41.1127415393305
"37195",42,43.6530169471674
"37197",37.7,39.7348062422597
"37199",39.3,41.6885011974163
"38001",40.6,39.730643038646
"38003",35.1,34.9544477257344
"38005",38.7,36.814482159714
"38007",36.2,37.6364722335257
"38009",36.9,37.7583076335032
"38011",37.4,37.1611775868377
"38013",35,36.0816419166298
"38015",31.3,31.0341459232364
"38017",26.9,27.9430403173483
"38019",39.8,39.7215597139825
"38021",33.4,34.0697316501422
"38023",38.6,37.913938737061
"38025",34,35.5868539003736
"38027",38.2,39.1342577661093
"38029",39,39.6042280428772
"38031",35.3,36.8265904079062
"38033",37.2,37.8318391952061
"38035",28.6,29.6622207640795
"38037",40.3,40.5389258903916
"38039",39.1,39.4032957140087
"38041",36.5,39.0254886442837
"38043",40.9,39.354367401478
"38045",39.3,38.2853434270286
"38047",38.8,38.0836301401288
"38049",37.7,36.481838824996
"38051",43.1,41.3328073398107
"38053",27.3,31.0849320529904
"38055",37.9,38.1768738790451
"38057",38.1,35.6914985906896
"38059",32.8,32.0517294160854
"38061",34.2,34.5484731951052
"38063",37,38.1187683861814
"38065",38.2,38.2686355463485
"38067",37.7,38.5447711880275
"38069",34.7,35.7394906589289
"38071",33.7,35.6474364621052
"38073",37,35.8647246064957
"38075",36.2,34.7084058505117
"38077",32.5,33.9190336631607
"38079",39.8,39.0233319638459
"38081",34.4,37.1723975068024
"38083",38.4,42.9776303743259
"38085",38.7,37.5694413241559
"38087",37.7,38.719790804564
"38089",30.2,30.4974244192098
"38091",35.8,37.460947774538
"38093",33,33.9644097420704
"38095",42.2,38.3117945685982
"38097",33.6,33.8343208127487
"38099",37.4,36.7479135863715
"38101",29.9,30.3179904614767
"38103",39.8,37.6327016759297
"38105",26.8,29.1334161756597
"39001",40.7,41.1597798311446
"39003",39.2,38.247860501123
"39005",37.6,38.2156429205201
"39007",40.6,39.3816396240599
"39009",32.9,36.1666249734087
"39011",35.2,36.8347276540849
"39013",38.2,40.5204666340743
"39015",37.2,40.8257905475693
"39017",34.5,35.0585019999065
"39019",39.3,40.9562733902695
"39021",37.3,38.2812810975017
"39023",39.5,39.5693261432336
"39025",36,35.550044423933
"39027",37.6,38.8121096211432
"39029",39.5,39.5599366853561
"39031",39,40.9671541778805
"39033",39.6,40.0037863384465
"39035",36.7,36.2736730534671
"39037",39.9,38.8223651691015
"39039",37.1,38.1097409669898
"39041",31.7,29.0913418346015
"39043",37.8,39.0036295675019
"39045",35.9,34.8147425530595
"39047",39.3,39.5624720398057
"39049",30.9,31.8387123591864
"39051",36.3,37.7453968247399
"39053",39.2,41.0303345199563
"39055",35.7,33.4617549674253
"39057",33.3,34.8370884269596
"39059",40.9,41.1310766215547
"39061",36.3,35.8239783306439
"39063",34.4,35.5271157637159
"39065",35.2,37.3002668725198
"39067",42.1,43.0304611442776
"39069",37.1,38.0158564416795
"39071",40.8,39.8383616350487
"39073",39.9,41.5369751370529
"39075",34.5,34.213761358607
"39077",37.8,38.1537762706756
"39079",39.4,40.5996447783658
"39081",38.9,41.3406858815425
"39083",34.7,37.6919944683799
"39085",36.2,36.1338737978435
"39087",42,42.1076913723731
"39089",34.7,35.4805577281494
"39091",37.3,38.1029159442509
"39093",38.2,37.0060617133064
"39095",36.6,36.7724109787432
"39097",36.4,36.6554296728464
"39099",37,39.1624392262009
"39101",39.8,39.7982512200672
"39103",33.2,33.6169610647994
"39105",43,43.9250626336504
"39107",36.7,36.9132312526587
"39109",37.3,36.6252266348552
"39111",42.7,44.5945128717735
"39113",37.5,37.2357438717687
"39115",42.5,44.1334881570043
"39117",38.6,38.649738700007
"39119",39.8,38.9196394184829
"39121",46.4,46.7679923770358
"39123",38.6,40.0018148329307
"39125",37.7,38.3362945019349
"39127",39.4,39.7816985922978
"39129",36,37.1534686858773
"39131",40.3,41.8769550885149
"39133",34.4,34.3552779826424
"39135",38.4,38.5688399010029
"39137",36.9,35.6134372660968
"39139",37.6,39.4058095668408
"39141",37.9,39.5499047629297
"39143",37.9,38.9229658883966
"39145",43.3,42.3984122320478
"39147",35.6,37.8754752789252
"39149",36.7,37.0961245451133
"39151",39,37.6315586689545
"39153",34.9,34.9437328896243
"39155",41.2,40.2339994144461
"39157",38.9,38.5803083545818
"39159",31.5,31.1573543741123
"39161",38.5,38.1964248599969
"39163",42.6,42.3480837673229
"39165",31.9,31.9804559287259
"39167",39.9,41.2464869441849
"39169",36.8,35.842881667729
"39171",38.5,38.8360836906896
"39173",32.3,32.4508330933214
"39175",36.4,37.6585788074254
"40001",43.6,45.9070999250033
"40003",41,39.4425400975377
"40005",42.5,43.1103371042874
"40007",38.6,40.0503771100034
"40009",39.9,38.0039949635843
"40011",41.9,40.8267265810952
"40013",40.1,39.1571252300387
"40015",40.1,42.5735103464437
"40017",33,34.5914456092197
"40019",41.2,40.5656439653783
"40021",38.3,40.7791935249683
"40023",46.8,45.4899666979128
"40025",41.1,39.1124921613367
"40027",32.8,34.9260530535735
"40029",44.8,43.9950645009622
"40031",39.5,38.8596461945544
"40033",42.3,41.9381122617014
"40035",43,44.4351711087414
"40037",40.8,41.1931549138185
"40039",33.7,36.387669195239
"40041",42.8,46.1849161119258
"40043",41.5,40.2822575479545
"40045",42.9,41.7822080299263
"40047",39.9,38.5419515434091
"40049",40,40.3421951230202
"40051",38.1,38.3527752221041
"40053",42.9,40.9190639284481
"40055",41.1,40.5405647296297
"40057",44.3,43.7431711393777
"40059",40.6,40.0522815499199
"40061",44.6,43.9891546742939
"40063",43.1,43.8049654319606
"40065",35.7,36.957466948274
"40067",44.3,43.3597788863545
"40069",41.8,43.1853981874289
"40071",41.4,41.4920552809424
"40073",36.2,38.169574237959
"40075",45.1,42.2964738372906
"40077",42.9,44.7166905145061
"40079",42.6,41.9302799331824
"40081",41.8,41.7406534051486
"40083",38.3,36.7320015940214
"40085",40.3,42.1203579320958
"40087",35.6,37.3728720627451
"40089",44.6,42.810796911898
"40091",46.1,46.650696170487
"40093",41.4,41.5161317120186
"40095",44.7,44.3391172371622
"40097",42.6,43.7509271862692
"40099",42.7,42.3323445093788
"40101",44,42.2058671009284
"40103",41.1,41.326297995477
"40105",43.3,43.5092383669732
"40107",45.1,44.8794994480519
"40109",36.1,36.0179478275244
"40111",40.6,43.33055785133
"40113",43.3,43.2345898816273
"40115",43.7,43.1547018210515
"40117",40.3,42.2491260580607
"40119",29.9,32.6384488533788
"40121",42.3,42.4532317538792
"40123",38.6,38.5450407373447
"40125",38.4,39.8550515691993
"40127",44.2,45.1556096517171
"40129",43.5,40.54710243184
"40131",36.8,39.0058153434844
"40133",43.3,42.9572111288384
"40135",44.2,43.3155879411736
"40137",43.8,40.6690037451444
"40139",38.4,36.6807625896244
"40141",43.4,42.7012092117288
"40143",34.9,36.1234265858916
"40145",38.3,38.7995331389499
"40147",40.4,38.7453148153453
"40149",40.9,39.3840810869733
"40151",34.5,36.1391581690613
"40153",39,37.2638441480255
"41001",38.4,37.4733037062387
"41003",25.7,26.7397320825389
"41005",30,30.0050199976333
"41007",34.1,35.5055704648669
"41009",32.2,34.0252191164979
"41011",39.4,37.8432888915247
"41013",35.3,36.8743304377378
"41015",41.6,41.1563733911941
"41017",29.7,31.0020369950843
"41019",37,37.6084099711358
"41021",38.8,40.4730378966999
"41023",40.3,41.2359193112466
"41025",38.1,38.4813200593328
"41027",30.5,29.8105241248526
"41029",33.7,33.7918399541284
"41031",33.6,34.2638923533712
"41033",38.5,38.2095074132777
"41035",35.6,35.109957321022
"41037",36.8,37.1393927389587
"41039",32.4,32.0953697065007
"41041",40.5,38.9178376148212
"41043",33,33.7609353411419
"41045",34.2,33.596487116009
"41047",33.8,31.5060027204586
"41049",33.5,34.0980373955062
"41051",25.1,26.0360110337921
"41053",29.8,31.3380348063839
"41055",38.9,36.9572100929199
"41057",37.5,37.3367258847023
"41059",33.2,32.3884581790665
"41061",32.7,34.4129144595361
"41063",37.4,37.6986992999318
"41065",33.1,34.5699802495573
"41067",26.4,26.155241794328
"41069",43,42.7152892709666
"41071",31,31.4826963074583
"42001",34.9,37.1542644873411
"42003",31.1,32.823035953753
"42005",35.9,39.3148033779941
"42007",36.3,37.4637444744494
"42009",37.1,40.5740994349669
"42011",32.5,34.691620868047
"42013",33.5,36.094514181909
"42015",38.4,36.5313429390354
"42017",31,32.3750763697781
"42019",31.9,32.7431209651748
"42021",36.2,38.4259656113361
"42023",42.2,42.9218025787249
"42025",35.9,37.073305357628
"42027",26.2,28.2452680700611
"42029",28.7,29.5118672019321
"42031",34.4,37.2456389242249
"42033",37,37.0358354251293
"42035",33.4,34.966086151915
"42037",32.7,34.4321066948202
"42039",36.6,38.4891570238185
"42041",29.5,33.1629895630202
"42043",34.1,34.6667178110535
"42045",33,32.7757275539536
"42047",35.9,38.1575026968075
"42049",32.9,35.4685689504597
"42051",37.6,40.9457121752739
"42053",37.9,40.4713625868011
"42055",36,36.2469872583139
"42057",36.3,40.6798800960194
"42059",34.9,39.0472253090784
"42061",36.7,37.966211204105
"42063",33.4,36.682741553868
"42065",36.3,38.4309685961257
"42067",35.4,37.9476665300368
"42069",31.5,33.9423289976295
"42071",31.4,33.708164414165
"42073",36.3,39.2804763018981
"42075",34.6,35.5444509818431
"42077",33.9,33.2779491447456
"42079",34.4,34.7915849968441
"42081",35.1,35.3128459187674
"42083",36.3,36.3745400930399
"42085",35.5,38.7580671383261
"42087",37.1,36.9529126309895
"42089",33.8,35.644299761281
"42091",30.8,30.959558487034
"42093",33.1,34.2076317681415
"42095",32,34.4102504119022
"42097",38,36.6685862029031
"42099",35,37.4905326690472
"42101",31.7,33.2189324057646
"42103",37.4,36.780779855871
"42105",39.5,39.9310199765149
"42107",35.3,35.9075484233608
"42109",34.1,35.9318755701463
"42111",37.7,39.8491117748433
"42113",41.1,40.8390169878036
"42115",38,37.8110989404329
"42117",36.1,37.2238553247798
"42119",30,33.6953311760822
"42121",37.7,39.9749728773992
"42123",38.6,39.294133773442
"42125",35.1,35.766250923241
"42127",36.9,37.6637785695476
"42129",34.1,36.4437028234135
"42131",35.8,37.1412536016348
"42133",35.6,35.2006799638372
"44001",30.4,29.7333295762906
"44003",35.1,33.650605131819
"44005",35.3,31.665251856883
"44007",32.1,32.7034103066986
"44009",30.6,30.8235465774785
"45001",42.5,43.6099403506259
"45003",41.1,39.189575587882
"45005",49,50.9822347048324
"45007",39.2,38.2245001250292
"45009",44.3,48.4800064161299
"45011",45.5,46.0401397898043
"45013",35.3,39.1845414515501
"45015",35.4,35.7546956834885
"45017",47.2,46.5899204143464
"45019",32.2,32.2155890109118
"45021",39.7,40.0036996693499
"45023",40.8,43.4891546410885
"45025",44.9,43.4105140734277
"45027",47.3,47.8954668048911
"45029",45.9,45.1570427121809
"45031",45.5,43.9522881364352
"45033",47.7,46.2489021794189
"45035",35.2,35.9755560977833
"45037",40.9,42.8977940435242
"45039",48,48.6841152288723
"45041",43.2,41.8765221426995
"45043",44.5,44.5787018760705
"45045",35,34.2382438752999
"45047",41.9,40.9221994792252
"45049",46.9,47.2712613923387
"45051",40.1,40.6353419025479
"45053",43.2,44.8392546677795
"45055",37,40.0491459192735
"45057",39.3,38.9265476628474
"45059",42.1,41.7488576715362
"45061",46.4,47.9697606576884
"45063",34.6,34.9042577700906
"45065",48.7,52.4199418629744
"45067",48.3,49.010689402418
"45069",47.1,46.1015526876141
"45071",39.1,42.1244747983523
"45073",40.5,40.3671157718814
"45075",46.6,47.3628112850373
"45077",33.3,36.6440007093018
"45079",34,36.0502798782598
"45081",43.4,43.9555861795796
"45083",35.8,37.657715766345
"45085",41.9,41.7645959540401
"45087",44.1,44.5009367175053
"45089",49.7,49.5507131124381
"45091",36.3,32.6246035416164
"46003",33.9,34.6149869172184
"46005",33.4,33.4533396984815
"46007",37.2,36.8383359925329
"46009",34.6,35.6323080212762
"46011",26.9,27.0846092949149
"46013",32.1,31.8441488068287
"46015",34.6,34.6925257581943
"46017",35.5,37.5579085313749
"46019",35.1,35.0404137628294
"46021",38.4,37.8093149094961
"46023",37.2,36.2402703745975
"46025",34.8,36.8927472670547
"46027",23,27.6371632003952
"46029",31.9,33.6033457243741
"46031",36.7,37.6033625851405
"46033",38.3,40.9133865338918
"46035",34.5,34.6574837405834
"46037",38.5,38.7729218538461
"46039",35.6,34.8950918736833
"46041",34.6,35.708860275522
"46043",35.8,39.2742799421646
"46045",34.1,34.7451135038752
"46047",42.4,42.5759765728692
"46049",36.5,38.6101193410529
"46051",35.7,35.9579914421607
"46053",38.8,38.6425999477739
"46055",37.8,39.9616223144241
"46057",29.8,31.1472667024812
"46059",35.8,36.7715550006165
"46061",32.6,31.5009440514141
"46063",32.9,34.9772312193376
"46065",31.9,31.4414612561446
"46067",34.6,34.7667440615498
"46069",34,37.0630131328139
"46071",40.2,38.8510322264754
"46073",37.6,41.3839000952548
"46075",37,35.8955824097265
"46077",35.5,35.5167983095912
"46079",34.9,34.0754305047566
"46081",33.9,34.4348740972657
"46083",27.9,27.034116896734
"46085",37.7,36.6132241783627
"46087",31.4,32.7096215099755
"46089",38.8,40.7755879002871
"46091",34.3,36.2556933494289
"46093",30.6,32.0782508431969
"46095",40.7,40.7028627301279
"46097",36,37.8235909561
"46099",27.9,29.0121122739426
"46101",33.6,33.6732440183065
"46103",31.7,33.2015754843592
"46105",36.7,38.6878807668972
"46107",36.1,38.1551831618538
"46109",38.4,38.7456609392542
"46111",34.2,35.087746451709
"46115",35.7,35.7965515748133
"46117",32.3,34.4057953424619
"46119",36.1,37.8424577270844
"46121",35.7,36.8404010301067
"46123",38.4,38.7645785142329
"46125",34.2,34.3772009749519
"46127",31.3,31.2167439804707
"46129",35.4,36.3469357917894
"46135",34,33.8153389288712
"46137",36,37.1329458027293
"47001",41,39.2031435606032
"47003",37,37.3255693781676
"47005",46,44.5381576904796
"47007",41.4,42.6203253760528
"47009",39.7,38.1529565801055
"47011",38.2,38.4880913325228
"47013",41.6,42.7514140658712
"47015",39.3,39.5360159617502
"47017",42.2,42.0684496276101
"47019",42.1,39.379219132267
"47021",36.7,36.6321299221381
"47023",38.4,40.8135252227216
"47025",40.5,40.7119423317587
"47027",46.8,46.6265238933895
"47029",42.9,43.0738803874338
"47031",38.4,39.3412015372596
"47033",41.2,43.966681215841
"47035",46.1,45.7306579039749
"47037",31.2,34.1491318779404
"47039",45,44.8625439256727
"47041",41.3,41.1858645894279
"47043",36.5,38.0083170086744
"47045",41.1,40.6815109830255
"47047",42.6,45.1216203977767
"47049",45.9,43.9304963890241
"47051",39.7,40.9659588636243
"47053",42.8,41.5941444229268
"47055",40.5,42.8139921990806
"47057",42.5,41.6116434757409
"47059",41.1,40.9887967421768
"47061",42.1,41.9181335867396
"47063",39.5,38.8724221931335
"47065",35.7,38.0644939291143
"47067",45.6,46.2028120967289
"47069",46.5,47.5930213585763
"47071",44.5,44.0588846666603
"47073",42.2,41.6587766997694
"47075",48.5,50.8520953594542
"47077",42.1,41.8555164661894
"47079",44.8,43.6958156569777
"47081",39.7,40.2101695470733
"47083",40.6,42.0966862054596
"47085",40.1,41.0830201938806
"47087",44.2,44.1793116688216
"47089",38.1,38.9129179600158
"47091",44.2,41.5641886765201
"47093",33,33.4228756579984
"47095",42.5,42.4674030854604
"47097",43.5,45.2563568314474
"47099",40,39.9227738707786
"47101",42.7,42.6845067045341
"47103",41,40.6715906156991
"47105",41.3,41.631501583497
"47107",39.6,40.6447876295624
"47109",43.2,43.4016068780237
"47111",38.5,39.9016940157245
"47113",42.5,43.8096263993072
"47115",42.5,41.9709667692208
"47117",39.1,38.9816791365931
"47119",36.8,37.6670017022967
"47121",41.5,42.3438817709726
"47123",43.9,42.2185512426835
"47125",32.4,33.6948309194928
"47127",41,40.8846360319873
"47129",41.4,41.4572714308612
"47131",43.2,42.6560808249257
"47133",42.6,42.317339807391
"47135",43.9,44.0716923050812
"47137",46.1,46.7439813430821
"47139",41.3,40.9510232554413
"47141",36.5,37.7143651692958
"47143",41.2,40.4007311610755
"47145",40.3,41.1902239531564
"47147",35.9,36.5397096801142
"47149",31.8,32.6844939908193
"47151",42.1,42.6136014009793
"47153",44.3,42.0369070594359
"47155",40.3,38.9546915856971
"47157",41.5,43.8027660387246
"47159",38.4,39.124179501296
"47161",40.3,41.405424387831
"47163",40.5,38.9375969838246
"47165",34.8,35.6238961708946
"47167",40.2,39.8412051995981
"47169",34.4,34.7103967142523
"47171",42.8,42.6423284057317
"47173",41.8,41.1105046797583
"47175",45.7,43.5268425409985
"47177",40.5,40.1429996060066
"47179",37.4,34.6890859872819
"47181",41.6,41.685855523666
"47183",37.1,40.504845502057
"47185",42.9,41.8659797434682
"47187",32.1,30.5485663702573
"47189",36.1,35.0919457270104
"48001",38.5,38.6799735305137
"48003",31,32.287962971088
"48005",40,38.7389968470916
"48007",40.8,41.9336294604847
"48009",38,37.6790545640225
"48011",36.7,40.9191356336485
"48013",34,36.3597815344095
"48015",37.3,39.0356010007352
"48017",33.7,36.0562478186248
"48019",42.3,42.603500144897
"48021",34.4,36.5261306997204
"48023",39.6,40.1192599290619
"48025",34.4,35.1488689117402
"48027",31.3,33.8221319560075
"48029",31.1,32.3710623274523
"48031",38.7,39.7273413177976
"48033",36.8,34.5652903559254
"48035",41,41.5483875005565
"48037",38.4,39.925253490945
"48039",35,33.490591779622
"48041",26.7,30.5566835304416
"48043",37,38.2157094137958
"48045",44.1,45.0732332374067
"48047",38.5,40.8646500158243
"48049",37.8,37.68082544551
"48051",38.6,40.545429737925
"48053",38.6,38.0751729157695
"48055",34.9,36.1718722086146
"48057",35.6,38.3515254666198
"48059",35.8,37.3597806697912
"48061",34.8,35.4562429244481
"48063",40,41.2918372217139
"48065",35.6,38.0877542975485
"48067",43.5,43.3863464482977
"48069",34.8,37.1501804663325
"48071",31.7,34.1034411923511
"48073",38.7,39.8633029173878
"48075",34.3,35.4731480728788
"48077",38.5,38.2610670709313
"48079",40.2,40.4701949585467
"48081",41.3,42.6694354830148
"48083",42.4,40.1952820816948
"48085",30.2,31.1374938705565
"48087",39.9,41.1432967321127
"48089",39.9,40.1794646856942
"48091",33.4,34.0036678939788
"48093",40,40.7057435224061
"48095",42,42.3027826931615
"48097",37.8,38.3093176402788
"48099",31.7,34.3476265053295
"48101",44.8,43.7156869877877
"48103",31.5,32.9877319449624
"48105",35,38.2261515639262
"48107",38.6,41.5783385238213
"48109",40.3,39.8399939192453
"48111",35.5,35.221140886813
"48113",32.5,36.003374316298
"48115",36.1,35.8654595759938
"48117",33.5,36.4545077869524
"48119",39.1,41.2631757141551
"48121",29.6,31.0830152404872
"48123",39.7,39.8454371248406
"48125",42.6,41.1978902816869
"48127",41.1,41.0476787708237
"48129",38.6,42.0579016658333
"48131",36.7,38.3833541476881
"48133",40.4,38.7733236773437
"48135",30.4,32.1656255974172
"48137",44.5,40.891029189191
"48139",33.2,34.321949659315
"48141",33.1,33.1435020387852
"48143",30.4,33.6821878671791
"48145",40.8,41.8154622477091
"48147",37.6,37.8999526540163
"48149",40.2,41.5608977181528
"48151",39.1,40.3545779047153
"48153",36.5,39.0051950642186
"48155",45.8,48.9458923960477
"48157",31.8,31.8998175163183
"48159",37,38.8298985737716
"48161",39.9,41.3056474624631
"48163",33,34.7836596454879
"48165",31.5,34.4638674922743
"48167",33.7,34.4152815679951
"48169",30.9,35.3067422648294
"48171",39.5,40.0805787282997
"48173",32.6,32.7361529455911
"48175",38.8,42.0617267317034
"48177",37.2,38.0346585343932
"48179",37.7,36.7777001603744
"48181",35.4,37.3173937340207
"48183",37.5,38.7350500391508
"48185",39.8,38.5939505351324
"48187",33.5,33.5390863324374
"48189",34.9,35.9742087575356
"48191",42,43.410787577399
"48193",41.9,40.7240190050254
"48195",35.9,35.1887143436299
"48197",38,40.9329005693133
"48199",37.5,36.9161535836893
"48201",32.1,33.4360512139052
"48203",38,39.780388890006
"48205",33,36.141274033747
"48207",39.5,38.9098961545118
"48209",29.3,30.9068500552183
"48211",33.2,35.8424682898079
"48213",41,40.6497745722645
"48215",32.9,34.3121174947123
"48217",38.9,39.9876124117677
"48219",35.2,35.8704780223452
"48221",36.8,37.938493992315
"48223",37.8,37.9032237279083
"48225",43.2,43.8175712922542
"48227",34.2,33.3768505151567
"48229",33.2,37.0800876526685
"48231",36,37.3728925813016
"48233",35.7,36.5308137635977
"48235",38.2,37.9611079742806
"48237",37.4,36.9045608407102
"48239",37.6,39.4691222957379
"48241",44.3,43.2880800768831
"48243",49,50.885675368487
"48245",39,40.211126341055
"48247",38.7,33.4691221098919
"48249",35.6,36.998625363122
"48251",33,34.7049900438198
"48253",35.9,37.5556182344931
"48255",34.9,35.9797916393444
"48257",31.9,35.3239097686035
"48259",33.2,33.7963561844411
"48261",41.3,47.1110931643576
"48263",38.7,44.2344146593387
"48265",39.2,40.3280372955157
"48267",43.1,40.4112497743277
"48269",43.7,37.9796430107139
"48271",39.2,38.9633598325083
"48273",31.1,36.6846928931167
"48275",40,41.2607836151846
"48277",40,39.3385266286458
"48279",38.1,38.5868845224535
"48281",37.8,38.599834493922
"48283",30.5,39.2247686134635
"48285",40.8,41.6122349896385
"48287",40.4,40.2030236765735
"48289",43.1,42.1514304533558
"48291",35.6,36.8968871077036
"48293",42,42.2599268336579
"48295",36.1,39.9352195867833
"48297",39,41.4015328791635
"48299",42.4,44.764075179816
"48301",29.1,43.0855612544514
"48303",30.5,33.0188389799879
"48305",37.1,36.5592231886271
"48307",40.5,38.6949976490828
"48309",33.2,35.8687713337537
"48311",42.4,39.8377448148869
"48313",35,38.4699731891933
"48315",47.3,47.9118811735633
"48317",31.7,34.8269786061771
"48319",38.7,41.468914219777
"48321",38,39.7267823798939
"48323",33.4,34.0000983730054
"48325",33.9,36.0599481245906
"48327",44,46.7753051617711
"48329",29.1,30.7342518602402
"48331",39.6,39.9753869886963
"48333",40.3,41.2833507945167
"48335",34.2,35.4954527890121
"48337",38.7,39.5451331169349
"48339",31.4,31.3333255135571
"48341",32.9,35.9368562207454
"48343",42,44.892174214614
"48345",42.1,42.716028018066
"48347",35.3,38.4470307698014
"48349",38.4,39.9492896063169
"48351",44.9,45.3953846170589
"48353",38.9,37.6843743648469
"48355",34.8,35.1221114194316
"48357",33.2,35.303494752143
"48359",35,34.5975286290352
"48361",35.6,36.6187915930376
"48363",39.4,38.6759622903671
"48365",40.2,40.9533225823043
"48367",33.7,33.8967240905198
"48369",34.3,36.6969793358398
"48371",35.2,35.1488554286261
"48373",40.1,40.307674292241
"48375",36.7,36.2111926459187
"48377",44.8,44.4253433473375
"48379",40.4,40.6753181176883
"48381",32,32.6064021608484
"48383",31,30.2793345523629
"48385",46.6,47.466469840437
"48387",45.1,45.6549143012164
"48389",33.7,33.1902816738669
"48391",40.1,42.1335435501625
"48393",36.4,36.1579664399268
"48395",41.3,41.5291396894443
"48397",31.7,30.7541866262004
"48399",38.4,37.6019266157435
"48401",37.4,39.7553062320098
"48403",47.5,46.6938149378661
"48405",47,49.4802510035744
"48407",41.7,41.5811682671865
"48409",35,35.4232276420689
"48411",38.1,38.8826411663312
"48413",36.1,42.4155870138505
"48415",35,34.3921011819017
"48417",36.3,36.7037893295295
"48419",41.4,42.285619679684
"48421",35,38.6324200001563
"48423",37.4,37.3032078159474
"48425",35.5,37.2284153239333
"48427",35.3,36.1019875849716
"48429",37,38.0679024722797
"48431",32.5,33.5164518820497
"48433",41.9,38.6614210793071
"48435",37.8,33.9951945106903
"48437",39,38.5264702569245
"48439",32.7,34.4562828555376
"48441",32.2,33.5380353280301
"48443",45.5,43.8766919822317
"48445",37.5,36.3370092483523
"48447",42.7,39.684918673733
"48449",37,40.243432430738
"48451",33.5,33.7807170587239
"48453",25.8,28.0196209564032
"48455",45.1,44.6080245658446
"48457",40.7,42.6516594977959
"48459",39.1,38.9224444463793
"48461",34.6,38.133733577788
"48463",33.8,36.5830380782751
"48465",33,33.6310680859701
"48467",38.3,38.6253511747615
"48469",35.4,37.0083920668244
"48471",35.3,36.8227946320153
"48473",30.3,35.7009179425961
"48475",35,33.0557472416512
"48477",39.1,39.2770583847755
"48479",30.4,32.1105482917961
"48481",37.3,37.9220697305347
"48483",40.2,40.5383141408899
"48485",36.5,35.8946345617307
"48487",39.6,41.0448095126595
"48489",36.5,36.7573707942478
"48491",29.9,30.0576267098994
"48493",34.2,36.3645621530035
"48495",32.9,33.7353056706299
"48497",34.4,36.0488837488251
"48499",41.4,43.2099957962318
"48501",32.1,33.8454365777615
"48503",37.9,37.3737550692431
"48505",36,38.1510575723063
"48507",38.1,38.4359289209708
"49001",29.8,30.7016122541746
"49003",30.2,29.6803479929559
"49005",24.3,25.0271829546579
"49007",33.4,33.0667277873219
"49009",36.5,33.9579980448709
"49011",25.8,25.673275128915
"49013",30.5,32.4272901541013
"49015",33.6,33.676037864074
"49017",34.9,34.2803462843783
"49019",33.5,31.1352052576774
"49021",29.7,28.3169920219393
"49023",28.8,30.3504095920127
"49025",34.3,33.3284318343138
"49027",31.1,33.1832088271301
"49029",26.3,27.2869128734727
"49031",40.2,39.8350356398702
"49033",33.5,33.1769541741166
"49035",25.6,26.798631563289
"49037",35.4,34.7934478293291
"49039",29,30.934393838695
"49041",31.7,32.1114903147914
"49043",25.4,24.167701378269
"49045",27.9,28.4272743287677
"49047",32,31.1878005204678
"49049",20.8,23.5405011383362
"49051",25.9,25.55477445622
"49053",32.2,32.7714671186583
"49055",35.4,35.1749513508888
"49057",28.7,28.8659780465136
"50001",26.9,30.8901810373453
"50003",33.3,32.4420113058846
"50005",32.3,33.806087436401
"50007",24.2,25.914042376434
"50009",37.8,38.0549815315871
"50011",33,32.3168690792026
"50013",31.7,30.4012934543587
"50015",27.9,28.5068297284066
"50017",31.4,32.3880233102694
"50019",34.1,34.8334957360504
"50021",34.6,34.2708789731742
"50023",28.5,29.7971362989359
"50025",32.4,32.5285228765706
"50027",35.2,32.4761092597344
"51001",45.6,44.847943987977
"51003",31.3,31.2859650996671
"51005",42.3,44.6239648576184
"51007",40.5,41.6008303059842
"51009",40.8,41.9162121488119
"51011",40.5,41.5011383997292
"51013",25,25.3629883336403
"51015",38.9,40.3697856588777
"51017",45.9,47.4215188043557
"51019",37.7,38.2668783341808
"51021",39.8,43.5890470562157
"51023",37.2,40.0341960733211
"51025",45.3,46.6142960138486
"51027",44.8,46.8107413471672
"51029",43.9,43.5827630002256
"51031",36.8,40.2388459524536
"51033",37,39.835572077097
"51035",41,43.9015045946087
"51036",48.5,49.0325614237966
"51037",43.9,43.1622598106351
"51041",36.3,34.872442790672
"51043",36.9,37.5475641977136
"51045",39.8,43.8397540854448
"51047",36.8,37.6163322830658
"51049",40.9,44.5352216221121
"51051",44.1,46.9882454852608
"51053",40.4,41.2558197348198
"51057",46.3,45.8184512682867
"51059",27.9,30.0683534525765
"51061",33.5,34.3085272770358
"51063",38.9,41.2083525788
"51065",37.2,37.7731774476224
"51067",41.4,41.9335652825146
"51069",36.9,36.0433237358918
"51071",38.2,41.4013832998368
"51073",37.1,37.7362139235069
"51075",36.8,37.4776367789162
"51077",42.2,44.5726543262606
"51079",36.9,38.3015311184342
"51081",44.2,42.8798847930969
"51083",46.4,47.0028362265687
"51085",32.7,34.3080479810249
"51087",37,35.874746978578
"51089",43.6,46.5427445373201
"51091",44.7,45.1537803239302
"51093",38.6,38.3108516306727
"51095",36.9,37.182920965422
"51097",43.4,41.8221813804349
"51099",34.6,34.9585410627567
"51101",36.1,37.5188974454668
"51103",47.3,49.7829157372358
"51105",44.6,44.2125143958056
"51107",26.4,28.4429257240344
"51109",37.3,39.7780477254667
"51111",45.4,46.0171910736428
"51113",41.2,41.764878332838
"51115",43,43.4479449231137
"51117",46,45.7452001776245
"51119",46,45.7318460662756
"51121",26.4,29.3290478749958
"51125",41.1,42.6169282631883
"51127",34.9,36.3199566253357
"51131",45.5,45.7032004874805
"51133",46.6,48.0941508540635
"51135",42.6,41.9031297296614
"51137",37.2,39.1326344397515
"51139",39.5,40.9923781370571
"51141",42.7,45.7568640715337
"51143",44.7,45.2177275812714
"51145",36.8,36.4515863264604
"51147",34.9,37.9475151299015
"51149",32.7,37.0039484643287
"51153",31.2,32.2600152064535
"51155",39.5,42.111098470236
"51157",38.2,40.0625466900354
"51159",41.7,42.3578224802893
"51161",37.1,36.2099148201242
"51163",40,41.1373939715696
"51165",37.3,37.469035915266
"51167",43.2,45.7837682207004
"51169",43.2,45.2083596387026
"51171",39.1,40.9718207375407
"51173",41.8,43.4939736584338
"51175",43.6,42.745207577583
"51177",34.8,35.6133267664115
"51179",32.3,32.3954305304423
"51181",46.5,44.9395737464604
"51183",43.4,43.9503618420272
"51185",40.8,45.1027550255892
"51187",35.7,36.9845028445665
"51191",41.1,40.092377323699
"51193",43.9,45.530356816441
"51195",38.6,41.6881354056403
"51197",41.6,42.4028521329515
"51199",32.1,32.7213297228251
"51510",29.7,28.534024891375
"51520",40.4,39.8952488156163
"51530",36.4,39.2716529712886
"51540",29.9,28.0695085667558
"51550",33.7,35.5157423695637
"51570",36.5,38.4121405067377
"51580",40.5,43.2809102612244
"51590",46.6,46.6496157657517
"51595",49.6,47.5196862912482
"51600",29.9,30.349632121371
"51610",28.8,25.904918382438
"51620",45.3,43.6972508283532
"51630",28.9,31.9610621790196
"51640",39.3,39.8530283303329
"51650",39.8,40.9497000176799
"51660",27.6,31.7039729269106
"51670",41.5,42.5325710294524
"51678",25.5,25.6324738338586
"51680",32.3,34.4651355773564
"51683",31.5,32.6947187586555
"51685",31.2,34.9430163202994
"51690",46.4,43.0782902883504
"51700",37.1,38.3983201624775
"51710",32.8,36.3919439660636
"51720",38.9,43.5287720855704
"51730",47.7,46.295055645317
"51735",32.8,32.9581655790144
"51740",40.8,41.81164838441
"51750",25.2,29.9014145396196
"51760",33.7,35.2285086731638
"51770",39.1,38.2212115235117
"51775",36.9,35.8538139068578
"51790",36,37.0683924043818
"51800",38.3,38.4179261030788
"51810",30,34.4085255448134
"51820",37.5,36.9166175145703
"51830",28.3,32.6206667500436
"51840",35.3,34.208508610557
"53001",31.4,32.1911204582621
"53003",37.3,35.7747515227817
"53005",29.6,29.6116897930128
"53007",31.8,33.1061979519543
"53009",38.6,38.5481968545021
"53011",29.6,29.8233514723658
"53013",37.6,38.1546618831051
"53015",33.6,34.3895353222025
"53017",31.7,33.4779490883317
"53019",41.1,40.3763128882856
"53021",26.9,29.5657315859412
"53023",39.8,37.5926680756197
"53025",32.9,32.5045788934968
"53027",39.1,36.3394789800806
"53029",32.9,34.2596918537719
"53031",39.9,40.5627592828831
"53033",25.9,24.326390922911
"53035",30.5,30.5983713177754
"53037",29.7,29.6677542949541
"53039",34.6,35.1508873369426
"53041",36.2,35.0561978391744
"53043",34.4,36.8244281825767
"53045",35.9,36.2207210767238
"53047",36.7,36.7479133336312
"53049",42.1,40.6906726048417
"53051",37.9,38.3565209866125
"53053",30.2,29.2521184927471
"53055",33.7,37.0525182985645
"53057",33.2,33.7216322321311
"53059",35.2,34.1714801754899
"53061",27.5,28.1306995677899
"53063",30.7,30.1194447127096
"53065",36.1,37.0856186052964
"53067",31.7,29.9770764034668
"53069",39.7,41.3257531718638
"53071",29.3,32.2514763879645
"53073",30.5,30.2211410875119
"53075",25.3,24.1488965753666
"53077",32,32.2812091322158
"54001",44.6,45.5111100648552
"54003",39.7,35.3574821659593
"54005",45.9,45.4961729096824
"54007",46.3,45.9165791767061
"54009",43.2,40.207404413467
"54011",39.6,38.667564829524
"54013",50,50.4237587368508
"54015",46.2,46.6270781737517
"54017",42.2,42.6893461511602
"54019",45.5,43.7724134124752
"54021",40.7,36.7865725977882
"54023",43.9,42.997235200973
"54025",43.1,43.0278772959439
"54027",43.6,42.3119976862522
"54029",43.3,40.8397811953922
"54031",45,43.3056443859573
"54033",42.6,38.1985653445072
"54035",43.8,43.039845679937
"54037",37,35.4884016734181
"54039",42.5,40.0680049478295
"54041",44,42.5293642543842
"54043",46.5,47.0667030458612
"54045",47.8,45.5460550641156
"54047",49.9,51.2577586524089
"54049",39.8,38.1511727393455
"54051",43.5,41.3318806512296
"54053",45,44.1624850682407
"54055",46.3,43.2720026517528
"54057",42.6,40.2166490414033
"54059",49.1,47.0952344026091
"54061",31.6,30.2722032923113
"54063",45.8,42.4834369953073
"54065",44.2,41.6598026179592
"54067",45,43.9037849419336
"54069",40,37.777190315112
"54071",48.1,44.9113700564544
"54073",41,38.8172860098488
"54075",48.6,46.7459663614023
"54077",41.6,41.497237519233
"54079",42.4,37.3479295230533
"54081",45.2,43.8124025703759
"54083",43.6,41.8374311874788
"54085",46.1,45.9738041679406
"54087",46.6,45.5724372502671
"54089",46,47.6373059726125
"54091",43.4,41.3949832338991
"54093",44.1,42.9562805691158
"54095",45.6,43.5879886766958
"54097",44.7,42.5832826887295
"54099",45.5,42.7047462394849
"54101",48.3,48.0365861554389
"54103",45.3,43.7313736265405
"54105",47.4,45.2738231701982
"54107",42.7,40.6067571831883
"54109",49.5,47.1122435562645
"55001",41,43.2138232837204
"55003",36.5,36.345743719982
"55005",36.3,36.7891646959879
"55007",39.8,39.5579129851349
"55009",28.9,30.9361134398422
"55011",35.1,36.4271407493401
"55013",41.5,42.1448197486366
"55015",28.8,29.9017355610004
"55017",33.9,34.1882135659778
"55019",33.7,34.8594191799421
"55021",33.1,33.1261982976251
"55023",37.9,38.6578729905918
"55025",25.1,26.6102410597082
"55027",31.5,33.261008574487
"55029",38,40.1473633309773
"55031",32.1,33.8564629077911
"55033",30,30.9399044080592
"55035",28.4,30.4101637657668
"55037",39.2,39.3065287924479
"55039",31.6,34.5331924209566
"55041",38.6,39.6946167473147
"55043",31.4,32.4439205689892
"55045",32.8,33.3677357148524
"55047",36.3,37.0404593693574
"55049",33,32.39976012474
"55051",41.9,42.4990712441829
"55053",35.9,36.1576179838269
"55055",31.3,32.3927536027025
"55057",36.4,36.3069743252926
"55059",30.9,32.1590936961759
"55061",33.2,35.3028437535052
"55063",28.9,30.6265293533867
"55065",34.2,34.4782788492431
"55067",38.6,39.3558261455767
"55069",36.5,37.2102189998693
"55071",34.7,35.9894616965643
"55073",33.1,33.1283222032251
"55075",36.4,38.5784561730241
"55077",37.8,39.1853850978192
"55078",35.4,34.5887183049095
"55079",34.3,33.3053740242768
"55081",32.4,33.5310063749553
"55083",35.9,36.4136129375023
"55085",38,38.6310647421369
"55087",29.9,30.1855748791412
"55089",31.6,30.4660577379945
"55091",33.3,36.9653731928107
"55093",29,29.8629637298126
"55095",34.3,35.6560189900838
"55097",29.8,31.4184633144857
"55099",39.7,40.5844538405456
"55101",32,34.0305777518224
"55103",36.7,38.1634221112415
"55105",32.5,33.9027801845514
"55107",39.8,38.876705048652
"55109",30,29.3481721947092
"55111",33.3,33.8855002641747
"55113",39.5,40.1627237441837
"55115",34.7,36.5881083505588
"55117",31.9,33.2865289541853
"55119",36.3,35.5313736268028
"55121",32.7,34.4133875033391
"55123",36.4,35.014849942046
"55125",39.9,41.375009377748
"55127",30.4,33.2293123178224
"55129",38.8,39.2445365928389
"55131",31.6,31.7485083543438
"55133",31.4,30.5094285344308
"55135",35.4,35.4015363601928
"55137",38.3,39.2314994167611
"55139",30,31.9444362453073
"55141",35.5,35.7822375817764
"56001",21.6,22.3529214710009
"56003",34.4,36.7397491227577
"56005",29.1,29.5710636521479
"56007",31.5,33.1646112192083
"56009",32.6,33.001075729141
"56011",34,36.1660611768535
"56013",34.3,35.3414954085207
"56015",34.7,36.1118803260669
"56017",38.6,36.5038557607811
"56019",37.6,36.6779218589188
"56021",29.3,30.786486766929
"56023",31.8,33.7481669259032
"56025",29.8,30.9481078181767
"56027",35.9,38.9045398733142
"56029",32.7,34.5699435475559
"56031",37.8,39.4213036275331
"56033",31.9,33.3278871961086
"56035",31.2,35.7644064970732
"56037",30.5,31.0700788339828
"56039",26.1,25.9615397948157
"56041",31.1,32.6226557469768
"56043",34.3,36.9727785694025
"56045",34.3,36.719588192282
