"county_fips","per_diabetes","pred_outcome"
"01001",13.3,11.5774004110894
"01003",13.4,11.5271872338739
"01005",19.6,17.3415731473365
"01007",16.2,14.5325109768049
"01009",13.8,13.1281479535829
"01011",24.6,18.836619485705
"01013",18.9,17.6291348720645
"01015",14.8,14.1532204590002
"01017",17.9,16.1079045177633
"01019",16,14.0826900356426
"01021",14.1,13.4404539809776
"01023",20.1,17.2813538041729
"01025",18.4,16.8356528532108
"01027",16.5,14.5699754033158
"01029",14.6,12.866561282074
"01031",14.8,13.7034165032903
"01033",15,13.9028248427981
"01035",22.1,18.9872405936213
"01037",18.6,15.2657402432789
"01039",16.3,14.681306583067
"01041",16.6,14.8348862030914
"01043",13.4,12.7678410190546
"01045",15.8,14.5241021463434
"01047",22.4,19.1931820734581
"01049",15.7,14.7976739079096
"01051",13,12.0160558810645
"01053",18.5,16.2189244849293
"01055",16.3,14.4185321375756
"01057",16.6,14.6817400053459
"01059",16.4,14.3801520752854
"01061",16.4,15.0551061607214
"01063",27.1,22.2469225457056
"01065",19.7,17.6555331229718
"01067",16.7,14.6995348332388
"01069",15.7,14.4295715004744
"01071",16,14.046946105658
"01073",15.1,13.1340552589289
"01075",16.7,14.6941163050917
"01077",12.9,12.5402671975377
"01079",15.5,13.9760930010912
"01081",12.5,10.949814475658
"01083",12.5,10.9426944669044
"01085",24.1,19.771686661429
"01087",20,18.622367155047
"01089",12.1,9.89915590390648
"01091",19.8,16.8646347727005
"01093",15.5,14.3063602492175
"01095",14.5,12.9839795718871
"01097",16.1,14.1245462878736
"01099",19.7,17.6455929152769
"01101",16.4,14.7509446897812
"01103",14.7,12.9345375092613
"01105",24.6,19.8203343482562
"01107",18,16.713423855802
"01109",14.1,14.5360330658167
"01111",16.1,14.4589569673954
"01113",17.3,16.21356917695
"01115",13,12.2170748262265
"01117",11.2,8.80492077150331
"01119",19.7,19.1486503838194
"01121",17.2,15.1208101083869
"01123",16.8,15.0096363654279
"01125",12,12.2982193258648
"01127",15.1,14.1081075146171
"01129",17,15.2797232337282
"01131",23.8,19.9807200298285
"01133",16.5,14.5762743619686
"04001",17.5,19.8075463889324
"04003",13.7,14.0093552293844
"04005",9.3,11.9458035301297
"04007",15,16.7039759049037
"04009",11.4,13.7717848656603
"04011",10.6,11.9173775830983
"04012",17.5,19.9840913208654
"04013",10.6,11.3638935081015
"04015",14.2,16.3495486313203
"04017",15.1,17.3868781739222
"04019",11,12.7179237096078
"04021",12.9,13.4498798559103
"04023",15.5,16.1632554375693
"04025",12.1,14.5679075603793
"04027",14.5,15.9772944696074
"05001",15.2,14.4150045135608
"05003",18.3,16.5181609795264
"05005",15,14.9639668326442
"05007",10.3,10.0890891254617
"05009",13.1,13.0657356429946
"05011",17.6,16.0470971025958
"05013",14.6,13.8545449129958
"05015",15,14.7910399114353
"05017",20.5,17.7043479378064
"05019",12.9,13.6919402840951
"05021",14.1,13.9437200314387
"05023",15.1,13.9856220320886
"05025",15,14.0663615707557
"05027",14.4,15.1560394836342
"05029",15.6,14.1844917757265
"05031",11.6,12.3917734423687
"05033",13,13.183857367908
"05035",16.5,16.036293184818
"05037",16.1,15.0576550247717
"05039",17.1,16.170394711069
"05041",21.2,18.3423681613318
"05043",15.2,14.620517312086
"05045",10.8,10.7242378775768
"05047",14.6,14.5381535476924
"05049",17.1,14.6387315316369
"05051",14.8,13.7487921480744
"05053",12,11.8201677673605
"05055",12.5,12.8288523722707
"05057",16.6,16.1214237978174
"05059",13.9,13.7305427899514
"05061",15.2,15.521745669403
"05063",13.4,13.815874020088
"05065",15.9,14.6536096094732
"05067",15.4,14.942519315887
"05069",17.6,16.0343688720504
"05071",14.6,13.4684344412977
"05073",20.6,18.6605330385016
"05075",14.4,13.7496089749137
"05077",19.7,18.2703400499804
"05079",13.8,13.570822409224
"05081",15.7,14.7950765957714
"05083",14.4,13.4266820244
"05085",11.3,11.3044816803535
"05087",13.9,14.7959600036369
"05089",16.4,15.3547539141884
"05091",15.3,14.9828933725138
"05093",15.2,15.4221712838479
"05095",19.1,17.265252845426
"05097",16.4,15.446806926248
"05099",18.3,17.3817394703297
"05101",15.3,14.2821026924135
"05103",17.7,16.0853489661754
"05105",14.1,13.1019219605528
"05107",21.7,19.0017409165094
"05109",14.4,14.048960809889
"05111",14.6,14.7575816924295
"05113",15.5,14.4847245614755
"05115",12.7,12.2556309830489
"05117",15.1,13.3605133987919
"05119",12.9,12.8236138517556
"05121",14.7,14.1579412616627
"05123",18.9,17.193151308686
"05125",11.3,11.0872799050675
"05127",14.8,14.5352133867836
"05129",17.6,16.0436299877674
"05131",13.1,13.2314394024536
"05133",15.2,15.8717860246916
"05135",16.2,15.0141846788546
"05137",17,15.9762046499814
"05139",16,14.9842802830101
"05141",16.2,15.2520696690852
"05143",10.1,11.1132470244444
"05145",12.6,12.7431807027251
"05147",18.3,16.4061801128795
"05149",14.7,13.4107370184851
"06001",11,10.5176214262028
"06003",11.6,11.5429950738186
"06005",11.8,12.999016299717
"06007",10.7,12.4634082922797
"06009",13.2,14.4665948414351
"06011",13.4,14.0295471489679
"06013",11.3,10.8939114957269
"06015",12.5,12.8544302910806
"06017",10.8,10.5838445574367
"06019",12.7,14.1237907118361
"06021",12.6,13.8677946747464
"06023",11.4,12.6818760909526
"06025",15,15.8079658854463
"06027",12.4,12.994923630716
"06029",13.3,14.0815075276514
"06031",12.1,13.8320971611742
"06033",14.1,15.0344591422956
"06035",11.5,12.5083183745328
"06037",12.6,12.9891202553322
"06039",13.5,15.4502636763658
"06041",10.2,8.72453015590811
"06043",13.5,13.6979741911382
"06045",13.7,14.3671018351879
"06047",13,15.2973532182186
"06049",14.9,16.1104467950223
"06051",10.5,10.4281376258989
"06053",12.5,13.5456756304365
"06055",11.4,11.4058666669705
"06057",11.5,11.8096207689921
"06059",11.5,10.9655665429441
"06061",9.8,9.82572144204353
"06063",13.5,13.9554632892003
"06065",12.4,13.3920631876547
"06067",11.2,12.2704404772568
"06069",11.3,12.6789823357144
"06071",12.1,13.6704717341825
"06073",10,10.6020812031799
"06075",10.2,9.45491597879554
"06077",12.3,13.8678191060575
"06079",10,11.3821844233156
"06081",10.6,9.8773662006789
"06083",10.8,12.1236081192418
"06085",10.5,9.37539870672936
"06087",10.2,10.6155771269719
"06089",11.7,12.881419264108
"06091",15.3,15.1212911630237
"06093",13.9,14.6180869372354
"06095",12.1,12.9709997882996
"06097",10.7,11.4000567417611
"06099",11.9,13.5285476141426
"06101",12.8,14.0832152845513
"06103",13,14.1224845707477
"06105",15.9,16.2996985631903
"06107",13.1,14.7451594196637
"06109",12.1,13.3568752744703
"06111",11.4,11.3245699180849
"06113",9.3,10.8689576210796
"06115",11.3,13.2694686839173
"08001",9.7,11.1047458620691
"08003",11.3,12.8080077622278
"08005",8.5,9.42422688427924
"08007",11.7,11.7884366773281
"08009",13.4,14.6974535728307
"08011",14.7,15.3757254535244
"08013",7.1,6.71369178895514
"08014",7.1,6.39101368109441
"08015",10.2,10.084409474517
"08017",11.3,12.1461740457103
"08019",9,7.93347352897387
"08021",13.8,14.452951966458
"08023",17,16.6857295952039
"08025",11,12.2597658622915
"08027",12.4,12.1787152769862
"08029",12.4,13.9757201565643
"08031",7.1,8.23766102242854
"08033",11.5,16.3400427763099
"08035",6.8,5.36542821201021
"08037",8.5,8.03707383587968
"08039",8.9,9.4578886136364
"08041",8.7,9.07183148106662
"08043",11.4,12.1142555462906
"08045",8.9,10.7442175999408
"08047",9.6,8.59557394431896
"08049",9.1,10.2887210030047
"08051",7.1,6.48247853507191
"08053",10,11.5439384499002
"08055",13.9,14.7125098833654
"08057",13.9,14.5065210699018
"08059",8.3,7.82968424542449
"08061",11.8,12.9453518155472
"08063",11.4,12.7803137804667
"08065",8.4,8.93636679676146
"08067",9.3,9.80224472066755
"08069",7.3,8.19647104107487
"08071",13.7,15.2967134954148
"08073",10.8,10.6042850451627
"08075",11.2,12.3320672098991
"08077",9.8,11.5074294756938
"08079",10.5,10.9380751394438
"08081",10.8,11.66370364517
"08083",11.8,13.0281886802019
"08085",11.5,13.2314029308442
"08087",10.9,12.97990001935
"08089",14.5,15.384844393227
"08091",10,10.8397054810129
"08093",10.2,9.87311626484431
"08095",11.9,12.5684322188746
"08097",8.4,6.85596204916801
"08099",12.6,14.2059046667588
"08101",12.3,12.8933475780348
"08103",9.6,10.8423038936341
"08105",12.2,13.1586702166015
"08107",8.3,7.53790241158821
"08109",15.1,14.177902295892
"08111",10.2,10.1592596900054
"08113",8.7,5.81529088852958
"08115",13,13.143892708138
"08117",7.9,7.3301623039823
"08119",10.2,10.5587378314982
"08121",10.5,11.4317916591424
"08123",9.5,9.89520517256731
"08125",10.9,12.6014193133935
"10001",14.3,12.955436041554
"10003",12.2,11.169816606558
"10005",14.2,13.6014899715725
"11001",7.8,9.24832444238718
"12001",10.5,11.073429459029
"12003",12.3,12.6968222930028
"12005",11.9,12.1546423911015
"12007",14.4,14.3089754388691
"12009",13.1,12.2779443783809
"12011",13.5,13.2174262608433
"12013",15.2,14.8728048980084
"12015",15.6,15.71252419128
"12017",15.8,16.2742974346244
"12019",12.2,11.4187869229703
"12021",13.7,13.8924815570204
"12023",15.1,14.7097266473527
"12027",17.6,17.0644714306604
"12029",16.1,15.8382233431845
"12031",12.8,12.728498285555
"12033",12.8,12.9889456403767
"12035",13.7,13.9413658544391
"12037",15.3,14.1431136579642
"12039",19.2,18.5090764958557
"12041",12.8,13.2912694658521
"12043",17.7,17.3456964633915
"12045",14.1,12.4735447343001
"12047",17.6,17.01491836057
"12049",15.6,16.0236056986022
"12051",16.8,15.7807674811016
"12053",14.9,14.5377684987012
"12055",18.3,17.2383670052468
"12057",12.5,11.8399934812007
"12059",14.5,13.9871742290233
"12061",14.3,14.4197714508802
"12063",15.6,15.2115413116417
"12065",16.3,16.1338003760735
"12067",14.6,14.6828636346237
"12069",14.5,13.8292000396079
"12071",14.5,14.1816961283924
"12073",10.6,11.136160363469
"12075",16.1,15.5998262123243
"12077",14.3,13.0997548438098
"12079",16.8,16.9925645108366
"12081",14,13.2620672891654
"12083",14.9,15.5810414613185
"12085",13.6,13.2703307000317
"12086",15.4,14.1308841480611
"12087",13.2,12.0794551045667
"12089",11.6,11.2313865512394
"12091",10.8,10.7221011020062
"12093",15.6,14.9171954747513
"12095",11.7,11.8169228703631
"12097",13.4,13.0728889614762
"12099",13.7,13.1229839321996
"12101",12.8,12.7697705032499
"12103",13.1,12.7148150746837
"12105",13.6,14.4424193247006
"12107",17.5,16.8749897880667
"12109",10.6,9.03987644453812
"12111",14.5,14.5418928784457
"12113",10.9,10.4077955527121
"12115",13,13.4871255698271
"12117",11,10.4570428830068
"12119",16,17.5084210565364
"12121",15,14.127442650666
"12123",15.9,14.4860882207109
"12125",14.5,13.4517633559973
"12127",13.5,13.7576450442058
"12129",12.6,10.8429165854821
"12131",12.3,11.312589088324
"12133",15.1,14.7696669328111
"13001",17.4,16.5185210873003
"13003",18,16.8191491423603
"13005",14.9,15.5209721427807
"13007",22.9,19.6211395749749
"13009",15.3,15.037163359192
"13011",13.8,12.7639714513746
"13013",12.2,12.3032855141556
"13015",12,11.8038452351877
"13017",19.1,17.7086243545775
"13019",16,15.3907639878342
"13021",16.9,16.482312959599
"13023",14.7,14.7772384474497
"13025",14.4,14.1250160134282
"13027",20,17.8893697972611
"13029",10,9.37904632598045
"13031",11.5,13.1210499864549
"13033",18.3,16.1744820722286
"13035",13.8,13.6726185422592
"13037",18.5,16.4907995777083
"13039",12.3,12.4384632320515
"13043",16.5,15.9946306499341
"13045",12.8,13.0494812006351
"13047",12.5,11.3132362445832
"13049",16.1,15.4402520823026
"13051",13.1,12.9759320285699
"13053",7.5,8.66209134812228
"13055",16,14.7884591461004
"13057",11,9.35362501992709
"13059",10.9,11.8343596540637
"13061",21.5,19.323596549518
"13063",16.2,16.4039342925511
"13065",17.3,16.3781161787333
"13067",10.9,9.72446728807943
"13069",16.1,15.4117655055435
"13071",16.7,16.3498523639623
"13073",11.9,10.0210659555045
"13075",16.5,15.3413699260683
"13077",12.4,10.380133118425
"13079",15.5,14.3598025398025
"13081",19.4,17.3730940013078
"13083",12.6,12.1021102634919
"13085",11.6,10.4592057697431
"13087",17.8,17.1476004845138
"13089",13,12.2307754871737
"13091",16.7,15.8614782449237
"13093",18.3,17.3343673712933
"13095",19,18.0331739688703
"13097",13.6,13.0599366814859
"13099",18.9,17.5794244965671
"13101",13.6,14.3894126311589
"13103",11.3,10.4772914691635
"13105",16.6,16.4159323841068
"13107",16.4,16.5391031022042
"13109",16.8,16.1504000299319
"13111",16.5,14.545263020329
"13113",12.6,10.0693238364503
"13115",14.1,13.3168838291824
"13117",9.9,7.03931377995907
"13119",14.7,14.8889705894768
"13121",10.9,9.84705621522708
"13123",15.2,14.3294544007284
"13125",14.5,13.7961416578388
"13127",15.3,14.3537914364465
"13129",13.9,12.8851624842359
"13131",17.2,16.4272725757956
"13133",15.6,14.3190069256379
"13135",12.6,11.8823279154634
"13137",12.9,13.2147716142249
"13139",13.2,12.7280403689481
"13141",22.8,20.7265552149587
"13143",12.6,12.6736091488106
"13145",12.6,10.6233615493446
"13147",15.3,14.2987769880765
"13149",14.3,14.6716692459484
"13151",13.4,12.966826835184
"13153",13.1,11.7195326304943
"13155",16.2,15.0869536919008
"13157",11.6,10.8712202695905
"13159",14.6,13.4767679085106
"13161",16.4,16.4146407433897
"13163",18.5,17.5904077542113
"13165",18.2,17.6600655998993
"13167",18,15.0628410970919
"13169",14.4,13.7293317891559
"13171",13.6,13.3302192590985
"13173",15.9,15.6087893693001
"13175",16.4,16.2794023516914
"13177",11.8,10.2035254930614
"13179",11.6,13.6376653555903
"13181",18.2,16.5033278382884
"13183",12.4,13.899988355669
"13185",12.9,14.1156548924939
"13187",11.5,11.6581840349291
"13189",16.7,15.6676304910126
"13191",20.4,17.5724768600807
"13193",21.1,18.6610502249194
"13195",14.7,14.3972300762454
"13197",18.7,16.7726313625434
"13199",17.6,17.0454485509324
"13201",17.8,16.5261341548569
"13205",18.4,17.725852535836
"13207",13.1,12.2700329089678
"13209",15.4,14.1399542901248
"13211",12.9,11.8133120947078
"13213",13.3,12.8018901872335
"13215",15,14.3957194419049
"13217",14.4,14.1096410838395
"13219",10.1,7.20280385405652
"13221",14.1,12.7753053242717
"13223",11.6,10.6366866499624
"13225",14.9,14.7877508790851
"13227",13.6,12.6630231991155
"13229",14.3,12.8602467857348
"13231",11.9,11.9245563028991
"13233",14.1,14.4839070655732
"13235",16.8,17.6013556047076
"13237",17.1,14.980421845866
"13239",23.6,19.3281659997268
"13241",15.5,13.9150673340444
"13243",24.9,19.4302763031747
"13245",16.7,15.8022147826811
"13247",17,14.4724983931772
"13249",15.1,12.8999984104565
"13251",17.8,16.3992522103367
"13253",18,17.1187262663429
"13255",16,15.8174567338184
"13257",14.9,14.4426216936714
"13259",17.9,17.2896917543757
"13261",16.7,16.7471456351353
"13263",22.1,19.1078404722093
"13265",21.7,19.8753693576317
"13267",16,14.9282327544345
"13269",20.2,17.6927538686468
"13271",20.5,17.4473903977468
"13273",21.2,19.978082620318
"13275",16,14.8291047057045
"13277",15.8,15.2945377103239
"13279",15.5,15.2103373202772
"13281",15.9,14.5471552228507
"13283",18.3,16.407374518004
"13285",15,14.5878106451165
"13287",18.5,17.2770367673453
"13289",18.6,16.9946781713998
"13291",15.7,14.4204228150026
"13293",16.3,15.7258376528001
"13295",13.5,12.7407313858133
"13297",13,12.4499097580083
"13299",16.8,15.9549730447266
"13301",20.2,18.599090274204
"13303",18.7,15.7979666378304
"13305",15.8,15.2891456155663
"13307",21,18.5637269884831
"13309",16,14.79231709086
"13311",13.2,12.8028831467212
"13313",14.1,13.3822268433761
"13315",17.4,15.6017964224521
"13317",18.9,17.3203073511267
"13319",17.7,17.0308935020466
"13321",16.9,16.5386153812021
"16001",9,8.43745950506925
"16003",13.9,14.7753594776084
"16005",9.7,10.4785079072624
"16007",11.6,12.0480121521044
"16009",13.5,14.062143200807
"16011",11.2,11.8476399663096
"16013",10.2,9.57321137120444
"16015",12.1,12.5167854194807
"16017",11.8,12.5124677009135
"16019",9.4,9.61238649204665
"16021",12.6,14.2031080906724
"16023",15.2,14.248891463154
"16025",11.8,11.3900366137199
"16027",11.2,11.806714133903
"16029",10.5,11.5404350632698
"16031",11,11.934242707004
"16033",13.8,13.1573360451199
"16035",13.1,13.8636655387545
"16037",13.4,15.0679686001899
"16039",10.4,11.9267089353785
"16041",9.4,10.5427847685298
"16043",10.5,11.6379945172077
"16045",11.5,12.6948485448211
"16047",13,14.5334166382648
"16049",12.8,13.7999874364635
"16051",9.1,9.60246552364754
"16053",12.6,13.5832149903893
"16055",9.9,11.0936394186595
"16057",7.8,8.86102313673574
"16059",12.7,13.7561182485642
"16061",15.1,15.4213511987335
"16063",11.5,13.6419984365847
"16065",4.9,9.80743178197001
"16067",12.3,13.5156710592055
"16069",10.8,11.9848663707027
"16071",10.5,11.4947309671579
"16073",13.4,14.7622568450732
"16075",11.8,12.2887325567463
"16077",12.1,13.130505144121
"16079",13.5,14.463895246704
"16081",9.2,8.46883791589516
"16083",11,11.7631145980615
"16085",13.1,11.8634344159007
"16087",14.5,14.5954182987385
"17001",12,11.4692649074111
"17003",19,17.1929399197953
"17005",11.6,11.5006757531229
"17007",12.2,11.7698432622031
"17009",11.7,10.9114703808365
"17011",13.2,12.8333763528
"17013",11.9,11.8468829561975
"17015",13.3,13.061847818238
"17017",13.4,12.7636666469153
"17019",9.6,10.1347524335819
"17021",12.3,11.9784675831451
"17023",12,10.9901072760728
"17025",13.9,13.2682503649995
"17027",11.3,10.426235732809
"17029",11.4,12.0223420650725
"17031",11.8,11.8317035962102
"17033",12.1,11.6340109296787
"17035",11.9,11.7881775167183
"17037",10.3,10.8318755055872
"17039",12.2,11.4216022942204
"17041",11.7,12.2273759567462
"17043",10,8.52963008615312
"17045",13.6,12.6401963745748
"17047",14.1,14.060341762573
"17049",11.3,10.6391997976296
"17051",12.7,13.1284725285713
"17053",12.4,12.175082149626
"17055",13.9,13.2626692201783
"17057",13,12.3391837879074
"17059",14.6,14.0472557379774
"17061",13.2,12.6620752752447
"17063",10.3,9.81308156414
"17065",13.9,12.7657012946776
"17067",13.2,12.3647515980572
"17069",14.7,14.6761691664241
"17071",14.1,13.1762236625797
"17073",11.9,11.4781685758772
"17075",13.9,13.4209469101539
"17077",11.6,12.2743347282099
"17079",12,11.3226056359655
"17081",13,12.9445280249603
"17083",11.7,11.7688826310132
"17085",13.2,12.1907178806178
"17087",12.9,13.0786292883702
"17089",11.5,10.4391631033997
"17091",13,12.6756441066802
"17093",9.4,8.72631010844793
"17095",13.5,13.3465533111555
"17097",11.2,9.1765772325356
"17099",12.4,12.4211282918119
"17101",12.8,12.6271717640985
"17103",12.8,12.1683364379898
"17105",12.2,11.9003836321628
"17107",11.6,12.2235711564405
"17109",11.4,12.1344619952002
"17111",10.5,9.18267715086337
"17113",9.5,8.82798788941654
"17115",13.3,13.1528835125153
"17117",12.8,12.6581096199541
"17119",11.2,10.8647831556424
"17121",13.3,13.2206277676811
"17123",13,12.8043082077587
"17125",13.3,13.1664251447041
"17127",14.1,13.7906702656454
"17129",11.7,10.9389364701265
"17131",12.4,11.79321333833
"17133",10.1,8.2953600199813
"17135",12.6,12.2714210206741
"17137",12.6,12.1030824967943
"17139",11.6,12.0764781685127
"17141",12.2,11.2801288831057
"17143",12.6,11.9888692625767
"17145",13.2,13.3942556494077
"17147",10.9,9.75021554710727
"17149",13.3,12.9022081134909
"17151",14.9,13.8838590920072
"17153",18.4,17.3423061791951
"17155",12.1,11.8172207770476
"17157",12.9,12.7690405993852
"17159",12.5,12.2231156619583
"17161",13.1,13.2346084826965
"17163",13.1,12.367639068057
"17165",13.5,13.0680941443817
"17167",11.9,11.0707820982764
"17169",14.4,13.8701296128012
"17171",12.3,11.581131721655
"17173",13,12.5752868654908
"17175",12.7,12.7960486225217
"17177",13.9,13.4855480636143
"17179",11.2,10.4388474925852
"17181",14.1,13.5590080338831
"17183",14.4,13.9541965265063
"17185",13.3,12.8687718265357
"17187",12.3,12.3495965419489
"17189",11.7,10.9176005223181
"17191",13.6,13.3369792850494
"17193",14.5,13.7360775024388
"17195",13,12.5796056495351
"17197",10.7,9.87380657733873
"17199",12.4,11.5918384681141
"17201",13.9,13.1809743715801
"17203",10.6,9.25166352188388
"18001",14.1,12.9036915571894
"18003",12.9,11.2672129137173
"18005",12.4,10.2821222453168
"18007",14.2,11.7888982363808
"18009",16.4,14.0809972788803
"18011",10.5,6.76721366555126
"18013",14.7,12.1878523017561
"18015",13.9,12.3851136143244
"18017",15.3,13.0659238564683
"18019",12.5,11.0229080740409
"18021",14.2,11.9118826905255
"18023",13.4,11.9177744750045
"18025",17.8,14.872350048065
"18027",13.8,12.8635607177016
"18029",12.4,10.4386415405028
"18031",12.4,11.112811557714
"18033",12.8,11.1620048289516
"18035",13.5,12.6392683078447
"18037",13.2,10.9605074152027
"18039",13.6,12.79055709966
"18041",15.4,13.1949121829639
"18043",12.5,10.3232129010974
"18045",14.1,12.7942992028088
"18047",13.7,11.6016294223411
"18049",14.6,12.9354745175925
"18051",13,11.4324649420415
"18053",15.2,13.480879959479
"18055",14.7,12.8020164231522
"18057",9.6,5.56236873064272
"18059",11.3,8.99067314638325
"18061",12.8,10.8909231489241
"18063",11.1,8.48563890538235
"18065",13.5,12.1761291636234
"18067",14.4,12.647734950542
"18069",13.3,11.0425360305783
"18071",13.6,11.9098908301941
"18073",12.7,11.459996619088
"18075",15,12.8776277110088
"18077",13.5,12.319518450549
"18079",14.3,12.3193432007224
"18081",11.9,9.31893107636462
"18083",13.2,12.3037813522249
"18085",13,11.3640079010707
"18087",12.4,13.3252105536793
"18089",15.1,13.5532587955465
"18091",15,12.5601408766862
"18093",13.9,11.9447935855486
"18095",14,12.4159859427689
"18097",13,12.0615181109365
"18099",14,12.1248723362568
"18101",14.6,13.3786635045453
"18103",14.6,12.4573882233038
"18105",9.9,9.31408908831038
"18107",13.5,12.0332208584151
"18109",13.4,10.9539933412353
"18111",14.4,13.2416889156651
"18113",13.2,11.7655724884604
"18115",14.3,12.3937848343544
"18117",14.7,12.9924879481436
"18119",14.5,12.7374287297735
"18121",15.4,14.2555256064478
"18123",13.4,11.8752652469942
"18125",14.5,12.6849303128027
"18127",12.5,10.4816921216986
"18129",12.9,11.0915944824917
"18131",14.5,13.1936873406202
"18133",12.4,10.7241782314011
"18135",14.4,13.4172467246727
"18137",12.5,11.5371493884915
"18139",14.3,12.3752787126657
"18141",12.9,11.6598318111131
"18143",14.1,12.5722562711245
"18145",13.9,11.7911289016449
"18147",13.4,11.0177807003256
"18149",15,13.3134315566478
"18151",13.5,11.2039660158937
"18153",14.1,12.4159649219728
"18155",14.9,13.1476251822296
"18157",10,10.0321454864198
"18159",13.5,11.812427749552
"18161",13,11.4679023360067
"18163",12.8,11.938853794196
"18165",14.3,12.2754689848035
"18167",13.7,12.403790793244
"18169",13.8,12.0394170612602
"18171",14.1,12.5986459467204
"18173",11.6,9.26068631960754
"18175",14.7,12.7108105470808
"18177",14.7,13.3194253690337
"18179",12.7,11.3086657313007
"18181",14.6,12.4834891102324
"18183",12.6,11.4416778341026
"19001",13.1,12.1732707585166
"19003",13.2,11.9249061446764
"19005",13.1,12.7852722068264
"19007",15.4,14.1699846648366
"19009",13.6,12.8752742596644
"19011",11.1,10.5697178614486
"19013",11.6,11.4808947638851
"19015",11.2,9.93968379978376
"19017",9.9,9.47515915859321
"19019",11.1,10.6088364694728
"19021",13,11.9821803866438
"19023",12.6,12.3156345280749
"19025",12.3,11.8313659270261
"19027",12,11.0840117121963
"19029",13.9,13.046835826665
"19031",11.9,11.2054688690165
"19033",12.5,11.7670454258748
"19035",13.7,13.3962802484459
"19037",12.6,11.7969803214065
"19039",14.2,12.9499877489881
"19041",12.3,11.5507435941056
"19043",13.9,13.6215080573563
"19045",12.7,12.1523892784429
"19047",14.3,14.0110559297266
"19049",8.8,6.56927113230405
"19051",12,12.5015433598445
"19053",12.4,12.4565684551741
"19055",12.5,11.4203723595487
"19057",12.3,12.4494856085099
"19059",12.1,11.0690221724633
"19061",10.4,10.0429400078233
"19063",12.7,13.1840363627446
"19065",13.1,12.7175231049817
"19067",12.9,12.5912530951154
"19069",14.1,13.5664017955921
"19071",12.7,11.9416276639932
"19073",13.1,12.4798604523303
"19075",11.1,10.7162669032666
"19077",12.4,11.8368255454931
"19079",12.1,11.708666361427
"19081",12.6,12.4952814538016
"19083",12.9,12.049190738829
"19085",12.5,10.9604349865725
"19087",12.5,11.6235350775579
"19089",12.4,11.9883044477839
"19091",13.2,12.7295800217189
"19093",12.4,12.1948107848303
"19095",11.7,10.7738187312499
"19097",12.7,12.1043282313047
"19099",11.9,11.1195125574096
"19101",13.2,11.4716557759649
"19103",8.8,8.29401412782259
"19105",11.9,11.5708960920724
"19107",13.4,12.5721893933576
"19109",13.1,12.2805971124025
"19111",12.9,12.4196401745286
"19113",11.2,9.85697822781896
"19115",12.8,12.7178817087812
"19117",13.9,13.429123717401
"19119",11.8,10.679847129755
"19121",10.5,10.0956216629157
"19123",11.7,11.3218587383654
"19125",10.5,9.37725875881104
"19127",12.7,12.4220678574109
"19129",11.3,9.77795827854578
"19131",12.2,11.2719647591266
"19133",13.1,12.8460723206798
"19135",11.7,11.2976630102886
"19137",12.9,12.6532704063351
"19139",12.3,11.6978085805108
"19141",12.4,12.3666552077773
"19143",14,13.5933086338361
"19145",13.6,12.7205007911896
"19147",12.1,12.3276218739602
"19149",11.2,10.8449796087015
"19151",13.3,12.7119464288148
"19153",10.1,9.15359534499491
"19155",11.7,11.3538294712731
"19157",11.4,11.3176561238473
"19159",12.2,11.8236478155056
"19161",12.5,11.9978535267063
"19163",11,10.3012149322352
"19165",12.5,11.7373336780611
"19167",9.8,9.61608608797303
"19169",8.1,8.11594704692474
"19171",13.6,13.4396025073357
"19173",12.9,13.0345108665139
"19175",12.1,11.9642869984593
"19177",13.9,13.0218726684883
"19179",13.5,12.9679934743357
"19181",9.7,8.80266403956403
"19183",12,11.2660841180797
"19185",13.1,13.8338988415138
"19187",11.8,12.0809410334142
"19189",11.6,11.5069731145139
"19191",10.7,10.405655509654
"19193",12.1,12.0506566990964
"19195",12.4,11.7430098293829
"19197",13.9,13.0317128550112
"20001",12.5,12.6734640024282
"20003",13.1,13.107454599701
"20005",11.2,12.0183471507864
"20007",13.8,12.6872802643819
"20009",13.4,13.3142331345336
"20011",12.7,11.8429667670522
"20013",13.5,13.7877303881829
"20015",10.7,9.64628678717414
"20017",13.9,11.8803163056257
"20019",15.2,14.4673741822301
"20021",13.4,12.7929530165504
"20023",14.8,14.3928640795356
"20025",12.1,11.7036257374262
"20027",12.8,12.6348491933961
"20029",12.3,11.8704704190524
"20031",12.7,12.3712661777636
"20033",13.3,14.0469681568407
"20035",12.8,12.2294327904239
"20037",11.2,11.6405023986228
"20039",13.4,13.1208962209808
"20041",11.9,11.800022419619
"20043",11.5,11.6183172475206
"20045",8.4,8.48665196286758
"20047",14.3,13.7763439144167
"20049",15.8,14.6425640418605
"20051",9.8,10.0033321628517
"20053",11.7,11.7213037006583
"20055",13.1,12.9259163675549
"20057",13.1,12.9558174031952
"20059",11.5,10.8973095279448
"20061",9.3,12.0858883612083
"20063",12.3,11.6941923974086
"20065",14.3,12.5692166072354
"20067",11.8,10.6882891858277
"20069",11.2,10.50976877583
"20071",11.7,10.979506458485
"20073",14.4,13.9294333353419
"20075",11.8,12.2459842954832
"20077",14.8,13.2457438645663
"20079",12.2,11.0462229827062
"20081",13.2,12.9932589202428
"20083",11.5,10.8062563888162
"20085",12.3,12.0762653031559
"20087",11.3,10.6557550465674
"20089",15.8,14.3055417378183
"20091",9.4,6.76204765980576
"20093",12.9,12.469789072651
"20095",12,11.3059310233597
"20097",11.8,11.3455901209132
"20099",13.4,13.1881416267994
"20101",13.1,12.522737225257
"20103",10.8,9.24585564404254
"20105",14.2,12.883177145873
"20107",12.5,12.2264459578239
"20109",12.5,11.7995594045697
"20111",11.5,12.2747492315513
"20113",10.5,10.1516100769578
"20115",12.2,11.4979956174836
"20117",13,12.1057788936709
"20119",12.5,11.3778264375232
"20121",10.8,9.60770209535294
"20123",12.8,12.0012533460614
"20125",13.8,13.681111409907
"20127",13.5,12.6160642868403
"20129",14,14.7704225412572
"20131",11.4,10.0023621649356
"20133",13.1,12.8716670162634
"20135",13.2,13.4092700197552
"20137",12.7,11.5649375779178
"20139",12.5,12.0546816066982
"20141",14,13.1106759600679
"20143",12.2,11.5841579508952
"20145",12.7,12.6333023325163
"20147",13.6,12.774754811216
"20149",9.7,8.77608674196163
"20151",12.1,11.559933725708
"20153",14.7,13.5853125883067
"20155",13.2,12.551394710506
"20157",14.3,13.203659440554
"20159",11.9,11.5030731075487
"20161",7.2,8.8633556841977
"20163",12.3,11.496004385828
"20165",13.9,12.8020608880079
"20167",13.9,14.1596231548557
"20169",12.1,11.4818466245788
"20171",11.4,10.4907035989261
"20173",12,11.6837324934322
"20175",13.4,14.3686789013896
"20177",12.5,11.7377639591059
"20179",11.8,12.1476512081522
"20181",12.3,11.7723793116769
"20183",13.3,12.7292822012036
"20185",13.1,12.014974505226
"20187",14.7,12.7574680004046
"20189",14.9,14.062682100683
"20191",12.4,11.3306256110807
"20193",10.2,10.0920778599047
"20195",12.3,11.4099242407463
"20197",11.5,11.1648066157063
"20199",13.7,13.1966916731874
"20201",11.9,11.7368540759097
"20203",14.5,14.2166225950276
"20205",13.8,12.966519055809
"20207",13.6,13.1082904749667
"20209",14.5,14.7285615034844
"21001",NA,13.1984139824806
"21003",NA,12.5733150695186
"21005",NA,10.5723982533236
"21007",NA,12.8690855879418
"21009",NA,13.757895835182
"21011",NA,13.7251934620152
"21013",NA,14.7321204602667
"21015",NA,8.86325710894905
"21017",NA,11.8449902935363
"21019",NA,12.8415314140886
"21021",NA,11.7352360523812
"21023",NA,13.0131943876944
"21025",NA,14.1240365557338
"21027",NA,14.0532266780368
"21029",NA,11.0846890315689
"21031",NA,14.1237598100223
"21033",NA,13.2132207256293
"21035",NA,11.2389878957617
"21037",NA,9.13526512648415
"21039",NA,13.4381103504049
"21041",NA,14.1396637378563
"21043",NA,13.8130184647393
"21045",NA,15.2771315799173
"21047",NA,12.7677511775789
"21049",NA,11.7896795174624
"21051",NA,14.2284067801444
"21053",NA,13.5284530858716
"21055",NA,13.8891519625147
"21057",NA,16.359416585689
"21059",NA,11.8545485413527
"21061",NA,14.3183994760418
"21063",NA,15.4640807650687
"21065",NA,14.4339925912024
"21067",NA,9.82005249119059
"21069",NA,13.8463061163812
"21071",NA,14.4660927676411
"21073",NA,11.4306256902574
"21075",NA,15.851406559732
"21077",NA,12.7975968952254
"21079",NA,12.8964995646966
"21081",NA,11.4673490174604
"21083",NA,13.8717423570788
"21085",NA,13.2910816937679
"21087",NA,14.3509130261124
"21089",NA,12.9333944871516
"21091",NA,12.5200867564992
"21093",NA,11.4821818890304
"21095",NA,14.9600599742856
"21097",NA,12.4397337541205
"21099",NA,14.3871088158313
"21101",NA,12.894311140336
"21103",NA,13.2989960006665
"21105",NA,15.8676199854637
"21107",NA,13.6614917957637
"21109",NA,14.289905450264
"21111",NA,11.5879213881043
"21113",NA,10.0763210913697
"21115",NA,13.7992382694497
"21117",NA,9.37458259129402
"21119",NA,14.0385885469796
"21121",NA,15.8658375487228
"21123",NA,13.2480658837985
"21125",NA,13.2412612781984
"21127",NA,14.0472254348381
"21129",NA,14.9189750496359
"21131",NA,14.8194251876019
"21133",NA,14.7724090648339
"21135",NA,14.2951017841814
"21137",NA,13.5033954236875
"21139",NA,14.0605252578718
"21141",NA,13.0325038534365
"21143",NA,12.8804430964037
"21145",NA,12.4071141477018
"21147",NA,15.7866050382023
"21149",NA,11.6692281430998
"21151",NA,10.2752342757473
"21153",NA,15.2366671917253
"21155",NA,13.581439476113
"21157",NA,12.5776971104748
"21159",NA,14.6150908648245
"21161",NA,13.170946015902
"21163",NA,11.6519856017011
"21165",NA,15.3884001517057
"21167",NA,11.6436311791245
"21169",NA,14.7910491942038
"21171",NA,13.8541315919757
"21173",NA,12.2204465481388
"21175",NA,12.3489680726892
"21177",NA,13.6026665742757
"21179",NA,10.9262336259608
"21181",NA,13.414168450075
"21183",NA,12.6717994808343
"21185",NA,6.72913463874118
"21187",NA,13.1204443870297
"21189",NA,15.1081614782227
"21191",NA,12.1852565854033
"21193",NA,14.0841394904086
"21195",NA,14.2893195506947
"21197",NA,12.8436453733018
"21199",NA,13.4119982323059
"21201",NA,15.5787448824919
"21203",NA,14.2829312985439
"21205",NA,12.040041528317
"21207",NA,14.544947777136
"21209",NA,9.41809539436086
"21211",NA,10.5254999962761
"21213",NA,12.7625548532174
"21215",NA,10.1886679544261
"21217",NA,12.2335969501616
"21219",NA,14.5574244083103
"21221",NA,14.653014091717
"21223",NA,12.623569248847
"21225",NA,13.8794894996795
"21227",NA,10.9392397119443
"21229",NA,12.8612660097611
"21231",NA,14.9819460214216
"21233",NA,13.1655212345643
"21235",NA,13.21216028274
"21237",NA,16.8682244229403
"21239",NA,9.8091391567519
"22001",16.5,14.8787569101307
"22003",15.3,13.7128221826964
"22005",12.2,11.1149397699869
"22007",16.7,15.091322256361
"22009",17.7,16.5766997835213
"22011",13.4,12.6535853388128
"22013",22.1,18.5898313407628
"22015",13.2,12.7478090542599
"22017",17.2,15.789095102939
"22019",14.2,13.1824427117038
"22021",16.7,15.2747573412217
"22023",13.3,11.6901368470981
"22025",17.7,16.0193397186494
"22027",22.8,18.9480610698952
"22029",19.8,17.6597224432096
"22031",17.8,15.9052665686889
"22033",13.9,13.1789118135752
"22035",22,18.8972181844609
"22037",16.1,14.3459864179657
"22039",16.8,15.3595584817554
"22041",18.4,16.1912313875935
"22043",13.7,13.0723250960098
"22045",17.1,15.6040681253231
"22047",16.5,15.1215814475436
"22049",17.7,16.2869155586682
"22051",16.2,13.8716757343378
"22053",14.8,13.8041388712363
"22055",13,11.9230886436731
"22057",14.7,13.1742854011853
"22059",13.1,12.2052721324529
"22061",13.5,14.120145983363
"22063",12.7,11.7732608209162
"22065",22.6,19.480171420173
"22067",20.3,18.1905564209476
"22069",15.5,15.297623441608
"22071",16.2,14.3348061076376
"22073",15.4,14.4543493721806
"22075",13.8,12.6199477754939
"22077",17.1,15.7520079527611
"22079",15.6,14.3231409678665
"22081",19.8,17.7755718119141
"22083",17.7,15.6555017628747
"22085",17.9,16.1921611719588
"22087",15.3,14.4442482498957
"22089",13.2,11.5775167163173
"22091",19.8,18.866255029065
"22093",16.5,14.3609632602312
"22095",17.2,14.9042519483
"22097",18.2,16.3120779547339
"22099",15.5,14.4015989741331
"22101",18.1,16.1099822917347
"22103",13.3,11.0278404937524
"22105",14.6,13.9163992807174
"22107",25.1,20.5255465179012
"22109",15.2,13.787825606287
"22111",18.4,17.0185535802144
"22113",15,13.846210256059
"22115",12.5,12.8138762255398
"22117",17.8,16.1077330318732
"22119",19.5,16.963426993618
"22121",14,13.4795941683819
"22123",16.5,14.3713298068743
"22125",14.6,11.5131790956265
"22127",17.1,15.1544464355598
"23001",12.1,11.9306129602268
"23003",14.8,13.366728122739
"23005",8.9,8.07641975930921
"23007",11.3,11.8563765027304
"23009",11.2,11.2476748337686
"23011",11.8,11.2334321320723
"23013",11.2,10.7752445528284
"23015",11.8,11.2866238473889
"23017",13.7,12.9895569423271
"23019",11.5,11.2604039140215
"23021",13.8,14.1135306434383
"23023",10.8,10.4264453208378
"23025",13.9,13.152046340639
"23027",11.7,11.7035602674785
"23029",14.9,14.1439196546976
"23031",10.4,10.3474915382692
"24001",13.3,12.8022535009804
"24003",10.4,8.96816823647703
"24005",13.1,11.3539526471994
"24009",10.9,9.24988008677353
"24011",14.2,13.1925068855022
"24013",10.3,8.62202121571014
"24015",13.2,10.9979847052167
"24017",13.4,12.117145399523
"24019",16.6,15.4711595010246
"24021",10.6,8.75476427760996
"24023",14.1,12.0228322022795
"24025",11.6,9.57879486560638
"24027",10.4,7.52620625440792
"24029",13.7,12.1330116884219
"24031",10.8,9.09790592386296
"24033",15.2,13.9497475695111
"24035",11.6,10.010043442559
"24037",11.4,9.56900689007754
"24039",14.2,14.7358767520709
"24041",13.1,12.3557388652981
"24043",13.3,12.1511045004245
"24045",12.6,12.7129476019226
"24047",13.7,12.515374299579
"24510",14.4,14.5641634074768
"25001",10.7,10.9301671141275
"25003",10.9,10.909451033694
"25005",10.8,11.0235016952511
"25007",10.6,9.67865881415143
"25009",10.3,9.98689323868798
"25011",10.8,10.6530038033949
"25013",12.1,12.5445960746168
"25015",8.2,8.91445863316407
"25017",8.5,7.41909198833532
"25019",8.6,6.78784227829666
"25021",9,7.64034903483269
"25023",10.3,9.53315005899474
"25025",9.3,10.5238297328392
"25027",10.4,9.83527055259932
"26001",16,15.3312769555097
"26003",13.2,12.955903664786
"26005",11.6,10.7859019753691
"26007",14.2,13.8549458632531
"26009",12.8,11.7282691376058
"26011",14.7,13.9338215208261
"26013",14.5,13.9682305923868
"26015",11.2,10.812249102379
"26017",12.6,12.4478039339401
"26019",12.8,11.9290113930982
"26021",13.5,12.6433815850087
"26023",13.3,13.0156699097615
"26025",13.3,12.7353308869788
"26027",13.1,12.8951420451126
"26029",12.3,11.2567941834434
"26031",14.6,13.6911614389417
"26033",12.7,13.2166041087735
"26035",15.4,15.3274940254948
"26037",10.6,9.87851905971043
"26039",14.9,13.6140618243233
"26041",13.8,13.4911783332177
"26043",12.6,11.7561128479764
"26045",11.4,10.7618482579289
"26047",11.5,10.4478725018698
"26049",13.2,13.1876295718929
"26051",15,14.1771800679986
"26053",15.2,13.9119995554767
"26055",10.7,9.56100171277155
"26057",11.6,11.8911946673507
"26059",13.5,12.6790658069128
"26061",10,9.842421410785
"26063",14.3,13.6559724846147
"26065",10.2,10.5518580234643
"26067",11.1,11.228842835649
"26069",15.9,15.0441907385714
"26071",15.3,14.7554000834301
"26073",10.5,11.9216125256839
"26075",12.5,11.8018980977816
"26077",9.7,10.0232825970361
"26079",13.5,12.8234505883699
"26081",10.3,9.62219583177658
"26083",13.4,11.9726359737771
"26085",17.2,15.940651305099
"26087",11.9,11.677637984662
"26089",12.2,10.7029452973551
"26091",12.4,11.8935048390011
"26093",9.7,8.40337122842285
"26095",14.1,13.237445075757
"26097",16.4,15.553369741614
"26099",11.4,11.4452932719084
"26101",13.7,13.0609594820568
"26103",10.6,10.3866336564563
"26105",13.8,13.0082482138668
"26107",12.4,13.127503784638
"26109",13.9,13.3816850053068
"26111",10.8,10.0389003868297
"26113",13.3,12.6863639404662
"26115",12.3,11.403002141192
"26117",12.4,12.2990927696478
"26119",16.5,15.7193659682256
"26121",12.7,12.4203542361453
"26123",13.2,12.8861418787837
"26125",10.2,8.80042389158594
"26127",13.7,12.8883627779965
"26129",15.3,14.6691740526962
"26131",16.5,15.8193976346579
"26133",13.7,13.5786496995021
"26135",16.5,15.1961057451229
"26137",12.3,11.3501907806588
"26139",9.4,9.09173165852883
"26141",15.6,14.4816622748415
"26143",15.7,15.036377630804
"26145",14.1,13.7527430086041
"26147",12.2,11.8557960436002
"26149",12.8,12.6524532764106
"26151",13.8,13.4657774915571
"26153",15.8,14.5787716787498
"26155",12.5,11.8628676567582
"26157",13.2,12.8698110959805
"26159",13.5,12.7139722007188
"26161",8.7,8.25993367133107
"26163",14.3,14.2332955765637
"26165",13,12.1927867994573
"27001",15.2,14.9262294263837
"27003",10.6,9.74906919319748
"27005",11.8,12.00989471006
"27007",11.3,12.0965467833143
"27009",10.2,10.3038613618485
"27011",13.2,12.9088447275856
"27013",9.4,10.2029270607838
"27015",11.5,11.10525514227
"27017",11.7,10.9070443816675
"27019",8.5,6.35557913513431
"27021",14.2,13.5733887841811
"27023",12.8,13.3051156048328
"27025",10.3,9.88704815259523
"27027",9.3,9.33669750600065
"27029",12.8,13.2586829900236
"27031",12.9,11.6813026331953
"27033",13.1,13.1607722193723
"27035",11.8,11.4798185806598
"27037",9.7,8.31827334800976
"27039",9.6,9.15527162469758
"27041",11.4,11.0140731110158
"27043",12.8,12.6364355461363
"27045",11.8,11.5984880001755
"27047",12.9,12.9155857228788
"27049",10.9,10.9296683068195
"27051",12.7,12.4728135726464
"27053",8.1,8.41348191891775
"27055",11.3,10.8157190686164
"27057",13.3,11.8021696287222
"27059",10.5,10.8978508526406
"27061",13.7,12.770721974016
"27063",11.7,11.5380990336872
"27065",12.8,12.4285845355575
"27067",12.3,11.6735718074616
"27069",12.5,12.0902938959354
"27071",13.4,13.3139464717976
"27073",12.2,12.474436435524
"27075",12.5,11.9400081798047
"27077",12.9,12.1806695310572
"27079",10.9,10.4981009714875
"27081",12,11.8986388108525
"27083",11,11.3220790590143
"27085",11.4,11.4811275926496
"27087",16.8,16.6931256977851
"27089",12.1,11.9995362121031
"27091",13,12.1576235739055
"27093",12.2,11.4781174875217
"27095",12,11.9673025603459
"27097",12,11.7375297908295
"27099",11.8,12.159717127416
"27101",12.6,12.377323036674
"27103",9.8,9.5223009892207
"27105",13.5,14.033241010459
"27107",12.5,12.19205532898
"27109",9.5,8.32234984721963
"27111",12.1,11.7906910775593
"27113",11.2,11.6037054930651
"27115",13.1,12.527965636658
"27117",12.7,12.3716090394721
"27119",11.3,11.0967084296179
"27121",12.2,12.0622051663239
"27123",10.5,10.1901339160196
"27125",12,11.9328530494337
"27127",12.8,12.8914227123364
"27129",13.1,12.6393858566159
"27131",10.1,10.4851500244496
"27133",11.4,11.0101074980862
"27135",11.8,11.5498590022313
"27137",11.2,10.9657585271114
"27139",9.4,7.50255977609374
"27141",9,8.66065420020179
"27143",11.5,11.8416157460704
"27145",10.1,10.7535581771247
"27147",10.9,10.2159022550705
"27149",9.7,10.1921077932287
"27151",13.2,12.2988192060075
"27153",13.3,13.4358621427352
"27155",13.2,13.47963186246
"27157",11.6,11.0830115827195
"27159",12.7,12.4468604740041
"27161",11.4,11.3314076086036
"27163",10.3,7.66766255510143
"27165",12.9,13.6204524715086
"27167",12.3,11.6887237771597
"27169",9.8,10.6471264313665
"27171",9.2,8.21186249374999
"27173",12.4,12.0526694452885
"28001",20.6,18.4165175111985
"28003",15,13.984556417215
"28005",20.6,19.3674161631058
"28007",16.9,16.5427331148629
"28009",17.4,16.5206390296013
"28011",20.5,18.1958426212081
"28013",18.2,15.951842418713
"28015",18.6,16.2970853513666
"28017",18.4,17.3280494259511
"28019",16.9,15.3757321637148
"28021",20.4,19.8242159421395
"28023",17.8,16.5449727049019
"28025",19.1,17.8232917525699
"28027",21.8,19.9132557975781
"28029",18.2,16.9917732571959
"28031",15.6,15.2141327456784
"28033",12.4,11.7889525854387
"28035",13.1,13.8284043468155
"28037",18.5,16.1914626591917
"28039",13.1,13.3318739961725
"28041",14,13.9435706712041
"28043",17.6,15.83788309924
"28045",14.3,12.918478704232
"28047",14.1,13.7325704720198
"28049",17,16.0708346573314
"28051",23.3,20.9129638204923
"28053",24.7,18.8423724606441
"28055",16.4,17.0123782930348
"28057",12.2,12.66862543702
"28059",15,13.0876459750167
"28061",19,17.30739934607
"28063",23.6,19.4141232902113
"28065",21.8,19.3530865130931
"28067",16,14.9884541327977
"28069",18.4,18.4062405222921
"28071",10.9,10.8492632480111
"28073",12.4,11.9864745908511
"28075",16.7,16.2434538812265
"28077",18.8,16.6015097230616
"28079",17,16.6523158720132
"28081",13.9,12.7382670934775
"28083",20.9,18.8708228905488
"28085",15.7,15.2677247106942
"28087",15.5,14.4227161858104
"28089",12.4,10.1964810964474
"28091",17.2,16.3619426670702
"28093",18.5,17.1080238629506
"28095",16.7,15.0772306416223
"28097",19.6,17.1979016780193
"28099",16.5,16.4890758873187
"28101",15.7,15.9703554853837
"28103",21.2,19.8261499479066
"28105",10.9,12.3134506053686
"28107",18.4,17.2093348592926
"28109",14.4,14.3391672749195
"28111",16.2,15.3012198988213
"28113",18.9,18.0429546214294
"28115",13.8,13.4228786559975
"28117",13.9,12.9936363018218
"28119",22.8,20.0287834426875
"28121",12.1,11.21144186365
"28123",18.3,16.2589912145086
"28125",25.2,19.7435013707345
"28127",16.2,15.7332119176895
"28129",16.9,15.9445558921006
"28131",14,14.446927860428
"28133",19.3,17.9695960541419
"28135",18.9,18.1433853116679
"28137",14.2,14.1055454852844
"28139",15.3,14.6059693524245
"28141",15,14.4015119078294
"28143",21.4,19.5475560954329
"28145",14.1,13.5274571664865
"28147",17.8,16.5033721616377
"28149",16.2,15.3391220245846
"28151",21,18.5813828377766
"28153",17.8,16.5627527938929
"28155",13.7,13.8750842322859
"28157",20.6,19.0721749237203
"28159",19.5,18.1580349885154
"28161",19,17.4819548926331
"28163",18.5,17.1422082427937
"29001",10,11.2753582425315
"29003",11.6,10.7429073756198
"29005",14.9,13.2817352200326
"29007",14.1,14.0810980588431
"29009",15,14.94683430028
"29011",15.2,14.3115244120077
"29013",13.8,13.709015018796
"29015",16.7,15.6164946977314
"29017",14.1,13.1702558827817
"29019",9.5,8.9802502669153
"29021",13,12.6744341761424
"29023",15.3,14.566499046312
"29025",13,12.7288326324059
"29027",11.9,11.1295545004432
"29029",14.7,13.8388955931982
"29031",11.2,10.8626153491278
"29033",13.9,12.3560576949337
"29035",15.7,14.673885805574
"29037",11.5,10.4358950397756
"29039",15.6,14.1616747749235
"29041",14,13.2963238187577
"29043",10.7,9.77548612910791
"29045",14.9,12.9428735527953
"29047",10.8,9.60613242512897
"29049",12,11.8546369803162
"29051",11,9.88987212117151
"29053",12.2,11.7038986997703
"29055",14.1,13.7303192428285
"29057",16,14.0761133635596
"29059",14.9,14.8221231747481
"29061",14.2,13.167118002372
"29063",12.5,11.5485742605528
"29065",14.6,13.4502508915679
"29067",15.3,14.5712518914407
"29069",16,15.6223918776448
"29071",12.2,11.2463752518371
"29073",13.5,12.6265736253053
"29075",13.2,12.8498303944596
"29077",11,11.1452887421099
"29079",14.3,14.2690034975284
"29081",14.7,13.3716513493402
"29083",14.4,13.9404486672857
"29085",19.7,16.6318726120547
"29087",14.1,13.1049812305485
"29089",12,11.8293883590664
"29091",14.9,14.349609017504
"29093",15,14.3832926528963
"29095",12.1,12.0697065784533
"29097",12.8,12.5032291706578
"29099",11.2,10.6606400553877
"29101",9.6,10.1760412031779
"29103",15.1,14.0149536866141
"29105",14,13.5409037543969
"29107",11.8,11.3307861252814
"29109",13.7,13.5131735861764
"29111",12.7,13.0604220218068
"29113",11.1,11.2327867022837
"29115",13.5,13.1492538596744
"29117",12.6,13.1566374346252
"29119",15.8,14.8462320665854
"29121",12.9,12.9106808916757
"29123",13.2,13.1055272660203
"29125",13.6,13.6186537198217
"29127",12.8,11.82051253022
"29129",15.6,13.5001560767111
"29131",13.2,12.4979066904018
"29133",16.7,15.1457934148247
"29135",11.9,12.0289702404596
"29137",15,14.1728425118784
"29139",13.9,13.1489494459557
"29141",15.8,15.2248176438523
"29143",16.1,15.341030777755
"29145",13.4,12.8228682423477
"29147",10.6,12.0390157567724
"29149",16.5,15.4651136826466
"29151",11.2,10.5078304061538
"29153",18.3,16.6655078115461
"29155",17.9,16.9073094863061
"29157",12.5,11.5658028686642
"29159",12.6,12.6137540458311
"29161",11.7,11.18930034547
"29163",13.5,12.8457110598929
"29165",10,8.37254399707945
"29167",13,13.1291749268587
"29169",8.6,10.2249797684414
"29171",13.6,13.8348508013382
"29173",14.1,12.9577995515438
"29175",12.7,12.6917766950125
"29177",13.3,12.65093843174
"29179",15.9,14.4450975840327
"29181",15.6,14.7618230177988
"29183",10.3,8.16003348379381
"29185",16.2,14.9264173389848
"29186",12.5,11.6181749823918
"29187",12.9,12.7754310902675
"29189",11.5,10.3123301595249
"29195",12.4,12.0767620921358
"29197",12.2,13.2374492597644
"29199",12.8,13.5154518871387
"29201",13.4,13.0553843430962
"29203",15.2,14.2313787229786
"29205",14.9,13.3791559370523
"29207",14.2,13.7087598912492
"29209",15.6,14.4628107820847
"29211",15.1,13.9741299511177
"29213",13.3,13.2840786265398
"29215",15.8,14.3199513582337
"29217",14.3,13.9794805042195
"29219",12.3,11.6926915611714
"29221",14.8,13.5773437285265
"29223",17.4,16.301328578597
"29225",12.2,12.4807897701814
"29227",15.5,14.3214647643313
"29229",15.5,14.1692428140622
"29510",13.3,12.9168311323805
"30001",10.5,11.2818920247727
"30003",15.1,17.0609215680185
"30005",14.3,15.5611947981795
"30007",10.4,12.0249598761633
"30009",11.8,11.9381524959619
"30011",12.3,14.4263418091616
"30013",10.4,11.4762471284876
"30015",12.2,13.3422277696036
"30017",10.5,11.0750256254829
"30019",11.2,12.8671182701175
"30021",10.1,10.7510419732681
"30023",12.9,13.526271479371
"30025",10.2,12.9321422122826
"30027",11.4,13.3558740187971
"30029",9.3,10.3847176175708
"30031",6.7,6.80684830390128
"30033",11.5,13.5932002133335
"30035",15.5,18.6197228720303
"30037",14.7,15.2414221720153
"30039",12.3,12.8270941072549
"30041",12.1,13.1964687913603
"30043",10.3,10.4123578854243
"30045",12.9,13.0491736976932
"30047",12.2,14.6215403512028
"30049",9.3,9.11169400254724
"30051",13.1,13.6582563569614
"30053",14,15.3724941894702
"30055",11.1,12.4849739785869
"30057",10.6,11.6699000288165
"30059",12.5,13.2160766406268
"30061",12.8,13.696358762361
"30063",8.3,8.59975095102059
"30065",12.7,14.4323772172414
"30067",10.5,11.1568175312207
"30069",12.4,11.0797038379872
"30071",12,12.8035507074987
"30073",13.6,14.8697614334327
"30075",11.9,13.7651737208675
"30077",11.3,10.4472444730249
"30079",16.2,16.2806235075895
"30081",10.4,12.0886252328324
"30083",9.2,11.031575830781
"30085",14.1,17.9942242597959
"30087",13.6,15.8909714358575
"30089",13.7,15.3077460400082
"30091",11.5,11.8738729839448
"30093",10.2,11.5256036313648
"30095",10.8,11.4349974814822
"30097",10.9,12.2456650054241
"30099",11,12.0863807938666
"30101",11.5,10.9289998173098
"30103",12.5,10.6005404392305
"30105",11.6,13.3316066391143
"30107",13,16.689991092659
"30109",11.6,12.9362872581405
"30111",9.5,10.2284165781308
"31001",11.8,11.3224212508166
"31003",12.9,12.5456676336802
"31005",12.1,10.0191450145725
"31007",13.1,12.567342945345
"31009",13.3,13.5743773275918
"31011",12.7,12.3835568267963
"31013",13,12.2394846489519
"31015",14.8,14.5750605963413
"31017",13.2,13.719619840161
"31019",9.6,9.85418061915121
"31021",13.1,12.8549946576078
"31023",11.3,11.1225074546096
"31025",10.8,9.40226852607505
"31027",11.3,10.9373171350623
"31029",12.7,12.7609121513361
"31031",13.1,11.7020357634595
"31033",12.9,12.0177022082568
"31035",11.8,11.5846954060314
"31037",13.2,13.2616834755144
"31039",12.1,11.6260914473419
"31041",12.2,11.4045075330295
"31043",12.8,13.8589813695911
"31045",10.6,11.0409462763236
"31047",13.5,13.5746925843033
"31049",14.2,13.2332819369863
"31051",13.2,11.8909792495988
"31053",11.9,11.6557106656634
"31055",9.8,9.66015055749631
"31057",14.2,12.4823854022733
"31059",12.3,11.8960755443403
"31061",14.2,13.9410960481095
"31063",11.9,12.2504551174363
"31065",13.5,12.8930434591605
"31067",12.6,12.1504839396981
"31069",15.5,14.9288790179492
"31071",12.3,11.929975229593
"31073",12.4,11.4286022484405
"31075",12.1,10.6044554265044
"31077",12.6,13.1378153717513
"31079",12,12.6775514530191
"31081",10.5,10.2867560183233
"31083",13,12.3523381600356
"31085",14.1,13.9882333808075
"31087",13.4,13.098574193388
"31089",12.9,11.6690859372826
"31091",13.3,13.3949982407562
"31093",11.5,11.3308512904114
"31095",13.4,12.9921064424673
"31097",11.6,10.8460907050832
"31099",10.8,9.85862485149337
"31101",13.2,13.5131864512048
"31103",14.2,12.2707302950287
"31105",15.2,14.958961815393
"31107",14.1,13.890942333075
"31109",9.6,9.18128797970098
"31111",12.9,12.5309306730698
"31113",12,11.2199971411332
"31115",13.5,12.3851953199173
"31117",13.3,10.2372671876022
"31119",11.8,11.8851894998974
"31121",11.7,12.1476481460891
"31123",13.3,12.5505070887105
"31125",12.7,13.0884433964327
"31127",11.7,11.5969318576272
"31129",12.7,12.6682261583979
"31131",11.9,11.0910088546547
"31133",14.4,14.2296873464219
"31135",11.9,11.5127450089558
"31137",11.5,11.5647982422195
"31139",10.9,11.0674281482014
"31141",11.9,11.4271327721242
"31143",12,12.2915496263115
"31145",12.1,12.2696877283719
"31147",14,12.6115621242864
"31149",12.5,11.8308705451965
"31151",11.8,12.1380988595852
"31153",9.4,7.64998046912206
"31155",10.5,9.53237904263682
"31157",13,12.8884689336124
"31159",9.5,9.33582651342596
"31161",13.9,14.1892925675414
"31163",13.7,13.2724276927185
"31165",16,12.4275898464001
"31167",11.5,11.2764990340335
"31169",13.2,12.4200360740857
"31171",11.3,13.3286918533967
"31173",13.4,15.5295414876631
"31175",12.9,11.6645595976839
"31177",10.7,9.15963561999963
"31179",9.7,10.5264340368608
"31181",12.9,12.0191181559615
"31183",13.2,12.1561321913671
"31185",11.2,11.2787187714921
"32001",11.7,12.6762295826507
"32003",12.4,13.4851053913998
"32005",12.2,12.94349282157
"32007",11,12.1013484403786
"32009",17.7,13.7276407538099
"32011",16.1,14.1386792561708
"32013",11.5,12.4801065286528
"32015",13,11.3165010800966
"32017",11.8,11.6378512271603
"32019",12.3,13.4404395110421
"32021",17.6,17.7109576889762
"32023",15.7,16.586694156661
"32027",12.1,12.0043997073982
"32029",12.4,13.6769750761591
"32031",10,11.5100303772179
"32033",12.6,12.2700020826982
"32510",12.1,12.7794042557538
"33001",10.5,10.9385847492417
"33003",10.7,11.2550655015334
"33005",9.5,10.3886875314015
"33007",13,12.8947915693481
"33009",9.3,9.84110390634564
"33011",9.2,8.8402134299528
"33013",9.1,9.29161443124377
"33015",9.1,8.13693288077402
"33017",8.6,9.12820458638288
"33019",11.2,11.4111911934053
"34001",12.7,13.0076466883504
"34003",9.7,9.22398328013543
"34005",10.5,9.86370787554249
"34007",11.4,11.8648758936084
"34009",11.7,11.6982572273262
"34011",13.5,14.5452415007239
"34013",12,13.180968639723
"34015",10.3,9.8355357820802
"34017",10.5,11.3351354157243
"34019",9.2,7.27601698518221
"34021",11.1,10.8845664402789
"34023",11.6,10.7694963997151
"34025",9.8,8.49779422073583
"34027",9,7.63472659994906
"34029",11.4,11.1460142591792
"34031",12.7,13.3350347053033
"34033",11.9,12.6752060222839
"34035",10.1,8.51306552807835
"34037",9.5,8.88166250932345
"34039",11.6,11.8706032574087
"34041",10,10.1748546275475
"35001",11.6,12.5834407243487
"35003",17.7,18.5263277789066
"35005",14.3,14.8010579661302
"35006",16.6,17.7126340570268
"35007",15.5,15.3949077439512
"35009",12,13.8322596837066
"35011",15.3,17.4314396297201
"35013",13.7,14.4780459669025
"35015",11.6,12.7096877519711
"35017",15.9,15.3386197440134
"35019",16.5,16.2822346630135
"35021",19.6,16.0971127438588
"35023",16.4,16.1717568419805
"35025",12,14.462259565701
"35027",14.4,15.2619570900316
"35028",8,5.56945775153743
"35029",17.7,17.0821297050432
"35031",19,20.838830373915
"35033",18.5,17.685652675972
"35035",12.7,14.2825030788651
"35037",17.2,17.0105472683699
"35039",17.2,17.6923156096229
"35041",11.5,13.8400026642844
"35043",11.8,12.3194929228068
"35045",14.5,16.6868470566692
"35047",17.1,16.3122521385785
"35049",12.6,12.8960415489278
"35051",18.2,18.5730655112107
"35053",15.7,16.937485201843
"35055",15.2,14.4900894673275
"35057",16.5,16.2014905255356
"35059",14.7,15.2704730397201
"35061",14.6,14.8278789615434
"36001",9.2,10.114070812597
"36003",11.1,12.0851570146929
"36005",16.1,17.5285436762078
"36007",10.9,12.3866716038017
"36009",12.1,13.1080096903242
"36011",11.8,12.0704892604717
"36013",12.6,12.7337523646851
"36015",11.5,12.1187875752881
"36017",12.3,12.409455262561
"36019",10.7,11.1870685806683
"36021",11.8,11.3405094467822
"36023",9.3,10.6382481645659
"36025",12.5,12.8714387379454
"36027",9.9,10.2210499530409
"36029",10.8,11.1490198686725
"36031",11.8,11.7076493733776
"36033",12.2,12.4022739423374
"36035",12.1,12.4226025085023
"36037",10.7,11.4571198014699
"36039",11.7,11.7768942372729
"36041",13.4,13.5004645758724
"36043",11.3,12.2186525590539
"36045",10,10.8812369260262
"36047",12,12.9537653781543
"36049",11.8,12.0540960592938
"36051",10.1,10.8020575000929
"36053",10.3,10.8104031712189
"36055",11.2,10.6721321801619
"36057",11.5,12.8436335785654
"36059",10.1,9.3482460626989
"36061",8.9,9.74118464547073
"36063",11.3,11.8006242822157
"36065",11.5,11.9358274926041
"36067",10.9,10.8709457341177
"36069",10.5,10.1510357161102
"36071",11.2,11.3050072282728
"36073",11.7,12.5901587737606
"36075",11.2,11.9449186142676
"36077",10.2,11.366227596216
"36079",9.7,9.04203123426142
"36081",14.3,13.754538525504
"36083",9.9,10.1961689802717
"36085",11.9,11.1478439127197
"36087",11.3,10.7744538202907
"36089",11.9,12.0006215154985
"36091",9.6,8.54969333529539
"36093",10.2,11.1563021781545
"36095",11.3,12.1125054857099
"36097",12.4,12.3191148113744
"36099",11.6,12.1723364987175
"36101",11.5,11.6936396006842
"36103",10,9.81323441839475
"36105",12.1,12.3393205043505
"36107",11.3,11.5126457579483
"36109",7.6,8.30802635447188
"36111",10.9,11.6415764081231
"36113",11.2,10.5313880480981
"36115",11.2,11.9226679244612
"36117",11.2,11.6565790919727
"36119",10.5,9.72435741931491
"36121",11.2,11.7873755438647
"36123",11.6,13.0307295939944
"37001",12.2,13.088967355131
"37003",12.7,13.1348398101208
"37005",16,15.2045881193735
"37007",17.2,17.6827322520506
"37009",14,13.9275789772786
"37011",12.9,12.6603950247613
"37013",15.6,15.8132968433238
"37015",19.3,17.8517711886412
"37017",16.6,16.6203061756132
"37019",13.5,13.6954804857365
"37021",10.9,10.4848757592083
"37023",13.8,14.1266366667166
"37025",10.8,10.3339479378906
"37027",13.2,13.2296113062887
"37029",10.7,10.5037130572762
"37031",12.5,12.2554005437344
"37033",15.5,15.5439051773705
"37035",12.1,12.7252474587948
"37037",12.9,11.2256477565614
"37039",15.2,14.9790291795747
"37041",17,16.4095610652951
"37043",14.3,14.1994586469097
"37045",13.6,14.1211533128225
"37047",15.6,16.2006632597378
"37049",12.5,13.3922289415703
"37051",12.2,13.6722216455631
"37053",10.7,10.6230318971885
"37055",11.2,10.2496285205204
"37057",12.7,13.150367401608
"37059",12.1,12.2914983056204
"37061",15.5,15.9394337415839
"37063",10.5,10.3680775989854
"37065",17.9,17.776041322066
"37067",12.4,12.3566691727818
"37069",12.8,12.8693680720594
"37071",12.3,12.5094611407133
"37073",15.8,15.6242580329638
"37075",13.1,13.9298342158356
"37077",13.6,13.6148354296392
"37079",15.9,16.2887904731005
"37081",12.2,12.5680791173821
"37083",19.4,18.4126291946358
"37085",11.8,12.8349778370433
"37087",12.4,12.4865756425809
"37089",12.5,12.5034136203582
"37091",18.9,17.7788271926178
"37093",13.3,14.4749185017061
"37095",17,16.6407303650437
"37097",10.7,10.7469577629726
"37099",12.1,13.5450506213201
"37101",11.6,11.8085431589239
"37103",17,16.5523751668237
"37105",13.5,13.8398542230808
"37107",17.8,17.2071712656511
"37109",11.5,11.4086667802242
"37111",13,13.4125862324885
"37113",14.2,14.5313794093546
"37115",11.6,11.6674969075195
"37117",17.8,17.6590494810903
"37119",10.1,10.1531023833157
"37121",12.8,13.3878255053186
"37123",15.1,15.2109024608652
"37125",11.5,11.3178683217406
"37127",15,15.1326231936233
"37129",10.6,10.4058453345735
"37131",20.3,18.565665769253
"37133",8.6,10.3282504455708
"37135",9.3,8.14845353134758
"37137",15.2,14.7634332230782
"37139",13,13.1402842598014
"37141",11.8,11.6376068991431
"37143",15.3,15.4561152518707
"37145",14.9,15.2002045005703
"37147",12,13.3098192525183
"37149",14.1,14.089371308082
"37151",13.2,13.5706576284882
"37153",16.4,16.440235816867
"37155",18.4,18.962701423191
"37157",14.5,14.9437154966005
"37159",12.7,13.5066798792929
"37161",14.4,14.3123782101504
"37163",15.6,16.3595518854449
"37165",17.4,17.5244129043364
"37167",12.7,13.2845314713353
"37169",13.2,13.1601324642525
"37171",13.7,13.8777187110331
"37173",15.2,16.3719464535739
"37175",12.9,13.1225270815148
"37177",17.5,17.4177073430479
"37179",10.5,9.40822062754405
"37181",16.8,16.9836029984771
"37183",9.5,8.07053437925348
"37185",20,18.6145193220851
"37187",20.6,19.0462967968726
"37189",9.8,10.5983487790288
"37191",14.2,14.6037759258064
"37193",13.9,14.352060550884
"37195",16.8,16.4884090799465
"37197",13.3,13.767271625379
"37199",13.7,13.8252687913145
"38001",14.1,14.2193820226263
"38003",11.5,11.3585706362744
"38005",15.4,15.3931194587011
"38007",12.1,11.4229506563958
"38009",11.9,11.6939999461527
"38011",11.4,11.7408320709251
"38013",11.1,10.7504986151389
"38015",9.3,9.150042787897
"38017",7.9,8.20487297489801
"38019",11.8,12.3981301222306
"38021",11.2,11.2146538024519
"38023",12.6,12.55868549383
"38025",11.5,12.0015921873933
"38027",13.5,12.5764709335312
"38029",13.5,13.2727588717305
"38031",11.8,11.323234309753
"38033",13.7,14.1843121136715
"38035",9.1,9.48648257016864
"38037",15.2,14.5105963326405
"38039",12.3,12.54952876698
"38041",11.7,13.1781867079478
"38043",12.8,12.0920452377238
"38045",12.5,12.5050252476251
"38047",13.2,12.5222188156066
"38049",11.9,11.9259102080117
"38051",14.4,15.199876763075
"38053",9.6,10.726981426584
"38055",12.1,12.3807772979203
"38057",12.2,12.1768286971598
"38059",9.6,9.87137942975147
"38061",12.8,13.1503951491564
"38063",12.4,12.4338351973326
"38065",11.7,11.6624927337495
"38067",12.8,12.2385208454339
"38069",12.1,12.2488125595716
"38071",12.3,12.8746716332579
"38073",12.1,11.9477248478047
"38075",11.1,10.9798598738149
"38077",10.5,11.3094870769991
"38079",17.9,18.6027140441113
"38081",11.8,11.7734654700936
"38083",13.9,13.9063897188573
"38085",20.2,21.2865395951886
"38087",14.6,11.8497995596048
"38089",9.5,10.0206290185037
"38091",12.7,12.6645424078718
"38093",10.9,11.5027763305694
"38095",15,13.5929145773633
"38097",10.5,10.12276053867
"38099",12.4,12.7318503455936
"38101",8.8,9.52192564146612
"38103",13.8,12.734025666511
"38105",8.9,9.94411349744839
"39001",15.7,13.664883304983
"39003",14.5,12.6631995932057
"39005",13.9,12.1965539176718
"39007",16.2,13.6742611647613
"39009",11.5,10.8759591435964
"39011",12.2,10.918894322899
"39013",14.5,12.7360216695951
"39015",14.5,13.0509494029098
"39017",12.5,10.6324380760895
"39019",14.9,13.2268426091294
"39021",12.7,11.5155369137453
"39023",15,13.3912531449714
"39025",12.6,9.94056597556
"39027",13.5,12.2054445554932
"39029",15.2,13.022716886834
"39031",15.3,13.6222644742309
"39033",14.6,12.8262160889209
"39035",13.4,12.7469977774901
"39037",14.3,12.334893707499
"39039",13.3,12.0856812768364
"39041",10.1,6.31637076506399
"39043",14.4,12.4773369625288
"39045",12.2,10.1103464743309
"39047",14.3,13.219227653056
"39049",11.8,10.572587183206
"39051",13.3,11.6972790614476
"39053",15.3,13.0705555553622
"39055",12.4,9.58792845635342
"39057",11.2,9.51846429593748
"39059",14.8,13.3541847506279
"39061",13.2,11.0433235575008
"39063",12.5,10.5341620376962
"39065",12.9,12.7346647002733
"39067",15.6,14.1831790210202
"39069",13.1,11.8389860695623
"39071",14.7,12.8679219028462
"39073",15.7,13.3188682092845
"39075",12.7,13.4819583718528
"39077",13.5,12.2491129560123
"39079",14.9,12.821006559201
"39081",15.1,13.3367408457275
"39083",12.6,11.5630177076014
"39085",12.9,10.8356783147981
"39087",15.1,12.7822702684333
"39089",12.9,10.5517582556951
"39091",14,11.9856768715799
"39093",14.2,11.8898324620857
"39095",14,12.7678403233276
"39097",12.4,10.6167667449984
"39099",14.8,13.5665911597915
"39101",14.8,12.7712408928955
"39103",11.9,9.16292744643314
"39105",17.3,14.5127335479084
"39107",12.1,10.447378790004
"39109",12.7,10.9123444570864
"39111",16.1,14.1920031147962
"39113",14.5,12.4543233425643
"39115",16,13.6558925991925
"39117",13.8,12.0028938475223
"39119",14.4,12.4861828498963
"39121",18,13.0309248357669
"39123",13.8,11.8601593882585
"39125",14.1,12.1268137511012
"39127",14.3,12.6466120326331
"39129",12.6,10.9767307074827
"39131",16.2,13.4364426056137
"39133",11.8,10.5936288666951
"39135",13.4,12.0483054445659
"39137",12.3,10.3482474808619
"39139",14.5,12.9041565558297
"39141",15,12.6575002008771
"39143",14.4,12.7543076660151
"39145",15.3,13.4997074489412
"39147",13.2,11.8035356980554
"39149",13.3,11.3175732160602
"39151",13.7,12.0927878258617
"39153",13.7,11.2975375901567
"39155",15.5,13.6087970502429
"39157",13.6,12.2912365070712
"39159",10.2,8.06481205960759
"39161",13.2,11.8039883780838
"39163",15.4,13.0762917501177
"39165",11,7.61863316565373
"39167",13.8,12.4279422790782
"39169",12.9,11.3086856433998
"39171",14.4,12.6965896639012
"39173",10.7,9.58987119356653
"39175",13,11.2435793521385
"40001",17.5,17.578513344978
"40003",13.5,11.8765468957228
"40005",14.6,14.9406397371212
"40007",13.9,13.3767657933604
"40009",13.3,13.5721177487959
"40011",14.3,13.7627331504621
"40013",13.4,14.1452581262727
"40015",14.9,14.8566074242946
"40017",10.4,10.2629387759409
"40019",13.7,13.9363682263116
"40021",14.3,15.1964138418179
"40023",17.2,16.9938507649844
"40025",13.7,13.0226201533863
"40027",10.9,10.8130047224405
"40029",17.2,16.4640517832816
"40031",12.8,13.252291372624
"40033",15.4,14.4987714252576
"40035",15.9,15.7412253352853
"40037",13.4,13.5691295502794
"40039",11.8,11.7722956035115
"40041",16.7,16.5129410236798
"40043",13.5,13.4410969098201
"40045",14.1,13.996836972918
"40047",12.6,12.6979067937124
"40049",14.1,13.9412389236511
"40051",12,12.3591670782341
"40053",13.5,13.1623653956972
"40055",13,12.6131250228514
"40057",17,15.760490988713
"40059",14,13.6119092346965
"40061",15.4,15.9657324284671
"40063",15.1,15.4468106272946
"40065",13.2,12.889490570372
"40067",16.3,15.7357317228674
"40069",15.3,15.0085181276308
"40071",14.1,14.0091310907113
"40073",11.9,12.3874556612075
"40075",16.6,15.5170518946919
"40077",17,16.887683583056
"40079",15.1,15.412601863503
"40081",14.1,14.1963000765004
"40083",12,11.8275833339112
"40085",14.4,14.3758193783777
"40087",11.3,10.8230638613204
"40089",15.5,16.1696305252463
"40091",17.7,17.5234936626341
"40093",13.3,13.3622805081173
"40095",15.7,15.5982281231877
"40097",14.6,15.3466156675742
"40099",14.3,14.0531369681798
"40101",15.2,15.5345471609409
"40103",13.3,13.1685928854389
"40105",15.2,15.3442154164312
"40107",17.3,16.6738840709439
"40109",12.6,12.1799535810165
"40111",15.4,15.2012824738068
"40113",14.4,14.2040169440021
"40115",15.2,15.9054432237666
"40117",14.3,14.6402532556227
"40119",9.8,11.3431576158422
"40121",14.3,14.7420042243417
"40123",12.3,12.927299080223
"40125",13,13.6716746177392
"40127",17.7,17.2748308925128
"40129",14.6,13.5709301352984
"40131",12.4,12.0884321964035
"40133",16.1,16.315651084085
"40135",16.6,16.0416611712642
"40137",14.2,14.261934913152
"40139",13.7,13.6755693985335
"40141",16.2,15.3049951496957
"40143",11.7,12.1624234251656
"40145",11.9,12.0129143069944
"40147",13.2,12.7799581937587
"40149",13.4,12.8073719573073
"40151",11.1,11.2578502490677
"40153",12.1,11.8095867405258
"41001",13.6,12.8271459687897
"41003",9.3,9.27497706260098
"41005",10.5,9.74360062210924
"41007",12.6,12.686496800268
"41009",12.1,11.8646959428709
"41011",14.2,14.3001653207563
"41013",12.5,12.7502962185874
"41015",15.7,15.2263454071567
"41017",10.2,9.47149045296099
"41019",14.3,14.1815873998012
"41021",14.8,14.5905094549909
"41023",14.6,15.1685569595718
"41025",15,14.0621570254184
"41027",11.3,9.85905445119649
"41029",12.7,12.1000710107466
"41031",13.4,13.9123786612196
"41033",14.8,14.5255914825655
"41035",14.1,13.9975809907707
"41037",14.7,13.6362265155936
"41039",10.8,11.7497613406823
"41041",14.9,14.6290759592717
"41043",12,12.4038543887554
"41045",13.9,13.6617347424031
"41047",12.5,12.3152599668751
"41049",14.5,14.5771159087035
"41051",9.5,9.092371785521
"41053",10.9,11.4140448984486
"41055",14.2,14.1773971442996
"41057",13.5,13.1666158129717
"41059",12.5,12.7061105610471
"41061",12.2,12.6183884165253
"41063",12.6,11.7748601303641
"41065",13.3,12.9390284539648
"41067",9.9,8.85682563912353
"41069",16.5,15.564915820494
"41071",11.2,11.2176634510435
"42001",NA,11.490109608819
"42003",NA,9.93692813179934
"42005",NA,12.5078309746256
"42007",NA,11.5140110708765
"42009",NA,13.0591553318241
"42011",NA,12.0156076540191
"42013",NA,11.9403377104137
"42015",NA,12.5345513525118
"42017",NA,9.00853692835256
"42019",NA,9.22660011767964
"42021",NA,12.6377522639339
"42023",NA,15.2147235558697
"42025",NA,12.7899990564339
"42027",NA,9.04789000018033
"42029",NA,7.29030750659385
"42031",NA,12.0795020419198
"42033",NA,12.3607475236008
"42035",NA,12.3192440303758
"42037",NA,12.1821736384642
"42039",NA,12.7202138839166
"42041",NA,9.5293747545867
"42043",NA,11.7656307608046
"42045",NA,10.456041102485
"42047",NA,11.938022852484
"42049",NA,11.7244318308393
"42051",NA,13.450449792811
"42053",NA,12.7466598997902
"42055",NA,11.5627707192435
"42057",NA,12.6576601267433
"42059",NA,11.7491652845904
"42061",NA,12.2422959804763
"42063",NA,11.5956829318721
"42065",NA,13.1273457273369
"42067",NA,13.1652814054592
"42069",NA,11.7767030173563
"42071",NA,11.1262880114387
"42073",NA,12.514088562835
"42075",NA,12.2618423535714
"42077",NA,11.564821962823
"42079",NA,12.7976676614706
"42081",NA,11.8988448877295
"42083",NA,12.0955059702235
"42085",NA,12.4033400259582
"42087",NA,14.2209510032983
"42089",NA,12.4203806843663
"42091",NA,8.31346455088494
"42093",NA,10.2072971041227
"42095",NA,10.8569098959792
"42097",NA,12.3996161022239
"42099",NA,11.8537180435196
"42101",NA,14.3165982073918
"42103",NA,12.0741968431353
"42105",NA,13.3977039776285
"42107",NA,12.4102531570665
"42109",NA,11.7194819194112
"42111",NA,12.6433945600147
"42113",NA,13.6837681516176
"42115",NA,12.7836086712709
"42117",NA,12.404956286221
"42119",NA,10.9610983617261
"42121",NA,12.9059267364923
"42123",NA,12.6078345020916
"42125",NA,10.5884733180048
"42127",NA,12.8220236984703
"42129",NA,11.0359464432005
"42131",NA,12.1142673986988
"42133",NA,10.9679322172856
"44001",9.8,7.8531215891608
"44003",11.8,10.0084272572545
"44005",10.3,9.04829302914878
"44007",11.6,11.8258933256028
"44009",9,8.58922390714078
"45001",16.9,14.775707017575
"45003",13.9,13.0547147138846
"45005",21.6,19.2388307301893
"45007",13.3,12.6886765682883
"45009",19.5,18.2579000421615
"45011",19.4,18.0045233577328
"45013",12.7,12.0206526403562
"45015",12.9,11.6244439606005
"45017",17.3,15.8364507645656
"45019",11.4,10.0789698755722
"45021",15,14.2951172352571
"45023",16.9,16.2149880280244
"45025",18.1,16.1865871146508
"45027",19.6,17.0014402673005
"45029",17.3,16.3803470708938
"45031",17.6,15.9027888047625
"45033",20.3,18.5747741828769
"45035",12.8,11.9946887592293
"45037",16.2,14.3988175994612
"45039",20.5,17.399804830835
"45041",15.5,15.1321136578547
"45043",16.9,14.8932100127682
"45045",12.2,10.7367478633058
"45047",15.4,14.2109406329723
"45049",20.2,17.1418116656382
"45051",14.9,13.9286030701199
"45053",17,15.8168032248513
"45055",14.8,13.6270833455853
"45057",14.1,12.7399223586119
"45059",15.6,14.9782679214232
"45061",20.1,18.1529875074982
"45063",12.3,11.284137975988
"45065",20.6,17.885786445249
"45067",22,19.2034749768506
"45069",20.5,18.4675821177725
"45071",16.1,14.4105187271965
"45073",15.3,13.4269467960493
"45075",19,17.9753545929771
"45077",12.1,12.0183679269367
"45079",13,12.4853840411389
"45081",16.8,15.7798241405491
"45083",13.5,12.9100442740532
"45085",15.8,15.0456867267926
"45087",19.1,16.8092110286861
"45089",20.4,18.6608985690384
"45091",11.8,10.240223892676
"46003",12.2,11.8460521936632
"46005",13.4,12.5365869939115
"46007",18.7,19.0218428460369
"46009",12.8,11.6567455435598
"46011",8.5,8.19840096948083
"46013",11.2,10.4928655037493
"46015",13.2,11.4119924222822
"46017",17.5,20.3905467726767
"46019",12.5,12.2347460331076
"46021",13.8,11.947282144992
"46023",15.3,15.2476568369582
"46025",13.1,13.1932376600638
"46027",8.1,9.32551099519986
"46029",12.1,11.5201942098176
"46031",19.9,20.139561283885
"46033",13.9,12.9054739048324
"46035",12.2,11.9452052888372
"46037",14.7,14.0637254442312
"46039",11.9,11.2444022164276
"46041",18,18.6744505532477
"46043",13.6,13.5809043121977
"46045",12.4,10.7314647685456
"46047",16.4,16.0667104715018
"46049",14.4,14.9211929214456
"46051",12.8,12.0091400058496
"46053",14.1,13.4104464250554
"46055",13.5,14.1382776312229
"46057",10.1,9.96370841683328
"46059",11.9,11.3698252600678
"46061",12.1,10.4945203875665
"46063",11.2,9.71931905046524
"46065",10.8,10.1312439107626
"46067",12.1,11.6721027643207
"46069",13.6,13.1988728703533
"46071",18.6,20.395167508512
"46073",13.8,14.0342164704295
"46075",14.7,14.2313054991771
"46077",12.1,11.9778539776318
"46079",12,10.3735675173111
"46081",11.4,11.6520400061324
"46083",8.8,7.56373161596457
"46085",15.8,15.7893037925534
"46087",11,10.2198175335292
"46089",14.8,13.9381493292725
"46091",12.7,11.8833338098406
"46093",9.5,10.2258537490552
"46095",21.1,21.692176648928
"46097",13.3,13.4517879183899
"46099",10.6,9.40618843688242
"46101",12.1,11.8512668030007
"46102",21.1,23.7972439527639
"46103",12.1,11.2299359869455
"46105",14.3,13.1629422052957
"46107",13.1,12.7847793391358
"46109",16.3,15.9890556660544
"46111",12.6,12.1843703461066
"46115",12.9,11.8376213664488
"46117",11.1,9.9082313504568
"46119",12.5,11.8683934803769
"46121",20.7,21.7355716953348
"46123",15.3,14.8358374330815
"46125",11.8,11.0208910832994
"46127",10.6,9.37640356113043
"46129",13.4,12.8411526466522
"46135",11.8,10.946323007144
"46137",18.7,19.8653135466109
"47001",14.1,12.3185198422723
"47003",13.5,12.7510128230007
"47005",16.9,14.959166909941
"47007",17.3,15.4069669897646
"47009",13.4,11.4780900300225
"47011",13.4,11.9763277354695
"47013",15.7,14.0996623993905
"47015",14.5,12.8114510913133
"47017",15.2,13.6538147681548
"47019",15.9,13.7142258384483
"47021",12.4,10.5147408882271
"47023",13.9,13.131932470232
"47025",15,13.4905136053481
"47027",17.8,15.7739490022251
"47029",17.2,15.1419093845522
"47031",13.9,12.511241895595
"47033",15.5,14.3953566049873
"47035",17.3,14.9380404705505
"47037",11.2,10.4038348875276
"47039",17.8,15.1514833032964
"47041",15.9,13.5786070031185
"47043",12.7,11.4752224942478
"47045",14.9,13.598832406684
"47047",15.9,13.3535060080284
"47049",17.1,14.7671363306509
"47051",13.9,12.4667017004371
"47053",14.7,13.2766046850638
"47055",15.4,13.5384551913371
"47057",15.7,13.6004938365569
"47059",15.4,13.5585276440434
"47061",16.5,14.5887160822031
"47063",15.2,13.4639282896183
"47065",12.7,11.4252906800118
"47067",20.3,16.8341039915517
"47069",17.2,15.4541392494398
"47071",17.1,15.2202115705277
"47073",16,13.724170167626
"47075",20.7,17.8668635445122
"47077",15.4,13.9012845932509
"47079",16.9,14.6334112938806
"47081",14.1,12.9896830486024
"47083",14.7,13.5945286210512
"47085",15,13.3901390508191
"47087",17,14.8833331711359
"47089",13.6,12.3474077154858
"47091",17.5,14.9331114224722
"47093",12,9.93146588695454
"47095",19,16.2228416355829
"47097",17.2,15.3802702736938
"47099",14.9,13.2933699579124
"47101",14.9,14.1255921856055
"47103",14.8,12.9132478921147
"47105",15.1,12.9750325663823
"47107",15.4,13.1578358230564
"47109",16.2,14.3094273565769
"47111",14.6,13.1595007815727
"47113",16.2,14.5405890443732
"47115",16.2,13.7053045944737
"47117",13.6,12.0940708468926
"47119",12.6,11.4516344017162
"47121",15.9,14.2605461677203
"47123",15.9,14.1744728514513
"47125",10.8,10.5454500263775
"47127",14.7,11.9778185175391
"47129",14.8,13.3883162211771
"47131",16.2,14.2173781381101
"47133",15.7,13.7429993265446
"47135",16.4,14.9158957024694
"47137",19.1,15.9886204438514
"47139",15.1,13.7682780050004
"47141",12.4,11.6013902311323
"47143",15.7,13.3040726308774
"47145",14.7,12.7893274246115
"47147",12.7,11.6501779012102
"47149",10.9,10.0087229800243
"47151",16.6,14.6265603747444
"47153",16.7,14.4570749628006
"47155",14.4,12.9562187294005
"47157",15.9,14.0687368854345
"47159",13.5,12.1304724382408
"47161",14,13.0412600332389
"47163",15.2,12.3667575912848
"47165",12.2,10.4110177789091
"47167",14.2,12.6214407246139
"47169",11.7,11.1597178359005
"47171",16.5,13.2704311977029
"47173",14.6,12.8296811654709
"47175",16,14.2180427681729
"47177",15.5,13.4707134530642
"47179",12.8,11.4264760673992
"47181",15.4,13.7621398499232
"47183",13.9,13.2885789919176
"47185",15.6,13.740896864504
"47187",10,5.70885046883701
"47189",11.3,9.4512969869361
"48001",13.9,13.9476583108842
"48003",12.7,13.3771818899555
"48005",14.9,14.5567495997717
"48007",15.9,14.7870420323671
"48009",12.7,12.4300194452259
"48011",12.6,12.6344586157814
"48013",15.4,15.4667353994884
"48015",14.7,14.0335923389125
"48017",15.5,15.226484079584
"48019",15.7,15.1930532575365
"48021",13.4,13.8485565432438
"48023",14.9,15.3589319860391
"48025",13.9,13.8160840224325
"48027",12.6,12.852044983051
"48029",13.9,12.8290886152128
"48031",13.1,12.6148467385785
"48033",13.2,9.31516682432942
"48035",14.3,14.2909976801875
"48037",13.8,14.0202653144701
"48039",12,11.2095184319582
"48041",9.7,11.0321940527013
"48043",12.8,11.2048783787676
"48045",17.5,15.2267354866718
"48047",19.8,18.366591596567
"48049",14,14.1101456488198
"48051",14,14.2018537415449
"48053",13.5,12.5623046922374
"48055",14.6,14.9479646586769
"48057",14.7,13.3505803633136
"48059",13.2,12.7021287594075
"48061",18.3,16.3228223817191
"48063",16.1,16.2748046912259
"48065",11.7,11.7999440221768
"48067",15.7,15.0161432570411
"48069",15.5,14.7477774005216
"48071",10.8,12.1740912559922
"48073",14.7,15.0070391893796
"48075",12,13.0872129620935
"48077",13.2,12.7956283240843
"48079",18.6,18.1033262912243
"48081",15.9,14.648617231891
"48083",15.4,15.9094602435379
"48085",9.5,7.95500359118599
"48087",15.5,17.1897615606507
"48089",14.9,14.0216112100022
"48091",11.2,9.90256107144926
"48093",14.8,14.9208135389971
"48095",14.2,12.5769155815279
"48097",13,13.1343043859547
"48099",10.3,12.254723177386
"48101",18.8,16.3870315659302
"48103",15,15.4237452076805
"48105",16.5,15.3233881845793
"48107",17.1,16.3966279024359
"48109",19.3,18.2908092212373
"48111",14.7,13.4789712982501
"48113",12.5,12.9592831148206
"48115",15.3,14.4804296586735
"48117",16.4,15.2920056813003
"48119",13.7,14.0205724105299
"48121",9.9,8.61845145796956
"48123",16,15.3975077874464
"48125",16.7,14.7082050004919
"48127",23.4,21.3493878309972
"48129",14,14.1283798102489
"48131",18.8,17.427398231307
"48133",14.1,13.7889412469563
"48135",12.8,13.9689619656255
"48137",19.3,14.8350391731062
"48139",11.6,11.4618167695471
"48141",15.4,15.0596485327386
"48143",10.8,11.6438917572096
"48145",16.1,15.9004239403913
"48147",13.2,12.7853571390912
"48149",13.8,13.1113198981061
"48151",14.5,13.6451483674452
"48153",17,15.5798904753836
"48155",18.2,18.4715769007878
"48157",12,10.1913439642447
"48159",13,12.766748623921
"48161",14.7,14.500416509712
"48163",15.3,14.797721471249
"48165",11.8,13.1425658829167
"48167",12.3,11.537905443271
"48169",14.9,13.4913082595364
"48171",13.6,12.9937339818447
"48173",10.9,10.3424530960563
"48175",15.6,14.2105217738099
"48177",16,15.4889145169782
"48179",13.9,13.6858012782437
"48181",12.5,12.6359805359386
"48183",13.5,14.2656825647264
"48185",14.4,14.1443812970865
"48187",12.8,11.4754068272021
"48189",15.6,14.928939218199
"48191",17.5,16.623690928916
"48193",14.6,14.4171466324272
"48195",13.6,11.0288415254472
"48197",15.2,14.4417684437332
"48199",12.4,12.6666001504472
"48201",13.2,13.3393941911696
"48203",13.8,14.3438144145962
"48205",12,11.2876665207839
"48207",14.9,13.8368254929035
"48209",10.2,9.93702851199818
"48211",11.6,11.4689103574396
"48213",14.5,14.3583823266698
"48215",17.4,17.0451410588112
"48217",14.2,14.2532781588175
"48219",14.1,13.9365785277482
"48221",12.5,12.2616845145566
"48223",13.4,13.4388322917489
"48225",16.8,15.4280480295736
"48227",13.7,12.8293945894761
"48229",14.3,16.0983853212771
"48231",12.3,12.9463378058872
"48233",12.9,13.4029086143241
"48235",13.4,13.7946603466739
"48237",13.4,12.9531998029867
"48239",14.7,14.5950198117045
"48241",16.3,16.4823180659476
"48243",21.2,18.5813654664969
"48245",15.6,15.6574950879698
"48247",22.8,15.7350200401299
"48249",18,15.1546429182344
"48251",11.9,11.9193411954504
"48253",13,13.229885349414
"48255",14,14.6555844573813
"48257",11.2,11.9042259445447
"48259",11.1,9.14392608941156
"48261",18.5,21.4297212077099
"48263",12.9,13.2208308885634
"48265",14.7,14.1436907365606
"48267",16.6,15.5082254354058
"48269",16.8,11.9772694642806
"48271",15.8,14.6571514154833
"48273",14,15.5867475112523
"48275",15.6,14.4188792082617
"48277",14.3,14.6237758612982
"48279",16.6,15.0278933156052
"48281",14,13.0143815724936
"48283",15.5,17.840714121207
"48285",14.6,13.7692043090289
"48287",15.4,14.3171767879485
"48289",15.3,15.0745193437232
"48291",13.9,15.3276519358407
"48293",16.1,15.8821288978146
"48295",14.8,13.973631436436
"48297",16.2,14.9790436259777
"48299",15.7,14.8031306748126
"48301",NA,22.7335662551393
"48303",11.4,11.9642681543307
"48305",15.2,13.5349403434719
"48307",15.5,15.0407050026153
"48309",12.5,13.2027859266912
"48311",17.8,15.0227978363063
"48313",13.1,13.6735480430233
"48315",18.1,16.7294842386671
"48317",12.1,10.8753969448533
"48319",14.4,12.1270101950342
"48321",16.4,15.6072969173757
"48323",17.8,16.9569873860029
"48325",14.4,13.098651887849
"48327",17.6,16.8595102891849
"48329",10.8,11.1524351123643
"48331",14.9,14.7591139907609
"48333",14.1,13.3578752895551
"48335",13.3,13.0551823861947
"48337",13.4,13.7602252738515
"48339",11.4,10.194832018519
"48341",14.9,14.0865817340818
"48343",15.9,15.928291786934
"48345",14.7,14.5505928075185
"48347",13.2,14.2488476653051
"48349",15.3,15.1455673521537
"48351",18.6,17.6439553329153
"48353",16.5,15.585729386436
"48355",15.8,14.4519701566899
"48357",14.1,13.2582950853044
"48359",13.3,11.1066755479708
"48361",12.4,12.9705631273613
"48363",14.4,14.4868790959006
"48365",13.8,14.1893157893562
"48367",10.7,10.2884073400821
"48369",15,13.4007363362548
"48371",16.5,15.4030976803774
"48373",15.4,14.6538275576768
"48375",15.3,14.880874530091
"48377",22.2,20.086902805193
"48379",14.1,13.3820853644278
"48381",10.8,10.6694724873905
"48383",14.5,13.8139276644639
"48385",18.3,16.5764105360142
"48387",16.9,16.6050451602207
"48389",17.6,16.193529598492
"48391",17.6,16.7175891637916
"48393",11.6,10.6170939884593
"48395",15.4,15.0977748286626
"48397",9.4,8.26658801253622
"48399",14.7,13.9691216393821
"48401",13.9,13.7582056966183
"48403",16.6,15.4882984601904
"48405",20.9,19.0739110530716
"48407",16.4,15.7230274342642
"48409",15.4,14.1622373352197
"48411",14.2,14.4857126161123
"48413",14.8,14.980210298441
"48415",13.6,12.8709106955605
"48417",12.3,11.5699933771251
"48419",16.4,16.3486894034964
"48421",12.9,12.1146949246729
"48423",13.2,12.8460705864484
"48425",12.3,11.6303487241099
"48427",20,18.6049353458752
"48429",13.8,13.1872310587204
"48431",10.5,10.57387924731
"48433",15.8,14.283146703914
"48435",17.4,14.8410256026564
"48437",16.6,15.6735277964859
"48439",11.7,11.7529126639615
"48441",11.2,12.1176184660615
"48443",15,13.9703485198764
"48445",16.4,16.2653538792484
"48447",15.4,13.5937896985084
"48449",15.6,15.3550530492797
"48451",12.9,12.6133080622462
"48453",9,8.24892083068751
"48455",16.4,15.9781955687435
"48457",15.3,15.4623443928377
"48459",13.9,13.4407152376487
"48461",16.6,17.2618299021155
"48463",15.7,15.0337002016863
"48465",15.6,13.9623586836638
"48467",13.4,13.4193196100785
"48469",14.5,14.5518084121828
"48471",13.3,12.8880314639226
"48473",11.1,13.5252234661354
"48475",14.4,14.4172757098198
"48477",13.2,13.3870675086825
"48479",16.1,15.8166015076691
"48481",15,14.5352057717097
"48483",14.7,14.1571272018775
"48485",12.1,12.5180316610669
"48487",16.5,15.0653495009505
"48489",18.8,16.5504604712652
"48491",9.8,8.66540152387297
"48493",13.1,12.0548168547436
"48495",14.1,14.2147220993457
"48497",11.9,11.7838532037889
"48499",14.6,14.4046539686693
"48501",13.5,13.7225973639402
"48503",13.4,13.9285632999872
"48505",20.8,19.5295593413344
"48507",22.6,19.196974133592
"49001",9.8,10.7894943533824
"49003",9.3,9.63165442423139
"49005",7.8,8.4108152987049
"49007",12.8,12.9903885118692
"49009",13.5,11.8766646576711
"49011",8.2,7.58614096581523
"49013",11,11.8816265187594
"49015",11.2,11.9359121472142
"49017",11.6,11.3461132829848
"49019",11.2,11.8543699510371
"49021",9.4,10.3343302667485
"49023",9,9.93697948279902
"49025",11.8,11.4021542951578
"49027",11.8,11.3603221745286
"49029",8.1,6.71326729419718
"49031",15.2,13.5315408773172
"49033",11.6,11.8055685962195
"49035",8.5,9.08749417052452
"49037",15.4,15.7081618041086
"49039",10.4,11.4072849320092
"49041",10.5,10.9567253769118
"49043",8.7,5.97786220620707
"49045",8.9,8.84475983225465
"49047",10.5,11.6520767934037
"49049",6.9,7.06008539562564
"49051",8.4,7.00114598465496
"49053",10.7,11.3726733771955
"49055",13.1,11.8959136125063
"49057",9,9.57197488524864
"50001",8.2,9.33457200885339
"50003",10,10.4941672626353
"50005",10.1,11.1833146614598
"50007",6.6,7.32749743689329
"50009",12.5,13.5402844496757
"50011",9.6,10.3008137993165
"50013",9.7,9.21413707725222
"50015",8.3,8.69664312749987
"50017",9.7,10.4383743887632
"50019",10.7,11.3964435208429
"50021",10.3,11.1907412348574
"50023",8.9,8.70796985997428
"50025",9.8,10.5131341631295
"50027",9.5,10.0887531435501
"51001",18.2,15.644558905039
"51003",10.2,7.87990930140979
"51005",15.1,13.9767198094168
"51007",16.6,13.8332925741447
"51009",15.1,13.2459501808613
"51011",14.8,13.5850926705487
"51013",8,4.9259272348128
"51015",13.2,11.5804747321896
"51017",18.4,15.3379896515355
"51019",13.5,11.0524951740977
"51021",13.8,12.6945257222756
"51023",13,11.1469534188169
"51025",18.2,16.1306627009821
"51027",17.4,15.198597461884
"51029",16.6,14.6460672826972
"51031",14.2,12.3070749998764
"51033",14,12.8637876287251
"51035",15.9,14.3751023762593
"51036",19.4,16.5642152706797
"51037",18.6,15.8817054692772
"51041",12.4,10.037090995569
"51043",12.2,10.4408615427238
"51045",14.3,12.3481303012307
"51047",12.8,11.9233665783687
"51049",16.1,14.0576357235445
"51051",16.9,14.7506161468216
"51053",14.7,13.3572981869672
"51057",18,16.5230250818928
"51059",10.7,7.5732977935852
"51061",11.6,9.2551174212586
"51063",13.5,12.1926194894564
"51065",12.6,11.3793265073014
"51067",15.1,12.9025706922922
"51069",11.8,10.5332464526721
"51071",13.8,12.3903754893611
"51073",12.8,11.2181971470906
"51075",12.2,9.40507829532062
"51077",17.5,14.8763047137446
"51079",12.7,11.928743374119
"51081",17.1,14.2975055333449
"51083",19.3,16.497209394845
"51085",11.6,8.92102250460889
"51087",12.3,10.608081882341
"51089",18,15.4000669699175
"51091",15.2,13.5154229793766
"51093",13.8,11.4803190179114
"51095",12.5,10.1775455063889
"51097",17,15.3095712562995
"51099",11.6,9.5248516865819
"51101",12.2,11.2996604750586
"51103",18.1,15.9701134411818
"51105",17.3,15.6085307009117
"51107",9.5,6.21135834386976
"51109",14.1,12.1216009242121
"51111",18.9,16.2902650331713
"51113",13.7,11.8318424772025
"51115",15.2,13.3704456000172
"51117",18.6,15.9881990976483
"51119",16.5,14.0209450121775
"51121",9.6,9.64097943328215
"51125",15.6,13.4610291911213
"51127",11.9,9.80338164065795
"51131",18.5,15.5584074879021
"51133",16.8,15.5794669332843
"51135",16.7,15.1182913026985
"51137",12.9,11.724207606622
"51139",14.1,12.8902517027436
"51141",16.4,13.9659165334
"51143",17.5,14.9637731011737
"51145",12.1,9.44668562244923
"51147",13.5,14.0178290424119
"51149",11.5,11.1304179990305
"51153",11.4,9.55053528489133
"51155",14.1,12.8806178838454
"51157",14.7,11.9270025696578
"51159",15.1,13.3993088326113
"51161",12,10.2798672631986
"51163",14,11.9082831309931
"51165",12.3,11.3661940985869
"51167",15.7,14.0274158141441
"51169",16.4,14.3455424063493
"51171",14.1,12.8907186478202
"51173",15.4,13.4318575681487
"51175",15.9,13.7175601538218
"51177",12.6,10.4960490433404
"51179",10.7,8.77513443681998
"51181",17.3,14.5537126213234
"51183",16.2,14.6810356432633
"51185",15.9,14.1288025403201
"51187",12.7,11.5326564010709
"51191",13.8,12.0691412251631
"51193",18.3,15.7002240004264
"51195",15.1,13.3255300763096
"51197",14.3,13.1699301259948
"51199",11.1,8.44175833495403
"51510",9.9,7.49503699597294
"51520",14.8,13.8853566023035
"51530",12.9,13.1126514230229
"51540",10.4,9.17836481145813
"51550",12.8,10.8122232649051
"51570",12.3,12.1679251380597
"51580",16.6,15.7286055208117
"51590",19.9,17.8272659510858
"51595",20,16.8845099014011
"51600",11.1,8.10138061004148
"51610",8.9,4.01405127783676
"51620",18.1,15.1164340325795
"51630",10.2,10.2921868352842
"51640",16.3,15.2095509115768
"51650",15,14.0058278241231
"51660",10.2,12.071352086196
"51670",17.7,16.6433594146491
"51678",7.8,7.3478392195549
"51680",11,11.716005471991
"51683",12,11.0621727922754
"51685",13.8,12.3677270343389
"51690",18.6,15.9265824552105
"51700",13.5,13.427112772732
"51710",12.7,12.8170863205614
"51720",14.9,14.6528095682344
"51730",19.2,17.2575710289968
"51735",11,8.5859155865713
"51740",15.8,14.9837780267028
"51750",9.2,11.9695881760175
"51760",12.9,12.3746691658188
"51770",15.1,14.1545822436781
"51775",12,11.2062802234435
"51790",12.9,11.7838371207509
"51800",13.7,12.1686064542032
"51810",12.3,10.2293276300305
"51820",13.2,12.167455070715
"51830",9.4,10.1811205571057
"51840",14.2,12.8599588845527
"53001",13.3,15.2958727259434
"53003",12.6,13.037124353103
"53005",10.4,10.8012960681297
"53007",10.7,12.2286587768425
"53009",12.1,13.5608081051383
"53011",9.6,10.3072031728102
"53013",12.2,13.4583427289339
"53015",11.4,12.8857987256326
"53017",11,12.8552038045129
"53019",15.1,15.8856382126219
"53021",10.8,12.8611164852891
"53023",11.5,12.7688407997824
"53025",11.5,13.8922029214209
"53027",13.6,13.7934195471184
"53029",10.2,11.4134138529359
"53031",13.1,13.6828673788534
"53033",7.3,8.21662031626135
"53035",9.8,10.2100712179192
"53037",9.7,10.679776122686
"53039",11.7,12.4547361494168
"53041",12.1,13.035694398892
"53043",11.7,12.5659230461376
"53045",12.2,13.3877962354102
"53047",13.3,15.0834169221186
"53049",14.9,14.7543433101152
"53051",13.3,13.9282859083841
"53053",10.6,10.8891619153466
"53055",10.9,11.519815105559
"53057",10.8,12.3491158177455
"53059",11.2,11.665954150464
"53061",9.1,9.95474663730016
"53063",10.2,10.5698890093302
"53065",12.6,13.371257904599
"53067",10.3,10.5519958654795
"53069",14.7,15.0966347389516
"53071",10.6,11.7645004668411
"53073",8.8,10.6497232360505
"53075",7.4,9.51509458525324
"53077",12.9,14.2791120506431
"54001",16.9,14.6329228896957
"54003",13.5,11.1838720142541
"54005",17.3,13.8742894808425
"54007",19.1,15.2493722328478
"54009",15.5,12.7785995513426
"54011",14.9,12.0216783768544
"54013",21.1,17.7780252390143
"54015",18.8,14.9684903153181
"54017",16.4,13.0486900906818
"54019",17.9,14.1489683057438
"54021",15.5,11.5023865752491
"54023",16.6,13.146630934786
"54025",17.3,14.1183319190061
"54027",16.9,13.5991433797173
"54029",16.6,13.4662578645884
"54031",19,14.1953799032543
"54033",15.6,11.7517025943075
"54035",17.2,13.0045546332411
"54037",13.4,10.1841755541125
"54039",15.6,12.3164408109743
"54041",16.9,13.7617831272624
"54043",18.5,14.5599490075244
"54045",18.2,14.5036765003009
"54047",21.6,16.7506024432301
"54049",14.7,11.6830851274569
"54051",16.4,13.0447909434433
"54053",17,13.710582342022
"54055",17.2,13.7367975171207
"54057",15.2,12.5501213047417
"54059",20.4,16.2974550058019
"54061",10.8,8.87904266900012
"54063",17.9,14.1528345218498
"54065",16.8,13.1454978275939
"54067",16.8,13.5743551540621
"54069",15,11.8056135510654
"54071",18.2,14.3080219782802
"54073",14.9,11.4040010849487
"54075",19.2,14.8177003853697
"54077",15.3,12.551903247925
"54079",14.1,10.7233655861945
"54081",17.7,13.7536958926552
"54083",16,12.9408347795804
"54085",17.9,14.8589835981429
"54087",19.4,14.499398312531
"54089",19.4,15.1105939586461
"54091",15.9,12.8710462774559
"54093",16.9,13.0711806560829
"54095",17.6,14.0959270923204
"54097",16.5,13.6364731799832
"54099",16.9,13.2138494616525
"54101",19.5,15.1730064893835
"54103",16.7,13.7417302368308
"54105",18.1,13.6533837537386
"54107",16.6,12.3620210274254
"54109",18.7,15.0350805771294
"55001",16.7,14.6719546069243
"55003",13.9,13.1315895358719
"55005",13.2,12.2420896009948
"55007",13.9,12.4315626588733
"55009",10.5,10.2127308631833
"55011",12.8,11.8818045549061
"55013",15.5,14.3187272456346
"55015",10.3,9.00301850349143
"55017",11.7,10.7715253309361
"55019",12.5,13.2069530673336
"55021",11.3,10.5203695014515
"55023",13.8,13.1621489282089
"55025",8.2,7.56328452188077
"55027",11.3,10.9939819142529
"55029",13,11.8569535932865
"55031",11.7,10.9639029597332
"55033",9.9,10.1355272227433
"55035",9.4,9.84182339461203
"55037",14.3,12.7612642032983
"55039",11.5,11.2978946484127
"55041",16.7,14.9816476269208
"55043",11.5,11.2530249989951
"55045",11.3,10.3626708334392
"55047",13.7,12.7796113186128
"55049",11.3,10.3055315920165
"55051",14.8,13.8124179467634
"55053",13.4,12.7322392254331
"55055",10.7,10.273442362463
"55057",14.2,13.0722075085451
"55059",11.4,10.6676198337548
"55061",12.1,11.4935082711715
"55063",10.1,9.98399156037172
"55065",12.5,12.0684715509761
"55067",14.1,13.3805227990379
"55069",13.1,12.3163152811426
"55071",12.2,11.8713081348189
"55073",10.9,10.7875374414732
"55075",13.9,12.3690274228151
"55077",14.6,13.6082479349756
"55078",18.2,18.2211211769808
"55079",13.1,12.6758932801205
"55081",12.8,11.7808611486954
"55083",12.9,11.8270386487999
"55085",13.8,11.8879185650067
"55087",10.3,9.39234748847035
"55089",10.1,7.70103847853296
"55091",12.4,11.8026368200546
"55093",9.8,9.52979531849665
"55095",12.4,11.4515480260685
"55097",9.6,9.80180112181263
"55099",14.8,13.914768249645
"55101",12.5,11.5741654083999
"55103",13.6,13.3710510230102
"55105",12.3,11.177598400988
"55107",14.9,13.4850116865327
"55109",9.6,8.09111633417192
"55111",12.3,10.9982867931603
"55113",15.2,14.052451170506
"55115",12.9,12.8876532238667
"55117",11.5,10.7973218004357
"55119",12.8,12.1245425261905
"55121",12.3,11.7046023752634
"55123",12.9,12.4616923146295
"55125",13.8,13.239799114447
"55127",11.2,10.47705382499
"55129",14.4,13.0965415758611
"55131",10.5,9.14202345800755
"55133",10.5,8.01980976670096
"55135",13.1,11.8521501537583
"55137",14.4,13.4250896505696
"55139",11.2,10.1854197642881
"55141",12.6,11.9235794678179
"56001",7.5,8.23001508353428
"56003",12.6,13.0180602319418
"56005",9.9,10.4940704314946
"56007",12.9,12.2323495072727
"56009",11.5,11.4220227456683
"56011",11.5,11.158986164334
"56013",12.4,13.384418407467
"56015",12.3,12.5008956386297
"56017",14.5,13.3144634539765
"56019",13.1,12.1131704115824
"56021",10.5,10.5232395490456
"56023",11.4,10.9939268857919
"56025",11.1,10.6310868922946
"56027",13,15.6585926343439
"56029",11.7,11.3168822756032
"56031",13.5,14.2268394197893
"56033",10.9,10.8213674746748
"56035",11.2,10.8728436428912
"56037",11.1,11.9063689272171
"56039",8.4,6.9302086739072
"56041",11,11.0114546241496
"56043",13.7,12.9943416756202
"56045",12.6,12.8266406847507
