"county_fips","per_highChol","pred_outcome"
"01001",35.9,35.8007313059472
"01003",38.9,37.6540569076579
"01005",39.4,39.5043189891415
"01007",38.6,37.916169154827
"01009",40,38.8283802768394
"01011",37.9,38.3872391611645
"01013",39.8,40.8827777430827
"01015",37.4,38.2731339917871
"01017",39.5,39.9352314360121
"01019",40.9,40.9277590225956
"01021",38.3,38.8200222414477
"01023",41.7,41.5508159125636
"01025",38.8,40.2796220104416
"01027",40.6,40.2862368276825
"01029",40.1,39.276374106834
"01031",34.7,37.5546611844983
"01033",38.7,38.8644138736034
"01035",40.5,41.1017451448711
"01037",41.3,40.9663654392413
"01039",38.8,40.2391105090414
"01041",39.7,39.39569425814
"01043",39.2,38.6709118514176
"01045",38.4,37.9789604313279
"01047",38.3,39.7770719652448
"01049",40,39.2409255260732
"01051",35.2,36.6192147696215
"01053",37.1,39.3938439728896
"01055",39.1,39.0272079446445
"01057",41.1,40.4845208185394
"01059",38.5,38.567958488762
"01061",41.3,40.3433866046172
"01063",41.1,42.0569860109334
"01065",38.9,39.7369519344422
"01067",40.5,40.3045326979109
"01069",36.7,38.1508087321036
"01071",40.7,39.85956389247
"01073",35.4,35.6296323674874
"01075",40.1,40.7309222278576
"01077",38.7,38.2931274611554
"01079",39.2,39.0490054065107
"01081",32.4,33.6339259946255
"01083",36.9,35.6591608802044
"01085",38.3,39.9216413774208
"01087",36.1,39.8342904146418
"01089",35.1,33.7604456282014
"01091",39.7,39.1875933283142
"01093",40.5,40.3953343671439
"01095",37.9,37.6935111956955
"01097",37.8,37.2890596841206
"01099",40.5,40.4411706191008
"01101",34.9,35.9245506129431
"01103",39.6,37.5071807113419
"01105",40.1,40.7308727304612
"01107",38.4,39.8629852298157
"01109",33.6,36.6249207133968
"01111",39.1,39.6333317758931
"01113",36.6,37.8169053013556
"01115",38.4,37.7198776879829
"01117",35.5,33.8964075111144
"01119",37.3,39.6225898998621
"01121",39.5,38.8611130864521
"01123",41.4,40.1878612804454
"01125",34.3,34.9535725705449
"01127",39.7,39.5725574972389
"01129",40.6,39.6543572059278
"01131",39.6,41.1809281632403
"01133",40.5,40.5119166556886
"04001",33.6,39.8589424875009
"04003",36.9,38.4781018719676
"04005",27.3,34.1847389662538
"04007",34.5,42.3447263211235
"04009",32.8,36.3082232962089
"04011",29.7,35.2506410618309
"04012",41,47.3250934143238
"04013",33.3,35.0048591389167
"04015",37.2,42.9037556402162
"04017",34.8,39.2436825724246
"04019",34.1,36.7716866433406
"04021",36.9,37.9347271259246
"04023",35.3,38.3208676261886
"04025",39.2,42.3204933431688
"04027",35,38.6535362252186
"05001",36.6,38.8894136115814
"05003",37.3,40.5762506543675
"05005",43.6,42.8550051145394
"05007",33.3,34.0807720145222
"05009",40.5,39.1941366607433
"05011",39.5,39.4558932078313
"05013",37,40.0256223239812
"05015",39.2,39.9870079395918
"05017",39,39.6669414332544
"05019",32.4,37.235536644914
"05021",39.1,40.3095465465547
"05023",42.2,41.5689279413037
"05025",39.8,39.8908270613695
"05027",34.9,38.0549669396319
"05029",40.6,38.669438367471
"05031",35.4,35.4541607543929
"05033",40.2,37.677719193067
"05035",36.6,37.1592013311498
"05037",38.6,38.7507079055425
"05039",39.5,40.6844778295571
"05041",37.9,39.4738097910665
"05043",37.2,37.2300943446363
"05045",32.9,34.765992004842
"05047",40,39.7214307803914
"05049",44.9,41.7035949210781
"05051",39.9,39.7136769554576
"05053",38.1,37.8317840886571
"05055",37.3,37.6067351038169
"05057",37.7,39.1399896637171
"05059",39.1,38.2387620085277
"05061",37.7,39.4194846626049
"05063",38.6,38.2892569137425
"05065",41.5,40.3842174347148
"05067",38.4,38.7906267159983
"05069",37.8,37.3312942072642
"05071",38.2,38.1531554195404
"05073",42.1,41.4999538216079
"05075",37.8,39.0375489908465
"05077",39.2,38.8400071559117
"05079",35.3,35.683099588098
"05081",39.2,39.3413638639872
"05083",39.3,39.2207477915669
"05085",35.7,36.1478825602156
"05087",39.9,39.7037721363102
"05089",43.4,42.7132312553028
"05091",37.3,37.9785136529746
"05093",37.6,37.4400396148917
"05095",42.1,41.1628871470963
"05097",43,42.0498089161663
"05099",39.6,40.2247889494824
"05101",41.4,41.3443137177185
"05103",37.1,39.459605961413
"05105",39,38.9731784308397
"05107",40,39.8901821555168
"05109",39.5,39.7023353921522
"05111",39.6,39.4317950414926
"05113",40.7,40.4335527912656
"05115",37.5,36.7825799379706
"05117",40.1,40.392390743204
"05119",34,35.4044363750616
"05121",39.2,38.954621701437
"05123",37.5,37.6039208381542
"05125",36.9,36.6010783197746
"05127",40.1,39.5421552953392
"05129",42.7,41.4525162934546
"05131",36.5,36.9553207170766
"05133",36.5,38.2914484073491
"05135",42.4,41.5506809883045
"05137",42.3,42.5306375495188
"05139",37.6,38.1974379457779
"05141",43.3,42.144067233696
"05143",32.3,34.0577087297262
"05145",39.9,37.5431214124854
"05147",41.3,40.8210350610231
"05149",38.2,38.2729653727825
"06001",33.4,32.1919854850662
"06003",36.3,36.9841994973594
"06005",38.2,39.6471177588132
"06007",33.8,36.3117775247263
"06009",39.4,41.5054146643679
"06011",35.1,36.9117601341918
"06013",30.9,33.6626670103222
"06015",36.8,37.2634960710715
"06017",37.3,36.5892358671971
"06019",33,34.9751675211941
"06021",34.9,37.7629233278609
"06023",36.3,36.6311521162574
"06025",34.1,35.8503488072573
"06027",36.8,38.3913452301211
"06029",33.4,34.9343552381029
"06031",32.2,34.1032299949865
"06033",37.5,39.4976499987237
"06035",33.4,35.0800587543825
"06037",35.6,34.41234665758
"06039",34.5,36.7436298257491
"06041",34.9,34.3081803354065
"06043",40,41.2048627199072
"06045",38.1,39.4117462121511
"06047",33.5,35.5860267641964
"06049",40.2,42.1464970873146
"06051",34.3,35.1052992869416
"06053",34.5,35.1360701819321
"06055",36,35.8724570623105
"06057",39,39.1376740382925
"06059",35,33.6465828138659
"06061",34.8,35.1404103136341
"06063",39.6,41.2912930162114
"06065",33.8,35.5506433655512
"06067",31.5,34.4781980853252
"06069",31.9,34.983234520351
"06071",33.1,34.7904292801169
"06073",32.8,33.4778944239793
"06075",32.9,31.6326881821997
"06077",34.6,35.2254490201323
"06079",33.4,36.1943965489851
"06081",34.4,32.6927451478431
"06083",32.5,34.8840345439018
"06085",33.3,31.201511874539
"06087",34.1,34.4661328493053
"06089",34.9,38.2755492203631
"06091",40.4,43.0974044478157
"06093",39.3,40.6599848378663
"06095",33.1,35.3842979866201
"06097",33.6,36.1443362412666
"06099",33.6,35.5949215913525
"06101",36.6,36.1964162632586
"06103",37.2,38.5618739974903
"06105",40.8,42.1159238997828
"06107",34.1,35.5155314633012
"06109",37.2,40.0040762399259
"06111",34.8,34.9406510027658
"06113",31.5,32.9497978854403
"06115",32.4,35.6096439543669
"08001",26.4,33.8173989679297
"08003",31.1,35.5535896765236
"08005",31.1,32.8791117718652
"08007",37.6,38.9933704941246
"08009",36.7,40.0256214246994
"08011",34.1,36.0574246119259
"08013",29.2,31.1051403244302
"08014",28.3,31.2935720597585
"08015",35.6,37.8022721070903
"08017",34.7,38.3835991423899
"08019",33.1,35.256515080867
"08021",35.3,38.7281134337903
"08023",37.9,41.5157393148792
"08025",31,34.2342802772959
"08027",38.7,41.0406376959991
"08029",38.6,40.839856585458
"08031",28.9,31.2803069615122
"08033",34.5,42.8975010662158
"08035",30.8,30.3245211444248
"08037",29.7,31.6600469625727
"08039",32.7,35.5645690719246
"08041",30.9,33.0236522480826
"08043",32.4,37.1520620161805
"08045",31.1,34.8394077836404
"08047",33.2,34.1441726058803
"08049",32.6,36.3711060249417
"08051",27.7,31.0993007707321
"08053",37.4,42.2508120076744
"08055",38.6,42.123502221014
"08057",36.3,42.2269719341119
"08059",32,33.2569963362142
"08061",36.4,40.4459499231948
"08063",33.7,38.9424328927636
"08065",29.4,34.0856597118127
"08067",31.7,35.1585929460912
"08069",28.7,33.1056339429273
"08071",37.2,40.3285514232652
"08073",32.1,35.4610202654527
"08075",31.5,36.64797640362
"08077",32,37.1540592400389
"08079",36.2,38.012066503092
"08081",33.4,36.4938529220537
"08083",35.6,39.0629756859081
"08085",34.8,39.7675187056824
"08087",31.3,36.9046015327417
"08089",34.5,38.9980529555275
"08091",37,41.5925562871488
"08093",35.5,37.1193854296876
"08095",36.6,37.767813433978
"08097",30.9,32.7888311775408
"08099",33.7,37.9403740705248
"08101",34,37.2125827883006
"08103",33,36.504931546864
"08105",34.7,37.8010358970211
"08107",33.2,33.3445161814298
"08109",37,40.699623944659
"08111",34.5,38.2396496933204
"08113",31.6,32.186351094163
"08115",37.5,39.9707281433773
"08117",29,31.8992731869723
"08119",35.2,37.605380213639
"08121",33.1,37.8385465525708
"08123",30.1,33.9930345822479
"08125",33.6,37.938178649506
"10001",35.5,36.8044632016406
"10003",35.3,34.5471166874177
"10005",41.4,40.5273619540588
"11001",29.1,30.6721683984152
"12001",NA,33.8212825043468
"12003",NA,36.870127845018
"12005",NA,37.1920022149169
"12007",NA,37.9028252547295
"12009",NA,38.2840014150544
"12011",NA,36.0643856727593
"12013",NA,38.9899281724535
"12015",NA,45.1583704409036
"12017",NA,44.7751433242087
"12019",NA,36.0065524579916
"12021",NA,41.0472751419322
"12023",NA,39.1202370757673
"12027",NA,40.3738962003402
"12029",NA,41.0084228238014
"12031",NA,35.3481223154265
"12033",NA,36.7079494360822
"12035",NA,41.6532516302367
"12037",NA,40.4447369948784
"12039",NA,39.6712841999389
"12041",NA,39.5144641304616
"12043",NA,42.1589868949746
"12045",NA,38.3086395687292
"12047",NA,38.9370998924623
"12049",NA,37.8682069485279
"12051",NA,37.5001190217803
"12053",NA,41.2665948486139
"12055",NA,44.7690087023731
"12057",NA,34.7691907243916
"12059",NA,39.9018032505591
"12061",NA,42.1786600182325
"12063",NA,39.1897774384098
"12065",NA,40.4420506836931
"12067",NA,38.580386125498
"12069",NA,40.3263666211256
"12071",NA,40.6979100156465
"12073",NA,33.6008479960426
"12075",NA,41.9575896831112
"12077",NA,36.2513737378397
"12079",NA,40.5224429175377
"12081",NA,40.1799168407034
"12083",NA,42.0390175783507
"12085",NA,40.876295361038
"12086",NA,36.276583421962
"12087",NA,37.8031038553062
"12089",NA,38.1477365976345
"12091",NA,35.3186776452965
"12093",NA,38.7224831713253
"12095",NA,33.8679372783806
"12097",NA,35.2499483517863
"12099",NA,38.2348156344901
"12101",NA,38.5153703647052
"12103",NA,38.8997114699307
"12105",NA,38.5286001951214
"12107",NA,41.599079939484
"12109",NA,35.3669288520704
"12111",NA,39.6072325402081
"12113",NA,35.6033784111507
"12115",NA,42.7897495555584
"12117",NA,34.4951605740147
"12119",NA,50.3783775799753
"12121",NA,39.6190269099278
"12123",NA,38.1936371125801
"12125",NA,36.0056974510388
"12127",NA,39.5967017545753
"12129",NA,35.6184090075021
"12131",NA,37.416785997114
"12133",NA,38.8241559359505
"13001",39.6,39.5939583490076
"13003",38.4,39.3307326628941
"13005",40.1,39.4423497556815
"13007",42.6,42.3645045522076
"13009",35.8,37.1539114979513
"13011",39.5,38.3697634164443
"13013",36.1,36.1796907193488
"13015",35.1,36.5310375132216
"13017",39,40.2270669749437
"13019",39.6,40.0217051206922
"13021",36.1,37.4897353142189
"13023",37.7,38.0105242918477
"13025",40.4,39.5633562255384
"13027",40.6,40.746903972333
"13029",34,33.3382900124839
"13031",32.8,35.2404823918745
"13033",37.6,38.3697367174251
"13035",37,37.5822584774016
"13037",37,37.0278903317068
"13039",34.4,35.6806925483426
"13043",39.9,40.4431806585002
"13045",35.8,36.6810020470293
"13047",38.6,37.4932114164109
"13049",36.7,37.4431682897545
"13051",36.7,35.7671766344835
"13053",24.4,27.7552645167816
"13055",40.1,39.2668009416082
"13057",38.1,34.3714900838322
"13059",31.9,33.1312498902565
"13061",42.4,42.2135104059096
"13063",34,35.9250531233705
"13065",40.2,39.4640569418347
"13067",33.1,32.7023354560269
"13069",37.9,38.1956440299534
"13071",36.4,38.9837667137358
"13073",35.7,34.3285549225674
"13075",39.3,39.1403557543641
"13077",36.7,34.8553460471484
"13079",41.8,39.6348694631431
"13081",39.7,39.8133894536621
"13083",39.7,39.0521980749177
"13085",38.8,37.1034052478502
"13087",37.4,39.123295462958
"13089",35.1,33.540894053663
"13091",39.7,39.1850868221829
"13093",40,39.6773353125899
"13095",36.4,38.267940752526
"13097",35.2,34.8619848153726
"13099",39.9,40.4153960835958
"13101",36.8,39.379503594514
"13103",33.5,35.074333851519
"13105",40.4,40.4907597688429
"13107",38.1,38.9226035506344
"13109",38.7,38.7070604855316
"13111",43.3,42.9991937395443
"13113",39.6,34.8746203449356
"13115",38.1,37.6839759320055
"13117",35.3,31.0269196641725
"13119",39.4,39.6134500924422
"13121",30,31.5224418751817
"13123",43.3,41.3746755625963
"13125",39.4,39.6481163372063
"13127",37.1,38.970193649684
"13129",37.4,37.8575794073837
"13131",39.8,40.0724254463531
"13133",43,41.8291715429653
"13135",32.2,33.2291961289747
"13137",37.9,38.8555932822462
"13139",37.9,36.7986441761302
"13141",40.4,41.3013583596918
"13143",37.6,37.8474484176555
"13145",38.1,36.5179444398823
"13147",41.1,39.999454516183
"13149",39.3,39.3524036473503
"13151",34.6,34.8584007733336
"13153",36.7,34.6370011848507
"13155",39.3,39.2868173617303
"13157",35.1,35.954966300083
"13159",39.8,38.5291912239778
"13161",38.7,39.3157280679967
"13163",38.7,40.3607981303141
"13165",37.5,41.541089618686
"13167",39.8,38.1335681503743
"13169",36.7,38.2985670425764
"13171",36.8,38.2931437436078
"13173",37.9,38.3049636974613
"13175",39.1,39.3280354066154
"13177",34.9,34.1087225826356
"13179",29.2,34.3830091220808
"13181",42.1,41.8819825971758
"13183",34.1,35.7358917203875
"13185",33.4,36.0533591647445
"13187",37.6,37.1707327415224
"13189",38,38.5966023269893
"13191",42.9,43.026014108979
"13193",39.4,39.7146917887805
"13195",38.8,39.4103556217567
"13197",42.1,41.1789878277453
"13199",39.8,41.0155056023396
"13201",40.8,41.1052960596042
"13205",38.8,39.617009351379
"13207",38.3,37.5897090577887
"13209",38.8,38.4231688352097
"13211",37.2,37.6622970799966
"13213",38.7,38.2953270941528
"13215",34.7,35.7506386050248
"13217",35.5,36.5410770706242
"13219",36.5,32.8778637739855
"13221",39.6,38.3919368873494
"13223",34.5,34.4795582980163
"13225",37.4,37.3381950663147
"13227",39.9,39.3161012838536
"13229",40.5,38.5234058011807
"13231",36.3,37.8148540365157
"13233",37.7,38.1734965137062
"13235",39.8,41.7618327733103
"13237",42.6,40.5735292523365
"13239",44.3,45.7272019082314
"13241",42.6,41.6204892532544
"13243",43,40.7427404745934
"13245",34.1,36.5282279716076
"13247",35.5,36.5155813735284
"13249",39.1,37.2094916412002
"13251",39.8,39.8895845636468
"13253",41.9,41.7924015039971
"13255",37.4,38.944901376221
"13257",40.5,40.4284218906415
"13259",33.9,34.5915217262115
"13261",37,38.2296570825391
"13263",42.8,42.4373874399781
"13265",42.8,44.3019176088847
"13267",37.7,36.3906560643645
"13269",41.9,40.7580577719149
"13271",39,37.7390220449368
"13273",40.6,40.4784465554859
"13275",37.8,38.394001722853
"13277",38.4,38.092653651156
"13279",38.6,39.2722747778526
"13281",44.9,44.2773391966703
"13283",39.3,39.6974505905419
"13285",37.4,37.4773137116229
"13287",40.4,40.0310361987428
"13289",41.2,41.651767230861
"13291",43.9,43.6255998656179
"13293",40.3,39.2411184508418
"13295",38.3,38.4971233564882
"13297",37.7,36.9811839368463
"13299",40.6,38.8746532134173
"13301",41.2,41.8612381248014
"13303",38.9,38.5975225887482
"13305",39.5,38.9545843334789
"13307",41.8,40.9674728409975
"13309",36.2,36.6641988102727
"13311",40.5,39.9441895214842
"13313",38.5,37.1653797168392
"13315",39.8,38.3058215931094
"13317",41.4,41.2254103610829
"13319",40.6,40.8081906897593
"13321",40.1,41.0210226176928
"16001",30.3,33.477417078876
"16003",38.2,42.3714099149603
"16005",32.6,34.9959559099321
"16007",34.3,38.8460556081392
"16009",36,40.185952081916
"16011",30.8,36.4451316930275
"16013",31.7,35.5027657436763
"16015",36.7,41.0251857747634
"16017",35.1,39.9563861148731
"16019",32.8,34.2922734768629
"16021",36.3,40.568021221687
"16023",37.3,40.1605773638721
"16025",37.5,35.9036411075647
"16027",35.2,36.1424458268968
"16029",31.8,37.3278868158953
"16031",31.4,36.170041707081
"16033",33.5,39.2581220288058
"16035",36.1,41.0491951761998
"16037",37.8,42.880630935016
"16039",32.4,35.6049094910169
"16041",32.1,36.5955304801428
"16043",32.9,37.7146743341388
"16045",34.6,39.0725446568149
"16047",32.4,38.9587990086761
"16049",36.4,41.7528270930155
"16051",31.4,34.4868038425944
"16053",33.6,36.8643592589525
"16055",34.6,37.3089851329532
"16057",28.2,33.2044131251102
"16059",37.4,41.3915314823719
"16061",36.3,42.2020995657622
"16063",32.5,37.9290828017318
"16065",21.8,32.0304244755694
"16067",34,37.8643701048796
"16069",33,37.857181047172
"16071",34.3,38.1673091998065
"16073",33.9,39.5721717257247
"16075",36.8,38.0709909588124
"16077",33.9,37.7266217403417
"16079",35,41.1287279453014
"16081",29.9,33.6768245822107
"16083",30.8,36.6399963582558
"16085",36.5,39.3658640507142
"16087",36.9,41.3683771903608
"17001",34.6,37.3090323693471
"17003",38.1,41.5942009711882
"17005",34.1,36.7523516348623
"17007",33.6,35.921846198254
"17009",32.3,34.0980262819103
"17011",36.2,39.0458957629172
"17013",36.9,39.3666314127087
"17015",36.7,39.3005953225875
"17017",34.8,37.2766411977515
"17019",28.9,32.7161829229645
"17021",36,37.5983604760826
"17023",35.2,37.4076917553432
"17025",36.4,39.1487220237345
"17027",34.7,36.2916417222706
"17029",33.3,36.8949889146783
"17031",30.4,34.1973208623676
"17033",35,37.4503970406612
"17035",35.3,38.6063621810442
"17037",30.2,33.9827485253102
"17039",35.6,37.5118935548026
"17041",34.2,38.8380550306594
"17043",31.2,32.8730716323514
"17045",37.3,39.4903813550916
"17047",37,40.0985337390639
"17049",34.4,36.6813012051719
"17051",35.3,38.2858560229671
"17053",34.1,37.666099357757
"17055",36.8,38.8150063991718
"17057",35.5,38.1816381273576
"17059",37.1,40.9898106909101
"17061",35.9,38.7623052711337
"17063",32.8,34.7031683769364
"17065",36.1,39.6117368134543
"17067",36.7,38.9880823168295
"17069",38.4,43.3277522944127
"17071",37.7,40.2548685885937
"17073",34.9,37.794678323945
"17075",36,39.3281897839014
"17077",32,35.4430005534323
"17079",35.7,37.9349132331798
"17081",35.2,38.1440018838833
"17083",35.1,37.95884721205
"17085",39,40.4426051306745
"17087",35,37.4002076512811
"17089",34.2,34.0073212789216
"17091",34.5,36.9600731676502
"17093",30.8,32.3358075090919
"17095",36,38.4493585411443
"17097",32,32.8648893762634
"17099",34.6,37.5168765559377
"17101",34.7,37.076627731725
"17103",34.9,37.6427507243699
"17105",35.8,37.7333162116099
"17107",33.9,37.6483726996144
"17109",32.4,36.795818369535
"17111",32.2,34.1998439202122
"17113",30.4,32.9252943679506
"17115",34.4,37.8571913071926
"17117",35.5,38.5116608999397
"17119",35.2,36.0709891020381
"17121",36,38.686968595998
"17123",36.3,39.943026684994
"17125",37.3,39.8573510349383
"17127",37.7,39.4980947524779
"17129",34.7,37.4448029709431
"17131",36.7,38.8724692811972
"17133",33.7,34.9313051486846
"17135",35.9,37.9613962617813
"17137",35.5,37.9347398258153
"17139",35.3,38.6514481228088
"17141",35,37.299042403496
"17143",32.7,35.8742525827741
"17145",35.6,37.928488775859
"17147",34.5,37.0681201953323
"17149",35.6,39.1253340110901
"17151",40.3,40.5368187507646
"17153",37,40.5703112889288
"17155",36.9,38.8953890482709
"17157",35.5,37.9871315781763
"17159",35.8,38.3306662432415
"17161",33.6,37.4734173569604
"17163",32.3,35.6181416706706
"17165",36.1,38.6135726424241
"17167",33.3,35.8275657045469
"17169",37.3,39.6129896299539
"17171",35.8,38.493705937533
"17173",36.3,39.5319438528041
"17175",36.9,39.6197570553593
"17177",36.2,39.6451152423637
"17179",34.3,36.7160754048056
"17181",37,39.2805019431262
"17183",35.9,38.415549037944
"17185",36,39.1593502745639
"17187",33.9,37.9340461205208
"17189",35.8,37.7736152228249
"17191",36.4,40.0062452721141
"17193",37.4,40.3253595089515
"17195",37,38.3587031687241
"17197",32.8,33.5027998204098
"17199",35,36.8895538343987
"17201",32.8,36.9221599342091
"17203",34.2,35.6770378829304
"18001",35.5,38.4748408516259
"18003",33.6,35.2054847018507
"18005",33.9,34.9429183767484
"18007",36.8,37.7756756046903
"18009",38.4,39.7108301749851
"18011",33.4,32.3810059408074
"18013",38.3,39.8164048300196
"18015",36.8,39.0681229009505
"18017",37.5,38.1665295344457
"18019",33.8,36.1695386753757
"18021",36.3,37.8457650157747
"18023",35.7,37.3327821093904
"18025",39.9,39.5000915998851
"18027",36.6,38.8769122636494
"18029",35.6,36.846218525562
"18031",35.6,36.9073244949656
"18033",34.1,36.9925095119927
"18035",35.4,36.9984985002451
"18037",36.3,36.6568002655473
"18039",33.5,37.0760478703672
"18041",39.5,39.0955473559516
"18043",34.5,35.5346986681932
"18045",37.7,39.1276555415588
"18047",35.7,38.0547520060211
"18049",36.7,38.9711985203727
"18051",36.1,37.1458297349352
"18053",35.4,38.4612940977158
"18055",37.4,38.8072155092671
"18057",32.3,30.5766277929812
"18059",35.2,35.3519456626502
"18061",35.8,37.5563360421072
"18063",33.8,33.4697832251805
"18065",34.7,37.5918897758498
"18067",36.2,38.0210849500068
"18069",37.3,37.1594250058166
"18071",36.4,37.2114958409976
"18073",35.7,37.4432458629532
"18075",37,38.6292070154155
"18077",35.8,38.3622821714782
"18079",35.9,37.9332639608383
"18081",34.7,34.7527692134454
"18083",35.9,37.5664354325657
"18085",33.3,37.0665948686938
"18087",34.4,40.7806355240848
"18089",35.2,36.5776557505772
"18091",37.3,37.0927557831053
"18093",36.9,38.5313400828405
"18095",37.8,37.5547361097986
"18097",32.9,34.3799487847866
"18099",35.8,38.1448725851096
"18101",38.2,38.9204220433776
"18103",37.2,37.3180698473371
"18105",29.6,32.8187119463696
"18107",36.9,37.4687787093148
"18109",34.9,36.9453736486228
"18111",36.9,38.870417576651
"18113",37.1,37.5372257999633
"18115",38,40.0375594523686
"18117",37.6,39.3265206911
"18119",38.3,39.4705584343788
"18121",37.3,40.3013568571149
"18123",35.9,37.2196730032663
"18125",37.6,39.3744316950432
"18127",33.9,35.7311880374783
"18129",35.4,37.2771824846061
"18131",39.1,39.5222416730465
"18133",36.3,36.5276566633806
"18135",37.3,39.0661053404495
"18137",37.4,38.1088340036261
"18139",36.3,38.3381466696488
"18141",32.3,35.5304883408555
"18143",36.1,38.0814955833239
"18145",36.8,37.434289598071
"18147",37.2,38.116884796271
"18149",36.8,38.7658776093391
"18151",35.5,37.836093863135
"18153",36.7,38.0116639585316
"18155",38,39.5001374657023
"18157",29.5,32.6976181232103
"18159",37,38.5408831323911
"18161",36.8,38.7584560730764
"18163",35.6,36.5691214917672
"18165",38.8,38.2632469897408
"18167",36.4,36.4209388278874
"18169",36.4,38.6867802705687
"18171",38.1,38.7403397476337
"18173",35.1,35.4867939689581
"18175",36,38.599101503879
"18177",38,38.5206834863669
"18179",35.3,37.5469036793718
"18181",36.7,38.6618035232955
"18183",35.1,37.4297469009142
"19001",36.5,39.1753184639705
"19003",38,39.3313059839305
"19005",38.5,39.4656083936876
"19007",38.2,39.9557199333845
"19009",38.1,40.022406458899
"19011",35.7,37.1461236931677
"19013",34.1,35.7423831778937
"19015",35.4,36.6922303465634
"19017",32.6,36.015703260571
"19019",35.5,37.4418077042047
"19021",38.7,36.2108855069862
"19023",37.3,39.5308162929949
"19025",36.3,38.8250568303264
"19027",36.1,37.8529036744165
"19029",36.6,39.2347302004781
"19031",36.3,38.0815946864978
"19033",37.6,38.0864220603757
"19035",37.2,39.5080100901678
"19037",37.2,38.9457572847531
"19039",36.1,38.3613032294922
"19041",36.8,38.0121568581636
"19043",39.2,40.4027524334621
"19045",35.8,37.7854426908271
"19047",36.4,38.2528800876417
"19049",31.4,31.4445647232897
"19051",37.6,39.8854641005074
"19053",35.6,38.403231734818
"19055",36.7,38.1065773693565
"19057",35.3,37.8233835727866
"19059",37.3,38.8875182297182
"19061",34.3,35.8342572293396
"19063",37.1,39.7602962519447
"19065",37,39.1230292599277
"19067",34.3,38.9294719451323
"19069",35.9,39.2222744570906
"19071",38,39.3014501108385
"19073",37.9,39.2771603500492
"19075",35,37.7649965826535
"19077",36.8,39.1271820084299
"19079",35.8,37.8777756549122
"19081",37.8,39.0845243333091
"19083",37.6,38.955031101189
"19085",37.2,37.8000687215218
"19087",35.5,36.7683028942489
"19089",35.3,38.6888858014747
"19091",37.6,38.5613833341412
"19093",36.9,39.2132768639648
"19095",35,37.2263155301584
"19097",36.8,38.5271214591901
"19099",36.2,37.1531235810824
"19101",36.2,37.5192990380075
"19103",26.6,31.5595997248063
"19105",36.3,37.60715938591
"19107",36.3,39.1390453178094
"19109",37.6,39.7216867758701
"19111",37.3,38.3980920803704
"19113",33.5,34.790258450562
"19115",36.3,38.6096981034757
"19117",37.4,39.3897203262023
"19119",33.7,37.7476985119246
"19121",33.5,36.4007752428197
"19123",34.8,37.169398011298
"19125",36,36.03625076858
"19127",36.7,36.8322409180014
"19129",36.6,36.742617061617
"19131",36.8,38.5814200062985
"19133",37.3,40.4522319453235
"19135",35.3,37.5119625275556
"19137",37.3,38.976743166828
"19139",32.9,36.2629011835764
"19141",35.9,38.4912277183019
"19143",36.8,39.1622570791372
"19145",38.6,38.9790165199372
"19147",36.9,38.6412866480081
"19149",36.5,37.0449261123188
"19151",39,40.1397904781033
"19153",33.7,33.2222879927268
"19155",35.1,36.7215674952946
"19157",34.9,37.3713999473265
"19159",37.6,39.5492815589402
"19161",37.1,39.5330038451422
"19163",34.5,35.0819975655607
"19165",36.8,39.0705640981089
"19167",31.8,35.1451095822185
"19169",27.4,31.2641571630773
"19171",37,38.5508320886909
"19173",36.2,40.0332677749377
"19175",35.4,38.1066265432145
"19177",37.7,40.6517783658975
"19179",36.1,37.4965759972226
"19181",33.7,34.9819545976209
"19183",35.4,37.78146380027
"19185",37.4,40.3611019719747
"19187",33.8,37.3237366336158
"19189",35.6,37.6384022390864
"19191",34.4,37.4809255613601
"19193",37.4,35.813335731318
"19195",36.9,38.8478117099772
"19197",36.3,38.7447691970371
"20001",40.3,38.9638168755028
"20003",40.8,39.8564075282176
"20005",37.2,37.2538135158992
"20007",40.4,39.6208223980256
"20009",38.7,38.7601448931283
"20011",37.7,38.0426852773944
"20013",40.5,39.1460736759631
"20015",40.3,34.9550500543802
"20017",40.2,39.1440053230326
"20019",42.2,41.0784605263012
"20021",40.5,38.6677877531481
"20023",40.6,40.9304141617631
"20025",38.7,38.9234564752234
"20027",41.2,38.7965216091693
"20029",37.6,38.3660833835141
"20031",38.4,38.9434653901885
"20033",39.7,41.1109580411922
"20035",38.3,37.2025753713209
"20037",36.4,35.7049954646535
"20039",40.4,41.0894969520677
"20041",35.5,38.3227341236085
"20043",39.9,38.0530171839643
"20045",32.3,32.1000022906758
"20047",40.4,40.0944979822025
"20049",44.1,41.8112037816942
"20051",33.2,34.2395089864023
"20053",40.9,37.7645808057123
"20055",33.1,35.2992450581306
"20057",35.6,35.0300381108431
"20059",37.9,36.7360249389602
"20061",29.2,32.9066180088369
"20063",40,40.2173777212385
"20065",43.1,40.6453084079566
"20067",35.5,34.7440498041208
"20069",36,36.6440903058284
"20071",38.2,37.7017730130606
"20073",41.3,41.1013951346722
"20075",36.3,37.9266861375285
"20077",40.9,40.0709698160075
"20079",38,37.3659967709547
"20081",36.4,38.6293687781238
"20083",39.5,39.1605153034445
"20085",40.4,38.0628367339699
"20087",39.3,37.4403930145618
"20089",42.9,42.2818518788883
"20091",37.8,31.8852914638749
"20093",37.1,38.0804599046958
"20095",40.2,37.8384182351529
"20097",39.6,39.9915038750429
"20099",39.9,38.0293025503381
"20101",40.9,40.4471830512446
"20103",36.2,33.8650019534679
"20105",39.9,40.0044037179467
"20107",39.6,39.2200169630686
"20109",39.8,38.0863957245497
"20111",37,36.260207847293
"20113",37.9,36.824356470518
"20115",40.7,38.5984347156468
"20117",39.5,38.8820494735361
"20119",39.5,37.0735676511644
"20121",39.7,35.7898575431388
"20123",38.7,38.5858979742779
"20125",38.4,38.5419656782325
"20127",38,39.5152275791606
"20129",41.3,39.8407389095267
"20131",37.2,37.0050892798993
"20133",38.6,38.7615214689017
"20135",41.7,39.6968702278547
"20137",37,37.5592824918919
"20139",40.1,38.3822775033469
"20141",41.7,40.3727553101914
"20143",40,37.7572283532456
"20145",40.2,38.4723694837798
"20147",39.8,39.9001367209227
"20149",33.1,34.0937133820203
"20151",36.8,37.4392151895162
"20153",41.4,41.3270928951314
"20155",40.1,38.1838699992847
"20157",41.6,40.1733367871836
"20159",38.5,37.595631920811
"20161",26.6,30.6509566183949
"20163",40,39.1999061997604
"20165",42.5,39.9705261620659
"20167",39.2,40.6126923553807
"20169",39.2,36.6880464346774
"20171",39.3,37.6151447923124
"20173",37.2,35.3122815112045
"20175",34.4,35.4662589683625
"20177",40.5,36.5618583455186
"20179",40.9,38.8744799807755
"20181",38.3,37.1340356866999
"20183",42.2,41.1864688010519
"20185",40.5,38.3513507225001
"20187",38.8,38.4532917005281
"20189",37.3,38.3393904244714
"20191",37,37.8101267137037
"20193",34.2,36.6147485729319
"20195",40.8,40.8146885287477
"20197",39.4,38.2783426636167
"20199",39,39.2832329008387
"20201",41.5,39.2470434286916
"20203",39.4,39.4002229477046
"20205",39.7,39.4537790883209
"20207",41.8,40.3983473513247
"20209",37.4,36.3888543329068
"21001",38.8,38.5620271587381
"21003",37.8,38.0844029726009
"21005",35.2,35.7936133187649
"21007",39.6,39.5115456221718
"21009",39.8,38.5421959082718
"21011",38.2,38.4884758251608
"21013",41.1,39.0569519325467
"21015",34.1,33.90250192637
"21017",37.5,37.3495130887557
"21019",38.3,37.8684324508225
"21021",36.3,36.8152237079066
"21023",37.5,37.6752403313782
"21025",40.8,38.1075708900715
"21027",40.1,39.3758909012637
"21029",36.9,36.594021205287
"21031",37.8,39.5223028294304
"21033",38.8,39.7418905537553
"21035",36.3,36.3799449302787
"21037",34.4,34.4037232455424
"21039",39.8,39.6859728028393
"21041",39.2,38.5526951288143
"21043",39.6,39.5467522062374
"21045",39.9,41.0498847633657
"21047",32.8,35.1580068937679
"21049",37.5,37.3868118137627
"21051",39.7,37.4282865970503
"21053",38.7,39.5116155808929
"21055",41.2,39.8052897044285
"21057",41.1,40.7206894429014
"21059",37.9,36.4811719418044
"21061",38.9,40.3024756974749
"21063",40.6,38.9713676517622
"21065",40.2,39.1634009490588
"21067",31.1,33.0507793078074
"21069",37.7,38.7109509000846
"21071",41.2,39.3242458703884
"21073",34.7,36.4423754873524
"21075",38.9,39.3468543766841
"21077",36.5,37.1187719344134
"21079",38.6,38.2630546768536
"21081",35.8,36.3343003635992
"21083",39.2,38.3044533382862
"21085",40.9,38.6079141586404
"21087",41.2,39.8136259695484
"21089",38,39.056061340873
"21091",37.4,37.7896044688542
"21093",35.3,35.5573948255765
"21095",40.3,39.567692488083
"21097",38,38.3599517000327
"21099",39.8,39.0649224556554
"21101",37.7,37.8205043522546
"21103",38.4,38.6839441384867
"21105",41.7,40.4449074940582
"21107",38.7,38.4448034944671
"21109",41,38.8579285236435
"21111",36.8,35.0117025760435
"21113",35.6,35.5417984841843
"21115",39.8,38.5399591541482
"21117",36.6,34.0690968630444
"21119",40.8,39.0649195961784
"21121",40.6,38.5472325224264
"21123",37.4,38.0078758545978
"21125",40.4,37.9483802795843
"21127",39.8,39.1549324123674
"21129",40.1,37.9336096788454
"21131",41.1,39.0506643991467
"21133",42.6,39.6854108426681
"21135",41.1,39.7296709217521
"21137",38.7,38.748606173489
"21139",40.8,40.0433210088631
"21141",38.5,38.7803895214019
"21143",39.4,39.7845695280571
"21145",38.4,37.445906244346
"21147",40.1,38.2094281472282
"21149",38.2,38.3335087806757
"21151",34,34.8029963600826
"21153",41.8,39.1278454375322
"21155",37.7,37.8774420160601
"21157",39.2,39.0558283394535
"21159",37.4,37.2559141656779
"21161",38.4,37.9492731418453
"21163",35.7,36.5644599646648
"21165",40.7,39.5876415108344
"21167",38.2,37.5578443090573
"21169",39.2,39.3047473840947
"21171",39.2,38.7556578280017
"21173",37.8,37.7587584870187
"21175",36.4,36.6879536288063
"21177",38.2,38.8659735228378
"21179",35.7,36.5840699201736
"21181",38.8,38.9931755314832
"21183",37.6,38.2760535900472
"21185",33.8,31.9024035635252
"21187",39.1,38.7159257619274
"21189",41.9,40.6985573086755
"21191",38,37.520184066294
"21193",39.2,38.2209352677899
"21195",42.3,39.0492844646581
"21197",37,37.3546265576797
"21199",40.9,38.5430615612215
"21201",41.9,40.3030996877095
"21203",39.5,39.139049317355
"21205",33.6,35.9129562935701
"21207",40.2,39.4404603093755
"21209",35.1,33.9638302522778
"21211",34.8,35.7939431799813
"21213",36.7,37.376435366748
"21215",37.2,36.0251068707174
"21217",36.9,37.2212611344959
"21219",37.9,39.3447005899727
"21221",41.3,40.0748771066749
"21223",38.8,38.196710193523
"21225",38.4,38.9231381012025
"21227",33.6,34.445747924948
"21229",38.9,38.6495300047952
"21231",40.5,39.9119704295561
"21233",38.4,38.8001466191703
"21235",36.6,37.4895825477875
"21237",41.7,39.6201814936373
"21239",37.3,35.6816166094817
"22001",38.6,37.7177891339865
"22003",36.8,36.5708262161988
"22005",35.5,34.173675935529
"22007",40.6,39.4335792121074
"22009",39.2,38.7492616531241
"22011",37.1,36.9310230585323
"22013",40.8,40.8345204823095
"22015",34.1,35.7207327728083
"22017",39.9,37.532505077091
"22019",36,36.2428471411069
"22021",38.8,38.6922121745535
"22023",39.6,36.9839575870187
"22025",39,37.9033541596421
"22027",40.6,39.6102991438126
"22029",39.2,38.7766077733044
"22031",39.5,38.685958507188
"22033",35.4,34.6753039847068
"22035",38.6,36.8183618742798
"22037",37.8,37.8154466448999
"22039",39.2,38.0895454226445
"22041",39.4,39.4795909365157
"22043",37.7,36.7352429494226
"22045",38.1,37.5914548787998
"22047",37.1,37.7727465066007
"22049",38.8,39.685547329237
"22051",38.9,36.6371684368011
"22053",38.2,37.7301799030386
"22055",34.9,34.4905383854954
"22057",39.5,36.8442898660221
"22059",36.4,36.2169495617314
"22061",33.2,34.7478300894574
"22063",35.6,35.82953888227
"22065",38.6,38.9040587899264
"22067",40.6,39.4333259801474
"22069",35.7,37.490247177998
"22071",35.1,35.0714653733357
"22073",37.3,36.420290225334
"22075",36.1,35.1773903692003
"22077",40.1,39.8439034684981
"22079",37.9,37.2517394273705
"22081",40.2,39.9792482422214
"22083",38.6,38.5862364077681
"22085",40.6,40.2368234157608
"22087",37.1,35.8949042349319
"22089",36.1,34.9815934045672
"22091",39.6,40.4220102067893
"22093",38.8,37.8266251114238
"22095",36.7,36.6147545829953
"22097",38.7,38.4209809239457
"22099",36.9,37.9100711658893
"22101",39.4,38.2769766219827
"22103",37.7,35.5773282634852
"22105",34.8,36.6120648729288
"22107",43.4,42.8986521060105
"22109",38,36.7657413864306
"22111",39.7,39.9422590652771
"22113",40.3,37.4452645819327
"22115",33.6,35.6540025216466
"22117",40.1,39.1976352065716
"22119",40.8,39.5834902279714
"22121",34.2,35.7308387865188
"22123",40.2,39.982386223295
"22125",36.6,33.4302457152457
"22127",38.2,38.4828966354561
"23001",39.1,37.4396355675292
"23003",41.4,40.5379184084063
"23005",38.1,34.5537197809374
"23007",39.6,39.0639534821327
"23009",39.6,39.3960881053605
"23011",37.8,37.7609455621018
"23013",41.7,38.7665910220587
"23015",39.6,39.8832751106459
"23017",38.2,39.6605070341642
"23019",39.4,37.2219380568785
"23021",45.1,41.4173338211377
"23023",40,37.644669088676
"23025",42.3,39.6178278019548
"23027",37.6,39.031308521017
"23029",42.5,40.6753293213108
"23031",35.5,37.2248946260449
"24001",37.5,37.5247736199342
"24003",35.7,33.2311135751016
"24005",34.4,34.9540797187629
"24009",36.2,34.2673690049321
"24011",38.1,37.759267951737
"24013",36.8,34.6129111268483
"24015",37.2,35.819325029317
"24017",34.6,34.1660685154073
"24019",40.2,39.6280965666135
"24021",35.8,33.2977143361226
"24023",40.5,38.9859684545968
"24025",35.4,34.388777159107
"24027",36.7,30.7682268910466
"24029",38.8,39.1777735928729
"24031",38.4,32.1968621271284
"24033",35.5,34.5802235874021
"24035",35.6,36.1032343209896
"24037",36.6,33.7183053703446
"24039",36.2,36.5042195116392
"24041",39.3,39.6110122919714
"24043",39.7,36.5845432545163
"24045",35,36.1024664656315
"24047",40.8,39.7334213313431
"24510",32,35.0090485151939
"25001",41.8,39.0875631223039
"25003",35.4,37.3304858470662
"25005",36.8,35.605997076709
"25007",37.2,37.4980029392199
"25009",35.7,34.4293923266853
"25011",35.2,36.9782123771609
"25013",34.9,35.9742686747901
"25015",32.5,34.4463199953438
"25017",33.1,31.6536672862386
"25019",33.6,31.0499919567164
"25021",35.6,32.4969531584832
"25023",35.4,34.8428585157771
"25025",29.6,32.0575373976475
"25027",33.1,34.1562856345346
"26001",43.6,44.2665818791243
"26003",38.6,38.6468886584618
"26005",37.4,36.684635929443
"26007",38.5,40.1191077099394
"26009",40.6,40.0477462780376
"26011",40.2,41.0438068879083
"26013",38.2,38.9496584452468
"26015",37,37.2752914648324
"26017",37.1,38.3619984388454
"26019",38.6,39.8248181108714
"26021",35.5,37.3229238095619
"26023",39.7,38.4576564289349
"26025",36.2,37.2096066197647
"26027",36.7,38.727663696048
"26029",39.8,38.9189970529125
"26031",40.2,41.02306676834
"26033",34.5,36.7775050283719
"26035",40,41.561790954815
"26037",34.3,35.8635602822193
"26039",39.6,40.2847350275728
"26041",38.8,39.7626948842826
"26043",36.7,38.3368485556572
"26045",35.8,36.4462366373618
"26047",37.3,37.5276883222428
"26049",38.6,37.1105186467199
"26051",40.7,41.833429898882
"26053",39.9,40.3701393005786
"26055",32.9,36.3230488704055
"26057",33.7,36.7197662290925
"26059",38.5,38.6657736826951
"26061",32.2,34.5699005425251
"26063",39,41.0670637376123
"26065",32.2,33.6996355002971
"26067",33.7,36.0146315881931
"26069",42,42.4092894336085
"26071",41.8,42.1454006068982
"26073",29.7,35.2901840565993
"26075",34.5,36.8298705055994
"26077",31.6,34.0907644711257
"26079",38.4,38.9708862694115
"26081",34.4,33.6421987307047
"26083",41.3,42.0280692337831
"26085",40.8,41.6438655913615
"26087",36.5,37.7790347794099
"26089",39.1,39.7721954061139
"26091",35.7,37.468644048639
"26093",36.8,34.8858810900722
"26095",40.7,39.9027491501497
"26097",39.7,41.3032319371587
"26099",36.7,36.1027665660228
"26101",37.6,39.8976308710136
"26103",33.3,36.0603438390427
"26105",38.9,39.6930899806575
"26107",35.5,38.100049822354
"26109",41,40.1852811284873
"26111",36,36.0063871198538
"26113",38.3,39.4454992469704
"26115",34,37.1130831552116
"26117",37,37.6621826669371
"26119",43.7,43.5084620565243
"26121",37.2,36.8349209477759
"26123",36.5,38.6553765089753
"26125",32.3,33.4613312592945
"26127",38.5,39.121573669416
"26129",41.4,41.4976115278163
"26131",43.9,44.9745168580511
"26133",38.6,39.6570481199397
"26135",42.6,42.9989445482345
"26137",38.4,38.2333506572733
"26139",30.5,34.21737782968
"26141",43,42.932564748879
"26143",43.5,43.2035860862735
"26145",34.7,37.7835863805033
"26147",37.7,37.6912604996425
"26149",36,38.0884782227242
"26151",38.3,39.984126980067
"26153",41,41.1229773859272
"26155",37,37.8341755244696
"26157",37.1,39.1072468094518
"26159",37.3,37.918320065351
"26161",28.4,31.7204843632028
"26163",35,35.969515005884
"26165",36.3,38.3719953269899
"27001",38.7,43.6419183994962
"27003",31.6,34.2070700838484
"27005",33.9,38.1953033124278
"27007",31.2,36.0850382192084
"27009",28.1,34.9425919631429
"27011",36.3,40.4098444499317
"27013",26.9,34.0592882009718
"27015",30.9,37.7433300616126
"27017",31.7,36.234974008568
"27019",30.2,31.6161462137025
"27021",35.3,40.3168609809633
"27023",34.6,38.7682114386586
"27025",31,35.5842772571353
"27027",29.2,33.69404543315
"27029",33.5,39.5773288602748
"27031",36,38.9918980592331
"27033",33.7,38.8159924710974
"27035",32.9,38.7308372086331
"27037",29.3,32.9758155114499
"27039",30.5,34.8413758666417
"27041",32.9,38.1811341494225
"27043",34.9,38.981936158
"27045",34.6,38.6870625526653
"27047",36.3,39.2689781146095
"27049",33.1,37.0929652900878
"27051",34.8,39.5540074281703
"27053",29.5,32.154025973246
"27055",31.4,37.97098768234
"27057",38.2,39.2398241151266
"27059",32.4,36.7275710073248
"27061",35.4,39.3506869808492
"27063",33,38.4338031175265
"27065",34,39.2572644720972
"27067",32.5,37.1815004778261
"27069",34.6,39.9618493721504
"27071",38.5,40.8874559097488
"27073",34.9,40.5641794505724
"27075",34.5,39.6969585220211
"27077",36.6,39.5390826042304
"27079",33.3,36.7360758666103
"27081",34.4,39.6065749050867
"27083",31.4,36.3290141204053
"27085",32.8,37.7625770826568
"27087",32.7,39.0152952685919
"27089",34.7,39.1186690547138
"27091",34.5,39.0253916501091
"27093",33.8,37.8320008844633
"27095",32.1,37.7751380179076
"27097",34.3,38.2734036975586
"27099",30.4,36.6701900704875
"27101",35.8,40.3318102862185
"27103",31.1,34.8200932018322
"27105",32.4,37.709914749753
"27107",33.8,38.4711778425317
"27109",29.1,33.2515323702912
"27111",36.2,38.9738037378813
"27113",31.9,37.0777019174916
"27115",35.3,38.742175861032
"27117",34.4,38.5692934883283
"27119",35.6,36.5395628652318
"27121",35.3,39.6292868144006
"27123",30.7,33.3591816552111
"27125",35.1,38.8092681392487
"27127",34.2,38.8424722996379
"27129",34.5,38.7932029332034
"27131",28.7,35.1138022703316
"27133",32.4,37.3733033044397
"27135",33.5,37.0857080787124
"27137",30.5,36.6051818989006
"27139",29.4,31.9468765190744
"27141",29.3,33.5769131813928
"27143",31.8,37.9492455758194
"27145",31.8,35.2008241829549
"27147",32.5,36.1064434195909
"27149",31.2,35.8355072194231
"27151",34.1,38.8335875786976
"27153",35.9,39.7221403956333
"27155",35.8,40.343558745934
"27157",33.4,38.0008247213545
"27159",35.2,38.60863733262
"27161",32.5,37.2536742425168
"27163",32.1,32.8827082217876
"27165",33.1,38.9284341273301
"27167",34.7,36.3968772010286
"27169",29.9,35.9502469631634
"27171",29.2,33.4654020373714
"27173",34,38.2935488208637
"28001",38,39.7627856835626
"28003",36.4,39.1560427748254
"28005",41.4,43.0214945892648
"28007",38.4,39.5445630061687
"28009",38.5,40.865278973198
"28011",37.4,38.0625178342541
"28013",37.8,40.1834791990628
"28015",39.2,40.0423226649058
"28017",36.5,40.0050443447526
"28019",40.4,40.5963078222994
"28021",35.3,39.7691649330151
"28023",37.5,41.2965686289782
"28025",37.4,39.4379546259594
"28027",37.3,38.4809152463718
"28029",37.4,39.3138853799068
"28031",37.9,38.9790912866554
"28033",35,35.1092812045324
"28035",32.5,36.109848174805
"28037",39.8,39.9984290150307
"28039",36,38.033984988258
"28041",35.5,36.3067015016752
"28043",37.9,38.5555690184138
"28045",39,38.8648216436816
"28047",36.1,37.0160713988926
"28049",34,36.3665140495096
"28051",36.7,39.1284536787724
"28053",38.2,39.6924190388829
"28055",33.4,38.7014448281677
"28057",36.9,38.5423119461424
"28059",38.7,37.1525054044291
"28061",38.1,40.0960108052226
"28063",36.1,39.4672148679747
"28065",38.1,41.8366813508861
"28067",35.4,38.2187965175354
"28069",35.8,40.0825617422589
"28071",31.4,33.756565383613
"28073",34,35.849130540842
"28075",36.3,38.3609854623565
"28077",36.5,40.1188931544812
"28079",36.7,39.1647185952053
"28081",34,36.4534223529017
"28083",37.3,37.9428091070553
"28085",36,38.8166967081648
"28087",36.7,37.2650662393459
"28089",35.6,33.2024407636643
"28091",36.8,40.320393141796
"28093",36.9,39.3316233861477
"28095",37.7,39.5203681567855
"28097",39.8,40.5026204964543
"28099",36.5,39.1945856046513
"28101",36.4,39.3487732793133
"28103",37.1,40.3799307843242
"28105",26.8,33.0061461430395
"28107",36.2,39.0227990925145
"28109",36.6,39.4287954685228
"28111",37.7,40.1064768413577
"28113",37.9,39.3006993040922
"28115",35.6,37.8821270998122
"28117",35.5,38.2702735360531
"28119",38.5,40.0575420869173
"28121",32.6,35.7864554149608
"28123",37.8,38.9647044390986
"28125",38.9,40.0077521541964
"28127",37.7,39.3348677905776
"28129",38.7,40.9465653004233
"28131",36.7,38.9476202193372
"28133",35.8,36.7113367819775
"28135",36.7,38.7360203729374
"28137",34.3,38.4230680957618
"28139",36.6,39.0011587320031
"28141",39,40.5467488222174
"28143",34.4,37.3996229200361
"28145",36.6,37.9499029346297
"28147",38.9,39.4113526556198
"28149",38.8,37.5187249919834
"28151",35.7,38.5067191440175
"28153",37.9,39.213662508836
"28155",37.5,39.7181599533917
"28157",36.6,38.7352745964679
"28159",38.1,40.3636996721655
"28161",36.9,40.941734674508
"28163",36.1,35.9385062461483
"29001",32.1,35.5710199842776
"29003",36.7,37.3964559507216
"29005",38.9,40.830755955885
"29007",38.4,39.4141048598593
"29009",38.9,40.3849056005039
"29011",39.3,39.5968478671643
"29013",39.2,39.321389428025
"29015",45.4,43.4455345129403
"29017",40.4,40.2547810057797
"29019",32.6,32.5639031835783
"29021",35.3,36.9575530146655
"29023",38.8,39.6426114033875
"29025",36.6,39.3062767153107
"29027",35.6,36.533117384697
"29029",40.5,41.9908553909905
"29031",31.4,35.7850534055836
"29033",38,38.9150973277492
"29035",39.6,40.6877488088655
"29037",37,36.4136740360825
"29039",41.3,40.8480301423922
"29041",39.9,40.5348395752954
"29043",36,35.7608495513145
"29045",40.2,39.8424764597793
"29047",37.2,34.3781704397229
"29049",38.2,37.6542192831258
"29051",37,35.1606213356528
"29053",36.1,37.6161962005534
"29055",39.5,40.0825292693774
"29057",40.6,41.3900271434778
"29059",40.6,40.7578184070319
"29061",40.8,39.8134145887819
"29063",35.9,36.4744348726919
"29065",41.6,40.0136962809868
"29067",41.5,41.1729028196517
"29069",40,40.0825537109239
"29071",37.6,37.4591841077497
"29073",40.2,39.5100593758968
"29075",39.8,38.8965099038495
"29077",33.2,36.1561563134387
"29079",39.2,40.836801127
"29081",40.1,39.6233916792786
"29083",39.7,39.9730410292923
"29085",43.6,45.442703230784
"29087",38.1,40.8852465765469
"29089",36.2,37.5346336689314
"29091",40.3,39.9387790228042
"29093",38.2,39.9548407872574
"29095",34.4,35.5029685841173
"29097",35.5,36.9629815964751
"29099",36.3,36.1633226682345
"29101",32.2,34.7954164883521
"29103",39.7,41.182046439288
"29105",37.9,38.5396922591691
"29107",39.9,37.6006952977712
"29109",36.9,38.836749865585
"29111",37.2,38.9427848139361
"29113",36,36.5099399136252
"29115",38.6,39.4586831883677
"29117",37.4,39.4936715992068
"29119",38.2,39.2019495113206
"29121",37.2,39.927093310734
"29123",38.4,39.1929733825182
"29125",38.7,40.0151975274499
"29127",36.5,37.2276060758098
"29129",41.3,40.1108625832454
"29131",39.2,38.5764575889693
"29133",38.6,38.4380470665843
"29135",35.9,37.5195497985455
"29137",40.2,41.0855912792053
"29139",38.4,39.3275738832499
"29141",41.3,42.3734217065018
"29143",41.1,40.0595873171775
"29145",36.1,38.2623561928797
"29147",34.3,36.7302892387229
"29149",41,41.7190511006005
"29151",36,36.830836305169
"29153",43.8,44.1736418716589
"29155",40.5,39.8897916084547
"29157",38,37.9762358325664
"29159",37.3,37.9323047952948
"29161",35,35.5320523364325
"29163",36.6,37.5945336097215
"29165",37.2,33.4917964523597
"29167",37.5,38.68126285873
"29169",27.9,32.8396700565304
"29171",38,41.1300063265945
"29173",39.4,39.8157597910633
"29175",37.1,37.4430826693384
"29177",37.4,38.7913879470656
"29179",42.8,40.9448570431139
"29181",41.4,40.7542552848977
"29183",34.1,33.641773393307
"29185",39.2,42.4653984165193
"29186",37.2,38.5741350365881
"29187",38.3,37.533787110354
"29189",32.6,34.6478689083878
"29195",35.6,36.7515233543913
"29197",40.1,40.2887427638925
"29199",38.8,41.2110545474059
"29201",37.7,38.1884710756988
"29203",39.7,40.5987401408103
"29205",39.5,39.7167422469094
"29207",38.3,39.9262304771402
"29209",44,43.0944884464752
"29211",39.6,39.5615250634937
"29213",38.9,40.0161577687462
"29215",38.8,40.183295532615
"29217",38.7,39.8097523133919
"29219",36.6,37.5943603705625
"29221",40.1,38.4576041243898
"29223",41.6,42.4125233508678
"29225",36,37.5565259262418
"29227",39.5,41.4166207005418
"29229",40.2,40.4414358325958
"29510",31.6,34.5832939382285
"30001",31.2,37.4246322513287
"30003",32,37.5269449390994
"30005",31.6,37.982663087178
"30007",33.7,39.7333152526053
"30009",32.9,39.750022815783
"30011",36.8,42.8590931796287
"30013",32.2,36.642140054106
"30015",31.4,38.8049663548541
"30017",30.6,37.3582717160509
"30019",34.8,41.2836302709058
"30021",33.5,36.9780957415764
"30023",34.4,39.4273594448295
"30025",31.2,38.8333707248686
"30027",33.7,39.5470787681889
"30029",31.6,36.8872981766487
"30031",25.2,31.5605171285835
"30033",33.5,40.7304648472856
"30035",31.7,38.1904295317361
"30037",36.1,41.6786691633034
"30039",35.5,41.1081483943266
"30041",29.5,36.0201079204356
"30043",32.7,37.6102312396417
"30045",34.3,38.7503896123443
"30047",33.4,39.4685076324841
"30049",30.2,35.208242509502
"30051",36.9,39.9453316157857
"30053",36.3,42.9731207397843
"30055",34.3,41.1427450343075
"30057",34.2,40.7402514164911
"30059",36.2,40.7245708189816
"30061",36.2,40.6251373593472
"30063",28.8,33.9270329527032
"30065",35.7,41.7424614851919
"30067",32.1,37.9834050960373
"30069",36.2,37.7624067698297
"30071",35,39.2254881892366
"30073",32,38.8025599968377
"30075",36.9,41.6531171725413
"30077",32.5,35.494454907908
"30079",37.9,42.2497595101539
"30081",33.4,40.0631630837457
"30083",31.8,37.5622973379868
"30085",29.6,37.8985704115015
"30087",33.2,38.5982979989586
"30089",37.1,43.5434193035398
"30091",33.9,38.8630218335642
"30093",30.2,36.7359915696684
"30095",35.1,38.7928806475374
"30097",34.2,39.7449452308564
"30099",33,39.4941858968481
"30101",33.3,35.6618359199357
"30103",35.7,37.4632122450886
"30105",34.4,39.4133841526842
"30107",35,44.2311625066166
"30109",34.9,40.063820365506
"30111",29.9,35.453320910734
"31001",34.6,36.5485306106763
"31003",38.5,39.7935005613591
"31005",35.2,38.0780942688825
"31007",36.8,41.1001730483096
"31009",36.4,44.4495799827724
"31011",38.2,39.5428508719896
"31013",35.5,37.8929871562396
"31015",40.3,43.6276922985033
"31017",36.1,41.9312971483992
"31019",31.7,34.8160929261021
"31021",37.8,40.1249215693907
"31023",34.1,37.8401301247207
"31025",37.7,36.1862917428669
"31027",34.2,38.4331001282113
"31029",37,40.9141853261412
"31031",36.7,37.7519925583722
"31033",37,38.0075379956978
"31035",37.1,38.5157485911688
"31037",34.2,35.9314495470891
"31039",37.6,38.3013502890043
"31041",37.7,38.5470219952878
"31043",34.4,36.3581055096678
"31045",32.9,36.6700742023477
"31047",34,37.3650930285103
"31049",38.7,41.3281465086318
"31051",39.3,38.4789788292752
"31053",37.8,37.491101625484
"31055",33.2,33.3875659502523
"31057",39.9,37.7809518804238
"31059",37.5,39.4610144832844
"31061",37.7,41.6076710943185
"31063",35.1,39.8392794982524
"31065",36.9,40.5146327882516
"31067",38.7,38.5701978403251
"31069",39.8,42.8750670518322
"31071",37.6,39.6748020828183
"31073",37.3,39.6629050798794
"31075",37.7,37.8376963455509
"31077",37.7,40.5661128226314
"31079",34.7,36.4240835269678
"31081",36.6,37.4805138251426
"31083",39,40.2481312437661
"31085",39.7,40.2676852070594
"31087",40.4,40.6683779585937
"31089",36.7,38.1130846153007
"31091",37.6,37.8185419103274
"31093",35.2,38.681472254301
"31095",38.2,40.5220044791924
"31097",35.9,35.9702144078455
"31099",35.7,36.8168599746567
"31101",37.8,40.6641555276189
"31103",40.6,37.712203791884
"31105",38.3,42.1659009855769
"31107",37.4,40.4936186219332
"31109",32.6,33.4956014448041
"31111",35.4,38.1728354985999
"31113",35.5,36.6832655233127
"31115",39.9,39.6968609998246
"31117",37.9,41.49715577125
"31119",36.9,36.4516986184572
"31121",34.2,39.1505760860622
"31123",36.7,38.1897189691519
"31125",37.9,39.0384066396007
"31127",33.4,37.2847529167949
"31129",38.3,40.8805881326722
"31131",37.3,37.3372167891239
"31133",39.5,42.5693447946826
"31135",35.7,38.8782612389536
"31137",38.3,37.4126847970193
"31139",34.7,37.9871531167758
"31141",34.9,36.7246469525403
"31143",34.9,39.786381421377
"31145",35.2,38.5246493443101
"31147",37.2,39.8415950154274
"31149",38.8,39.8701825145159
"31151",34.6,36.7743996499771
"31153",33,32.2336809500076
"31155",32.7,36.1300334134241
"31157",32.6,38.0512467398564
"31159",32.9,35.606655977425
"31161",38.8,41.1730279776444
"31163",37.5,41.5980092112938
"31165",39.7,39.8866274939878
"31167",35.1,37.8513601882705
"31169",38.2,40.4693567516582
"31171",38.7,43.6134100315613
"31173",30,37.3234567360398
"31175",36.2,40.0273588305139
"31177",37.4,35.9865990071587
"31179",29.3,35.398716002522
"31181",35.5,39.0210779411448
"31183",38.8,43.8675688209058
"31185",34.5,37.4966867614849
"32001",36.9,37.9834853938533
"32003",36.1,35.8502887654445
"32005",36.9,40.3819541462172
"32007",34.8,35.2866287748086
"32009",42.3,40.1781660960949
"32011",38.5,41.4260954722519
"32013",35.3,36.2666163653981
"32015",36.7,35.646627669922
"32017",38.8,37.0493634520455
"32019",36.7,38.8452914272498
"32021",39.9,43.1422816523381
"32023",40.9,42.8917685298296
"32027",35,35.7388198603097
"32029",41.9,43.1548538841143
"32031",35.6,35.4549779027538
"32033",36.4,36.8342259409146
"32510",36.4,37.6397300605584
"33001",34.6,38.1493294025295
"33003",38.4,39.9194270425105
"33005",30.5,37.191000017262
"33007",38,39.6506814509496
"33009",31.9,36.5598208406863
"33011",31.8,34.190683701751
"33013",34.2,35.8457510962887
"33015",34,34.6528686318884
"33017",33.5,34.5054741644028
"33019",33.9,38.2022441397831
"34001",37.9,36.7172605014845
"34003",35.1,33.4611077310772
"34005",37.2,34.3727914176912
"34007",36,35.0850399655199
"34009",40,39.1413820498115
"34011",36.4,36.7842341512918
"34013",34.3,34.456011792396
"34015",35.6,34.6339563462185
"34017",34.1,32.5692579782759
"34019",37.1,33.7611629039067
"34021",35.2,33.744994833395
"34023",36.2,33.3495571457481
"34025",37.8,33.8104262779338
"34027",34.6,32.632368788182
"34029",36.8,37.3080686078969
"34031",35.1,35.6742400054384
"34033",36.5,37.3842930436266
"34035",36.3,32.2961659566686
"34037",36.2,34.8500118323517
"34039",34.1,34.4035995982258
"34041",38,35.7606050914423
"35001",34.7,35.3867369584086
"35003",44.3,47.7006400786577
"35005",37.1,37.150272438245
"35006",31.9,38.5159239960673
"35007",36.9,40.8645422558507
"35009",31.1,35.2287240636716
"35011",38.8,38.0844612922435
"35013",33.1,36.1984626221381
"35015",33.9,36.1227351875219
"35017",38.1,40.5468808552914
"35019",35.5,37.1656808894476
"35021",43.1,38.9930384096456
"35023",36.4,40.2143771791983
"35025",31.8,35.7377390033479
"35027",38.1,42.2474745773489
"35028",32.6,30.8985507005664
"35029",38.5,39.479235124044
"35031",29.8,38.5928643446922
"35033",40,44.3573059795485
"35035",32.6,36.7248274952147
"35037",38.5,41.3613629870472
"35039",34.8,39.1391350121735
"35041",32.2,36.8397932696375
"35043",33.5,36.1984562563119
"35045",32.3,37.9671334126658
"35047",37.3,39.172651638388
"35049",36.1,38.3038353541822
"35051",42.5,43.8871244751047
"35053",35.9,38.9137732018869
"35055",36.8,39.9060436412158
"35057",38.1,39.9948581566606
"35059",36.7,39.8314870746151
"35061",35.8,37.3913212813936
"36001",32.9,34.2182869812431
"36003",36.3,37.6324522745975
"36005",32.3,36.2242721329597
"36007",35.4,36.8633189495403
"36009",38.3,38.3713585812594
"36011",36.6,37.4640713316321
"36013",37.2,38.0657152038648
"36015",35.7,37.213543453384
"36017",36.7,38.8617578436305
"36019",34.7,36.194891354652
"36021",36.1,38.0081442385831
"36023",33.7,35.8027223888924
"36025",37.3,39.5099862120404
"36027",35.5,35.0393655889859
"36029",36,35.4677387061355
"36031",38,38.3661598147634
"36033",35.9,37.0892356585474
"36035",38.8,38.0849273759725
"36037",35.1,37.3745198713599
"36039",35.5,38.0581302198628
"36041",39.7,42.3747021150024
"36043",36.7,38.243232296189
"36045",32.1,34.8296319599275
"36047",34.7,34.1668475945561
"36049",38.1,38.1640377197334
"36051",31.2,36.4715093453884
"36053",36.1,36.8948501217488
"36055",32,34.8180107603261
"36057",34.8,37.7005950885016
"36059",36.3,33.7114335714427
"36061",34.6,32.4789676990065
"36063",36.2,36.8598770196645
"36065",36.2,36.7106821541403
"36067",33.4,35.2686554601732
"36069",33.6,36.456214379115
"36071",33,34.4179723303269
"36073",37.1,37.6340377629701
"36075",32.6,36.9378381799152
"36077",32,37.4648778335516
"36079",33.4,34.3466148355918
"36081",36,35.2824742596045
"36083",35.2,35.1423803805209
"36085",34.9,34.7337300044681
"36087",33.8,33.6658437818081
"36089",33.9,37.0365402430025
"36091",32.2,34.6449845521656
"36093",33.2,35.2879946482368
"36095",35.5,38.7516205105305
"36097",34.9,38.6138101536995
"36099",36,37.9098863850373
"36101",34.5,37.5158065882902
"36103",36.7,34.4571296114262
"36105",35.2,36.8027417493246
"36107",34.5,37.6478260568808
"36109",26.6,32.5057243007159
"36111",33.9,36.7334776583241
"36113",35.8,37.3644194748398
"36115",38.3,37.9081201416648
"36117",36.7,37.520380684077
"36119",35.8,33.4211546271118
"36121",35.8,37.2785526398899
"36123",36.3,39.8540949340695
"37001",36,36.8775838754823
"37003",38.2,38.9719932680718
"37005",42.6,42.6657860297597
"37007",38.2,39.9175792734974
"37009",41.5,41.4444464435693
"37011",38,39.1396647018626
"37013",39.7,40.9956186427399
"37015",39.4,40.7418660586571
"37017",39,40.6390481283311
"37019",40.8,41.9402344409874
"37021",36.2,36.4834541617894
"37023",39.4,39.0569785663134
"37025",34.5,33.9051751353973
"37027",39.8,39.1779411135553
"37029",35.4,35.8194651042208
"37031",39.3,39.3220109086845
"37033",38.7,39.9239360441643
"37035",36.7,37.5661389122717
"37037",38,37.8076024460996
"37039",42.6,43.397273423806
"37041",39.8,40.6727897006757
"37043",43.2,43.3969136234086
"37045",38.2,38.8192340165264
"37047",38.3,40.1812045706433
"37049",37.9,37.6300875040762
"37051",32.4,35.000606351953
"37053",36.4,36.9100645219745
"37055",38.9,37.0438062367912
"37057",37.3,38.2179210581626
"37059",39,38.8237771966739
"37061",39.9,39.7676057461389
"37063",30.8,32.958024957552
"37065",37.5,39.8578960425884
"37067",38.2,35.7798693335196
"37069",36.2,37.2690068986683
"37071",36.8,36.7194174955452
"37073",38.6,40.5420658226916
"37075",39.4,41.8049277847762
"37077",37.3,36.9456338054511
"37079",36.9,38.0935292836319
"37081",32.5,35.1139906287823
"37083",39.1,40.1115384491449
"37085",31.4,36.0043704961268
"37087",38.8,39.8947440641366
"37089",37.8,39.6497837887706
"37091",37,39.5333030887783
"37093",32.8,35.5254453961332
"37095",38.1,41.4223647818935
"37097",36.9,35.6355937693719
"37099",36,38.6438678696727
"37101",33.4,35.7644281728929
"37103",40,41.0477832011315
"37105",37.7,37.8525213681392
"37107",38.1,40.1697036240382
"37109",37.6,37.2199342106485
"37111",37.2,39.4011983385374
"37113",41.3,42.3763080323218
"37115",38.2,38.6612943238479
"37117",39.3,41.6589053192808
"37119",32,32.4560592331156
"37121",39.8,40.6895550415105
"37123",39.7,40.0415252708028
"37125",35.4,37.8887692554141
"37127",36.3,38.4490417897327
"37129",36.8,35.5128486242006
"37131",41,42.5511432364372
"37133",28.2,32.8394954584437
"37135",32.6,32.2361397964726
"37137",42.4,41.9929707741723
"37139",34.9,37.0746346157632
"37141",36.9,36.8312418831909
"37143",41,42.5550368826874
"37145",38.9,39.5092117857287
"37147",32.2,35.5378267899124
"37149",42.9,42.4126379112958
"37151",37.4,38.6341974462189
"37153",38.7,38.5903273654717
"37155",38.5,38.8541174457528
"37157",39,39.8894254692838
"37159",37,37.7959279064872
"37161",39.7,39.9062096253378
"37163",37.4,39.5787635270265
"37165",38,38.8509765095487
"37167",37.1,38.53687646882
"37169",39.7,39.9402027581342
"37171",39.7,39.7637853642255
"37173",37.1,40.3987755982684
"37175",41.1,41.5300207415125
"37177",40.2,40.1775788977408
"37179",36.2,33.6355972060418
"37181",37.3,39.3960685390572
"37183",33.3,31.3546919895652
"37185",39.7,42.0008391482793
"37187",41,41.4432787260726
"37189",31.9,34.874853310638
"37191",35.4,37.6910708452265
"37193",39.3,40.328112805248
"37195",36.9,38.8511969454737
"37197",39,39.9473862719918
"37199",40.7,41.1930628271567
"38001",37.5,41.5774138608575
"38003",34.1,38.0747391532002
"38005",34,36.6489106693425
"38007",35.3,38.6506366649082
"38009",36.3,39.2384589748361
"38011",35.8,39.9450770675592
"38013",36.1,37.7682031381005
"38015",34.2,34.5649481596985
"38017",29.2,32.4310851468359
"38019",37.3,40.7667226415385
"38021",34.7,37.7681210273046
"38023",37.7,39.9953795014137
"38025",34.8,37.9690290770109
"38027",36.5,40.2610779530947
"38029",37.1,41.5883563297928
"38031",35.6,39.299850056981
"38033",36.7,39.3108626802329
"38035",29.5,33.3264297731163
"38037",36.3,41.7638828055042
"38039",37.9,40.9614173392012
"38041",35.8,41.6925678829304
"38043",37.9,40.0359724409063
"38045",37.8,40.2393747616437
"38047",37.9,40.31795835802
"38049",34.5,38.9660246224137
"38051",40.6,43.0997758146147
"38053",30.7,34.1479256217598
"38055",38.7,39.4340468541537
"38057",37.3,39.0947017508745
"38059",33.7,35.6537144243109
"38061",32,36.1705430031173
"38063",35.4,40.4522141541517
"38065",37,39.4913723953127
"38067",34.9,39.6664640117586
"38069",33.6,38.8058237426304
"38071",35.7,38.55162795741
"38073",36.3,38.4996918530673
"38075",36.7,37.165124588096
"38077",32.3,37.0487434229655
"38079",32.9,38.748658563642
"38081",33.9,38.432380469289
"38083",38.2,43.8763015482003
"38085",30.6,38.0445470814128
"38087",36.9,39.1493715812259
"38089",31.8,34.5956833529131
"38091",36.5,39.5305187212511
"38093",33.9,37.4206403379883
"38095",38.6,39.6408874942906
"38097",34.7,36.8711150390806
"38099",35.4,38.8851292320948
"38101",31.2,33.888328493962
"38103",38.8,40.496162331547
"38105",26.8,33.3987359109658
"39001",38.1,38.8073625733959
"39003",35.8,37.4528240040506
"39005",36.1,38.1797017072099
"39007",38.6,38.7523247770041
"39009",33.8,34.8425245580998
"39011",34.3,37.1979981580847
"39013",36.4,38.5866030806264
"39015",36.3,38.6407477626361
"39017",34.6,34.9578910635611
"39019",38.5,39.9526980288673
"39021",36.6,37.9529654612788
"39023",34.6,38.4070194129208
"39025",34,35.773579618522
"39027",35,37.3514390778159
"39029",34.4,38.8525491417563
"39031",37.3,39.1989904353333
"39033",37.6,39.019441247335
"39035",34.6,36.0364952489462
"39037",37.7,38.7456095900091
"39039",37.6,37.8392027456913
"39041",33.2,31.4147629890767
"39043",36.4,38.2450261692644
"39045",33.9,35.3406150929209
"39047",35.5,38.379771043827
"39049",31.2,33.0504177757609
"39051",35,37.6849148336971
"39053",39.2,39.1148888131895
"39055",37.8,36.6840746083047
"39057",34.4,34.6832954812799
"39059",37.6,39.2327221264657
"39061",32.7,34.3824191090253
"39063",33.7,36.2567703396568
"39065",34.1,37.6960264323635
"39067",37.1,41.1424581422142
"39069",35.2,38.0274777370694
"39071",38,38.8379295444958
"39073",35.2,38.7140687917688
"39075",34.9,40.6447991677738
"39077",33.2,38.0156717067678
"39079",38.1,38.2666998376614
"39081",36.9,39.0182159319447
"39083",33.5,37.8516586890512
"39085",35.1,36.8990041234965
"39087",35.3,38.0460411313058
"39089",35,35.8159744137029
"39091",36.9,37.7060352679878
"39093",35.6,36.7391279910596
"39095",34.6,36.0735900650434
"39097",34.7,35.6043750802454
"39099",34.9,37.9804582561164
"39101",34.9,37.3540143144131
"39103",33.7,35.4665308093866
"39105",39.1,39.7952750254987
"39107",36.1,37.2138690443209
"39109",37.4,36.9511268098504
"39111",38.8,40.7500481193212
"39113",34.4,36.46624689954
"39115",39.3,40.2562925479823
"39117",35.7,38.4234444258549
"39119",37,37.7409585078633
"39121",41.9,40.588044839811
"39123",38.7,39.359716582232
"39125",36.6,38.5233435930013
"39127",37.7,38.1203993999152
"39129",35.2,36.0903467258925
"39131",36.4,38.4258016075833
"39133",33.8,35.7789690098419
"39135",36.6,38.2519352911531
"39137",36.2,36.6080335103059
"39139",34,37.9615259656098
"39141",35.5,37.3052525382769
"39143",36,38.0635436978222
"39145",38.8,38.1906531458536
"39147",36.3,37.4810977926871
"39149",34.9,36.7233605577655
"39151",35.6,37.5573103521113
"39153",35.7,35.8614810868709
"39155",39.5,39.0502133499378
"39157",36.4,38.300749795265
"39159",30.2,33.5157951842162
"39161",36.8,37.9686504547461
"39163",40.5,38.8043987137825
"39165",33.9,32.776511731026
"39167",38.6,38.8001136557572
"39169",35.4,37.8163604332371
"39171",35.7,38.5136191355434
"39173",32.1,34.5282267535485
"39175",36.4,37.804835549782
"40001",37,39.7668720494151
"40003",37.2,36.1144441113872
"40005",37.3,39.0396386710112
"40007",38.9,38.6520449203654
"40009",37.7,35.9985461600714
"40011",39,37.9327119855581
"40013",38.4,38.5613509366965
"40015",36.3,37.5683677303288
"40017",34.4,34.4706881025968
"40019",37.4,38.4062312284436
"40021",35.3,38.1381027737613
"40023",40.1,40.6881174263518
"40025",39.9,39.9150652745538
"40027",31.1,34.4481857159261
"40029",39.5,40.9750445324282
"40031",36.2,35.3902688165005
"40033",39.4,38.8769099752221
"40035",38.9,39.5203145426154
"40037",37.2,38.3844746373458
"40039",33.2,35.2891905699512
"40041",41.4,41.7276680171517
"40043",39,39.1973899785878
"40045",41.4,41.2383585104767
"40047",34.4,37.1538788465991
"40049",38.6,39.1244603136932
"40051",36.4,37.3385445356907
"40053",39.3,39.5240862150972
"40055",37.4,37.9032446736044
"40057",40.4,40.3969740198497
"40059",39.2,38.5941568972417
"40061",40.1,40.5612529100041
"40063",37.2,39.0363132604216
"40065",34.9,36.3902145146538
"40067",40.3,40.4805899510447
"40069",38,39.2777966684509
"40071",39.9,38.5600602622133
"40073",36.3,37.7961611153343
"40075",41,39.9851040512176
"40077",39,40.8814113139509
"40079",39.3,39.4976995251016
"40081",39.7,39.2484908426825
"40083",36.9,36.4886784097672
"40085",37.9,39.3118006634887
"40087",34.3,36.2351765633818
"40089",39.1,39.7656783434973
"40091",43,43.2047224722686
"40093",39.8,39.6212316511057
"40095",39.4,40.6566387163859
"40097",37.3,39.4376231848474
"40099",39,38.7016168193321
"40101",39,38.2148790220733
"40103",38.2,38.7749122549951
"40105",39.5,39.745904375943
"40107",39.4,38.9454399873361
"40109",38,35.108110699615
"40111",36.5,39.1023614467563
"40113",38.2,38.969175677153
"40115",39,39.3931711828811
"40117",38.6,39.2860307140073
"40119",30.9,33.9978882301383
"40121",38.8,39.2428366207216
"40123",38.6,37.5057189413719
"40125",36.2,37.927110629279
"40127",40.2,42.2840625394768
"40129",40.4,39.102711822717
"40131",33.7,36.8850586029343
"40133",39.4,39.9816215804953
"40135",40,39.7997678045996
"40137",39.9,39.487867935632
"40139",36,35.2932369945551
"40141",39.8,39.3616111840788
"40143",35.6,35.4091965803171
"40145",36.1,36.7260034877746
"40147",37.7,37.4547420543171
"40149",38.5,38.6507016548091
"40151",35,35.7082032117543
"40153",37.3,37.2003140505396
"41001",36.3,39.95314238352
"41003",28.3,33.1131038380699
"41005",31.2,35.2592112734126
"41007",32.1,39.0163862057617
"41009",32.1,37.6855593652582
"41011",33.8,40.6932906730751
"41013",36,39.7903894666839
"41015",38.4,42.9888960462239
"41017",32.2,35.9142917800626
"41019",35.3,40.4603598904744
"41021",37.2,42.1450516046849
"41023",37,42.9586156656439
"41025",35.1,40.8044896859186
"41027",31.9,35.3711047745535
"41029",33.5,37.9530632107941
"41031",32.3,38.0545256255625
"41033",35.7,41.106028905035
"41035",33.7,38.8659228401595
"41037",35.1,39.7040985934875
"41039",32.2,36.7558342526423
"41041",36.2,41.6052852818924
"41043",30.5,37.7126265928976
"41045",32.6,37.1360473945808
"41047",32.3,36.1387892645227
"41049",33.3,37.7991222088982
"41051",29.7,32.6184717188207
"41053",31.6,36.2204954430176
"41055",35.3,40.2615709983564
"41057",37,40.1793420079213
"41059",31.9,36.2429671859116
"41061",32.6,38.1929715297429
"41063",35.6,40.8244302749354
"41065",32.3,38.0558008402788
"41067",29.2,32.6219765665494
"41069",39.2,44.0461463347967
"41071",31.3,36.0696710943392
"42001",36.7,37.9720597441523
"42003",33.4,34.974120630058
"42005",36.5,39.2785914252115
"42007",36.8,37.8768051912959
"42009",36.3,40.0886680883767
"42011",32.6,36.350845238338
"42013",34.6,37.9802034383693
"42015",36.4,39.0788636801306
"42017",33.6,34.8083856280344
"42019",33.6,35.6519046715275
"42021",37.6,38.6976323002938
"42023",41,41.7991260587233
"42025",35.6,38.7823393394155
"42027",29.9,32.9073943376072
"42029",35,32.6169964191474
"42031",35.6,38.3334933758342
"42033",36.1,38.1120762856552
"42035",33.7,38.2153503753602
"42037",33.4,37.6601783184653
"42039",36.3,39.2410349912049
"42041",32.4,35.2312310712818
"42043",34,35.6656632830464
"42045",33.1,34.3776898601572
"42047",36.6,38.7705447394842
"42049",36.1,36.3131437814188
"42051",35.5,38.9006925676032
"42053",35.1,37.7251997788759
"42055",35.5,38.017398135494
"42057",36.3,39.2866843242768
"42059",35.5,37.52593409529
"42061",35.6,38.1727209959585
"42063",35.2,37.6046221558854
"42065",37.2,39.2211425950328
"42067",36.9,39.9469563391538
"42069",33.6,36.8428227610843
"42071",35.1,36.859601706451
"42073",35.3,38.9974992031115
"42075",35.3,37.9525571117553
"42077",32.9,35.4830737280237
"42079",33.5,37.4070532869552
"42081",34,37.6656414155869
"42083",36.8,37.879429920302
"42085",34.3,38.5986218603986
"42087",36.5,40.4513325783022
"42089",35.6,36.7491109792647
"42091",32.1,33.5057157975641
"42093",35.1,36.7782168534381
"42095",34,36.0857516809332
"42097",36.4,38.4750270489151
"42099",35.8,38.5765786369674
"42101",30.6,34.9553085906259
"42103",37.7,38.2787121181076
"42105",38.4,40.8088460589859
"42107",36.1,38.1368446365825
"42109",36.3,38.5982016998484
"42111",37.8,39.3033052304296
"42113",40.2,41.5079770978354
"42115",38.3,39.8940265475126
"42117",37,39.3321421567732
"42119",32.6,36.7277948157274
"42121",36.6,39.5641063891259
"42123",36.2,39.4493518881072
"42125",33.6,36.8937268691121
"42127",37.1,39.4717093194177
"42129",35.3,37.7415502833505
"42131",36.9,38.6535133114457
"42133",34.1,36.444435522672
"44001",34.3,34.0998067879619
"44003",34.8,35.92809906731
"44005",36.2,35.4958957256596
"44007",32.1,35.1019359568824
"44009",34.1,35.3420110964655
"45001",37.9,40.0917746170745
"45003",39,37.6891298605525
"45005",37.9,39.5254670314107
"45007",36.4,37.4812808727493
"45009",38.6,40.8773170292852
"45011",37.8,39.5432199406106
"45013",34.4,38.4521777914233
"45015",33.1,35.3941165794845
"45017",39.6,40.7424804469819
"45019",32.3,34.3471142878186
"45021",38.6,38.3195594474474
"45023",37.3,39.4819034026301
"45025",36.8,39.7935767142662
"45027",40.8,41.082893876736
"45029",41.3,40.2243322470569
"45031",37.1,38.9918517850718
"45033",40.5,40.010607710834
"45035",35.9,35.5722236140545
"45037",36.6,37.8270054206844
"45039",40.4,40.4254627568909
"45041",35.5,37.8845766643547
"45043",39.9,41.1472865344388
"45045",35,34.9956506166526
"45047",34.7,38.229424252249
"45049",36.6,38.7567637583197
"45051",40.6,40.3565328173894
"45053",38.8,39.3492142931745
"45055",37.3,38.1067825288093
"45057",38.7,37.930329209182
"45059",40.2,39.1562506140639
"45061",39.8,39.469724265259
"45063",36.2,35.8197483154173
"45065",42.3,43.7278685868672
"45067",37,40.8962710034411
"45069",37.3,39.4349213995855
"45071",36.5,38.6733539996258
"45073",42.8,39.4912380408547
"45075",39.9,39.8381701269337
"45077",33.5,36.4844296263383
"45079",33,33.9754480278721
"45081",38.6,39.2208365980729
"45083",38.4,36.807703323149
"45085",37.6,37.4320041128598
"45087",39.8,40.4582980489902
"45089",39,40.5810662082628
"45091",36,34.5147538706024
"46003",35.8,37.9664357867087
"46005",35.8,36.8950933423493
"46007",32.1,39.128870043284
"46009",34,37.0224269083115
"46011",29.6,32.6071627155205
"46013",35.7,35.8651121910658
"46015",36.4,37.8652100305161
"46017",31.8,38.7590373301311
"46019",37.1,39.1375360963437
"46021",39.5,39.6248776700489
"46023",37.6,38.9079765426577
"46025",37.2,39.8903978564083
"46027",27.6,33.3939998250553
"46029",33.3,37.2721629809453
"46031",34.2,38.0240015964702
"46033",41,42.0943079752571
"46035",36.5,37.9097459471296
"46037",39.1,40.6008381759626
"46039",36.6,38.6473230607779
"46041",33.4,36.9186761075664
"46043",37.2,41.4674543295767
"46045",36.5,37.6087566167558
"46047",40.7,43.2616702971108
"46049",38.6,41.2357709910763
"46051",37.8,38.800034106312
"46053",38.2,40.3998405452421
"46055",36.9,42.7778241948739
"46057",35,36.1465499579481
"46059",36.8,39.4461106507291
"46061",35.4,36.3193414134007
"46063",35.8,36.561259214236
"46065",34.5,35.260818393786
"46067",36.5,38.5664052496826
"46069",36,39.5091333536556
"46071",37.5,40.4549272376436
"46073",38.8,42.8291484668713
"46075",38,40.1611990135249
"46077",37.7,38.8376602534868
"46079",37.4,37.1110888425529
"46081",36.7,38.0535093085213
"46083",31.8,33.0660773291014
"46085",36.3,38.4280518060743
"46087",34.9,36.9186503453931
"46089",39.3,42.9759256632162
"46091",36.5,38.8261667129008
"46093",31.5,35.528813288392
"46095",35,41.4284052075896
"46097",37.6,40.586500193061
"46099",31.9,33.8402707622055
"46101",35.3,37.5609008828469
"46103",36.4,36.3975243122278
"46105",38.3,40.9659949471483
"46107",37.5,40.7937155332288
"46109",38.1,40.1485683874384
"46111",36.7,38.8127019638828
"46115",37.4,39.0112356127338
"46117",34.9,36.3771044263755
"46119",37.7,39.097061762464
"46121",30.7,37.8851245562066
"46123",38.3,40.0973596801486
"46125",37.5,38.3909906718699
"46127",34.8,35.6085068780373
"46129",36.8,38.8231085206282
"46135",35.5,36.8504914586725
"46137",31.4,38.6466945377996
"47001",39.6,38.249283598652
"47003",36.9,37.2615561042327
"47005",43.3,41.4426125935522
"47007",40.4,39.0789658522807
"47009",38.4,38.0302672090011
"47011",37.8,37.2699244427535
"47013",40.1,39.8924399245239
"47015",38.7,38.2754999570897
"47017",40.2,39.1788359652674
"47019",41.3,39.731688818768
"47021",37.7,36.7242534744972
"47023",37.8,38.6078110945438
"47025",40.2,38.9457634266911
"47027",43.2,41.9222071864017
"47029",41.7,40.9315536240807
"47031",37.6,37.4362746726557
"47033",39.2,39.3107505502537
"47035",45.6,43.1740161579638
"47037",30.9,33.2680232239398
"47039",42.7,41.0863503725615
"47041",40.3,38.2658188321298
"47043",36.3,37.524533415531
"47045",37.9,37.8855796043393
"47047",39.7,38.7390650465872
"47049",42.6,40.4105572287597
"47051",39,38.7024006928706
"47053",38.9,38.2316329986849
"47055",40.6,39.3143491371962
"47057",41,40.0120079911471
"47059",39.9,39.8036705297739
"47061",39.5,40.4498111598759
"47063",37.9,38.3126634873673
"47065",35.2,36.0763610013957
"47067",42.8,41.8565160122364
"47069",38.7,38.3931796035985
"47071",43.2,41.1661214995823
"47073",41.3,39.7508160254816
"47075",40.7,40.1821918493321
"47077",39.8,39.3978111422789
"47079",42.6,40.6300863462039
"47081",37.3,38.3613225454746
"47083",39.6,40.1882103868496
"47085",39.1,39.3129817348059
"47087",42,40.6210344091963
"47089",37.9,38.6227480017201
"47091",41.8,40.2338158932776
"47093",36.4,34.7009798600057
"47095",37.6,36.6898838583128
"47097",37.1,38.0919960192753
"47099",40,38.9829140693271
"47101",40.7,40.5799399463801
"47103",40.9,38.6626084577367
"47105",42.1,40.0471839200655
"47107",38.1,39.1864608263767
"47109",40.7,40.3409033531592
"47111",38.5,38.6815559406649
"47113",37.2,37.3078991464862
"47115",40.5,39.3736777246117
"47117",37.2,37.1659537450736
"47119",38.4,36.6174739920809
"47121",40.8,40.6856517109612
"47123",42.8,40.0647148226734
"47125",32.6,33.1549595288552
"47127",40.5,38.6571217742848
"47129",39.7,38.5855353566588
"47131",41,39.3341868331684
"47133",41,39.4173364854844
"47135",41,41.3564086132957
"47137",43.8,42.1051432829087
"47139",40,40.6018329078073
"47141",36.7,36.2921457543182
"47143",39.3,38.7316696791029
"47145",41.4,39.373848307247
"47147",36.1,36.5512201761503
"47149",33.7,33.4290812024284
"47151",40.5,39.3771467462369
"47153",42.5,39.3899768552392
"47155",39.8,39.06072657684
"47157",33.2,35.3164548601707
"47159",38.9,37.7722766824425
"47161",40.4,39.7314365154127
"47163",40.5,38.5819353548976
"47165",36.3,35.6848529641452
"47167",36.7,36.8124743948236
"47169",34,34.9493793719265
"47171",41.9,39.9572210859061
"47173",40,39.1256585936763
"47175",43.3,42.2250756154889
"47177",38.9,38.9754352576247
"47179",36.1,36.5405107388809
"47181",39.5,38.7872544856199
"47183",38,38.5698534827543
"47185",40.7,40.3109478107141
"47187",33.6,30.8475908464515
"47189",36.4,34.8113661547183
"48001",36.5,36.0568659615373
"48003",34.7,35.8211718607464
"48005",39.8,38.3910027073314
"48007",42.4,41.3892646848084
"48009",39,39.0384101680063
"48011",39.4,41.9154265478861
"48013",36.8,38.5517291118558
"48015",37.7,38.5864302786671
"48017",36.6,38.7255603169783
"48019",42.6,41.6510993188422
"48021",37.3,37.4129008729148
"48023",40.8,40.6818701464392
"48025",34.9,35.2408616261283
"48027",32.4,34.8300252874727
"48029",35.3,34.9254318546151
"48031",41.3,39.8078007310081
"48033",40,36.5141635345984
"48035",41.1,41.5980057632585
"48037",37.5,37.6695977516249
"48039",36.1,34.2900650206489
"48041",28.7,32.2676131687996
"48043",39.5,37.4435657933603
"48045",42.6,43.5694194185591
"48047",39.5,40.7943727756375
"48049",38.9,39.2891046587374
"48051",38.9,39.7694815504886
"48053",38.7,39.5828197119367
"48055",35.8,38.4879649119143
"48057",38.5,37.8652452070718
"48059",38.3,39.2922460558072
"48061",36.4,38.1174208302208
"48063",39.2,39.7945780865312
"48065",38.4,38.7180186435935
"48067",41.2,40.7093786955996
"48069",37.4,38.3374029355315
"48071",34.2,35.6257189622033
"48073",38.1,39.1988560343386
"48075",34.8,34.902576912929
"48077",40.5,39.6947854297226
"48079",39.3,40.0526763670926
"48081",41.8,42.118371319783
"48083",42,42.0705923434513
"48085",33.8,31.1181941102176
"48087",39.8,41.0532667703791
"48089",39.9,39.694700114101
"48091",38.3,35.6570713638474
"48093",40.9,40.8360737243705
"48095",41.8,40.5996821242014
"48097",38.4,38.4342475006256
"48099",30.1,35.2189389168489
"48101",42.6,39.9707047551547
"48103",35.4,37.5089644214917
"48105",38.3,40.0961843972498
"48107",38.8,40.2461886472462
"48109",41.8,39.0843843132613
"48111",36.8,35.7872377211101
"48113",33.5,34.6257712890059
"48115",36.4,36.845499677597
"48117",36.3,37.8700195897449
"48119",39.4,39.5973624576623
"48121",34.5,31.8603643885907
"48123",40.2,39.3555634997621
"48125",42.7,41.4653285680239
"48127",40.2,39.4885101660738
"48129",39.2,41.6839074568378
"48131",38.6,39.5040776210227
"48133",40.7,39.5704834005895
"48135",33.2,35.6608494667575
"48137",44.7,40.5756794227565
"48139",35,35.488076779458
"48141",33.6,36.2211865920941
"48143",34.6,35.8242852855244
"48145",38.4,40.230490468783
"48147",37.4,37.8920270060047
"48149",41.7,40.5791246922316
"48151",40.5,40.1188076851677
"48153",38.7,40.1476592410707
"48155",43.2,45.5651405722978
"48157",35.2,32.2205398396943
"48159",38.5,38.3170945076147
"48161",39,38.6667559380292
"48163",35.1,35.3643561168059
"48165",34.3,37.4302218968134
"48167",33.9,35.2321843822279
"48169",33.4,36.4113761168244
"48171",41.1,41.0941237516659
"48173",36.6,32.6932035746872
"48175",40.3,40.7977191381567
"48177",38.9,38.9827046924209
"48179",38,37.6354279221782
"48181",37.1,38.2182576970481
"48183",36.2,37.3807825610862
"48185",38.8,38.2045605960571
"48187",34.7,35.2629808435598
"48189",36,37.6485760467499
"48191",41,41.7482539876205
"48193",42,40.9198489837258
"48195",38.3,35.1149821825001
"48197",39.3,39.3733917397633
"48199",39.6,38.5702279765635
"48201",33.9,34.6032777256504
"48203",37.1,38.2214428892257
"48205",35.4,36.2723245969013
"48207",39.7,40.2032377466427
"48209",33.7,33.3456925394676
"48211",36.9,36.8497422026428
"48213",40.7,40.5816160466067
"48215",36.5,37.4981328035652
"48217",39.3,39.9889368293777
"48219",36.7,37.9684291028257
"48221",40.1,39.6422723982388
"48223",38.3,38.8167125164152
"48225",39.9,39.9903454667097
"48227",36.6,35.6159197575061
"48229",34.8,36.8381850954387
"48231",38.2,37.7102307391843
"48233",38.1,38.0075567121393
"48235",39.6,40.4483030955537
"48237",37.6,37.8695556246109
"48239",39,39.712916154972
"48241",41.6,41.2680241027726
"48243",46.9,46.044618720486
"48245",35.1,37.2567790951195
"48247",40.9,36.4961251988888
"48249",38.5,38.7457071346901
"48251",35.8,36.5877045599165
"48253",35.2,36.4724433002809
"48255",35.6,35.9103123873705
"48257",33.4,35.2679317410375
"48259",38,35.5504658588685
"48261",41.5,44.8787746022178
"48263",40.5,43.6247697192123
"48265",42.2,41.3500536805625
"48267",43.4,41.3210128863035
"48269",42.2,35.3439042148868
"48271",39.7,38.5827750870077
"48273",34.2,36.532466334949
"48275",39.9,39.9256195868518
"48277",38.6,39.388932621287
"48279",38.7,39.9507143760903
"48281",38.6,39.0624526753893
"48283",33.5,38.1479445260695
"48285",41.1,40.3529495613547
"48287",39.7,39.8021338373046
"48289",42,41.8276538086722
"48291",36.7,38.6102808347571
"48293",39.6,40.1017309145171
"48295",38.7,39.1879942355024
"48297",39.1,40.4468248517198
"48299",43.2,44.3522603717391
"48301",33.5,45.0180930633882
"48303",35.2,34.7448337676172
"48305",39.5,37.0616852687971
"48307",40.8,40.1597757064423
"48309",35.3,36.39520648298
"48311",41.6,41.5540634940453
"48313",34.7,36.6356426564444
"48315",42.8,42.4805125686299
"48317",35.3,35.6394674444164
"48319",41.4,41.1044343767292
"48321",38.5,38.275292391433
"48323",36.2,37.7020860346445
"48325",36.4,37.2632016085005
"48327",44.4,45.9930440715262
"48329",33,33.9190589287678
"48331",39.8,39.8595705603167
"48333",41.4,41.1379844733296
"48335",35.2,37.7848658598897
"48337",39.9,40.4164313150681
"48339",34.8,34.3271593313929
"48341",36,36.6664243949991
"48343",39.2,41.1149790047055
"48345",42.4,43.4259592908134
"48347",35.2,37.3715834647097
"48349",38.3,38.5085390091005
"48351",42.3,42.9428690383201
"48353",39.3,39.3879033819416
"48355",35.8,37.0004761608365
"48357",36.2,36.2466897562052
"48359",37.1,34.4542106409494
"48361",38.8,37.77017980694
"48363",39.5,39.7871059937953
"48365",39,40.2603470334374
"48367",37.9,36.0761921995795
"48369",37.8,37.9274638789056
"48371",36.2,36.8446608385849
"48373",39.8,39.0992984980512
"48375",38.1,37.1548873526214
"48377",43.4,42.5280424668014
"48379",41.7,40.9402897417517
"48381",35.6,35.1552229448787
"48383",34.4,35.1352287123675
"48385",44.7,45.9846060140729
"48387",42,42.9532437141816
"48389",35.9,35.3040035391246
"48391",40.8,41.6528754196479
"48393",38.8,36.287318724566
"48395",39.6,39.5053019701168
"48397",35.1,32.581806827454
"48399",39.5,39.2867859542065
"48401",36.7,37.8125754070078
"48403",44.9,43.3433395912953
"48405",43,44.6644398339378
"48407",41.1,41.2421441908131
"48409",36.4,37.311545210554
"48411",39,40.2148871136278
"48413",38.4,43.7175027605701
"48415",36.5,36.8307926778933
"48417",38.9,37.8553465043441
"48419",39.2,39.9875768173301
"48421",37.7,38.0543072508808
"48423",37.7,37.4980523299835
"48425",38.9,37.836209151964
"48427",36.5,39.0175943675093
"48429",38.3,38.5378466802618
"48431",35.7,36.5065104889819
"48433",41.6,40.0779315007245
"48435",39.8,37.1348524868671
"48437",37.8,37.9965959855197
"48439",36.6,34.3523644147904
"48441",33.7,36.1454553731964
"48443",44.7,41.4274868674472
"48445",38.3,37.9048724897787
"48447",42.2,41.9236332572689
"48449",38,38.2196590691462
"48451",35.4,36.5767889934104
"48453",32,30.9923241692511
"48455",42.4,42.586504695166
"48457",40.1,40.2242843894437
"48459",38.3,39.2750176864506
"48461",37,39.2395244800795
"48463",37,38.3516051543675
"48465",35.7,36.7364462465161
"48467",40.5,40.0448980543299
"48469",37.8,37.9890634057289
"48471",34.2,35.0992691104318
"48473",32,35.9465924415611
"48475",36.9,37.0095172040331
"48477",37.6,38.7289603210805
"48479",36,36.4096301931292
"48481",38.2,38.6969144574964
"48483",40.4,40.3143241322105
"48485",36.2,36.101662907127
"48487",39,38.2984636834505
"48489",37.8,38.7622124556838
"48491",34.4,32.5339119453302
"48493",37.3,36.9628214990579
"48495",36.2,37.5986519671109
"48497",37.8,37.3197002630332
"48499",41.8,41.6443371145907
"48501",35.4,37.5037557280688
"48503",38.9,39.5545338907706
"48505",37.2,39.2697835282394
"48507",39,37.8978907891169
"49001",33.3,34.9602295110924
"49003",33.3,34.5131889059792
"49005",28,31.9483120335718
"49007",38,37.956657182252
"49009",38.3,36.7089256054735
"49011",31.3,31.9150029680087
"49013",30.8,36.8383984718293
"49015",34.9,38.0010491349307
"49017",36.4,39.2042806156975
"49019",34.9,37.0398404802535
"49021",31.9,34.5722788407795
"49023",31.6,34.7440752457657
"49025",37.1,38.4692700345141
"49027",34.8,37.1837159330556
"49029",31.8,32.7041745848346
"49031",39.2,43.1635708381934
"49033",34.9,37.1176499053509
"49035",30.1,32.7711636690744
"49037",30.2,38.341548415685
"49039",31.5,35.5783667659143
"49041",36.5,36.7577610509266
"49043",32.2,31.3256594429133
"49045",28.5,33.3040366184361
"49047",29.3,35.7770403640006
"49049",26.9,30.7043828384607
"49051",29.6,32.1355144497371
"49053",35.4,37.7000947011038
"49055",35.7,39.3643161897734
"49057",31.4,34.0176736937506
"50001",31.7,36.3323497049909
"50003",34.3,37.4621799214525
"50005",31.6,37.7340531632522
"50007",26.7,32.4389328834622
"50009",35.8,40.8540681894046
"50011",32.4,36.1133367335173
"50013",31.8,36.2455964062369
"50015",29.2,35.2771463111786
"50017",33.6,37.4781801467612
"50019",32.6,38.3999234946089
"50021",32.6,37.9139638815615
"50023",33.8,35.2185653472582
"50025",30.4,37.5351847018341
"50027",34.6,37.6719517723463
"51001",41.3,41.098037458432
"51003",36.7,33.9020744509483
"51005",42.4,40.8371625539201
"51007",41.1,38.9895311898014
"51009",39.5,39.1416626237827
"51011",39.5,39.4134539256303
"51013",33,28.1024935344173
"51015",38.2,38.3279340842077
"51017",44.3,42.358441583909
"51019",39.8,37.8962344774855
"51021",41.5,38.881652206064
"51023",41.6,38.3972802707433
"51025",39.1,39.2029661865859
"51027",43.5,40.7965115315204
"51029",39.6,38.7900218643339
"51031",41.6,38.2536074036286
"51033",36.8,37.0018354678319
"51035",41.1,41.4445967836932
"51036",42.2,41.1904560100574
"51037",41.4,40.2012719387584
"51041",36.7,33.9836288623068
"51043",40,37.2624986022375
"51045",41.7,38.4490278616368
"51047",38.2,36.3549707912804
"51049",41,39.8023769465305
"51051",43.5,40.8843134743474
"51053",40.1,38.0107471564098
"51057",42.8,41.2948788604503
"51059",36.8,30.8212211303084
"51061",36.3,34.9481925049437
"51063",40.5,40.024041277535
"51065",38.4,37.4100527381824
"51067",41.8,39.8235292579082
"51069",37.1,36.4272094116953
"51071",39.9,39.0976267768212
"51073",38.1,37.3948047765226
"51075",38.7,36.6564716581307
"51077",41.4,41.3229917491353
"51079",39.2,37.2491162979649
"51081",37.3,35.6585859178178
"51083",43.9,41.2197280003886
"51085",36.9,34.9068412892956
"51087",39.8,33.9789424683584
"51089",43.3,41.1615990393814
"51091",45.9,44.5867131212217
"51093",38.4,36.8871146130192
"51095",37.4,36.9430838502413
"51097",40.5,39.052744860913
"51099",35.2,33.9233193096059
"51101",37.7,36.6083033760088
"51103",46,44.7325828533987
"51105",44.1,40.5879241184071
"51107",36.2,29.1635232458996
"51109",39,38.1305619463906
"51111",40.3,40.4585009611274
"51113",40.8,39.4137653699602
"51115",42.5,41.9018953632861
"51117",41.9,40.9423903527028
"51119",45.6,42.550891727726
"51121",30.6,32.4861978541865
"51125",42.7,40.791847987659
"51127",37.6,35.5306505317104
"51131",42.8,41.5016609798875
"51133",44.9,44.2463696480262
"51135",38.6,38.31321625438
"51137",38.3,37.5130488460623
"51139",40.2,39.7963438467076
"51141",44.8,41.4242081650574
"51143",41.3,40.5354097973176
"51145",39,36.073007303176
"51147",33.2,36.0440993177056
"51149",34.3,33.6398589861808
"51153",33.8,31.900659459502
"51155",40.6,38.7624649196081
"51157",41.4,39.7859314044114
"51159",38,37.557373589198
"51161",38,36.6636956260027
"51163",40.8,39.8909282471134
"51165",38.6,37.4521824927559
"51167",41.8,40.4544232145353
"51169",42.2,40.9173958026902
"51171",39.4,39.1024057366467
"51173",42.5,39.8957515479767
"51175",40,38.4184208948217
"51177",38.2,34.691299151448
"51179",35.3,31.8845703565813
"51181",41.9,39.7972173502761
"51183",36.3,37.156269695133
"51185",41.2,39.9060350159714
"51187",38.4,37.0385291625173
"51191",43.4,39.5347398785072
"51193",41.4,41.4884944920706
"51195",38,38.2403288007278
"51197",41.5,39.223214737216
"51199",35.8,33.1610020667948
"51510",31.9,30.3884326559677
"51520",39.6,39.905044182345
"51530",37.2,37.6770722061973
"51540",32.2,31.3969016468422
"51550",34.4,33.9084753539965
"51570",38.2,37.3104399737056
"51580",39.9,39.1497986561081
"51590",40.4,39.7569188807633
"51595",39.8,38.3878662402629
"51600",35.8,31.4410068152245
"51610",35.8,28.302593406872
"51620",38.6,37.3361957866771
"51630",29.7,33.0188632715689
"51640",39.5,39.8381718656516
"51650",35.3,35.8608591932936
"51660",31.3,33.4518412821757
"51670",37.5,37.6572814980702
"51678",29.7,29.4841033855914
"51680",31.8,34.5878596447141
"51683",34,33.7166238744494
"51685",33.4,34.3966342865453
"51690",39.9,38.2099394273731
"51700",35.3,34.9361085625659
"51710",30.6,33.9165861374527
"51720",39.3,39.9946512036179
"51730",37.1,38.0051222749648
"51735",37.2,35.0322376214258
"51740",33.7,36.47099781136
"51750",28,32.6267228483313
"51760",31.6,33.8655803365345
"51770",38.2,37.0202176701611
"51775",40,36.4265556296043
"51790",37.5,37.6888899684374
"51800",36.7,34.8552655785752
"51810",38,33.8671101653694
"51820",38.1,36.6185866240072
"51830",31.7,33.8651807370113
"51840",36.8,35.8839083591204
"53001",31.6,36.5032438562866
"53003",36.4,39.1296848207585
"53005",35.9,34.8596952705088
"53007",34,37.1885975531524
"53009",38.5,40.937420384579
"53011",31.3,35.0748617239945
"53013",37.6,40.797690300808
"53015",35,38.0141999808318
"53017",33.4,37.0932284721985
"53019",39.2,42.0843952072959
"53021",30.3,34.5385938157505
"53023",39.7,40.3567067568833
"53025",33.4,36.6652659317868
"53027",39.1,39.0451923668215
"53029",36.2,38.0764353220841
"53031",40.2,42.6102933904432
"53033",32.1,31.3330543229041
"53035",32.8,35.2583442909643
"53037",30.7,35.0796965084161
"53039",34.6,38.6795726959861
"53041",36.6,38.5509636563096
"53043",35.6,39.843147392117
"53045",35.7,39.0132045636416
"53047",37.1,39.6669186391837
"53049",39.8,42.4033742129364
"53051",37.4,40.4627265034105
"53053",32.7,34.4866711711428
"53055",37.3,40.7134598703168
"53057",34,37.6690069304267
"53059",35.3,38.4462061137158
"53061",34,33.7817822760871
"53063",33.8,35.295792899271
"53065",36.1,40.0527745750849
"53067",33.5,35.3209460845763
"53069",42.7,42.9009798072796
"53071",32,36.6582871326497
"53073",32.3,35.4793347391664
"53075",25.5,31.5298093228274
"53077",33.1,36.684900036725
"54001",40.4,40.0454737884078
"54003",36.1,35.6859553648799
"54005",43.5,39.7661398640411
"54007",43,41.3039016610592
"54009",40.3,39.3659071688464
"54011",36,37.1616619022779
"54013",44.9,43.0306263664118
"54015",44.4,40.1191881507597
"54017",40,38.6684744614455
"54019",41.9,39.7858792558834
"54021",38.5,35.4346053580753
"54023",42.4,40.8804674344767
"54025",40.6,40.1757904985377
"54027",41.1,40.8527410199313
"54029",39.7,40.1443528904294
"54031",40.6,39.6948385509622
"54033",42,37.7152504200906
"54035",43.2,38.9291913238695
"54037",35.3,35.5433279268604
"54039",42.7,37.8420302273935
"54041",41.7,39.0188040082346
"54043",43.2,40.0313062426247
"54045",43.1,40.1783029133961
"54047",45.1,41.7816532446231
"54049",36.4,37.6301589963117
"54051",40.7,39.2078769494939
"54053",42.9,39.673318318844
"54055",39.4,39.4222789402048
"54057",38.2,38.8115728469137
"54059",44.1,40.5957595807239
"54061",31.1,32.1230343827574
"54063",43.7,41.2586137132346
"54065",41.5,40.1486588756652
"54067",39.7,39.6448844316242
"54069",39.1,37.5529351956903
"54071",45.4,41.645957754174
"54073",40,37.4606760819846
"54075",43.3,41.2677194922367
"54077",38.4,38.2682814178939
"54079",39.8,36.5898600910736
"54081",42.6,38.5953439453143
"54083",39.3,39.1304552474067
"54085",42.5,40.6883241881889
"54087",43.4,40.3598821838175
"54089",42.6,41.8315008858095
"54091",41.7,38.723124561828
"54093",42.4,40.4415554485641
"54095",42.9,40.0297859572733
"54097",39.1,39.1715804160843
"54099",42.6,39.5064801731639
"54101",44.1,41.0193665459244
"54103",40.4,40.0981531813281
"54105",43,39.7350399574135
"54107",40.1,38.4474398100543
"54109",43.9,40.756611730081
"55001",42.8,42.1681955498783
"55003",38.5,38.1486070668143
"55005",37.2,39.2253562502219
"55007",40.5,40.215032284822
"55009",34.6,34.8468148976881
"55011",38.4,39.2526746264361
"55013",41,41.8585421007142
"55015",36,34.545115702739
"55017",37.9,36.7209318677467
"55019",37,39.3772635119635
"55021",34.1,36.8206103037006
"55023",39.3,39.8623575199847
"55025",30.4,31.8214741408848
"55027",36.7,36.6899361346312
"55029",40.3,40.3858686824419
"55031",35.7,36.855727833983
"55033",32.6,35.6403301720945
"55035",33.9,34.9633417137315
"55037",41.5,40.7751510638749
"55039",36.4,37.2152848665299
"55041",39.4,40.9401917519708
"55043",33.3,36.8243452740957
"55045",37.3,36.9723340860704
"55047",39.5,39.3494231877132
"55049",36.2,36.8081200272585
"55051",42.1,41.9393755202897
"55053",36.9,37.9796208425788
"55055",34,35.9139730193289
"55057",37.5,38.5728119936033
"55059",34.1,34.9531327112444
"55061",37.2,38.2123935656679
"55063",31.3,35.1291141590775
"55065",36.3,38.6070037243071
"55067",37.7,40.0947209219899
"55069",37.6,39.0476453388854
"55071",38.2,37.904803272128
"55073",36.3,36.505573292498
"55075",39.2,39.674363548629
"55077",38.8,40.7896367733577
"55078",34.4,38.3744992860802
"55079",33,34.6730908460541
"55081",36.2,37.2733306492902
"55083",39,38.8527925396804
"55085",40.9,39.8394731181456
"55087",34,34.7657721114964
"55089",36.2,34.4515029043065
"55091",37.6,39.1595060630491
"55093",32.8,35.1624836715298
"55095",38,38.4816123971826
"55097",34.4,35.3161669425351
"55099",40.9,41.4063675470115
"55101",37.6,35.9303216558532
"55103",38.1,40.3354552406617
"55105",32.8,36.2450796466251
"55107",40.9,40.4699546544886
"55109",33.5,33.9053590641392
"55111",36.8,37.1396560175938
"55113",38.4,40.071616146251
"55115",37.7,39.0340779022854
"55117",34.2,36.317339535472
"55119",38.9,38.6525330839419
"55121",37.4,37.9556529549315
"55123",37.7,38.8620503315684
"55125",41.2,41.2615994196909
"55127",36.1,36.2443332363838
"55129",41,40.7946841474337
"55131",36.1,35.5411741278725
"55133",37.6,34.2697606227437
"55135",38.4,38.308936970777
"55137",41.2,40.3494710037532
"55139",34.7,35.2690277208965
"55141",36.2,38.2326606081262
"56001",27,31.2274136731612
"56003",35,39.6027352123637
"56005",29.7,35.0072260133826
"56007",34.7,37.4353315564727
"56009",32.4,37.1505535119978
"56011",35.2,38.7635574472764
"56013",34.7,38.6339640458609
"56015",35.3,38.4232101171065
"56017",37.5,40.3069104739525
"56019",37.3,39.4811299916805
"56021",30.5,35.4745626350027
"56023",35.1,37.7115253992715
"56025",32.4,35.9696779269729
"56027",35.4,41.9372534188361
"56029",34.8,38.7864441528168
"56031",36.4,41.3883520305482
"56033",33.5,37.7027491356224
"56035",34.9,38.3481296792274
"56037",32.2,35.6938027277893
"56039",30.6,32.5965009826205
"56041",33.2,36.7414184595659
"56043",35.7,39.0275907476525
"56045",34,39.1097771490714
