"county_fips","per_arthritis","pred_outcome"
"01001",34.5,27.0807744002857
"01003",34.6,28.6685363235485
"01005",37.1,32.4973671682915
"01007",33.9,30.5180910099267
"01009",34.6,31.0148842585557
"01011",35.3,30.7431818567286
"01013",38.1,34.4675469579196
"01015",35.4,30.0551974071828
"01017",36.8,32.6127929785901
"01019",43.6,33.840554597216
"01021",32.7,30.8877706285738
"01023",41.8,36.2433962712417
"01025",37.3,34.2194666058715
"01027",36.6,34.2368808322247
"01029",37.4,31.6466249767851
"01031",33.2,28.9133797243093
"01033",36.1,31.511494726159
"01035",38.7,35.0697307159249
"01037",42.2,34.7312705120486
"01039",40.3,33.2310870016568
"01041",36,32.6597990965664
"01043",34.7,30.4155719031664
"01045",35.6,29.9548014852186
"01047",38.5,33.8562409793517
"01049",38.3,31.0211738325964
"01051",33,27.9668307467434
"01053",37.6,31.7468893787576
"01055",35.2,30.5758796405196
"01057",39.5,34.0867599974415
"01059",37.9,30.1127616582433
"01061",40.4,33.3236256587018
"01063",41.7,36.6541279455922
"01065",38.6,34.7167370728917
"01067",37.4,33.4458177378288
"01069",33.7,29.6088042362887
"01071",38,32.533989293508
"01073",31.6,26.5788581919898
"01075",38.6,34.5403158639605
"01077",34.1,30.0373394380201
"01079",38.9,31.9959102316709
"01081",28,24.295134228388
"01083",33.3,26.6665970706399
"01085",39.5,34.6374837216151
"01087",34.5,33.3985431479749
"01089",28.1,23.6896155664947
"01091",38.9,32.6415466446248
"01093",38.9,33.1465351628241
"01095",35.4,29.1023867723152
"01097",33.3,28.4577403125094
"01099",40.5,33.9128540754172
"01101",32,27.0298099831362
"01103",34.6,28.4138772876136
"01105",39.3,37.2864594497217
"01107",37.1,34.1900935545774
"01109",28.7,29.2882726152288
"01111",36.7,33.2562524714574
"01113",32.7,29.8640717337761
"01115",34.7,29.6525925819273
"01117",29.2,23.9496578669026
"01119",34.5,34.6790518594321
"01121",40.3,31.6136219284995
"01123",39.7,33.2752903174201
"01125",30.1,26.6247680213192
"01127",37.2,31.5813649652507
"01129",40.3,32.8484693379935
"01131",42.2,36.394085104824
"01133",39.3,33.3041302944197
"04001",32,30.5514400194635
"04003",29.9,30.4213548130564
"04005",23,24.1669242737146
"04007",37.1,35.5319383295218
"04009",24.5,27.8444876582415
"04011",24.5,27.7483500407244
"04012",40.3,40.614411764174
"04013",24.1,24.3416936991864
"04015",38.4,35.8187989931744
"04017",30.1,31.1511663907466
"04019",26.4,27.5869730606992
"04021",28.6,28.6186201944726
"04023",24.7,29.3217014313269
"04025",35.3,34.2384937427682
"04027",26.4,29.1175848818812
"05001",35.3,32.0589957794165
"05003",37.1,34.7301680848479
"05005",40.8,36.9272399037526
"05007",25.7,23.4655830943139
"05009",35.7,31.9004208801856
"05011",36.2,31.1336411316626
"05013",34.6,33.1696641045454
"05015",35.7,31.7031118500179
"05017",40.4,33.2524079162342
"05019",28.7,29.697398739336
"05021",36,33.964567145029
"05023",41.4,35.1656884157293
"05025",40.7,34.8805620188563
"05027",30,31.5742328530469
"05029",36.8,32.1373881650745
"05031",30.2,26.9944414883631
"05033",31.3,29.8765716202635
"05035",32.3,29.5326616024086
"05037",37,32.2036218087607
"05039",37.2,34.3383908104085
"05041",37.6,33.2480544989522
"05043",38.4,30.9351467088277
"05045",27.5,25.9698421123159
"05047",36.5,33.9088489254625
"05049",42.4,34.7707915763707
"05051",35,32.1338538409042
"05053",32.2,30.6071195525364
"05055",33.1,29.6011246993005
"05057",37,31.9065688025299
"05059",35.9,30.933677460242
"05061",33,31.7083415401581
"05063",38.1,30.6602382332076
"05065",36,34.2967866835999
"05067",34.4,31.9494334747095
"05069",33.3,30.1829815347255
"05071",36.4,31.3080490241382
"05073",43.2,35.6525667770012
"05075",38.4,31.8059042633517
"05077",35.3,32.4073455673131
"05079",29.2,26.6583423148529
"05081",35.7,32.9372598071227
"05083",36.9,32.455119025387
"05085",33.4,27.5953762707513
"05087",38.3,32.5193383432491
"05089",41.7,37.3792436169922
"05091",34.2,30.0975929177679
"05093",35.3,30.1896599369939
"05095",39.9,35.5450838704173
"05097",40.6,35.1167397369805
"05099",38.2,35.8122539464494
"05101",40.6,35.1101950695781
"05103",35.3,33.2775144381696
"05105",35.2,32.7295403781766
"05107",39.9,34.950576166581
"05109",35.9,32.7282171737079
"05111",38.4,32.781913906751
"05113",37.6,33.5683544240515
"05115",34.1,28.8273617649807
"05117",37.5,33.5974614179483
"05119",29.1,26.3876000261946
"05121",36.1,32.1868512009274
"05123",34.8,30.4567477536739
"05125",30,28.2372241365817
"05127",36.5,31.6857576905732
"05129",40.1,37.1243208433486
"05131",31.1,27.7585173285043
"05133",28.6,28.4811608224981
"05135",42.4,36.0052397708352
"05137",41.9,37.1942852185651
"05139",32,31.5918654088923
"05141",40.9,36.21143542787
"05143",25,23.4119898225364
"05145",33.2,29.4068504444157
"05147",38.7,35.2833409771821
"05149",34.6,30.6018073619202
"06001",20.5,22.3666339922345
"06003",26.9,28.5834074781223
"06005",30.3,32.0341147603741
"06007",25.1,28.2159681842251
"06009",31.9,35.3717529242826
"06011",23.7,27.8604413359641
"06013",23,24.0564569200533
"06015",29.5,29.0920268153106
"06017",30,28.2777834432639
"06019",22.2,26.5485653474842
"06021",25.8,28.898303870616
"06023",26.9,29.0712855981709
"06025",21.3,28.0218874242543
"06027",28.7,30.4201454220043
"06029",21.1,26.2327665806274
"06031",21.4,24.5507524355531
"06033",29.7,32.4816029468273
"06035",24.7,25.4890872893813
"06037",19.3,24.4796630532315
"06039",24.8,29.2653986619797
"06041",26,24.752874274684
"06043",33.1,35.0203262504494
"06045",28.5,31.6968089211414
"06047",23.5,26.8452065764272
"06049",32.8,35.785986454431
"06051",24.3,23.3255504211398
"06053",22.9,25.0810877060678
"06055",26.8,26.5508319197646
"06057",32.5,31.4340785736886
"06059",21.1,23.5118691317084
"06061",25.6,26.2834334543211
"06063",33.9,34.8353617279747
"06065",25,26.0843015538759
"06067",25.5,25.6558790956105
"06069",19.5,25.7075791011531
"06071",22.2,25.2660183966562
"06073",22.7,23.2015673227147
"06075",19.2,21.5048812918252
"06077",20.9,26.4176318765034
"06079",24.9,27.4281331715262
"06081",20.1,22.6956953168237
"06083",21.4,24.7796943914993
"06085",18,20.6264673280074
"06087",22.8,25.2304670615363
"06089",29.4,30.4933003373152
"06091",37.8,36.3069119189461
"06093",32.7,34.1541128495967
"06095",22.9,26.484408358468
"06097",27.3,27.2136929075498
"06099",24.4,27.0990617233707
"06101",24.5,27.8012164642609
"06103",30,31.5170719693763
"06105",34.6,35.069023822459
"06107",22.1,27.1000595095176
"06109",32.5,32.6104987816163
"06111",24.3,24.8098142025288
"06113",19.4,24.226104736119
"06115",22.5,27.161110114075
"08001",21,22.7122501884921
"08003",23.6,26.7907767618648
"08005",22.3,21.7454644141127
"08007",31.3,29.5983408815368
"08009",37.9,34.5880898666742
"08011",27.2,27.723073178056
"08013",23.7,20.724954365764
"08014",23.1,20.0901216639687
"08015",31.9,28.7009512587856
"08017",30.9,31.0677230747009
"08019",27.8,25.4101289008573
"08021",29.9,29.8726958454408
"08023",32.9,36.0373131167596
"08025",22.9,25.4028458905355
"08027",35.4,32.9544437692619
"08029",32.1,32.9593299802428
"08031",19.3,19.7481130881564
"08033",30.6,36.3134976968759
"08035",21.1,19.1899781062312
"08037",22.2,19.3166216390831
"08039",26.6,27.0987982480616
"08041",24.7,22.4178922817104
"08043",29,28.068028456014
"08045",27,21.9954661102212
"08047",29.3,24.3452030065954
"08049",26,26.0465902162069
"08051",21.8,20.141424110616
"08053",32.1,34.0587331050557
"08055",34.1,36.1979479145353
"08057",34.4,35.8272253532517
"08059",26.3,22.9750425644513
"08061",34.5,34.2694181658305
"08063",29.9,29.6438352675876
"08065",20.9,21.0826971897051
"08067",27.2,25.3425619775437
"08069",24.4,23.1358730303736
"08071",33.8,32.9683697335787
"08073",28.6,25.8768424403114
"08075",27.6,27.526475119682
"08077",26.4,27.5451687887423
"08079",33,27.9421481205874
"08081",28.5,27.2382727710887
"08083",32.1,30.4040249708872
"08085",31.8,30.3316347016154
"08087",26.3,27.1471774714927
"08089",31.1,32.1479248501117
"08091",32.5,31.6689366910999
"08093",31,27.8992852673458
"08095",31,30.4245969513729
"08097",25.2,22.6054128351212
"08099",29.1,29.4421410887624
"08101",29.8,29.3501021184723
"08103",27.1,27.8946890097518
"08105",25.7,27.4329590098142
"08107",30.1,22.4729553780976
"08109",33.2,33.4538465398042
"08111",27.6,28.2668911758401
"08113",25.8,20.7952473640247
"08115",35.5,33.3089746635771
"08117",22.3,19.2176122565703
"08119",30.3,28.9321562878836
"08121",28.6,30.5747805384969
"08123",23.4,23.7186315792838
"08125",27.7,27.8842737580246
"10001",28.7,28.5401262312631
"10003",28.2,25.4364668140004
"10005",36.1,33.2015929793643
"11001",17.4,21.2407100050851
"12001",23,24.8789770061008
"12003",25,27.4491469177979
"12005",26.8,26.645017793801
"12007",31.5,29.3618258955911
"12009",31.4,28.7344890279503
"12011",26.2,25.0687147356518
"12013",32.8,28.2628377601513
"12015",38.7,37.5953284871449
"12017",36.5,37.8484725774205
"12019",30.4,26.3419530572752
"12021",30.8,31.6873682989525
"12023",30.9,30.2785082919453
"12027",30.9,30.4220334696837
"12029",34.6,31.6527467464365
"12031",24.9,25.0988350039644
"12033",29.2,26.9199111717937
"12035",34.8,32.8665085069281
"12037",33.2,30.7344925618217
"12039",28.1,32.254470691456
"12041",31.7,30.553128119656
"12043",33.1,32.1889674101756
"12045",30.4,29.3249477196168
"12047",31.9,30.065920874666
"12049",28.9,29.1005673624719
"12051",28.9,25.845085832703
"12053",33.4,32.4891596280117
"12055",36.3,37.1291786055703
"12057",23.4,24.097768113928
"12059",32.5,30.4565651814637
"12061",34.2,33.5588952734852
"12063",34.5,31.5688687532045
"12065",32.3,33.5786413404583
"12067",32.5,28.8792347042492
"12069",31.9,31.5595723536655
"12071",32.4,31.2257163165808
"12073",22.1,24.4210112102793
"12075",33.4,33.843215622795
"12077",28.1,27.8561883410895
"12079",32.9,33.0532030020553
"12081",34.2,30.6394802881925
"12083",37.7,33.9135109781873
"12085",34.2,32.1514484582805
"12086",25,25.3868086971179
"12087",28.5,26.4103651009258
"12089",29.8,29.5926157871726
"12091",25.8,24.4849102836573
"12093",31.3,28.1208128790257
"12095",22.6,22.7083230016429
"12097",23.7,24.907120787902
"12099",29.5,27.7669920809021
"12101",29,29.0516186035508
"12103",31.1,29.4552119489593
"12105",29,29.025427465593
"12107",35.9,33.3377453149524
"12109",24.8,25.4991208801284
"12111",32.7,30.0881922747156
"12113",28.4,24.9517118055314
"12115",36.7,34.2184329959348
"12117",26.4,23.7771691208325
"12119",39.2,45.4305527479671
"12121",34.3,30.9499209381564
"12123",32.6,29.9775273201968
"12125",27.5,25.3701832134445
"12127",31.1,30.3699284727373
"12129",28.2,26.0228432882618
"12131",30,27.2364196293298
"12133",29.8,30.3893167031331
"13001",37.1,31.8884394928211
"13003",29.3,29.7101553567409
"13005",31.4,31.0512311737587
"13007",36.8,34.8085448283595
"13009",27.6,28.4375802441587
"13011",29.1,29.3266359830321
"13013",25.6,24.8024050305024
"13015",27.1,25.973954732595
"13017",35.5,31.5281471560822
"13019",31,30.1056446771663
"13021",29.4,28.8124983885164
"13023",29.8,30.2999458929518
"13025",31.8,30.8643277155558
"13027",34.8,32.4917988060937
"13029",24.4,23.1003163950375
"13031",25.3,26.4052780552786
"13033",30,30.8263957165191
"13035",27,28.8877065644663
"13037",29.4,27.3656057485897
"13039",27.9,26.5249441827726
"13043",32.9,30.6401074743449
"13045",28.8,27.5357301016012
"13047",30.2,27.8399541479679
"13049",30.6,26.3534342936474
"13051",24.7,25.0898123111955
"13053",15.1,16.056780460635
"13055",34,30.9681212506896
"13057",29.2,23.106275340608
"13059",23.3,23.268819136817
"13061",40,37.2265324308571
"13063",25.9,24.8013524905951
"13065",32.9,30.4525371022418
"13067",22.8,20.5817556072469
"13069",29.4,28.3412809257185
"13071",29.1,28.6272103689233
"13073",27.3,23.9253026644271
"13075",30.8,29.6226115269416
"13077",26.9,24.9393213858833
"13079",32,30.9552022153565
"13081",36.2,31.0698587647678
"13083",28.8,29.8506730553312
"13085",27.9,26.7247896610842
"13087",30.1,30.8406523294913
"13089",22.7,22.2287928095425
"13091",34.1,30.6278522315872
"13093",35.3,29.6891801902243
"13095",29.8,29.7497874443782
"13097",25.6,24.3989362622308
"13099",34.2,32.5759507885671
"13101",30.3,28.3968507367117
"13103",25,25.3537021895802
"13105",33.1,33.2911462170421
"13107",31.5,29.8657237085914
"13109",31.5,29.5533925160004
"13111",37.7,34.5525955205839
"13113",26.9,24.5423174959092
"13115",29.8,28.1041714106133
"13117",24.2,19.1900506539863
"13119",31.8,30.5061153534139
"13121",20.4,20.0802548101963
"13123",32.9,32.4836163048626
"13125",36.1,32.9641227294485
"13127",29.7,29.6581816556881
"13129",30.1,27.5776426958338
"13131",31.3,30.113663386907
"13133",35.5,32.3193390598301
"13135",22.8,20.9159379483083
"13137",27.7,29.3681815059304
"13139",29.1,25.3505237089573
"13141",38.6,34.9922816740013
"13143",27,29.1745864246528
"13145",30.9,28.211866230573
"13147",32.1,31.6987952925638
"13149",30.4,31.1256746222784
"13151",24.5,24.6464377925862
"13153",28,24.1800062364743
"13155",34.5,28.8464024669738
"13157",29.4,25.8171213808188
"13159",31.5,30.0053011055737
"13161",31,28.9447570081539
"13163",33.1,32.0473343067458
"13165",33.7,33.6073138929126
"13167",33.1,29.0776781116051
"13169",32.4,30.7280541078095
"13171",29.9,29.7515230560762
"13173",30.4,30.326711798271
"13175",33.3,31.7559574018996
"13177",25.4,24.4408779874345
"13179",22.5,24.2480936063455
"13181",34.5,34.6572179065127
"13183",25.3,26.365363763312
"13185",24.7,26.1001560657677
"13187",27.3,28.6941292186854
"13189",31.4,30.6104833924863
"13191",37.8,35.8501217805766
"13193",33.9,28.764885657245
"13195",30.2,30.6046198338326
"13197",32.7,32.3651279232757
"13199",34.1,33.5844955783096
"13201",35.6,33.7348478969403
"13205",34.3,30.4798612295506
"13207",31.2,28.4589218722852
"13209",31.2,29.5931222150022
"13211",30.8,29.1571363549347
"13213",32.7,28.9804899062167
"13215",30.7,26.1320420065479
"13217",27.5,26.713232686595
"13219",26.4,22.2730371880453
"13221",32,29.5777160503158
"13223",26.6,23.658757121393
"13225",33.9,29.0528897837737
"13227",33.5,30.5976895074551
"13229",32.5,29.5459014496597
"13231",28,28.3308760660262
"13233",29.4,29.0595175145515
"13235",33,35.9964400645992
"13237",34.7,32.7962108785927
"13239",42.3,35.693705766827
"13241",37.4,33.4595977759286
"13243",42,34.9278005256587
"13245",27.8,27.5105200201726
"13247",30.2,25.8386626608324
"13249",32.1,28.0367360530104
"13251",34.5,32.7444806856591
"13253",34.6,33.1636294783596
"13255",30.8,30.5712536052575
"13257",32.2,31.3849696985726
"13259",24,22.7134838793887
"13261",32.5,30.7017154110478
"13263",37.4,35.589254883117
"13265",34.7,38.8530299473158
"13267",28,26.0189341967367
"13269",36.5,35.1413586001657
"13271",31.2,29.4695808825427
"13273",34.7,32.1970351521951
"13275",30.3,29.9915700493588
"13277",29.8,28.5572613004721
"13279",29.7,30.3324841703241
"13281",41.4,36.9413524951539
"13283",35.8,31.7089274536396
"13285",28.2,29.6120298790224
"13287",36.3,32.2892151962716
"13289",35.2,35.232795855549
"13291",37.8,36.5538280389553
"13293",34,31.6015832747153
"13295",34.2,29.0337375339912
"13297",29.6,27.4680675483809
"13299",31.6,29.3418233524813
"13301",35.5,37.1232553815412
"13303",34.2,29.7254683398939
"13305",31,28.7545327702627
"13307",34.8,31.3404047618605
"13309",30.4,23.9956776748264
"13311",31.1,31.7245728572098
"13313",27.4,25.8319940198268
"13315",33.2,28.3847905022217
"13317",37.2,31.4419620778566
"13319",37,34.2067409808385
"13321",34.5,32.7293684343147
"16001",25.4,23.0265581878826
"16003",37.4,34.7809616223375
"16005",24,25.4538005594382
"16007",30.3,31.9322573952964
"16009",31.7,31.3395534324737
"16011",26.3,27.2314931227492
"16013",25.8,24.0086750863393
"16015",34.5,32.3819639198152
"16017",31.4,31.8989539071358
"16019",22.9,23.9061327742556
"16021",32.1,32.9277052541534
"16023",31.9,34.4689232734489
"16025",28.3,26.5256971718026
"16027",24.9,25.7740117918267
"16029",27.4,27.8533821824691
"16031",23.7,26.3152822249283
"16033",26.6,27.3463325900203
"16035",32.8,31.5308571742946
"16037",35.9,34.4718642185207
"16039",23.9,24.8416809072522
"16041",24.1,26.9943955430227
"16043",27.1,27.8765953036602
"16045",30.3,29.7964534600007
"16047",27.8,28.0956060086769
"16049",35.7,32.090797295328
"16051",24.6,24.5643800141823
"16053",24.6,26.8578933279496
"16055",29.6,27.6572100102864
"16057",23.7,23.4530594724457
"16059",34.5,34.0841642803096
"16061",35.5,35.7046052370504
"16063",25.7,27.531630280349
"16065",12.5,24.6714633063592
"16067",26.8,27.9819977587655
"16069",27.8,28.7901201066881
"16071",31.3,30.9615331663367
"16073",25.4,28.6512765834637
"16075",29.2,29.3178457934497
"16077",27,27.5443508486731
"16079",35.1,32.8327757723737
"16081",23.4,22.1525010258442
"16083",25.7,27.1074836528646
"16085",35.4,30.6327310459895
"16087",31.4,33.5243835606931
"17001",31.9,29.6124173761946
"17003",38.2,35.0736163376052
"17005",30,29.3255108678537
"17007",29.7,27.1370380323307
"17009",27.4,23.9580382810714
"17011",32.9,31.7638284003686
"17013",31.8,33.6063910349674
"17015",31.6,31.7618152695966
"17017",30.7,29.9371359070767
"17019",22.6,23.8667523467077
"17021",30,30.0017844459387
"17023",30.9,29.721333541996
"17025",34.8,32.3627068084301
"17027",29.7,27.5506278594937
"17029",29.4,29.1631204417294
"17031",23,24.1206171971731
"17033",30.4,29.1348343939135
"17035",33.3,31.4238907997879
"17037",26,25.565132747652
"17039",32.7,30.0565302863412
"17041",31.9,28.2318800344089
"17043",23.6,22.4673766620153
"17045",34,32.5950768531558
"17047",36,33.7924886592002
"17049",30.1,28.7721825253697
"17051",30.9,30.4669988775923
"17053",30.3,29.6912873831725
"17055",35.5,31.7819706135118
"17057",32.5,31.2053731354722
"17059",36,36.5640011457947
"17061",36.2,31.9669017027639
"17063",25.4,25.8166838489221
"17065",32.9,32.5759109018254
"17067",31.6,32.1739307016682
"17069",36.2,38.04564568382
"17071",34.3,34.6810866467647
"17073",34,30.2689410609132
"17075",32.5,32.3613892799029
"17077",25,27.6821329247849
"17079",30.8,30.2688052539758
"17081",31.6,30.4524563419899
"17083",31.3,30.6096294609727
"17085",38.6,33.5259726262522
"17087",27.9,29.531167783759
"17089",26,23.5770660007837
"17091",30.2,29.1606064259077
"17093",21.8,22.2973139133108
"17095",37.9,31.1099796435314
"17097",24.2,22.1544700646428
"17099",32.2,30.1125626302991
"17101",29,28.2213764995133
"17103",31.7,30.3309747575763
"17105",30,30.0347229795868
"17107",29.7,30.6847832061566
"17109",28.2,29.3662385641657
"17111",27.5,24.4851776314916
"17113",24.9,23.8995459407795
"17115",33.4,30.67154816569
"17117",30.4,32.016512518956
"17119",30.9,27.7098754610846
"17121",32.3,31.6935756673495
"17123",34.6,34.0874949069415
"17125",34.8,33.7299007729564
"17127",33.7,32.2159569150803
"17129",31.3,30.5737066078545
"17131",32.7,31.5845734943677
"17133",29.6,26.3586833089687
"17135",31.3,30.4543427596785
"17137",32.3,30.6994851957927
"17139",30.5,28.9779502971717
"17141",34.2,29.3446657114253
"17143",30.7,27.501753569256
"17145",31.3,30.9993141909041
"17147",32.6,29.4335322821244
"17149",33.6,32.3032484099328
"17151",37.3,35.4012287364431
"17153",36.6,35.5718490210472
"17155",31.2,32.4542781339727
"17157",30.9,30.251831295203
"17159",32.6,30.9818893129584
"17161",28.4,29.4954097086474
"17163",29.3,27.3003950780611
"17165",35.3,31.9443924041486
"17167",28.6,27.8806296078332
"17169",32.6,31.6771464315811
"17171",31.9,31.7628268281308
"17173",35.7,33.0400862802355
"17175",35.7,33.2018794363194
"17177",36.6,32.6128068312555
"17179",31.5,28.2722494244982
"17181",36.8,32.8559596044206
"17183",30.9,31.6366654629586
"17185",34,32.1456928930989
"17187",34.5,30.6066692971252
"17189",30.3,30.6237259029803
"17191",34.1,31.8257416100347
"17193",36.7,33.6861108959435
"17195",33.2,30.7664755210585
"17197",26.9,23.4845370218297
"17199",30.2,28.8766578105703
"17201",29.9,28.8951562616287
"17203",29.9,27.1588309842429
"18001",30.1,26.7713916617721
"18003",28.8,25.7726185790846
"18005",27.2,26.0178551217023
"18007",32.6,30.9065907053524
"18009",34.5,33.0005307963948
"18011",24.7,22.3691231458381
"18013",35,32.3452406134354
"18015",29.7,30.1719268481112
"18017",32,30.4500599976162
"18019",30.5,27.3748757420174
"18021",30.9,30.6476585538447
"18023",29.1,28.6622067574033
"18025",33.4,33.653538392585
"18027",30.4,26.4463712665031
"18029",28.8,28.8099507597854
"18031",29,29.3507919466157
"18033",29.4,28.6639024555478
"18035",30.2,29.4118235694134
"18037",29.8,28.7703177100949
"18039",27.9,26.3779600299922
"18041",33.9,31.8045434378481
"18043",34,26.7636050435791
"18045",33,31.498462225557
"18047",31,30.5188198615938
"18049",33,30.7254355461565
"18051",32,29.4417818810957
"18053",33.1,31.4192032164584
"18055",32.8,31.4826490329973
"18057",22.5,19.5264890224918
"18059",27.7,25.9343038107905
"18061",31.3,29.8431011235717
"18063",28.4,23.2736854714347
"18065",31.1,29.5032794012639
"18067",32.2,30.0388552364113
"18069",30.5,29.049115487561
"18071",33.8,28.6110853276317
"18073",31,29.7406611644921
"18075",36.3,30.3373458293393
"18077",30.9,30.6688342106124
"18079",30.8,29.5031340672874
"18081",27.7,25.1692661888943
"18083",32.2,29.194317823786
"18085",29.7,27.4795955928633
"18087",27.8,22.6820886360963
"18089",29.5,28.2194557498091
"18091",30.3,29.0085937525621
"18093",34.1,30.8067598526456
"18095",32.4,29.1481883134042
"18097",26.7,24.5881188455125
"18099",29.6,28.4638362557301
"18101",34.1,31.5329227674245
"18103",30.9,28.4720395826964
"18105",26.3,23.975157743149
"18107",31.6,29.0382143677788
"18109",34.9,28.8506818057876
"18111",37,32.145996104202
"18113",28.7,27.975711769061
"18115",34.3,33.3486438491625
"18117",33.1,32.4081465894229
"18119",36.4,31.8594678618105
"18121",32.6,31.7458313804266
"18123",30.7,29.2125268116983
"18125",30.6,33.457280644576
"18127",29,26.9503532341449
"18129",30.3,29.9527528469173
"18131",34.7,32.4223283413852
"18133",25.9,28.4875700270674
"18135",35.2,31.6143922285994
"18137",31.6,30.3171346892024
"18139",32.1,30.5239442629435
"18141",26.9,26.5535104627085
"18143",32.1,31.2351788344954
"18145",34.2,29.8772880274964
"18147",30.7,31.2230821787037
"18149",32.7,31.9711619330523
"18151",29.1,29.9326217009602
"18153",31,29.6448193306402
"18155",32.3,31.4239436947488
"18157",22.4,23.4708473815796
"18159",31.2,30.456010083123
"18161",31.9,31.0916865933402
"18163",31.1,27.8679691628683
"18165",31.9,31.4446608869465
"18167",28.4,28.1904281521568
"18169",32.3,30.9977603225601
"18171",30.7,31.9786322375526
"18173",27.4,26.917339223724
"18175",33.4,30.9408201671265
"18177",33.5,30.1815518182865
"18179",29.9,29.2416781221717
"18181",31.9,30.4813868380769
"18183",29.8,28.9677736054483
"19001",31.3,32.5367808311719
"19003",30.8,32.7217854490156
"19005",32,32.373297118725
"19007",31.4,32.9591629664111
"19009",36.7,34.1337432220245
"19011",28.5,30.1551613514339
"19013",26,27.9042268081426
"19015",25.5,28.4491579669129
"19017",24.9,28.3655095337697
"19019",27.2,29.4131115216424
"19021",22.1,27.4374682724891
"19023",33.2,33.6452623968999
"19025",29,32.1413293879244
"19027",28.3,30.5534238474067
"19029",30.9,32.8956374811768
"19031",26.4,31.2605549502945
"19033",31.9,30.3202604629171
"19035",34,32.6808357932172
"19037",28.7,30.7767518619717
"19039",29.1,31.1036565777909
"19041",29.2,30.5741749318354
"19043",33.1,33.8007180142191
"19045",29.4,30.3033330565944
"19047",28.9,30.5965618809216
"19049",22,21.1428526503305
"19051",29.9,26.4955307108026
"19053",26.4,31.1387878860958
"19055",29,30.6506875205754
"19057",30.2,30.9071396454526
"19059",30,30.9487637970986
"19061",27.1,27.7308485801013
"19063",30.7,32.854888692255
"19065",32.9,32.2074391622277
"19067",31.5,31.7465956344109
"19069",28.6,30.9384090843238
"19071",32.1,32.8552232078557
"19073",29.1,32.9018880890675
"19075",27,30.8814797553904
"19077",29.2,33.034180562208
"19079",28.9,30.1589181509899
"19081",30.1,32.2862837643301
"19083",33.3,31.8956288299018
"19085",28.1,30.2857142156233
"19087",30,29.2400915820643
"19089",29.1,29.9433259433988
"19091",29.9,31.3991720686049
"19093",29.5,32.7807409868129
"19095",27.4,30.2272885479806
"19097",30.3,31.1854890330319
"19099",26.1,29.5567149561146
"19101",30.4,28.99899321303
"19103",19,22.0370942801019
"19105",30.4,30.5083403577702
"19107",29.6,33.3170433330434
"19109",30.5,33.0433921767475
"19111",31.7,31.4140854697419
"19113",28.1,26.0266104082546
"19115",29.5,31.8223769586764
"19117",33.3,31.9286282770591
"19119",27.6,30.0802016061069
"19121",25.6,28.4662529186234
"19123",27.1,29.5452915969848
"19125",26.4,27.9738609568159
"19127",26.3,28.7599391860009
"19129",30.7,29.1513468118735
"19131",32.5,30.3653035021487
"19133",32.3,34.6124815827303
"19135",27.6,30.3451763588923
"19137",32.3,33.1117386014134
"19139",30.4,28.4171113581466
"19141",28.1,32.0647389940401
"19143",30,31.919550940666
"19145",32.9,31.475337987749
"19147",27.5,31.6572407368527
"19149",25.4,28.697420973467
"19151",31.3,33.553456349378
"19153",26.5,23.6679337840245
"19155",28.6,28.5555133838058
"19157",26.8,30.1711276518991
"19159",32.9,32.3504554933409
"19161",32.4,32.7769335393356
"19163",27.7,26.1738546496452
"19165",31.7,32.1135661271893
"19167",23.8,26.1957726745934
"19169",17.8,21.6436739372053
"19171",30.9,31.3204831432211
"19173",28.3,33.1659934054148
"19175",29.5,30.2841867285319
"19177",30.9,31.7750937555877
"19179",31.4,29.8419110570462
"19181",27.7,26.6978200411781
"19183",27.8,29.7013107502588
"19185",30.8,32.7201980819164
"19187",27.7,29.0241446607397
"19189",30.2,30.2642390370485
"19191",24.8,30.3163316530781
"19193",23.1,27.1774617751602
"19195",28.8,31.4985271663
"19197",31,31.9894992907016
"20001",34.8,31.2101457499125
"20003",32.3,30.8786953869227
"20005",28.6,29.0309687981571
"20007",33.1,32.5741124383673
"20009",30.7,29.9940968519121
"20011",31.1,29.7760065256788
"20013",29.1,31.2125764900524
"20015",28.6,25.4475504653626
"20017",35.7,30.6575285085763
"20019",38.8,33.2652307864385
"20021",33.6,30.322653328492
"20023",33.7,32.3668862804064
"20025",32.7,31.8166360137748
"20027",32.6,31.248127554023
"20029",31.7,28.948591761795
"20031",36.1,30.8394434029693
"20033",33.4,33.7974280428837
"20035",30.6,28.2738715489157
"20037",26.2,26.4718561070927
"20039",37,34.3680336453831
"20041",33.9,29.2099991859269
"20043",29.5,30.0343245591978
"20045",20.6,21.958158236806
"20047",31.6,32.9202714857624
"20049",37.2,35.1023153453111
"20051",25.4,25.2526692278751
"20053",32.5,29.254231579329
"20055",24.1,24.3954655876738
"20057",25.1,24.2212846507609
"20059",28.3,28.0967272662853
"20061",19.7,23.2802236656492
"20063",33,31.7409628879683
"20065",35.6,33.7167740040214
"20067",25.9,22.0833672042538
"20069",26.4,26.8832558396745
"20071",30.5,29.4089724163293
"20073",36.7,33.677464564722
"20075",28.4,25.6644526468065
"20077",36.5,33.3589802220226
"20079",28.9,28.3337864388131
"20081",28,28.5456629286504
"20083",29.7,31.2374169352668
"20085",32.8,29.6348697679464
"20087",28.6,29.6581893609262
"20089",35.7,37.050402322635
"20091",22,20.9526252395713
"20093",29.4,29.2333204223995
"20095",30.1,28.740024907341
"20097",28.2,31.5431513451632
"20099",34.3,29.5705339149941
"20101",33.5,31.1259067458304
"20103",26.3,23.848089456339
"20105",36.3,33.191621042399
"20107",33.5,31.0932383702894
"20109",32,29.7309013250679
"20111",24.6,27.0730754755527
"20113",28.8,28.2961314923457
"20115",32.6,30.8136240178395
"20117",33.1,31.7845221221055
"20119",30.4,28.3636486032091
"20121",27.7,26.6588432636722
"20123",32.4,30.1599931778674
"20125",37.1,29.6596972437135
"20127",33.4,31.9341133587762
"20129",29,32.8667381978599
"20131",29,28.8328350867655
"20133",30.9,30.0175721133141
"20135",32.6,32.1965813849914
"20137",29.1,26.8626818194001
"20139",32.6,30.3008774104355
"20141",34.8,34.1363549081841
"20143",29.8,30.2671368894001
"20145",31.6,28.5320823701283
"20147",33.5,32.6754400839804
"20149",25.8,25.0220149473519
"20151",31.6,28.5386597537728
"20153",36,34.4310378500222
"20155",29.6,29.4381574945692
"20157",34.2,33.746259329908
"20159",30.5,29.1612783314516
"20161",18.6,20.8471242947473
"20163",33.9,31.9927574641341
"20165",32.6,33.5287422241788
"20167",34.1,32.9561883169114
"20169",28.1,27.3068413094265
"20171",29.1,29.6057596721451
"20173",26.6,25.0947556153208
"20175",25.1,24.3770943575639
"20177",28.3,27.5934422317792
"20179",30.8,31.6361672202018
"20181",29.4,27.6210453004991
"20183",34.8,33.7366088539776
"20185",31.9,30.2631933906204
"20187",28.7,27.2104348854611
"20189",27.6,28.375856357669
"20191",31.5,29.2112814712496
"20193",25.9,26.5309386540581
"20195",36.7,33.4879382161102
"20197",29,29.9536633296242
"20199",32.5,33.1673642283523
"20201",32.6,32.2303169274867
"20203",29.4,32.2547935439523
"20205",33.9,32.8249434486337
"20207",34.3,33.3255893386556
"20209",26.2,25.0855329777663
"21001",33.5,31.7746309948633
"21003",34.6,30.7466922792062
"21005",33.1,28.1796819764025
"21007",35.8,33.8599949921797
"21009",35.1,31.6565753104152
"21011",32.5,32.2796118714595
"21013",38,33.4413113063945
"21015",27.2,24.0383549917643
"21017",37.3,30.6302427148645
"21019",37.8,30.6074483748825
"21021",31.8,28.8778569838104
"21023",34.4,31.69611888507
"21025",35.9,33.2893926957891
"21027",39.3,33.3397866858728
"21029",33.6,29.0797995502134
"21031",36.2,32.1629803218041
"21033",35,31.7690256199804
"21035",30.1,28.708610718634
"21037",30,25.5835969624705
"21039",36.1,33.745245678673
"21041",35,31.2655647491521
"21043",36.4,33.0336712567567
"21045",40.9,34.7317611087458
"21047",29,26.0020233556865
"21049",33.9,30.2672873702932
"21051",36,31.9867783218287
"21053",36.4,33.8683834552412
"21055",37.7,31.7964788299616
"21057",38.7,35.139898552675
"21059",33,28.6652947429478
"21061",34.6,33.9181969999009
"21063",35.3,32.2352970658778
"21065",36.5,33.8425609840799
"21067",29.1,23.253343422866
"21069",36,31.9401272559028
"21071",39.1,34.8930553417133
"21073",30.7,28.0349505709924
"21075",39.4,33.9064765421443
"21077",31.8,29.3444496209575
"21079",36.1,31.205275371081
"21081",31.5,28.8905305635162
"21083",35.2,31.7180229402573
"21085",34.9,32.4646101489422
"21087",36.7,33.7517991025188
"21089",39.5,32.138186799728
"21091",33.7,31.1198319643545
"21093",30,27.2328493196959
"21095",38.7,34.9906448138406
"21097",33.8,32.0943245642609
"21099",36,32.619240132928
"21101",32.5,31.2807972640164
"21103",34.8,31.7052260515683
"21105",37,35.2519083106824
"21107",35.6,32.277601733981
"21109",36.3,33.9494173257696
"21111",29.4,26.3540375827127
"21113",31.6,26.8345491568245
"21115",38.2,32.7126093328977
"21117",28.7,24.9350270094124
"21119",39.9,34.9840187501155
"21121",37.7,33.5698023195747
"21123",36.1,32.269539433296
"21125",32.9,30.7396889209515
"21127",36.6,33.5887228469725
"21129",37.8,33.1726247467974
"21131",36,35.9833018795412
"21133",36.5,35.7160485192483
"21135",37.4,35.0240045226978
"21137",33.5,32.3945710980008
"21139",36,34.5877347878401
"21141",34.6,31.4864852990814
"21143",35.9,32.2611532519786
"21145",37.9,29.8520581086163
"21147",36.2,33.5058847210012
"21149",32.5,31.7567554541714
"21151",30.5,26.7071748956725
"21153",37.5,35.0362453589215
"21155",33.9,32.6287042933237
"21157",35.1,31.8790265458932
"21159",38.5,31.7358099359485
"21161",36.9,31.1631546119263
"21163",31.1,29.7880871686736
"21165",39,34.5043655897157
"21167",33.4,29.8858984714218
"21169",35.6,33.5702421516523
"21171",36,33.1083521927698
"21173",34,30.5790169408098
"21175",33.8,28.774134356823
"21177",35.4,32.4635967694591
"21179",31.7,28.5000745106502
"21181",35.2,32.8153484475671
"21183",34.8,31.4255319529403
"21185",26.6,21.5545737855595
"21187",33.6,31.4323692810711
"21189",38.7,36.8573885320613
"21191",33.9,30.8495454982586
"21193",38.4,33.0900529791496
"21195",37.6,33.7662133133659
"21197",34.1,30.8862390903135
"21199",35.8,32.0388797463836
"21201",39.2,36.2689113914791
"21203",36.6,34.0189577803092
"21205",30.6,29.5817678022993
"21207",38.7,33.9272728649134
"21209",27.5,25.0958447251153
"21211",29.3,26.8148482649653
"21213",32.1,28.8946627639893
"21215",32.7,28.4266006383214
"21217",31.3,30.436196656045
"21219",33.8,29.1411909239671
"21221",36.5,32.6672721077645
"21223",33.3,32.0288352897504
"21225",34.3,32.6802189618964
"21227",27.2,25.8535192839348
"21229",33.8,31.0101446064292
"21231",39.1,34.3955435608869
"21233",35.9,32.6036549599467
"21235",34.2,30.6570303161878
"21237",42.4,37.0302403831393
"21239",32.1,27.7562474288001
"22001",30.4,31.3667840386938
"22003",29.6,28.6437477368454
"22005",30,24.7294835196333
"22007",32.3,32.2705310318938
"22009",33,32.861226276561
"22011",28.9,28.7603023909567
"22013",37.1,36.0390591810358
"22015",29,26.6765808149707
"22017",32.8,30.3422510064081
"22019",28.6,27.9413212725246
"22021",32.8,32.8866911911382
"22023",31.5,28.6718295278275
"22025",32.4,31.4400408080881
"22027",36,34.5421408643967
"22029",34.5,32.4825486088659
"22031",32.5,32.4530572914069
"22033",26.3,25.6492918856157
"22035",32.8,31.7359778261745
"22037",30.8,30.0785637971702
"22039",31.8,31.5483533809346
"22041",32,34.2218844446921
"22043",29.8,27.8814261665743
"22045",32.6,30.4576070836324
"22047",32,30.1913624474987
"22049",33.8,33.9578097048843
"22051",29.8,27.212942538714
"22053",30.8,30.4314688456624
"22055",27.8,25.4031146071106
"22057",29.9,29.1976690655397
"22059",29,28.7000891297583
"22061",24.3,27.6849023588966
"22063",29.5,26.947225227228
"22065",33.5,32.9749784536655
"22067",36.6,33.8633603284761
"22069",28.7,31.0397449622972
"22071",26.5,26.6470568159986
"22073",29.8,28.8957183167558
"22075",28.5,26.6759454121182
"22077",32.9,33.0627511663703
"22079",33.2,29.3801611951076
"22081",34.5,34.132442104648
"22083",35,31.8299178598627
"22085",34.5,34.148671421825
"22087",28,27.8490569509893
"22089",27.8,25.8319208983014
"22091",32,35.177515490622
"22093",31.2,30.1586564345948
"22095",30.5,28.5273920054491
"22097",32.4,32.1311493366044
"22099",34.4,30.6100150689396
"22101",33,31.6132323482551
"22103",30.2,26.5732900675713
"22105",30.7,29.0424834249973
"22107",39.4,39.5955099754753
"22109",27.4,28.7234504254749
"22111",38,34.3985058641878
"22113",31.9,30.3099465201316
"22115",26.2,27.2411602756409
"22117",33.2,32.6232192341852
"22119",35.8,34.0271009121362
"22121",28,27.5167666844929
"22123",35.6,33.8682163160913
"22125",26.8,23.63623160507
"22127",31.4,30.6994246429749
"23001",28.2,29.2945217158277
"23003",38.8,33.5037747687433
"23005",29.5,25.2665210027366
"23007",30.7,31.2210737380702
"23009",33,31.2055919959251
"23011",32.5,29.9462020384539
"23013",34.9,30.6282034389432
"23015",34.6,32.0339922912042
"23017",33.6,32.2790568373421
"23019",33.7,28.9370435120599
"23021",38.2,34.3152009984242
"23023",33.5,29.5293189949901
"23025",37.5,32.7786794411032
"23027",33.3,30.8419887508434
"23029",39.9,33.6224016565902
"23031",31.6,29.126645040024
"24001",34.3,30.1391740911837
"24003",25.6,23.2654852373318
"24005",26.6,26.0290014149657
"24009",28.7,25.3056388790912
"24011",30.9,30.4765639828173
"24013",30,25.8342224325166
"24015",28.7,27.8621643611936
"24017",27.1,25.4019173578757
"24019",34.4,33.6142950662887
"24021",26.7,23.6411088603625
"24023",35.8,31.9358372654131
"24025",29.2,25.4187624480325
"24027",22.2,20.0698091751791
"24029",36,32.4295223048762
"24031",20.8,21.3318277222353
"24033",25.1,24.0812187821253
"24035",30.9,27.5670292280365
"24037",29.6,24.8452599958386
"24039",31.5,29.4527294597782
"24041",35.1,32.609665160739
"24043",32.6,28.386197975501
"24045",29.2,27.9199851036756
"24047",35.7,32.0270499806103
"24510",28.1,27.2468174277054
"25001",37.8,31.3269289925684
"25003",30.6,30.143925475497
"25005",33.4,27.632514832317
"25007",34.1,28.6644301007871
"25009",25.7,25.7824286463487
"25011",29.2,29.9870878954602
"25013",31.3,28.5914107749098
"25015",26.3,26.4312028179993
"25017",22.8,21.7447562923576
"25019",24.4,19.6278808404469
"25021",24.3,22.9962079286515
"25023",29.3,26.163328628643
"25025",20.7,23.2873846617408
"25027",28,25.66963925603
"26001",41.9,39.7536631701865
"26003",36,31.3076043857951
"26005",31.1,28.8124825319393
"26007",36.3,33.7984444918928
"26009",37.6,33.2690779004159
"26011",37.4,35.1087104501286
"26013",34.3,32.109277736137
"26015",32.3,29.628729250219
"26017",31.5,31.2249482645914
"26019",37.4,32.7584594291535
"26021",34.9,29.5763281806549
"26023",36.6,29.968074484879
"26025",33.2,29.5755110184323
"26027",33.3,31.7479575229817
"26029",38.6,30.8876193436585
"26031",36.2,34.5054977811087
"26033",29.3,28.5571807693698
"26035",36.8,34.6881088575576
"26037",29.8,27.8795319493557
"26039",38.2,33.7460248846952
"26041",33.4,32.8023722717689
"26043",31.5,30.4711090461631
"26045",29.7,28.1647419121135
"26047",31.7,29.3775218487803
"26049",35.2,29.8094753586662
"26051",38.3,35.2783226445364
"26053",36.9,33.7778726505174
"26055",30.5,28.0604288465158
"26057",28.9,28.9331956107903
"26059",33,31.5085794920848
"26061",24.5,25.4728718121815
"26063",38.6,34.719536608687
"26065",23.9,25.0577872006898
"26067",30.2,27.1509919542979
"26069",42.6,36.3646585411101
"26071",40.7,36.1383221702848
"26073",26.2,27.6220561986679
"26075",32.2,28.6960789711827
"26077",29,25.2702950807266
"26079",34.1,31.9158740589334
"26081",27.1,24.3459137075897
"26083",36.7,34.6798961621404
"26085",42.7,35.7993439129556
"26087",31.4,29.9865952281711
"26089",33.9,32.5554452534308
"26091",31.2,29.6436448750548
"26093",29.9,25.9156057148372
"26095",36.7,34.2149860710661
"26097",41.6,33.6180399394629
"26099",29.3,27.4382616247811
"26101",33.1,33.0582198613103
"26103",30.3,28.1744158731409
"26105",36.3,32.6252182039304
"26107",31.3,30.7667552407096
"26109",35.8,33.353308787204
"26111",28.1,27.9361122925759
"26113",35.2,31.8855850358869
"26115",32.8,29.6458832783694
"26117",30.1,29.423619542586
"26119",41.3,38.5152508828952
"26121",32.6,28.9833833993044
"26123",31.2,31.5084525611923
"26125",26.4,23.7819510601762
"26127",32.6,31.5616168474436
"26129",37.6,36.3102420632464
"26131",41.3,40.5517950221526
"26133",33.3,32.5689061772841
"26135",40.6,34.9846153471219
"26137",34.6,30.1396614587097
"26139",26.1,25.2692406297189
"26141",41,37.0883821056792
"26143",41,37.7662741559142
"26145",32.8,31.1108289833634
"26147",33.4,30.2023750791646
"26149",34.2,29.7791967680807
"26151",33.9,33.3180116143538
"26153",38.8,34.6258880647993
"26155",32.3,30.5030362023105
"26157",34.6,32.508395599031
"26159",32.2,30.3556552977944
"26161",23.3,22.3348101225463
"26163",29,28.2961246516408
"26165",33,30.9331696896074
"27001",32.5,38.3187154053538
"27003",23.3,24.7952625511125
"27005",29.8,30.6332605110176
"27007",28,27.8457315455239
"27009",25.6,26.7233517779786
"27011",33.1,34.1886445896817
"27013",23.8,25.9243138585057
"27015",29.7,29.8525970703291
"27017",30.3,28.2226552083453
"27019",21.9,21.5153641059403
"27021",32.1,33.2908661612406
"27023",28.6,30.9888578176377
"27025",25,27.088800934149
"27027",23.4,25.3267320923255
"27029",30.1,31.1104289343797
"27031",29.9,31.7857459365972
"27033",30.1,32.0958184967588
"27035",31.5,31.1882646889725
"27037",22.9,23.0974691558164
"27039",24.6,25.7424732188281
"27041",27.9,30.776719828679
"27043",33.2,31.9830309224496
"27045",29.5,30.777550760109
"27047",34.8,31.5437731589607
"27049",27.1,28.9308171432331
"27051",32.5,32.9155707806906
"27053",21,22.0470895402579
"27055",28.5,30.1076074301828
"27057",32.2,31.9511576809465
"27059",28.2,28.7649790354937
"27061",30.7,32.5576262176541
"27063",28.6,31.3116148427978
"27065",29.4,32.5067616094642
"27067",26.5,28.9695862348039
"27069",30.9,33.762247769189
"27071",34.8,33.9699386362469
"27073",35.6,34.6555704250735
"27075",32.9,32.4372119137617
"27077",33.4,32.8131211801659
"27079",27,28.3638297534182
"27081",29.6,32.7494519594863
"27083",25.8,28.1490613668446
"27085",29.6,29.7851833343964
"27087",31.7,31.134591330749
"27089",29.3,32.4514886888324
"27091",31.2,31.7058246945024
"27093",28.6,29.9878358688965
"27095",28.2,30.3634874397504
"27097",33.5,31.2268941197697
"27099",27.8,28.7327802868298
"27101",32.9,33.7187838765808
"27103",25.7,26.2201958598704
"27105",26.3,28.1813247591155
"27107",30.9,31.018114259474
"27109",24,23.8166353503603
"27111",33.5,31.6630850656518
"27113",26.5,29.5624181250197
"27115",32.9,31.3449313072904
"27117",30.2,31.2162794783815
"27119",28.1,28.5526426354242
"27121",32,33.456801913258
"27123",23.7,23.9298419240027
"27125",29.4,32.5181743278626
"27127",30.8,31.2490570701882
"27129",31.5,32.1360176079853
"27131",23.4,25.8160352693119
"27133",28.7,29.8342990633904
"27135",27.9,29.4986561272391
"27137",29,29.0349298011241
"27139",21.7,21.9554977274402
"27141",22.7,24.5509243765945
"27143",28.7,30.979963217268
"27145",24.6,27.0302456706891
"27147",26.6,27.8635189819579
"27149",23.7,27.571244415343
"27151",29.2,31.3619716407658
"27153",31.9,31.849583295015
"27155",31.1,34.8009511021857
"27157",29.3,30.4581978340898
"27159",29.2,31.4243966475847
"27161",26.9,29.6782241554006
"27163",24,22.9800587507371
"27165",29.2,30.2363296907395
"27167",27.6,29.036698058127
"27169",24.1,27.8555021407707
"27171",23.4,23.7394817998768
"27173",27.9,31.4946248111007
"28001",39.7,32.6576186147241
"28003",34,30.6669815071156
"28005",41.4,38.1243907209436
"28007",35.8,33.0989440872968
"28009",36,33.3530317427811
"28011",36.8,30.5699010950221
"28013",35.6,33.2573832107222
"28015",38.8,33.9459143662528
"28017",34.4,34.0661919708778
"28019",38.5,33.4163245449983
"28021",32.4,31.743639685765
"28023",35.7,34.4378245184406
"28025",35.6,32.4091310652951
"28027",37,31.881735139218
"28029",35.7,31.6062511420525
"28031",34.9,32.6763746420556
"28033",27.3,25.4541287535774
"28035",31,27.6471562436947
"28037",40.5,33.535355586364
"28039",31.6,29.6894519310395
"28041",29,26.082152643361
"28043",35.1,30.5407836513802
"28045",37,30.4573359075871
"28047",31.7,27.2715887837756
"28049",32.7,27.3624137337552
"28051",34.1,33.5336252713603
"28053",39.9,32.709490924147
"28055",29.2,29.6262617820974
"28057",31.6,30.2258006214902
"28059",31,27.5081172830682
"28061",36.1,32.9798664502996
"28063",36.4,34.0018229424933
"28065",37.4,35.7175878594031
"28067",32.1,30.5823041366254
"28069",34.5,32.2988164361555
"28071",24.8,24.7319202433735
"28073",29,26.3431192800629
"28075",36.7,31.3577150041494
"28077",37.2,32.9040278878882
"28079",34.2,30.634359785723
"28081",32.5,27.2627246022689
"28083",35.9,30.2186823479331
"28085",33.2,30.8643330052401
"28087",34.3,29.0021555558606
"28089",27.6,23.2331430197377
"28091",35.4,32.4268985715697
"28093",35.4,32.0000738824006
"28095",35.9,32.1371001858158
"28097",40.6,34.3773675099658
"28099",34.1,32.476166098561
"28101",34.1,31.7739969242262
"28103",33.6,32.0855576511237
"28105",22.9,24.7719509174126
"28107",40.8,31.2113071293668
"28109",34.7,31.0452738000925
"28111",35.5,32.4834343950434
"28113",37.1,32.7665003884193
"28115",33.4,29.7143987456987
"28117",32.4,30.8882116744293
"28119",39.1,32.8643153502153
"28121",31.3,26.2148277381052
"28123",37.9,31.1793200572283
"28125",41.8,31.3590354765618
"28127",38.2,31.5289736139657
"28129",38.2,33.3669147083608
"28131",33.2,31.0531131538656
"28133",34.3,28.7134154685382
"28135",32.4,30.2440077884797
"28137",31.2,30.1187005985076
"28139",33.8,30.7620943703685
"28141",34.4,33.5618413378134
"28143",33.1,30.2108085052134
"28145",33.3,29.6972623020085
"28147",36.9,32.5952835328879
"28149",32.8,29.0803513547173
"28151",35,30.8681868698214
"28153",38.4,30.1771287970835
"28155",35.7,31.8279007111214
"28157",34.1,31.7763488526374
"28159",37.1,34.1543330364115
"28161",39.2,33.8291242306829
"28163",31.4,26.5078241997553
"29001",25.6,27.7882649194264
"29003",33.5,29.0729298896372
"29005",38,32.8883838606252
"29007",33.2,30.549366671241
"29009",33.6,32.4210080229325
"29011",36.1,32.1823929990796
"29013",33.2,31.9394144556086
"29015",40.1,36.6736723764328
"29017",35.8,33.1485847171209
"29019",22.4,23.2406001976548
"29021",30.9,27.0235729013375
"29023",33.1,31.617366328907
"29025",33.6,31.5935519081232
"29027",33,26.9633674595008
"29029",37,33.9918126686076
"29031",29.1,27.2576802430635
"29033",33.3,31.1522185587269
"29035",36.7,32.681616209219
"29037",30.9,26.8778946367975
"29039",37.1,32.036843809798
"29041",34.2,33.7673684747952
"29043",29.7,26.3172809433141
"29045",38.2,31.3953413528943
"29047",26.8,24.2166937603179
"29049",31.3,29.296531681171
"29051",28.8,25.640956457395
"29053",32.1,28.8598023141886
"29055",36.5,31.5383037313645
"29057",38.6,34.3969888335404
"29059",36.8,32.6838213443578
"29061",36.9,30.9500241359916
"29063",29.4,26.186222570472
"29065",37.6,31.7295646131253
"29067",37.8,34.2439112411311
"29069",36.5,31.1687087840699
"29071",33.2,28.8649374494849
"29073",34.2,32.0050913566393
"29075",34.1,31.0343074571551
"29077",29.4,26.0921463615265
"29079",34.3,31.0727680959945
"29081",36.1,32.7777582644149
"29083",35.9,31.9441156125806
"29085",42,38.6391439782758
"29087",36.7,33.2727784021209
"29089",32.2,28.7667238816469
"29091",35.2,31.6736360229852
"29093",36.5,32.5807868617302
"29095",26,25.2481707122187
"29097",27.8,27.21647183787
"29099",30.7,26.8159664550636
"29101",26,24.9235656173678
"29103",36.2,29.6576267743414
"29105",33.5,30.1990978230456
"29107",32.7,28.8881663410904
"29109",34,29.4763494180631
"29111",31.4,32.1211113947021
"29113",29.4,27.9577742510981
"29115",35.8,32.2630691432993
"29117",32.6,31.2673987756707
"29119",32.8,28.9984961308013
"29121",36.8,31.4218710444838
"29123",32.7,29.5735437115599
"29125",39.3,32.8532903084184
"29127",32.6,28.8714110413067
"29129",37.7,32.3775378862109
"29131",34.2,30.5164729736834
"29133",34.1,29.9173300425911
"29135",30.2,26.6408608005012
"29137",35.7,33.4404844351533
"29139",34.4,31.6687244201836
"29141",34.7,32.2654028894679
"29143",34.4,31.8523134292779
"29145",33.9,29.0402891125956
"29147",27.5,28.61913783653
"29149",39.9,32.8902258553765
"29151",29.6,29.1560274178011
"29153",40.6,37.1203034552149
"29155",35.8,33.1768884508831
"29157",34.7,30.0818868753691
"29159",30.9,28.1359101824331
"29161",29.4,26.3530938057986
"29163",31.5,28.9517704187436
"29165",27.4,23.2821630861
"29167",34.3,29.7096493885323
"29169",20.6,21.8941490207074
"29171",33.8,32.9138201030698
"29173",35.4,32.648160388123
"29175",34.6,28.5004659134407
"29177",33.1,30.5703316600683
"29179",37.7,33.2834655424935
"29181",36.3,32.477465587745
"29183",29.7,23.6982498301224
"29185",38.2,34.6038238078608
"29186",32.4,31.1422435278529
"29187",31.8,28.2323444192438
"29189",26.9,25.188040410185
"29195",31.3,28.5700489573908
"29197",32.3,30.7369734071512
"29199",34,27.6791031074522
"29201",35.7,29.5762809247653
"29203",36.7,32.8122186038037
"29205",40.1,32.3060059036381
"29207",36,31.8308222256866
"29209",37.9,36.6531344738943
"29211",34.5,32.7077912924697
"29213",31.5,30.794584061957
"29215",33.7,31.3352482680551
"29217",33,30.5275054728726
"29219",31.9,29.4904309241614
"29221",35.2,30.2562330578828
"29223",40.3,36.0157427828601
"29225",29.7,28.3444255790193
"29227",36.4,35.1476847732189
"29229",37.7,32.0277662932782
"29510",29.9,25.0978059082759
"30001",30.5,29.4754390401789
"30003",29.1,28.1411434347897
"30005",30,28.6970608234552
"30007",36,32.1020647142194
"30009",33.1,32.4500177440332
"30011",36.5,35.2339549853165
"30013",31,27.9667351704077
"30015",34,32.4077325480151
"30017",29.4,28.5029632026077
"30019",32.3,35.5899300937897
"30021",28.2,28.6100309748143
"30023",31.8,32.3142307225599
"30025",28.2,32.1631308031608
"30027",31.8,29.9026699443875
"30029",29.7,27.6541183633209
"30031",21.9,20.6445747179376
"30033",34.2,31.4910012226951
"30035",31.6,25.7630074518799
"30037",40.4,34.1111881002595
"30039",34.3,34.6708659221408
"30041",28.2,27.7980297093386
"30043",31.5,29.5455461096868
"30045",35.1,32.0033673484161
"30047",36,30.6724707045879
"30049",28,26.0641614873112
"30051",38.2,35.4857740720442
"30053",40.7,35.5265654042149
"30055",31.7,33.7881290279912
"30057",31.6,32.6395267399739
"30059",32.1,33.6137134060242
"30061",35.7,33.7925345609963
"30063",23.8,24.2715688210691
"30065",37.5,35.7726368696622
"30067",29.9,28.9301089031354
"30069",36.5,29.9421007770505
"30071",33.9,30.7462940710367
"30073",31.9,32.0911284224804
"30075",36.9,35.2424024173577
"30077",29.5,24.7293784397257
"30079",43.1,37.0685181306233
"30081",32.7,31.973430049363
"30083",30.8,29.1389826232204
"30085",30.3,25.0525835072999
"30087",31.7,29.8123369950582
"30089",36.1,36.5375086289345
"30091",30.5,30.0401999976165
"30093",30.1,28.0838102792654
"30095",29.8,31.8643043989293
"30097",34.1,31.4576478279873
"30099",31.8,32.4466241976224
"30101",29.6,25.2152117243385
"30103",34,29.9054826768155
"30105",31.7,31.8933940413964
"30107",34.9,36.6527017254982
"30109",33.6,33.2498180317878
"30111",29.2,26.3556989563609
"31001",30.9,28.1892395063433
"31003",30.4,33.0078023126438
"31005",29.9,29.9375135237256
"31007",31.7,35.130026679598
"31009",31.7,38.2921863678367
"31011",30.5,32.9129851426349
"31013",29.9,29.0706596919355
"31015",36.1,37.2868312720425
"31017",32.5,35.4092506894656
"31019",24.3,25.4892462479734
"31021",32.8,32.8859260049542
"31023",26.7,29.693060530063
"31025",25.4,27.1479252570359
"31027",29.8,30.6923229602853
"31029",31.1,33.0171823703556
"31031",33.2,28.8891629466867
"31033",30.2,29.8787185783837
"31035",30.4,30.6346006487466
"31037",28.3,25.8126721014031
"31039",31.3,29.9226832712387
"31041",30.3,30.6130599650053
"31043",24.5,27.4625538185396
"31045",25.8,27.9610416971831
"31047",26.4,27.8824058840883
"31049",36.8,32.9051889236908
"31051",31.2,30.5860251260771
"31053",27.1,28.9567395224571
"31055",25.5,22.6660009008124
"31057",33.5,30.5499712303463
"31059",31.5,32.611456035428
"31061",34.7,35.6463438446311
"31063",31.3,31.6349916647938
"31065",32.9,33.4142817642137
"31067",33,30.9872883258977
"31069",34.9,33.595942322336
"31071",31.8,33.0013908737895
"31073",30.9,30.5360109891066
"31075",32.3,27.9164539494488
"31077",31.4,34.8346596913065
"31079",25.6,26.2326700325936
"31081",30.5,28.9579645231286
"31083",33.1,32.8393628200213
"31085",35.8,34.4971099710558
"31087",33.5,33.5421721508903
"31089",31.6,30.3239880307426
"31091",31.8,29.8085612544321
"31093",29.8,30.6379995378171
"31095",36.1,32.7831408996867
"31097",27.7,26.6957615612098
"31099",29.8,28.8295800076162
"31101",33.3,33.4546430304197
"31103",39.5,29.9647832084163
"31105",33.7,33.09824430319
"31107",36.4,34.1122284809809
"31109",23,23.5560628860992
"31111",32.3,29.7411834205097
"31113",27.2,27.6709529825568
"31115",35.7,31.6114652882765
"31117",33.5,35.47594545334
"31119",29.4,27.3488339611775
"31121",29.1,30.9331442900646
"31123",29.3,30.5773470853675
"31125",31.5,32.548590702812
"31127",29.4,28.7045791756209
"31129",31.6,32.7835600873904
"31131",29,29.4615629060409
"31133",34.3,35.3286749494849
"31135",32.6,31.7034464570725
"31137",29.2,29.7629037090193
"31139",28.4,30.2543151785746
"31141",29,27.098125893685
"31143",31.9,32.2824881508193
"31145",30.2,29.6408256011465
"31147",33,31.4667166100037
"31149",32.8,32.608387339371
"31151",26.8,27.1158924656681
"31153",24.9,21.7125666356471
"31155",31.7,27.8082128876788
"31157",28.6,29.2165169976798
"31159",25.7,26.7457388284128
"31161",34.5,33.1984761188631
"31163",33.8,34.6023859110551
"31165",39.7,32.7124272485816
"31167",29,30.3899044276708
"31169",32.8,33.5898758241323
"31171",31.3,38.3018751123362
"31173",27.7,27.8934655680444
"31175",32,32.1166560973418
"31177",27.8,27.6408419649498
"31179",22.1,27.690726839302
"31181",32.6,31.7820404613733
"31183",36.9,37.0969412749011
"31185",29.1,29.5049512564029
"32001",28,28.9569826328539
"32003",25.1,25.46404574678
"32005",34.7,32.102910957706
"32007",24.4,25.6229075636154
"32009",38,32.3946502379139
"32011",31.4,34.8698387250011
"32013",27.5,26.98821594373
"32015",30.6,26.6808807733674
"32017",34.3,27.4493110327768
"32019",30.7,29.9836665837547
"32021",35.6,36.5304725166552
"32023",37.1,35.9768497072175
"32027",25.9,25.0567448179976
"32029",33.9,36.4525341083476
"32031",27.6,25.0757655887781
"32033",27.8,28.4189812043425
"32510",29.9,27.476188304164
"33001",32.6,30.0063466539635
"33003",33.9,32.1252835234525
"33005",30.5,29.1169575177763
"33007",37,31.7380384799159
"33009",28.8,28.2156201032291
"33011",25.7,24.2820086700245
"33013",26.6,27.1048665232566
"33015",27.5,25.1098435882898
"33017",26.6,25.2676754891258
"33019",33,30.260024324124
"34001",27.5,27.9768123499171
"34003",24.3,22.9417486561343
"34005",27.5,24.9901612844118
"34007",25.6,25.9580781704255
"34009",34.7,31.1293127437715
"34011",27,27.8364072064672
"34013",23.1,24.0489878180154
"34015",26.3,25.4931524735757
"34017",20.7,21.1861588757958
"34019",28.9,24.5572158514103
"34021",24.8,23.8098549991987
"34023",22.1,23.0326094262439
"34025",25,23.8246339959883
"34027",24,22.172493600818
"34029",29.5,29.1256721494721
"34031",23.7,25.1807382106559
"34033",26.7,30.0677766259451
"34035",21.7,21.5660120525462
"34037",26,25.9317519647832
"34039",21.4,23.0416233965494
"34041",28.5,27.046636881501
"35001",25.6,26.1330159730858
"35003",41.5,43.2270490511966
"35005",26.7,29.1985405478189
"35006",27.8,31.2363910169141
"35007",33.8,34.2006564585218
"35009",24.7,26.1382980059551
"35011",31.6,29.5667094133996
"35013",22.5,27.4284881704269
"35015",22.8,26.6343114952314
"35017",32.8,34.5882236345514
"35019",25.1,29.1237183797282
"35021",37.9,32.5324505522944
"35023",30,34.5056012151973
"35025",23.5,25.4465297718266
"35027",34.6,34.3272628153815
"35028",23.2,19.8037674470538
"35029",29.7,32.636144337786
"35031",25.9,30.0814992815619
"35033",33.5,42.0335714756734
"35035",26,28.0972568385359
"35037",31.4,34.9507640731212
"35039",30.7,32.2755926531802
"35041",23,28.120247200871
"35043",25.1,27.2556368481524
"35045",27,29.8320901383765
"35047",26.9,33.0042942291109
"35049",28.7,29.2478464395086
"35051",40.1,39.5690803500595
"35053",30.8,33.3378619957863
"35055",30,32.597035256975
"35057",30.5,33.839375451956
"35059",32.5,32.0828565114934
"35061",29.6,29.3312511877924
"36001",23.3,25.7935446478832
"36003",28.4,30.8808176289126
"36005",23.3,29.1418489315592
"36007",28.7,29.9475157065351
"36009",33,31.389203028504
"36011",29.8,30.2752355739253
"36013",29.2,31.0751750147704
"36015",29.9,29.8314404394668
"36017",29.8,32.6497539323606
"36019",27.8,28.8807180596205
"36021",29.7,30.8140253107865
"36023",24.5,28.1669716242596
"36025",32.2,33.1924418130419
"36027",25.9,26.1888839671697
"36029",25.2,27.661660746772
"36031",33.4,31.1583102060787
"36033",33.3,29.6815051598992
"36035",34.6,31.3806104986678
"36037",28.7,30.3298032853258
"36039",28.4,30.9764614901653
"36041",37.2,36.7099183697321
"36043",30.4,31.0494032048878
"36045",25.8,26.1743218444382
"36047",20.9,25.6319649330155
"36049",29.5,31.6038277241964
"36051",27.7,29.0466162833256
"36053",29.9,29.5418483324679
"36055",25.2,26.625099133155
"36057",30.3,30.3659487145807
"36059",24,23.9058094750377
"36061",19.9,23.2054320699219
"36063",31.6,29.7515241368168
"36065",26.9,29.4245592505145
"36067",28.7,27.2896708990972
"36069",27.7,28.6746008029525
"36071",24.6,25.7949894537978
"36073",29.1,30.2369399669955
"36075",30.3,30.1726657481935
"36077",27.1,30.2537504353988
"36079",25.4,25.1118609193395
"36081",19.7,25.564012427089
"36083",26.5,27.0627662884939
"36085",23.9,25.9664633700364
"36087",25.5,24.8830554165055
"36089",29.6,29.6318702218035
"36091",23.6,25.8750851483281
"36093",26.2,26.9009460603365
"36095",31.4,31.9876748281655
"36097",32.7,32.3149286342735
"36099",29.5,29.453512536463
"36101",29.4,30.2199406673995
"36103",24.1,24.953133228411
"36105",29.2,29.2935739154514
"36107",30.6,30.5934971099656
"36109",21,24.0554207982338
"36111",26.8,28.7546937167303
"36113",30,29.448194702221
"36115",29.7,30.339871779144
"36117",29.9,29.7766000357939
"36119",22.1,23.6488970425277
"36121",31.2,29.6345207948567
"36123",32.9,29.9742821472028
"37001",26.5,28.0815143076777
"37003",29.8,30.9301247155474
"37005",35.9,35.7846235855595
"37007",30.6,32.1708350748613
"37009",33.5,34.040754836906
"37011",31.4,29.1957790296983
"37013",35,33.7238048340187
"37015",33.8,33.6263646032302
"37017",32.6,34.7774751153707
"37019",34.8,34.2293322380892
"37021",27.3,26.3712876934955
"37023",33.8,30.8046935394895
"37025",22.8,23.7600439325587
"37027",30.4,30.3990541046964
"37029",28.8,28.0086804919233
"37031",33.9,30.3345491005362
"37033",32.6,32.655686059915
"37035",28.9,28.0824435960167
"37037",32,29.2319101181393
"37039",36.3,35.4881711546086
"37041",34.8,35.0867566673736
"37043",35.2,35.4981106772469
"37045",33.4,30.9704488943364
"37047",32.8,32.3982987512784
"37049",30.5,28.9056712769006
"37051",24.3,25.3853607302831
"37053",28.9,27.6053113284179
"37055",34.9,26.3714190809529
"37057",28.6,29.5560278752519
"37059",32.9,30.5238070509058
"37061",30.4,31.5203250933379
"37063",22.9,21.7469412997191
"37065",30.5,32.7388386291143
"37067",26.7,26.1928766168027
"37069",27.8,28.6330489338775
"37071",28.9,27.3617279150515
"37073",33.2,34.4453222968367
"37075",31.8,32.6263877402863
"37077",29.2,27.9051751261938
"37079",28.3,28.4926909609901
"37081",24.6,25.7810624272227
"37083",33.7,33.5557083463126
"37085",28,26.8867506569831
"37087",32.8,31.3984922303784
"37089",32.4,30.3858396874116
"37091",31.8,32.2873243591167
"37093",25.4,26.5135022283479
"37095",33.9,35.0391004585966
"37097",27.3,25.8921551276166
"37099",26.9,29.6039536440622
"37101",25.7,26.0056889779398
"37103",35,33.8210504059286
"37105",28.2,28.4962618550586
"37107",33.1,33.2791252394573
"37109",29.1,28.3948369691719
"37111",32.7,30.8322404141114
"37113",32.7,34.0202143485332
"37115",32.9,30.7973098776594
"37117",36.2,36.3213252053319
"37119",21.2,20.863979278976
"37121",33,33.0836639959635
"37123",29.9,31.7704307812767
"37125",29.9,29.1821287662943
"37127",28.8,29.9067196455807
"37129",24.7,25.30171859365
"37131",36.6,36.2962477308042
"37133",19.8,21.6700206599585
"37135",22.4,22.3702529864047
"37137",34.9,35.1607286007555
"37139",31.9,27.7832533562397
"37141",28.3,27.9932519970547
"37143",34,35.9583974053163
"37145",32.3,32.8460247690731
"37147",26.4,26.8586922045719
"37149",32.4,35.5234142368671
"37151",29.6,29.7100391566368
"37153",29.8,31.2974288020933
"37155",29.7,31.2962981853085
"37157",32.1,32.8109459680107
"37159",28.3,29.1616619348708
"37161",34.4,32.1239464592152
"37163",29.8,31.3321353879432
"37165",35.2,31.2830191117705
"37167",27.7,30.0144296099676
"37169",32.1,32.6234683487438
"37171",32.1,31.7821172024889
"37173",30.1,29.9710269022784
"37175",33.3,32.8882132476997
"37177",31.8,32.1149741188159
"37179",24.2,23.0035970545677
"37181",32.8,31.6441408864736
"37183",22.2,19.9475685770949
"37185",32.6,35.831110487107
"37187",35,35.3267623946588
"37189",26,26.475964993965
"37191",27,28.9361034276868
"37193",34.8,32.6417669032544
"37195",30.6,30.8949587339038
"37197",32.3,31.8211982205471
"37199",34.7,34.2736404518034
"38001",36,34.3500860299296
"38003",29.3,30.2272344378454
"38005",32.6,30.3097566792527
"38007",28.9,31.2113368546086
"38009",32.9,31.2515162279231
"38011",32.8,32.1356174478741
"38013",32,30.4222570355505
"38015",25.5,25.2301366826449
"38017",21.8,22.274392985915
"38019",34.1,34.0662035795033
"38021",30,29.6210397679058
"38023",32.9,31.8881373409192
"38025",27.1,26.3591323924333
"38027",33.1,33.5638152065875
"38029",36.6,34.7204430166388
"38031",32.9,32.8284580239287
"38033",36.7,33.928141892696
"38035",25.1,23.8590662296909
"38037",37.6,36.4640678377622
"38039",33.7,34.6486880296942
"38041",31.7,35.0187442816044
"38043",32.9,33.4626888669705
"38045",33.1,33.5527548300915
"38047",34.9,34.365909279169
"38049",32,31.8668881488059
"38051",38.3,37.471327461439
"38053",24.3,22.9385078948471
"38055",32.2,32.4207537440722
"38057",32,30.0111568277355
"38059",28.8,26.7036910615641
"38061",29.2,25.3252700043952
"38063",34.4,33.9745144638836
"38065",33.9,32.9389231707457
"38067",35.2,32.2647115900267
"38069",31.3,30.61211694152
"38071",28.5,30.0370993597999
"38073",27.5,31.5641512431019
"38075",31.3,29.4558984853176
"38077",30.5,28.9094886901741
"38079",35.5,27.9074408033361
"38081",31.6,31.1004248764782
"38083",36.8,37.7819788018367
"38085",31.9,28.0801448078908
"38087",34.1,32.1581850917561
"38089",24.8,24.6686794135404
"38091",34.8,32.9560481000238
"38093",31.3,28.9291621745452
"38095",37.2,32.0046945251977
"38097",28.8,28.8883921933207
"38099",30.9,30.8758662139752
"38101",27.1,24.0445711339212
"38103",34,34.389705312794
"38105",22.7,21.4763989992553
"39001",36.1,32.062879930017
"39003",32.8,29.393959409184
"39005",33.5,30.1096125427498
"39007",32,30.711659679764
"39009",25.2,27.3836931217236
"39011",31.8,29.1484646343911
"39013",33.6,31.0613577648356
"39015",34.3,31.9214969415449
"39017",27.7,25.8073617290348
"39019",37,31.8517607517493
"39021",32.8,30.6701748232553
"39023",33.4,30.8491344922322
"39025",32.2,26.8103798041627
"39027",33.9,29.9767463014418
"39029",35.8,31.0971450947228
"39031",34.3,31.6866899180281
"39033",36.5,31.6462722191514
"39035",30.4,27.9503910981304
"39037",33.6,31.2262993655024
"39039",29,29.6855222535818
"39041",27.1,20.7026468411116
"39043",37,30.5028617001941
"39045",35,26.3155975445353
"39047",32.9,30.8791909785017
"39049",24.8,22.9995903987277
"39051",34.6,29.8013773327748
"39053",32.9,31.4443294923289
"39055",32.1,27.3118628399784
"39057",32.4,25.5161770572698
"39059",37,31.6483259190101
"39061",30.7,25.5139558934313
"39063",31.7,28.0558947393447
"39065",31.5,28.9130911257936
"39067",36.9,33.3977868383053
"39069",31.4,30.6133697643633
"39071",35.1,31.3316754005271
"39073",35.6,31.7850443235632
"39075",32.6,23.8226951581995
"39077",31.3,30.1762556421564
"39079",35,31.2562600436867
"39081",37.5,32.6126194423314
"39083",29.9,29.1295964731532
"39085",33.4,28.1371476655146
"39087",34.3,31.4491986312847
"39089",30.1,27.3055438885217
"39091",34.1,30.2430255440138
"39093",31.7,28.5252695267395
"39095",32,28.0869921457003
"39097",30.4,26.3119285860367
"39099",33.2,30.8367753004047
"39101",33.7,29.525423618849
"39103",30.4,26.6985793193196
"39105",39.5,33.3353827011399
"39107",30.9,29.3411793542857
"39109",31.8,28.6762234151955
"39111",40.1,34.4235199786481
"39113",31.9,28.0008927547153
"39115",35.9,33.9287485834144
"39117",35.5,30.0926673055123
"39119",36.3,30.5108061004798
"39121",41.2,32.696953072875
"39123",37.1,32.0578811025357
"39125",32.7,31.3186714170989
"39127",33.8,30.8181038853574
"39129",28.5,27.815158840858
"39131",36.8,32.3254454917538
"39133",27.7,27.296378013529
"39135",33.2,30.9908743341502
"39137",29.8,29.2245077650043
"39139",33.6,30.0169709106225
"39141",31.4,29.6685095666093
"39143",35.4,30.7004824798517
"39145",36.2,31.9851587564615
"39147",32.6,29.802558306442
"39149",30.6,29.0189118629169
"39151",29.3,29.5782175236061
"39153",30.3,27.1567891953747
"39155",35.2,31.7984816824569
"39157",34.4,29.9639121640624
"39159",26,24.2834734541914
"39161",31.3,30.7581363709394
"39163",40.4,32.2912758152921
"39165",27.6,22.7981917023491
"39167",35.8,31.5183171191222
"39169",29.9,27.4711514709014
"39171",32.1,31.402121457272
"39173",27.5,26.0387845040451
"39175",33.6,30.4395118856804
"40001",34.1,29.5299214120876
"40003",28.9,25.8779186873749
"40005",35.2,28.6563336975367
"40007",32,28.4537120687856
"40009",29.1,25.7860233339326
"40011",33.4,28.2596387591072
"40013",34.7,27.9945128797821
"40015",30.9,26.7794451217382
"40017",26,24.0118980053946
"40019",33.6,28.800444311137
"40021",33,27.7899920408215
"40023",35.8,32.4802281366602
"40025",31.7,29.4828225730391
"40027",24.1,24.1883888354219
"40029",34,30.9888246338415
"40031",26.2,25.0306080792519
"40033",36.7,31.5357570487377
"40035",35.9,30.1067365189093
"40037",31.6,29.560517759206
"40039",26,25.8793505083996
"40041",38.9,33.4299322929614
"40043",35.4,30.1589553311956
"40045",33.5,33.1903969726367
"40047",30.3,26.6588587063498
"40049",30.4,29.3972103528538
"40051",30.3,27.7025083014372
"40053",35.5,31.6856297164223
"40055",30.8,28.2030702748984
"40057",32.8,31.3047284858123
"40059",32.2,30.5280183542031
"40061",37.6,31.67031613125
"40063",34.8,28.6528264421621
"40065",27.7,26.1055555301372
"40067",38.3,33.0530254185252
"40069",33.4,30.8809695675683
"40071",32.3,29.310032548781
"40073",29,27.9436253860966
"40075",34.8,32.5733774007574
"40077",36.1,30.938370874001
"40079",36.7,29.8236616861186
"40081",33.4,30.8703581147114
"40083",27.9,26.7159962730623
"40085",30.6,30.3722968457998
"40087",28,26.5593278176497
"40089",34.3,29.9384617228488
"40091",39.9,33.6117823229424
"40093",34.8,31.7246582510493
"40095",34.6,31.0612048474097
"40097",32.9,30.3936045127171
"40099",32.8,29.4788134160801
"40101",29.8,28.7057338176415
"40103",33.6,30.7657713123424
"40105",33.9,30.2956629978934
"40107",33.1,30.2573103499867
"40109",27.7,24.2163550082691
"40111",33.2,29.9243643833842
"40113",34.2,29.9688645816973
"40115",33.8,30.0649326102844
"40117",33.9,30.426189939447
"40119",24.8,24.2400207962308
"40121",37.1,29.8109943863862
"40123",30.3,26.6745780692829
"40125",32.6,28.9110655901363
"40127",42.4,33.2971282386537
"40129",36.3,30.3972197178705
"40131",31.9,27.0298551708567
"40133",32.5,30.3053304502261
"40135",35,30.2434966486025
"40137",33,30.5345144693311
"40139",26.2,23.8294272634758
"40141",34.4,30.7235877715549
"40143",26.5,24.467983613547
"40145",29.3,26.709422929712
"40147",32,27.7194688832933
"40149",30.9,29.4265599019528
"40151",26.8,26.435102697638
"40153",29.5,26.392837736773
"41001",36.3,32.5895454907839
"41003",24.3,24.131381227399
"41005",28.3,25.9834204235037
"41007",33,30.630453620363
"41009",31.7,29.7815863325771
"41011",35.9,34.022325898088
"41013",33.7,31.7683778456443
"41015",40.8,36.8448839099635
"41017",29.4,26.4924285305061
"41019",36.1,33.796002320072
"41021",34.9,36.1805135780234
"41023",37,36.9644551392925
"41025",37.1,33.375020706527
"41027",26.4,25.3790919501093
"41029",36.3,29.9523886685544
"41031",31.3,29.603178100249
"41033",37.3,34.3612977403675
"41035",33.4,31.239954201273
"41037",34.9,32.7135168004582
"41039",30.1,28.5145529502035
"41041",35.1,34.3347429693373
"41043",30.4,29.3990851284726
"41045",28.4,28.295329009241
"41047",28.5,26.8385939225324
"41049",29.7,30.0553328907565
"41051",24.5,22.4762605399331
"41053",30,27.90843474443
"41055",34.7,35.1614841995157
"41057",36.9,33.7120544189994
"41059",28.8,27.5611844241968
"41061",30.6,30.4247007884977
"41063",34.8,33.6127827950897
"41065",31.4,29.288538541727
"41067",22.7,22.3798475757722
"41069",45,39.3042904709206
"41071",28.9,27.2041586545412
"42001",33.6,29.9288569959446
"42003",29.4,26.2312349174595
"42005",37.5,32.6165922092367
"42007",33.4,30.37076294143
"42009",35,33.0092158497067
"42011",28.8,27.8272752665814
"42013",35.2,30.3361932739736
"42015",34.4,31.8853926840711
"42017",30.6,25.4037896450045
"42019",29.3,27.3209632188738
"42021",33.8,31.9552123936938
"42023",41.5,36.3361361952243
"42025",32.4,31.5306535791126
"42027",24.9,23.5345582494733
"42029",26.1,22.3092390947855
"42031",31.1,31.1184542393112
"42033",36.8,30.6300317983599
"42035",31,29.6499601993716
"42037",31.1,30.8297391242462
"42039",36.7,31.4573014721897
"42041",28.7,26.0175990272572
"42043",30.1,27.0532652845173
"42045",27.8,25.1140411697823
"42047",35.8,31.951374933897
"42049",33.4,28.6475176014989
"42051",35.4,32.3620541138443
"42053",34.5,29.5240368503352
"42055",32.5,29.0202476181403
"42057",33.6,32.5864610127932
"42059",32.6,30.1767089907792
"42061",33.5,30.6486983994497
"42063",31.7,29.7747984032005
"42065",33.1,31.8216720455692
"42067",34.7,30.7464919142434
"42069",32.4,28.9528214411457
"42071",30.1,26.6172740525034
"42073",34.3,31.7742893917359
"42075",30.8,29.0468654153456
"42077",29.5,26.4466735893701
"42079",32,29.5514735255681
"42081",32.7,29.9739715461042
"42083",33.4,30.9459014819395
"42085",35.3,31.3257506054727
"42087",36.8,32.098724250505
"42089",31.7,28.4014903634388
"42091",30,23.7565166445348
"42093",33.2,28.6702818239801
"42095",30.6,27.6159822716862
"42097",34.7,31.164427870923
"42099",33.6,30.0250362064421
"42101",26.7,26.8822488582569
"42103",33.5,30.7987467549931
"42105",36.5,34.4192693379181
"42107",35,30.2512914668196
"42109",32.1,29.5160714824721
"42111",34.3,31.8501810577749
"42113",44,35.4824485566116
"42115",39.6,32.9436929187276
"42117",34.8,32.4830395958008
"42119",28.6,26.8076044595969
"42121",35.1,32.9105887183156
"42123",36.1,32.5291344644521
"42125",34.4,28.9598206669101
"42127",36.1,32.0948566494502
"42129",31.6,30.18200753569
"42131",35,32.0692893008045
"42133",30.6,28.0027313184595
"44001",25.6,25.0755764815058
"44003",29.2,27.4922089699234
"44005",26.2,26.492625273141
"44007",25.7,26.5002046887094
"44009",27.4,27.097045541379
"45001",33,32.7898226633098
"45003",32.4,29.3033225039021
"45005",32.3,32.3043594837089
"45007",30.4,28.6848961168869
"45009",31.5,33.0953043973985
"45011",31.7,32.8486564998268
"45013",30.3,29.3075451769059
"45015",25,25.4466847367294
"45017",32.7,34.5411192534654
"45019",23.2,24.2300721584665
"45021",31.5,30.4005335740712
"45023",31.9,31.9654916840849
"45025",30.4,32.3578678610148
"45027",36.4,34.6527175700557
"45029",33.9,31.6081145520129
"45031",30.6,32.1897335828539
"45033",34.4,33.2809228147205
"45035",26.8,25.7133243873751
"45037",28.7,29.3435319212619
"45039",35.2,34.5129530038513
"45041",29.9,29.8296831642582
"45043",33.3,33.6886945279722
"45045",23.8,24.6713693245002
"45047",31.8,30.8535082476543
"45049",30.9,30.6529111715117
"45051",34.6,31.1959994339732
"45053",33.2,30.8934130561505
"45055",32.7,30.2858388554387
"45057",30.3,29.7896269102731
"45059",32.8,30.7760036135594
"45061",34,33.0907046088563
"45063",27.4,26.2966698037051
"45065",35.8,38.5606391444934
"45067",34.4,34.3140124203923
"45069",31.7,31.8084632994335
"45071",31.3,31.0840527940071
"45073",32.2,31.5255927331301
"45075",35.6,33.6626847914921
"45077",25.8,27.8628542686372
"45079",24.6,24.4416682794418
"45081",34.6,29.9027728081309
"45083",27.2,27.5968080826262
"45085",28.7,28.7966244749099
"45087",34.9,33.601299492635
"45089",34.8,34.2103006578433
"45091",25,24.5865347093277
"46003",28,29.7494079328978
"46005",27.1,28.6523942753522
"46007",28.7,29.1817485319184
"46009",28.5,28.5432207900659
"46011",18.4,23.19597645266
"46013",27.6,26.846079899345
"46015",29.5,29.9184518962073
"46017",26.3,25.008162149436
"46019",27.5,28.9859034666421
"46021",33.4,32.4403196277296
"46023",28.8,29.9824365191471
"46025",31.8,32.6134890690233
"46027",18.9,24.4126986871095
"46029",28.2,28.552417540229
"46031",31.8,30.4414400895083
"46033",33.2,34.3297099357127
"46035",28.2,29.6849664875966
"46037",30.6,33.8057657774956
"46039",29.1,30.674029141668
"46041",27,26.4023067981789
"46043",29.8,31.5441451168509
"46045",26.3,29.972954976194
"46047",34,35.1149157447412
"46049",32.1,37.0528501049516
"46051",30.6,30.1499779961522
"46053",33.7,33.6380612472314
"46055",30.2,36.2934795388835
"46057",24.7,26.9658647749559
"46059",31.5,32.8029733518381
"46061",25.8,28.6840108892501
"46063",27.7,28.7967086462626
"46065",25.6,26.0532845137997
"46067",27.8,31.9283900947378
"46069",28.5,32.4169719260259
"46071",26.9,32.2927402040881
"46073",31.8,37.1093722748238
"46075",30.4,33.1143902620899
"46077",29.7,31.6985252719876
"46079",30,29.0217680430137
"46081",25.9,28.6247203533433
"46083",21.4,23.4906720679395
"46085",30.8,28.5014084176904
"46087",25.2,28.096141311989
"46089",31.5,37.2812190959142
"46091",26.6,31.6478822033703
"46093",24.6,25.0985540065805
"46095",29.8,33.2159795503676
"46097",29.3,33.5846744909812
"46099",23.8,23.3373203977198
"46101",30.6,29.4449488715446
"46103",29.6,26.2252077944866
"46105",30.9,33.8998909864889
"46107",33.6,33.81658519469
"46109",32.3,31.0559251555981
"46111",29.3,31.4028143826294
"46115",29.6,31.7623851308987
"46117",26.6,26.2598295662342
"46119",28.5,30.47025809659
"46121",26.5,29.3683573216449
"46123",33.1,32.6291622094218
"46125",27.3,31.3476668202336
"46127",24,26.9801923115446
"46129",28.7,29.6234224418494
"46135",26.6,27.4694448678505
"46137",28.1,27.5681838472853
"47001",37.1,29.7916061489634
"47003",32.3,27.386632981262
"47005",39.4,34.7428165354921
"47007",36.1,29.8010355948877
"47009",34.2,28.7416303943914
"47011",35.3,28.0872663291139
"47013",38.2,32.5952725315159
"47015",34.3,29.903309222556
"47017",38.1,31.5790739906597
"47019",38.4,31.2149592771537
"47021",32.9,27.6034191673176
"47023",36.8,30.745726361376
"47025",37.3,31.7178232451102
"47027",39.2,36.8326794730151
"47029",39.7,33.507279020389
"47031",35.6,29.1249764787888
"47033",34.8,31.1575109124164
"47035",40.5,36.4125502698491
"47037",24.8,22.1418049582304
"47039",42,34.7588986428988
"47041",35.1,30.7629865152879
"47043",34,28.9254176251359
"47045",35.3,29.8916025774438
"47047",33.9,30.7827002282416
"47049",37.3,34.2599847722739
"47051",33.9,30.9435321270269
"47053",33.4,29.7944662242521
"47055",35.3,32.1672549077823
"47057",39.4,32.8258174660958
"47059",36.4,32.1972063835738
"47061",35.9,32.7214899811257
"47063",35,28.9651333603351
"47065",31.4,26.4164568149338
"47067",40.9,36.6531737054121
"47069",33.5,30.0806010269926
"47071",36.7,33.6659964126264
"47073",35.1,32.2989495920245
"47075",41.1,33.2236906472465
"47077",34.2,31.6532468505969
"47079",41.6,33.3819657063214
"47081",34.8,30.6871992429843
"47083",35.8,32.5898292353122
"47085",36.5,31.1535400953555
"47087",38.8,34.1301923684864
"47089",38.1,30.2917028967089
"47091",37.6,32.1647937853672
"47093",28.6,24.9950814066
"47095",35.8,26.7173840332987
"47097",33,29.9940107004778
"47099",33.1,30.3185490896226
"47101",37.4,32.9689216595231
"47103",39.1,30.6319564753966
"47105",36.9,32.175368024077
"47107",34.8,30.8722060333915
"47109",39.2,33.3874837277105
"47111",34,31.1640382325281
"47113",32.8,28.852637526106
"47115",35.8,32.2853109653276
"47117",37.3,29.7456352091979
"47119",29.9,27.3778795213528
"47121",33,33.3864784530637
"47123",37.8,32.4173143035318
"47125",26.1,23.0003292631578
"47127",34.4,31.6764336748836
"47129",36.7,30.8315484472394
"47131",36.2,32.0917476801177
"47133",35.7,32.8977720735807
"47135",36.1,32.7423608303556
"47137",42,36.5490015176527
"47139",37.8,31.8257152359623
"47141",32.9,27.5247112167857
"47143",37.6,30.4769241885673
"47145",35.4,31.8453563204504
"47147",31.5,27.495463098994
"47149",27.5,22.9082413964296
"47151",36.3,32.4412933461573
"47153",37.7,31.6380661124808
"47155",34.2,29.9760091009923
"47157",30.7,25.5525194741256
"47159",33.8,29.7795337558607
"47161",34.8,31.9169757749663
"47163",38.6,30.2101158004112
"47165",28.8,26.3048033071463
"47167",31.8,28.0069515062148
"47169",26,25.0798887982951
"47171",38.1,32.4424907338488
"47173",36.4,32.2828275008012
"47175",38.1,34.0004672056074
"47177",36.2,30.2254735355547
"47179",33.4,27.3603305374379
"47181",35,30.3405102723066
"47183",30.8,30.5446437251321
"47185",39.2,32.5011261057107
"47187",30.6,20.0140495131032
"47189",28.9,25.3335298492826
"48001",27.9,24.0427226660083
"48003",21.3,21.7951703633942
"48005",28.2,27.8133691646447
"48007",33.4,32.2752586156088
"48009",29.9,29.0213782699275
"48011",30.2,35.3969761836204
"48013",24.5,27.2561144244999
"48015",28.6,29.008594973339
"48017",23.2,24.0517120104135
"48019",33.4,33.634491072246
"48021",24.6,25.9993632395211
"48023",30.3,31.4163382612614
"48025",23.1,23.1944281238164
"48027",24.4,23.7770592565852
"48029",21.8,23.3478588781208
"48031",33,30.2881132867732
"48033",27.1,29.5763773965066
"48035",32.8,31.916878675911
"48037",29.6,27.5989922965748
"48039",21.5,22.575014157692
"48041",17.9,21.7339863725986
"48043",27.3,27.956417372835
"48045",36,34.6357445776697
"48047",24.6,30.951606374189
"48049",28.6,28.8636251326071
"48051",30.2,30.9716139023368
"48053",29.5,28.7409067150082
"48055",26.3,25.93302831404
"48057",26.4,28.7873614584155
"48059",30.6,28.7578987079709
"48061",22.2,25.4228096659222
"48063",30,29.4813453561292
"48065",27.9,30.136617374725
"48067",32.8,32.8968529626723
"48069",25.8,25.7445870675693
"48071",21.8,24.4850678448069
"48073",28.6,28.3309745768339
"48075",24.7,20.8214981700761
"48077",31.3,29.6658982121061
"48079",27,31.4007297336683
"48081",32.9,34.8747018704032
"48083",35.1,30.679854790898
"48085",21.5,18.8649475556379
"48087",31.3,29.1516751494178
"48089",29.1,29.740333986228
"48091",24.3,24.9753783720989
"48093",31.9,31.1619355208426
"48095",32.1,33.1410050865774
"48097",28.3,28.6201825861858
"48099",22.2,24.5408264063479
"48101",34.4,33.4280365549799
"48103",23.8,24.1234860358092
"48105",25.7,28.7674182751121
"48107",26.4,31.1930347562391
"48109",29.3,29.9505745279768
"48111",25.1,21.0913534130999
"48113",19.4,21.165986113942
"48115",25.7,25.2868835448499
"48117",24.1,25.4792671986049
"48119",27.8,33.5546078332756
"48121",19.7,19.8302799383816
"48123",29.3,29.2266564370509
"48125",31.7,33.3443357820904
"48127",28.5,32.4457589291022
"48129",31.6,32.5169559763037
"48131",26.2,29.5794204753808
"48133",30,29.9722690567826
"48135",20,22.7495935246081
"48137",34.8,29.1388189149772
"48139",23.1,23.663438591191
"48141",20.9,23.8522782872885
"48143",23.9,25.4725904611391
"48145",31.1,31.2718257235717
"48147",27.4,27.4683298813757
"48149",30.4,32.2529350375117
"48151",30.6,31.6070161786885
"48153",28.1,28.8753290267869
"48155",35.1,41.2427945414333
"48157",20.2,20.0510039905109
"48159",27.3,27.6502301315127
"48161",32.7,29.8274910454871
"48163",20.7,24.19274554534
"48165",21.8,23.3106061124525
"48167",23.9,23.8790046730619
"48169",19,24.2819263894144
"48171",30.8,30.5276550485616
"48173",21.9,16.9512124357805
"48175",32.7,33.0194004830351
"48177",26.6,28.3172377762244
"48179",28.3,25.8722707276993
"48181",30.8,27.581673302639
"48183",29.3,26.6223377930865
"48185",28.2,27.2551092979081
"48187",25,24.6311622062429
"48189",23.6,25.5545898124392
"48191",31.6,32.4712005558466
"48193",32.4,32.1631523379851
"48195",26.6,22.6242987494649
"48197",28.1,30.0100053177115
"48199",28.5,28.4524662669589
"48201",21.7,21.4355217981436
"48203",28,28.4360934297702
"48205",23.7,22.4500115217054
"48207",29.7,28.9880588039997
"48209",20.9,22.0990055236235
"48211",29.7,23.6890970331727
"48213",31.5,30.5745391213986
"48215",21,23.8610970807759
"48217",31.2,30.0355107377691
"48219",27.2,26.6453518244168
"48221",34.6,29.5036477133697
"48223",28.3,28.0954404035441
"48225",32.8,30.4972141531503
"48227",22.4,23.5226183596484
"48229",22.8,23.4059444276922
"48231",25.9,27.289587498378
"48233",27.4,27.1005961333586
"48235",31.5,29.3848781406794
"48237",27.1,26.3223103017654
"48239",28.5,30.2511887305291
"48241",33.7,32.2860332473299
"48243",41.8,38.5794262759172
"48245",25.8,25.2936107390604
"48247",27.4,23.7619848915714
"48249",25,28.3889111842393
"48251",24.6,25.2420606365795
"48253",28,23.8860097746311
"48255",21.5,24.6542037974639
"48257",22.8,24.5697703788987
"48259",24.7,24.599716928642
"48261",31,34.4493594954301
"48263",30.3,38.0484737108562
"48265",33.3,31.1499561919009
"48267",35.1,31.0502177560746
"48269",32.8,27.5812316030011
"48271",27.9,27.644504803657
"48273",20,26.8292652221833
"48275",29.9,30.8341016996378
"48277",29.5,28.9917918886174
"48279",27,28.1323155523725
"48281",29.4,29.5192549398275
"48283",21,27.2139302309806
"48285",34.8,32.4403151000603
"48287",30,31.0105108032046
"48289",32.1,32.6980128182808
"48291",25.9,26.9165820332033
"48293",31.3,30.3810557415558
"48295",29.9,29.2939296585373
"48297",27.3,31.3286961191911
"48299",35.5,35.8633690005734
"48301",21,40.898534905502
"48303",22.7,24.0792951329201
"48305",27,26.7091811431973
"48307",31.5,29.3171292589189
"48309",27.4,26.3808356299979
"48311",32.9,32.0820598962425
"48313",24.3,26.2319777626788
"48315",36.1,35.7792721421171
"48317",23.7,25.6692276109322
"48319",31.7,32.4804228565738
"48321",28.4,28.4026998185351
"48323",23.6,24.5500471234149
"48325",24.5,27.0335153575544
"48327",33.9,36.6680573147241
"48329",18.4,21.7031987633832
"48331",29.8,30.324923124113
"48333",32.6,32.1669641592375
"48335",24.4,24.0002479548375
"48337",30.7,31.1587043337046
"48339",25.5,22.4381652458439
"48341",23.6,23.9981612580861
"48343",31.5,33.4864563581852
"48345",33.2,33.8027165470008
"48347",26.4,28.1161749981289
"48349",27.6,28.1860333032479
"48351",34.2,33.619838680553
"48353",29,29.1846435197415
"48355",23.6,25.7082832451063
"48357",23.6,22.7007963279348
"48359",27.3,24.1508788943368
"48361",30.6,27.0400438912794
"48363",29.1,29.5775134365232
"48365",31.7,29.9050279245118
"48367",26.5,25.1806609757486
"48369",27.1,24.7571053872182
"48371",21.7,26.2292169323114
"48373",33.8,29.2287763975372
"48375",24.5,25.1920983354513
"48377",30.3,31.4082387791371
"48379",31.7,31.6319336879626
"48381",24.9,24.9028235242191
"48383",25.1,22.7540232919
"48385",36.3,38.8947383518577
"48387",34.1,34.4955298781297
"48389",22.5,23.361072140031
"48391",31.4,33.3592774227115
"48393",30.1,26.4917896452604
"48395",30.5,30.8788479447
"48397",22.3,21.1679387887817
"48399",27.7,29.2105845787927
"48401",25.2,27.371694871689
"48403",38.1,36.3665419473651
"48405",38.1,37.0314529571763
"48407",32.8,31.850206635142
"48409",26.5,26.3834099025942
"48411",29.1,28.2750378614861
"48413",28.8,33.6848148651031
"48415",24.7,24.5164330075445
"48417",28.2,28.1809435594078
"48419",29.8,30.5290211064728
"48421",25.6,28.1614342586812
"48423",25.8,26.5003365691643
"48425",26.3,28.4473031493552
"48427",24.3,26.1889968817947
"48429",29.8,27.7008443802033
"48431",23.2,22.9841709467123
"48433",34.7,29.6288235724397
"48435",27.8,26.7489417608504
"48437",27.6,27.3790849264523
"48439",22.2,21.8766758191433
"48441",23.1,25.2041787769699
"48443",29.8,32.5196174794205
"48445",26.5,26.1859735077612
"48447",33.6,29.9061763588542
"48449",27.7,27.5962041926202
"48451",26.6,25.8459412626688
"48453",18.2,18.3821245109762
"48455",34,33.7563581267202
"48457",31.8,31.0106367880005
"48459",33.1,29.8044406161893
"48461",27.1,32.1781743930811
"48463",24.5,28.1165359905446
"48465",21.4,24.3806224505413
"48467",30,30.2222073311671
"48469",25,27.7513669359634
"48471",24.4,23.8512108413251
"48473",20.3,24.6388286547607
"48475",23.8,27.439329764161
"48477",28.8,29.2491502414774
"48479",18.6,22.4919845100726
"48481",26.9,27.9410719341458
"48483",30.7,29.8245812504868
"48485",25.3,25.1432883087401
"48487",30.1,29.746232364264
"48489",22.3,25.994742622997
"48491",23.3,20.9842175552677
"48493",25.4,27.4841916264858
"48495",23,25.9463133150608
"48497",28,26.5316512190565
"48499",33.4,32.7648439467426
"48501",23,26.4614119978751
"48503",30.1,28.8972834502044
"48505",25.7,28.5839011672113
"48507",24.1,30.21612704165
"49001",26.3,23.8438921085137
"49003",26.2,24.4768688265381
"49005",20.8,21.9262731415509
"49007",31.2,30.3568040518307
"49009",36.3,28.03772200749
"49011",23.7,21.0426801497789
"49013",27.3,27.0025715851653
"49015",30.3,30.1211957113847
"49017",31.3,30.1863564686904
"49019",29.4,27.1471732463565
"49021",26,24.5621272251352
"49023",24.4,25.0511445188672
"49025",33.7,30.4292215492974
"49027",26.6,27.9056861210694
"49029",24.4,22.5201391579489
"49031",38,35.3671768597278
"49033",29.1,28.7960543181352
"49035",22.2,21.2812279336661
"49037",29.4,28.5238269246473
"49039",23.7,25.708123845634
"49041",29.6,27.7855346245178
"49043",22.3,19.996925466489
"49045",22.3,22.6547960013524
"49047",27.1,25.2383258095824
"49049",17.2,19.2290022711258
"49051",23.4,20.9930700621571
"49053",30.2,27.2666724899093
"49055",31.6,30.8502448606285
"49057",26.3,23.4080868549607
"50001",25.5,28.1863371752753
"50003",31.8,30.0206002647406
"50005",31.6,30.5466402372314
"50007",24,23.2133991526099
"50009",34,34.9059144552258
"50011",27.8,28.4697019027936
"50013",28.8,28.3645739917297
"50015",27.6,26.7557103325322
"50017",29.3,30.1861392503916
"50019",32.6,31.6357313361324
"50021",31.1,30.5543470411013
"50023",29.1,27.1464707448741
"50025",29.5,30.3767384438982
"50027",30,29.9831402175727
"51001",37.4,34.2756416623586
"51003",26.5,24.2788793528767
"51005",38.1,33.9373261353893
"51007",32.9,32.5331787820068
"51009",35.9,31.7792875420103
"51011",36.3,32.5915605902819
"51013",18.7,15.8488956434438
"51015",31.4,30.2010956110573
"51017",40.7,38.2411496472394
"51019",32.5,30.1680685656065
"51021",34.3,31.6089421578522
"51023",35.6,30.8023512545912
"51025",35.5,32.0841171897475
"51027",41.1,35.5461563444045
"51029",32.2,30.35239115026
"51031",31.6,30.6214525152543
"51033",30.5,29.3638647904541
"51035",37.8,34.9842477735759
"51036",36.7,35.3207876494422
"51037",35.3,33.9210397474477
"51041",27.1,23.7041005341218
"51043",30.6,28.8663962518583
"51045",34.1,32.4634094180763
"51047",32.5,26.9546855875789
"51049",39.7,32.1806232025959
"51051",35.9,35.8478844095823
"51053",33.6,30.4968925444025
"51057",36.5,34.9654478342092
"51059",21,18.9791322247605
"51061",30.3,25.2038721725806
"51063",34.9,33.0093322295025
"51065",31.7,28.8132626863284
"51067",32.3,33.0245597408061
"51069",29.5,27.0440612819885
"51071",36.4,31.718528875394
"51073",33.2,29.6031036614443
"51075",32.1,28.8364603442912
"51077",37,34.5572465176143
"51079",29.7,29.3370111089219
"51081",29,26.4257478853458
"51083",36.3,34.8240777786961
"51085",29,25.8965245938446
"51087",27.3,24.2043639771512
"51089",36.6,34.7663810927582
"51091",38.6,38.9213367463273
"51093",34.8,28.7397052208654
"51095",31.3,28.083179293168
"51097",35.3,32.7227232386839
"51099",28.5,25.3433190658191
"51101",31.5,28.7298014368621
"51103",39.8,39.5023739012778
"51105",39.5,34.185385005976
"51107",21.4,17.4128860601297
"51109",34.5,30.7225963161643
"51111",34.7,32.83605316584
"51113",35.4,32.6191331830987
"51115",36.2,34.8254723657492
"51117",36.9,34.9320872150809
"51119",43.7,36.3560205494406
"51121",22.4,23.9690124291481
"51125",34.4,33.7650708110869
"51127",29.8,27.2636200789136
"51131",36.7,35.048036208615
"51133",39.3,39.0955969678204
"51135",31.8,29.2332276958345
"51137",30.9,29.8849494711494
"51139",33,31.5087111602131
"51141",38.3,35.2620656844717
"51143",38,34.5013955905336
"51145",28.1,27.9472995654506
"51147",28.8,28.1788611762314
"51149",27.2,24.3878610718873
"51153",23.8,19.8632347527916
"51155",35.8,31.5430109741025
"51157",37.1,31.1155868283728
"51159",31.5,29.3548070149323
"51161",31,28.1072815722962
"51163",34.7,32.8712492533604
"51165",30.9,28.6173683047638
"51167",35.5,34.87881546674
"51169",36.9,34.7246643639822
"51171",34.2,32.029269552803
"51173",35.9,33.6327370731328
"51175",33.7,30.9892906818877
"51177",27.6,24.9607277035729
"51179",27.5,20.8999560173545
"51181",34.3,33.2455652642343
"51183",28.8,28.664036217057
"51185",34.1,33.4737963460183
"51187",30.3,27.7692492762235
"51191",36,31.9741976505243
"51193",37.8,35.2243845626934
"51195",34.9,30.890702519656
"51197",33.7,32.8852857403743
"51199",26.4,23.1121984997251
"51510",26.6,18.4645551885274
"51520",34.7,30.6562792360623
"51530",30.3,30.6438852594741
"51540",23.7,22.0729758807557
"51550",26.7,23.9364226991312
"51570",30.8,28.7578638357759
"51580",32.3,31.5034045840611
"51590",36.8,33.215014786033
"51595",34.6,32.1820665268907
"51600",22.2,20.6432664009012
"51610",23.5,16.9720969129764
"51620",35.8,30.8483225686053
"51630",23,23.4639978641947
"51640",33.4,31.6946040461367
"51650",28,27.124988135374
"51660",19.8,24.2645579330779
"51670",36.3,30.6867200414577
"51678",18.4,18.8678720501385
"51680",23.1,25.9614633327369
"51683",24.3,19.4087010870512
"51685",23.2,20.6543997349282
"51690",32.2,30.5914782763405
"51700",25.6,25.5623932444141
"51710",26.2,23.7675178127395
"51720",35.5,33.2757625237916
"51730",30.7,30.2509487541987
"51735",27.5,25.9838563076075
"51740",27.7,28.2686341559488
"51750",18.6,25.5808125063262
"51760",27.3,24.2937644098907
"51770",32.4,28.4872359789495
"51775",30.2,27.5177252572417
"51790",30.5,29.0157376532542
"51800",27.5,25.8089261591327
"51810",28.1,23.6898243302539
"51820",29.7,27.4148058316596
"51830",22.1,24.5988451163086
"51840",28.4,25.7663078268475
"53001",24.4,26.4074509913865
"53003",36.3,31.4907942220158
"53005",25.4,24.9618503902345
"53007",27.7,27.2202502203118
"53009",36.4,33.2602747213812
"53011",28.2,25.6300351937757
"53013",36.3,32.9128140447674
"53015",32.9,30.2052716484894
"53017",28.1,26.6439092505823
"53019",44.8,36.9229531018734
"53021",22.7,23.4041924123209
"53023",34.4,34.247352324259
"53025",27.4,27.0064736967055
"53027",33.6,31.4753340766991
"53029",30.9,30.0860649447609
"53031",40,36.6024302117414
"53033",21.1,20.5881038009606
"53035",27.1,25.9685467302284
"53037",25.7,26.7291192890949
"53039",30.6,30.8882087381707
"53041",32.3,31.0889038868557
"53043",39.1,33.8799213268194
"53045",34,31.554829619556
"53047",33.6,31.5769112824815
"53049",39.1,36.4500832378766
"53051",36.3,33.6477627746212
"53053",25.1,24.9097663050966
"53055",33.3,33.5104448795322
"53057",30.5,29.3781291902678
"53059",34.4,31.4570729228059
"53061",24.4,23.7692945871946
"53063",29.4,26.5701741546668
"53065",33.8,33.1011467852137
"53067",28.3,26.4814261028761
"53069",39,37.8142621198008
"53071",27.5,27.3795127738098
"53073",27,26.792754782745
"53075",20.7,22.9935705163232
"53077",27,26.7697789141561
"54001",38.9,34.8654855775259
"54003",31.1,27.0000683007879
"54005",42.1,33.6453970678214
"54007",40.8,34.828187112503
"54009",37.8,32.0956836547662
"54011",36,29.3521699511902
"54013",44,39.2612854183382
"54015",42,35.460312223541
"54017",37.6,30.7851648031672
"54019",41.7,33.2247275574995
"54021",31.1,25.4410042729221
"54023",45.2,33.726725656477
"54025",39.3,34.0965174981633
"54027",40.3,33.3902465854438
"54029",40.3,32.189258359726
"54031",39.4,33.5316748482616
"54033",38.5,29.7413629616305
"54035",38,32.724460692275
"54037",32.6,26.8454723134055
"54039",39.1,30.5744590781302
"54041",38.4,32.4193514195378
"54043",41.6,35.0384302748746
"54045",45.3,34.4377200409644
"54047",47.8,37.8135158924664
"54049",33.3,29.6958822692246
"54051",42.3,31.9746916423929
"54053",38.2,33.1806438565283
"54055",39.6,32.8873812232791
"54057",36.2,31.9626951044968
"54059",42.9,35.8749239827702
"54061",24.4,23.0646518699043
"54063",43.6,33.77450090291
"54065",37.9,33.1463067421615
"54067",40.7,33.5668731513618
"54069",32.6,30.1170764792525
"54071",42.1,35.6233481348081
"54073",37.5,27.8165210137662
"54075",45.7,36.0505219162465
"54077",37,30.9598181791482
"54079",32.8,28.3451370857176
"54081",38.8,32.3607813925478
"54083",41.1,31.5778148485372
"54085",44.6,35.0747824021253
"54087",44.3,34.593559777671
"54089",44,36.9971714979795
"54091",39,32.0904851287491
"54093",39.7,33.9962037632285
"54095",41.1,33.8823287972066
"54097",37.8,32.4383860268224
"54099",43,32.6025816578508
"54101",42.5,36.1634844561122
"54103",38.1,33.8149068172537
"54105",45.2,34.9402028381886
"54107",39.8,30.8359431917884
"54109",41.6,35.6667262863493
"55001",37.2,36.2367450399357
"55003",31.7,30.8160142143016
"55005",33.7,31.6459112768803
"55007",35,33.3949589753205
"55009",29,25.6679260392857
"55011",31.6,32.3560631777343
"55013",37.5,35.3294319763644
"55015",27.1,25.6876301501015
"55017",30.2,28.314363703514
"55019",30.5,28.4324554388991
"55021",29.2,28.5685284314594
"55023",34.5,32.1633205832581
"55025",23.6,22.0610764867024
"55027",33.3,28.4768243038891
"55029",34.6,33.701279257711
"55031",30.5,28.7581482368418
"55033",25.7,27.4692413802146
"55035",26.1,25.9549919958908
"55037",36.1,33.7186572118221
"55039",31.5,29.3775894770409
"55041",35.2,34.3788593596916
"55043",27.9,28.4395458843188
"55045",28.3,29.0129915878583
"55047",33.9,31.5682197335047
"55049",30.8,29.4619316941803
"55051",36.8,35.2336085975186
"55053",31.2,29.9131647995459
"55055",26.5,27.3157135634949
"55057",33.6,31.1710765967855
"55059",30.1,25.7272164858244
"55061",30.4,30.7551686995234
"55063",27.1,26.5206445504458
"55065",32.2,30.4041430963075
"55067",37.4,33.4136286582568
"55069",34.3,31.8983624517759
"55071",30.3,30.2303595085644
"55073",28.1,27.8103776377999
"55075",38,32.8416128734319
"55077",35.7,34.4463510641038
"55078",33.7,27.4194330091002
"55079",27.1,25.8186536345614
"55081",32.7,28.4575096971045
"55083",33.3,31.9196585316089
"55085",33.1,32.8723846412317
"55087",26.6,25.6100192756969
"55089",31.5,25.288862303376
"55091",31.6,31.4478183323696
"55093",26.8,27.1480279960267
"55095",31,30.7600417930458
"55097",25.4,26.5469623153775
"55099",37.2,35.4369925086352
"55101",30.9,27.3543567267315
"55103",33.6,32.8661613447413
"55105",30.2,27.6811849988674
"55107",37.5,33.4797988666102
"55109",25.2,24.9264718186571
"55111",30.8,28.6249549232633
"55113",34.6,32.9192200353099
"55115",32.4,31.7111284261254
"55117",28,27.8509335000604
"55119",32.9,31.1237150184783
"55121",32.1,29.7605538626166
"55123",31.4,29.6405260640783
"55125",36.6,34.2581879020673
"55127",26.6,27.4998752141296
"55129",34.7,34.1737466723284
"55131",28.7,26.7265810272122
"55133",27.9,24.8232503723599
"55135",29.4,30.5532336914011
"55137",35.1,32.8216096571904
"55139",26.9,26.4394920414999
"55141",32.7,30.6659976889243
"56001",19.5,21.0841944720273
"56003",31.8,30.4983180565665
"56005",26.1,23.6032245427578
"56007",26.8,26.9528708431751
"56009",28.8,27.8811502633775
"56011",30.5,31.0924037771831
"56013",30.5,27.4884344054132
"56015",32,29.4686050561607
"56017",35.3,30.7601178760452
"56019",32.5,30.7766438699165
"56021",26.6,25.4598646831715
"56023",28.6,27.9346984676201
"56025",29.9,25.4191361225487
"56027",33.5,36.8492455377657
"56029",30.5,29.2699287409838
"56031",33.9,31.151919432244
"56033",27.9,27.9953438663859
"56035",30.8,29.2087978155393
"56037",26.4,24.952702462207
"56039",23.3,20.3909854405716
"56041",27.2,26.6777523578179
"56043",32.1,29.0881367602939
"56045",31.9,28.131347687469
