"county_fips","per_depression","pred_outcome"
"01001",23.8,20.9890663011248
"01003",23.5,20.2996676810007
"01005",22.8,20.6512736396056
"01007",25.9,22.9383502966032
"01009",26.8,22.8631238979505
"01011",21.6,19.782937369626
"01013",22.8,21.2962109956042
"01015",24.6,22.4063810997698
"01017",24.2,21.1931143573298
"01019",25,22.4303980118567
"01021",24.9,22.670216694139
"01023",23.7,20.9730848086796
"01025",23.7,21.5913848102121
"01027",25.9,22.9657142800534
"01029",27,22.4664793440559
"01031",22.5,21.7485242489008
"01033",25.1,22.2428740279897
"01035",22.6,19.7986339107422
"01037",23.1,19.0006426349809
"01039",26.3,23.0945159601292
"01041",24.5,21.256132594694
"01043",27.6,22.5793663510588
"01045",25,21.9943608056749
"01047",21,20.9508175839464
"01049",27.8,23.6089373899453
"01051",24.2,20.7131120797435
"01053",25.1,22.0768839477995
"01055",26.4,22.1989620799229
"01057",26.4,24.1029920726269
"01059",26.3,22.3981118208113
"01061",26.8,23.7610942718758
"01063",21.1,19.9152250472318
"01065",22.2,21.1786138285204
"01067",25.3,20.777193570262
"01069",24.5,21.6578243659138
"01071",27.2,23.6013277514321
"01073",23,19.6819462251668
"01075",25.2,22.4746100909461
"01077",25.2,21.7793989840223
"01079",26.4,22.1955141037171
"01081",25.2,21.9337820430202
"01083",23.6,20.7786136958976
"01085",21.3,19.9434660666245
"01087",21.4,19.0024707300093
"01089",23,19.1417108679903
"01091",23.3,20.5925851812529
"01093",26.3,23.2573430823696
"01095",26.3,23.0075997463156
"01097",24.2,20.9732981223047
"01099",23.6,21.4194585567113
"01101",22,19.2024234839161
"01103",25.9,21.2747303783281
"01105",22.5,22.4241707740282
"01107",22.8,22.1577773758461
"01109",24.2,22.5515161999078
"01111",25.7,22.8403698675494
"01113",23.9,21.8682777078157
"01115",25.9,21.7505922718713
"01117",23.2,19.3647013886311
"01119",23.2,21.4540463951406
"01121",24.2,21.7939134968542
"01123",23.3,21.1267969926524
"01125",26.3,21.618628305736
"01127",28.7,23.0889424640481
"01129",24.5,21.0073310572677
"01131",22.8,20.6837269877426
"01133",25.9,23.6108528688522
"04001",24.4,20.7893014699032
"04003",21.6,19.7715638264254
"04005",22.5,20.3525429600098
"04007",22.2,20.1010540730662
"04009",24.1,21.9564134445395
"04011",20.2,21.7614619137389
"04012",20.6,17.7117117460903
"04013",20.6,19.6653256674622
"04015",22.2,20.4573351934739
"04017",23.2,21.0783654660507
"04019",24.1,19.737575476716
"04021",22.2,19.1322473442483
"04023",18.8,20.5845923238781
"04025",21,18.8724920097819
"04027",19.5,20.0515535245968
"05001",26.1,22.119372368775
"05003",25.3,23.8267422872438
"05005",26.8,21.1041677917667
"05007",23.8,19.524332479144
"05009",29.2,22.8759041455499
"05011",25.2,20.8633399739627
"05013",25.2,20.5342556421344
"05015",26,20.8464030455923
"05017",23.1,21.0683322681139
"05019",27.6,22.9221034899213
"05021",29.3,24.5092118583529
"05023",27.1,21.7423722526119
"05025",28.4,22.8970312873324
"05027",25.4,22.8065385325894
"05029",27.5,23.7147424951132
"05031",28.7,23.3062781425581
"05033",26.9,23.52585294062
"05035",26,21.1114930300239
"05037",26.6,23.2324983979184
"05039",23.5,18.4329790805495
"05041",25.4,22.6530720268277
"05043",26.8,22.8294266159287
"05045",27.5,22.8206171578763
"05047",27.8,24.5662841387406
"05049",28.8,22.1434606201974
"05051",28.4,22.0155649512172
"05053",27.5,22.9011934399127
"05055",29.7,24.3855806694642
"05057",25.4,22.2475271902659
"05059",26.4,22.9073153650873
"05061",24.8,22.0036719849126
"05063",28.8,23.8951163727053
"05065",26.1,22.0806232407558
"05067",27.8,23.4555463160761
"05069",24.8,19.5978301232074
"05071",28.7,24.5371311561316
"05073",25.2,20.8057492212528
"05075",30.6,24.2143663091574
"05077",23.7,20.6391108771202
"05079",25,19.0946204982067
"05081",25.6,20.7903055256567
"05083",28.2,23.0237984239696
"05085",27.8,22.822761283332
"05087",27,22.2355108953364
"05089",26.6,22.537178295673
"05091",26.8,22.8386509762372
"05093",27.4,22.8455018589853
"05095",24.9,21.5361182840674
"05097",26.5,21.9305293795851
"05099",25.7,24.1398686343192
"05101",27.8,20.8837844835091
"05103",25,21.073177539452
"05105",27.4,22.7826945959032
"05107",24,22.5969331020194
"05109",27.4,23.1613637893844
"05111",30,24.6400672921374
"05113",28,23.1842011155752
"05115",29.2,23.5818580995676
"05117",26.4,20.4907141433785
"05119",25.2,19.9514834121816
"05121",29.3,23.9560432695213
"05123",24.6,20.8485912944032
"05125",26.1,21.1009793030535
"05127",27,22.2672474922456
"05129",28.3,24.6916124079314
"05131",29.7,21.7154834711792
"05133",26.5,21.9101317886478
"05135",27.4,22.9374850063573
"05137",28.3,23.315709418158
"05139",23.8,21.8091952234524
"05141",27.8,22.9298260385685
"05143",26.8,21.3087571076816
"05145",29,23.5810713567748
"05147",26.3,21.3303342306876
"05149",27.2,21.4648717857923
"06001",19.8,15.8694247533953
"06003",21.8,16.0390803142804
"06005",21.7,18.0117747355541
"06007",24.7,22.0945360858227
"06009",22.9,20.1035667220085
"06011",22,19.9753908969633
"06013",17.7,16.87964448118
"06015",24.8,20.1207733739384
"06017",22.3,19.3381907243365
"06019",23.1,21.1628735140749
"06021",23.3,21.0381704050599
"06023",26.2,22.2858549072127
"06025",20.6,20.758912647269
"06027",21.9,18.6959243789889
"06029",21.8,22.0747872906553
"06031",22.1,20.3203353686458
"06033",22.9,20.9436720135107
"06035",23.3,19.3018497381064
"06037",20.2,18.1269129239911
"06039",23.7,21.6270306109556
"06041",18.9,17.0632664546356
"06043",23.5,19.9520844803937
"06045",23.1,20.751902918456
"06047",23.5,20.7501623362492
"06049",23.2,20.8706236899985
"06051",22.6,19.3824814613351
"06053",20.9,17.8095702249644
"06055",21.5,17.7599636240878
"06057",24.4,19.1878141465694
"06059",19.4,17.5992587776946
"06061",21.5,18.6823307876526
"06063",22.5,19.4800985430859
"06065",19.5,18.6093629224565
"06067",24.8,19.2551989060034
"06069",20.1,18.6520940493189
"06071",22,19.5713663779594
"06073",21,18.4721538110889
"06075",18.2,15.6718798480688
"06077",19.1,19.1450991398412
"06079",23.2,19.8039426601343
"06081",17,15.5016467395035
"06083",22.9,19.4788768479494
"06085",16.9,15.0428668832881
"06087",23.5,19.0324060328568
"06089",24.7,21.4522690008862
"06091",22.2,19.9708174556755
"06093",23.9,20.9821359784019
"06095",20.2,17.6661075656704
"06097",21.2,18.5218019276224
"06099",22.2,20.8812224349039
"06101",22,19.8390206311029
"06103",23.9,21.8303291282498
"06105",22.9,21.3996146994811
"06107",22.2,21.7052552110419
"06109",22.4,19.5224355923537
"06111",21.1,18.9032718304156
"06113",23.8,20.9664582094143
"06115",23.9,21.729806100153
"08001",23.3,20.1380762026499
"08003",24.1,21.3886291182099
"08005",22.2,18.5089672103758
"08007",21.3,17.5303404967045
"08009",25.5,23.8485545422785
"08011",21.7,21.7221883388681
"08013",21.7,19.8172693490932
"08014",22.1,18.5458085830715
"08015",21.8,19.1441786706893
"08017",22,21.1048579264855
"08019",21.4,18.2728081383735
"08021",22.1,20.0852120099515
"08023",20.8,20.4223555808971
"08025",20.8,20.0740475790687
"08027",21.8,18.6914841950054
"08029",22.3,20.8283374451966
"08031",25,19.1846328559023
"08033",22.1,17.922110963027
"08035",19.7,18.6064798509972
"08037",21.8,18.3346999605899
"08039",23.5,19.3912742970725
"08041",24.4,19.8488613017345
"08043",21.6,20.3242843099543
"08045",23.7,19.3883784960388
"08047",22.7,19.9087769200911
"08049",21.8,19.1876885495172
"08051",23.1,19.7961401071857
"08053",21.4,17.6212730605804
"08055",21.7,20.7516765055182
"08057",23.4,21.3918627042567
"08059",23.4,19.2418444609798
"08061",24.1,23.9399254738109
"08063",22.3,20.8942366056101
"08065",21.3,18.2285903010055
"08067",22.6,19.7497068774741
"08069",26,20.6295567673609
"08071",22.6,20.7008099632877
"08073",21.9,19.2777731623495
"08075",23.6,20.5730678943242
"08077",24.4,21.0697278352957
"08079",22.8,18.4977939768776
"08081",24.5,23.0180939070713
"08083",24.2,19.6540020995069
"08085",22.8,19.7629247195553
"08087",22.5,20.9832429179888
"08089",23.7,23.223388004664
"08091",21.8,15.0751137672083
"08093",22.6,18.7383026461281
"08095",23.4,22.0244208688632
"08097",20.4,17.8276272711565
"08099",23.9,22.1479506619957
"08101",22.2,22.0494033117738
"08103",24,21.4338519566558
"08105",20.7,18.7966467951654
"08107",22.1,19.0531090509561
"08109",22.7,21.0903518756723
"08111",22.4,20.2943753488651
"08113",22,18.3992948423498
"08115",23.1,21.1889764478053
"08117",22.3,18.1410696253558
"08119",21.9,18.9985085264747
"08121",22.8,20.5444273102389
"08123",23,21.0725987909386
"08125",23.3,21.3562725314301
"10001",20,19.9918172953884
"10003",20.3,18.9957367306105
"10005",19.7,18.936593655137
"11001",20.8,18.0134664325844
"12001",22.5,21.6194504358049
"12003",21.6,21.5168135561969
"12005",21,20.7038441584785
"12007",23.6,21.3362896963207
"12009",20.3,19.077011922141
"12011",17.1,17.8532260636968
"12013",21.1,21.3625502466998
"12015",20,17.510562230214
"12017",20.3,19.9116495599702
"12019",21.2,20.1929163971049
"12021",16.8,16.7801022662612
"12023",21.6,21.0654266184301
"12027",21.3,21.8372447640394
"12029",22.8,20.6926531622788
"12031",21.8,19.7665708016259
"12033",23.5,20.4175154831527
"12035",19.1,18.2306817416189
"12037",20.4,20.3800407164314
"12039",19.5,20.5356662221611
"12041",22.8,21.6549520992561
"12043",19.9,19.4797417005409
"12045",20.3,18.5440351747821
"12047",20.7,21.3055230603909
"12049",21.5,23.7954834284872
"12051",21.3,21.6097443816927
"12053",21.7,20.1446772016344
"12055",18.6,18.7650969180505
"12057",19.3,19.6591394596508
"12059",22.9,21.8394771519534
"12061",18.7,17.9373311310524
"12063",21.8,20.6502375186775
"12065",19.1,19.8208223320965
"12067",21.3,20.439687636343
"12069",20.6,18.6739086505004
"12071",19.9,18.335014177367
"12073",23.5,21.0424814213714
"12075",21.3,21.3987216562761
"12077",23.3,22.6956118637919
"12079",21.1,20.5154858088596
"12081",20.5,18.5180352030061
"12083",20,19.6331288817361
"12085",17.6,18.2070448379032
"12086",16,18.6846831933256
"12087",18.9,18.3080675683788
"12089",18.6,20.0127266239814
"12091",21.7,19.7355393851368
"12093",21.9,21.2548818192121
"12095",20.6,19.1699187884653
"12097",19.3,19.4035244715926
"12099",17.4,17.5055169100758
"12101",21.3,20.1986810689934
"12103",22,19.1939380644978
"12105",21.6,20.2017191748213
"12107",23.4,22.4904956634514
"12109",18.2,18.8302725792285
"12111",20.5,18.6073294231304
"12113",21.1,20.2518617789922
"12115",16.9,17.0905624833964
"12117",19,18.9937075650998
"12119",16.9,13.8763472167754
"12121",21.4,20.5602672146264
"12123",20.6,19.9562929714161
"12125",20.7,18.8277804419976
"12127",20.6,19.5189916876627
"12129",22.7,19.1289878971984
"12131",20.4,20.0275397758697
"12133",22.9,23.1421228726971
"13001",21.9,23.8870742747179
"13003",22.9,24.4159044631417
"13005",24.4,23.4904259101653
"13007",20,19.4435013742076
"13009",22.2,21.2479259840879
"13011",24.3,22.1307518751722
"13013",22.1,20.7013621054598
"13015",21.5,21.4197806509174
"13017",23.2,23.4831254616881
"13019",23.8,23.8807990374867
"13021",21.2,21.0527853693324
"13023",22,22.201443009958
"13025",24.6,23.9725295965081
"13027",22.2,22.5343207888032
"13029",23.1,20.1104256467867
"13031",22.6,23.1975914365199
"13033",20.9,20.5342313728983
"13035",21.4,20.7245272559369
"13037",18.7,18.0202848472268
"13039",23.5,21.6733547131955
"13043",23.1,21.2168884396393
"13045",22.4,22.4811462949296
"13047",23.8,21.4906472250311
"13049",20.4,20.1012973679238
"13051",19.9,18.7144533527665
"13053",23.2,19.7448172741543
"13055",24,23.5497109393697
"13057",21.9,19.6681872138303
"13059",23.6,23.0761586715197
"13061",18.5,20.2519998214743
"13063",18.2,18.0563022358985
"13065",24.2,25.1567528158034
"13067",18.2,17.4488966627282
"13069",21.4,21.7214837227678
"13071",22.8,22.5757018209231
"13073",21.8,19.1967297316958
"13075",22.2,22.5956712141045
"13077",21.6,19.9961558565726
"13079",21.7,21.2250234099646
"13081",21.1,21.1581341734021
"13083",22.6,20.9682647551034
"13085",20.9,20.0334816081343
"13087",21.1,22.262505112166
"13089",19.2,17.1694612515157
"13091",20,21.7896781228119
"13093",18.3,18.0533100218328
"13095",19.5,20.4577954250845
"13097",19.3,18.4762453593404
"13099",20.1,20.8471877861982
"13101",22.1,21.970636049669
"13103",21.8,20.6422264960072
"13105",21.8,21.9040066080115
"13107",23.1,22.0148163496448
"13109",22.5,21.2653702513024
"13111",23.2,20.0581919337823
"13113",18.3,16.7954434378099
"13115",24,22.2412960577112
"13117",18.7,17.8078271605669
"13119",24.5,22.7997577884163
"13121",17.5,17.2569828328394
"13123",21.1,20.9405289914994
"13125",23.5,24.3476712521315
"13127",20.4,20.4840352668915
"13129",24,22.3241423169941
"13131",22.3,21.2697715126754
"13133",19,16.527369100939
"13135",18.9,17.4456127296242
"13137",24.1,21.7101444968557
"13139",22.1,20.7137501023514
"13141",18.1,18.9157182295426
"13143",23.8,22.9682947967301
"13145",21.1,19.1521888706748
"13147",21.1,19.8414456278716
"13149",24.1,23.3211252859587
"13151",18.6,17.9645944715043
"13153",21,19.1326323999968
"13155",22.2,21.6535053118572
"13157",22.9,20.7234307383238
"13159",23.1,21.4585598722822
"13161",24.9,23.2992804701632
"13163",21.3,20.0360112028561
"13165",21.5,22.5635485549497
"13167",21,19.8421170309698
"13169",22,21.4613689512755
"13171",22.9,20.3584099449395
"13173",23.1,25.5611323605333
"13175",21.2,22.807153495231
"13177",21.3,19.8812118951077
"13179",20.8,19.674653146667
"13181",20.5,20.6353254628565
"13183",22.6,21.5433516775883
"13185",22.2,21.6876980398871
"13187",23.7,22.5276339465827
"13189",21.1,20.3534044136537
"13191",20.4,19.8494875647679
"13193",20.5,19.2192016770179
"13195",23.2,23.5038429249395
"13197",21.7,19.1193928214155
"13199",22,21.6437588474528
"13201",21.7,22.6906957592734
"13205",21.3,21.9447296681294
"13207",21.4,20.2160920396772
"13209",22.7,20.9192306320771
"13211",20.1,19.0521992783371
"13213",23.8,23.5191511421172
"13215",21.5,19.9029720544162
"13217",20.8,19.5864670864543
"13219",20.8,18.8008092162331
"13221",22.1,20.2976765008319
"13223",22.3,20.0627169253276
"13225",20.8,20.8821259905972
"13227",22.5,21.7935611299398
"13229",23.2,22.5859455086946
"13231",22.3,21.3055905783336
"13233",22.9,22.9396593410228
"13235",22.6,21.9168018713862
"13237",20.4,19.7348101494765
"13239",19.5,14.5572923747954
"13241",21.7,20.5414453137702
"13243",20.5,21.53209636055
"13245",20.6,19.9932710373613
"13247",19.2,17.2217428649153
"13249",22.4,22.3624013565837
"13251",21.4,20.9253246622351
"13253",21,20.9668481129899
"13255",21.5,21.3595308818902
"13257",23.5,21.6103948228456
"13259",18.3,14.5401426836728
"13261",20.7,21.463236026776
"13263",18.9,18.2226796682879
"13265",18.2,18.6252730927085
"13267",21,19.8855080780598
"13269",22.4,23.3791348670855
"13271",20,21.703057861718
"13273",20.1,21.1205126638484
"13275",21.4,21.1571089409851
"13277",21.9,22.0151136035574
"13279",22.6,22.741834158102
"13281",21.2,19.7407001158165
"13283",22.7,22.8647191360972
"13285",21.1,21.9406480599588
"13287",23,22.3303480939414
"13289",19.9,19.7017856809381
"13291",21.5,19.3151756785532
"13293",22.9,23.1960487506849
"13295",25.3,22.4730084755827
"13297",22,21.2976565069089
"13299",22,22.6018516574116
"13301",19.2,20.6115613011896
"13303",19.5,18.692433599838
"13305",22.7,22.2294022698405
"13307",20.5,21.0062683739399
"13309",20.7,19.1942696164293
"13311",22.6,21.5253140291516
"13313",23,21.6521506434809
"13315",19.9,19.6063350752406
"13317",19.6,18.6184126526472
"13319",21.6,21.9573556514784
"13321",21.4,22.4650721867873
"16001",24.8,20.4912968383982
"16003",21.8,20.3666597329066
"16005",25.5,22.1168943537165
"16007",23.6,21.7819153924418
"16009",22.8,20.9708756285062
"16011",23.8,21.3036998405371
"16013",20.1,18.0670338544114
"16015",20.3,19.334963625816
"16017",23,20.4865773759893
"16019",23.2,21.5866205258502
"16021",22.1,22.6608937172869
"16023",23.2,24.3128538275576
"16025",20.9,20.6599567128963
"16027",22.4,21.0832734801681
"16029",22.7,20.922290908124
"16031",22.6,21.0599098751203
"16033",21.4,18.4032102856541
"16035",21.6,18.8427939171484
"16037",20.5,17.9609992399408
"16039",22.6,20.7208610497535
"16041",23.2,22.1996662381203
"16043",22.5,21.3740930979374
"16045",22.3,20.693978481212
"16047",22.7,20.9514166211612
"16049",21.2,19.1230241262913
"16051",22.6,21.9311463455931
"16053",22.5,22.0262276643791
"16055",22.4,20.9994468950762
"16057",24.5,21.861170857129
"16059",21.4,19.3785249569701
"16061",23.4,21.0278923660026
"16063",22.5,20.8573389663353
"16065",30,29.0450541340301
"16067",23,21.9326230117235
"16069",22.7,22.0025180006316
"16071",21.6,22.3201115598573
"16073",22.6,20.2223821363621
"16075",23.7,21.1210616463959
"16077",22.5,20.7030889077354
"16079",24.7,22.7041988613565
"16081",21.4,19.9702598751132
"16083",24.3,21.9262653128077
"16085",22.6,20.38755971325
"16087",22.5,21.9196197817684
"17001",21.8,22.1250018713765
"17003",20.5,21.8319819447445
"17005",23.4,22.2989901965383
"17007",22.1,20.9965607182702
"17009",20.1,18.8319650292545
"17011",22.2,21.8312987710341
"17013",19.6,20.8162344779566
"17015",19.9,20.4374624237172
"17017",20.9,21.7809841960281
"17019",20,21.6581625111417
"17021",21,22.2641420009
"17023",21.2,21.8508551403311
"17025",23.1,23.5471969204713
"17027",21.2,20.8377381175499
"17029",23.8,24.2019983310927
"17031",17.3,18.6035136249092
"17033",22,21.0670526990185
"17035",22.2,21.661404819478
"17037",21.9,22.5327647760605
"17039",22,22.1382929933284
"17041",22.5,21.4316967452207
"17043",16.3,18.0881445507221
"17045",22.1,22.2717803826095
"17047",21.9,23.1649273217325
"17049",21.2,22.4045741532556
"17051",21.1,22.3881750955251
"17053",22.5,22.4815375321063
"17055",22.8,23.9888136923431
"17057",22.4,22.3544565706569
"17059",22.4,23.789283808138
"17061",22.7,23.2493908723981
"17063",20.7,21.4045287076323
"17065",22.8,22.6723029590913
"17067",21,21.8449977670845
"17069",21.6,21.020750778409
"17071",20.7,20.8911764267491
"17073",20.7,21.1078749020946
"17075",21.2,21.7135149299975
"17077",22.9,23.2691194775751
"17079",21.5,21.7482842631764
"17081",22,21.9049868730592
"17083",22.3,21.8923442328636
"17085",19.7,19.4553436667296
"17087",19.8,20.6846078367878
"17089",19.2,19.0403459504147
"17091",20.9,21.8944797823934
"17093",19.5,19.7854458753318
"17095",22.3,22.1011985730996
"17097",18.9,18.3789447333218
"17099",22,22.5126738745033
"17101",22.1,21.2572963458023
"17103",21.5,21.3886026313915
"17105",21.8,21.7248671574421
"17107",22.1,22.5178006289671
"17109",23.6,23.7506809992965
"17111",19.9,20.3610369808071
"17113",21.7,21.8659134154377
"17115",21.3,21.9434665899807
"17117",22.4,23.297853562069
"17119",20.6,21.8858424915514
"17121",23.1,23.7627555520486
"17123",22.1,22.0217801205543
"17125",21.4,22.9078182171415
"17127",22,22.738658556327
"17129",22.3,21.6256297480131
"17131",21.5,21.271367982305
"17133",20.6,20.3430209803235
"17135",21.1,22.2518827824531
"17137",21.8,22.1697322474478
"17139",22.6,21.8326386229372
"17141",22.1,21.1617961486794
"17143",21.9,21.117595642293
"17145",21.9,22.7863433225073
"17147",20.7,21.0880475852129
"17149",22.1,22.8001514278325
"17151",20.1,22.6990736508583
"17153",20.8,22.4774498886105
"17155",20.3,20.6748704242942
"17157",21,21.3505304274599
"17159",21.8,23.0064674332457
"17161",20.2,21.4574641074294
"17163",19.9,20.4668575821128
"17165",23.4,23.9535161392904
"17167",21.4,21.4301017371704
"17169",20.7,22.0930187222435
"17171",21.1,21.9912185764016
"17173",22.3,22.0302972928872
"17175",21.9,22.0030920570461
"17177",21.6,21.3871313039711
"17179",22.3,21.6475720363201
"17181",21.7,23.3906831983613
"17183",21.4,22.8062728629877
"17185",22.3,22.8097187228939
"17187",22.4,22.4692119937594
"17189",20.8,21.2718264921301
"17191",22.4,22.6164829054345
"17193",23.4,23.2912963998491
"17195",20.6,21.7417376103277
"17197",19.1,19.1409072698073
"17199",22,22.0669965478264
"17201",21.4,21.8061591799237
"17203",22.1,21.0148512037486
"18001",26.7,22.4977587183665
"18003",23.8,21.0904984591563
"18005",22.8,20.9918834672595
"18007",25.2,23.307631420849
"18009",24.6,24.0248644292093
"18011",22.9,20.1617259965335
"18013",22.9,20.1503076767705
"18015",23.7,21.0695011633404
"18017",24.3,22.4058564810195
"18019",24.3,21.6600369865054
"18021",24.6,22.8914370968642
"18023",24.2,21.5700730838701
"18025",25.5,24.8651382734
"18027",26.1,21.7285471688025
"18029",23.3,21.9440695332156
"18031",25.1,22.419464974112
"18033",24.3,22.7732798824196
"18035",30.4,24.4350870835191
"18037",23,21.8066397356087
"18039",23.4,21.6248868162252
"18041",25,23.8719873672092
"18043",24.4,21.6030353075112
"18045",24.2,22.814261957463
"18047",24.1,21.6615025227327
"18049",25.5,22.6723349062571
"18051",26,22.2009115958933
"18053",27,24.1412275973684
"18055",25.1,23.1877792063019
"18057",20.6,18.9660237889463
"18059",24,20.3956675905521
"18061",23.3,21.683846208461
"18063",22.6,19.7258325903747
"18065",25.1,22.455933540434
"18067",24,22.1391940992391
"18069",25.5,22.5386449835067
"18071",25.1,22.4038115111775
"18073",24.5,21.34703741101
"18075",26.2,23.2882693662197
"18077",24.9,23.3773879140283
"18079",25,23.476581860355
"18081",24.1,21.1321250936209
"18083",24.7,22.684522817782
"18085",23.2,21.2652625748724
"18087",27.1,20.1234171078335
"18089",20.5,20.4691585943843
"18091",23.4,21.6156706858609
"18093",25.1,22.3489025490023
"18095",25.5,22.3231438621745
"18097",23.2,20.6451451416477
"18099",23.3,21.7333344234788
"18101",24.9,22.9319316205907
"18103",23.8,22.2849281073544
"18105",26.9,23.3619755243647
"18107",25.1,22.2873065371749
"18109",25,22.2082443121524
"18111",24.9,22.3620508484642
"18113",23.8,21.3228980574264
"18115",24.3,21.8400675538916
"18117",25.3,23.2392031030833
"18119",24.6,22.3261131733514
"18121",25.9,23.5095523636251
"18123",24.2,21.8801237571859
"18125",24.3,22.6336531743837
"18127",22.5,21.2658464467144
"18129",22.8,21.7943023063138
"18131",24.5,22.5956885764522
"18133",25.1,21.5727776479646
"18135",25.3,22.6541883339969
"18137",25,22.2641570239231
"18139",25,22.9555230170117
"18141",25.4,21.4384022203761
"18143",26.7,24.4272759443969
"18145",25.4,23.1332566227763
"18147",23.2,21.2132284830402
"18149",24.7,23.3182566935948
"18151",22.9,21.0770436309606
"18153",24.4,21.8475090214929
"18155",23.9,23.7673242221165
"18157",24.8,22.8758559242476
"18159",23.3,22.0283190935417
"18161",24.9,21.0983102328115
"18163",24.6,22.3174941162928
"18165",26.4,23.3701090522945
"18167",26.5,23.7102826617503
"18169",23.7,22.1733658323086
"18171",23.7,22.7445183919276
"18173",22.4,20.7097282775437
"18175",26.4,23.5049379225246
"18177",24.7,23.135653664186
"18179",24,21.5199827069582
"18181",24.7,21.0247192097283
"18183",24.2,21.7324595410688
"19001",18,21.5902770430349
"19003",18.3,21.2096146580978
"19005",17.6,21.6319220511223
"19007",18.7,23.1124409276132
"19009",18.9,21.6811068552665
"19011",20.2,21.7699896961073
"19013",20.5,22.5174548183773
"19015",18.9,21.0817933211163
"19017",19,20.6531642541845
"19019",18.9,22.0673279495436
"19021",16.1,19.222949205157
"19023",17.4,22.2688941262235
"19025",18.2,20.626764675472
"19027",19.4,21.3256225842068
"19029",20,23.1045704414783
"19031",19.4,21.7779305601718
"19033",18.8,21.1758863042207
"19035",17.7,21.7269456360911
"19037",18.4,20.7129103410152
"19039",18.4,22.7623492520195
"19041",17.5,22.1472612130007
"19043",17.5,22.0196157161206
"19045",19,22.5369218822924
"19047",17.6,22.5893354834044
"19049",17.4,20.0175660603106
"19051",19.4,20.8363562931441
"19053",19.4,22.2148263378009
"19055",17.4,21.1718483303603
"19057",19.2,22.5500550161663
"19059",17.6,19.2934011428745
"19061",19.4,21.5917965897309
"19063",18.5,21.7845603256478
"19065",19,22.0070004023709
"19067",18.2,21.4216107271963
"19069",18.4,21.9809536268692
"19071",17.7,20.9202988299492
"19073",18,21.9768094802601
"19075",18.3,20.8696183152586
"19077",17.7,21.5036526287929
"19079",17.3,20.6485738387018
"19081",18.1,21.3591830511456
"19083",19,20.9171240959817
"19085",19.2,21.3999890316102
"19087",18.2,21.3750197754551
"19089",18.4,21.4408456290724
"19091",19.4,22.5498411152232
"19093",17.7,21.9734609699861
"19095",17.5,21.7161631205184
"19097",18.8,21.9812757321068
"19099",17.9,21.456391803593
"19101",17.6,19.596070511962
"19103",20,21.8744629661744
"19105",17.4,21.53034807158
"19107",18.4,22.3767207265294
"19109",17.8,21.2151194770903
"19111",19.2,22.5019439602448
"19113",21.5,21.1789655619743
"19115",19.5,21.0038334724571
"19117",19.1,23.3395888587922
"19119",18.1,20.5071308977389
"19121",17.6,21.0869787910785
"19123",19.3,22.3747589438055
"19125",18.6,21.2467313624713
"19127",18.4,21.1005572094113
"19129",18.8,21.3582127238657
"19131",19.5,20.9745062071398
"19133",19.3,22.5840867096205
"19135",18.8,22.3251726450525
"19137",19.2,23.2722038625117
"19139",19,21.8844063376144
"19141",18,22.1155711512682
"19143",19,21.9061897754098
"19145",17.6,21.7051605980564
"19147",18.1,21.5673839501785
"19149",18.8,20.5677789525089
"19151",17.9,21.250742218611
"19153",20.5,21.1040220183716
"19155",20.2,22.1276190791192
"19157",19.1,21.7524410728717
"19159",19.3,20.9467858911357
"19161",17.6,20.9010941730509
"19163",18.6,21.3311996934508
"19165",18.4,21.4293649946269
"19167",17.1,20.6932146843737
"19169",19.7,22.4714178570928
"19171",18.6,22.0754151458296
"19173",18.6,21.0260720886619
"19175",19.1,22.4895639976851
"19177",18.9,21.0927676136266
"19179",18.3,23.40041801706
"19181",19.3,21.2952517205981
"19183",18.3,21.055371252708
"19185",19.9,22.4517207058321
"19187",18,21.4103748200442
"19189",17.6,20.7066180147767
"19191",17,21.0161671236324
"19193",19.4,21.8505536028868
"19195",18.2,20.7929602560776
"19197",18.8,21.9801738790978
"20001",21.4,22.8371478772392
"20003",21,22.4893160145866
"20005",21.7,23.1530187353356
"20007",19.3,23.0825438802042
"20009",19.1,22.0287846390668
"20011",21.1,22.3810536384838
"20013",19.2,21.6898401066031
"20015",20,20.9014455451938
"20017",18.9,19.8170480159228
"20019",19.9,21.3500259407116
"20021",21.1,22.4976751309152
"20023",19.2,20.6672461240997
"20025",18.8,20.3966888773542
"20027",19.7,21.1442873814551
"20029",20.9,21.4271640206766
"20031",20.6,21.5874798614283
"20033",18.3,20.4617849072437
"20035",19.9,21.7390784323198
"20037",21.9,23.9554914158272
"20039",18.4,20.5231872708182
"20041",20,20.7327694368727
"20043",20.8,21.6466298841286
"20045",23.8,21.6827795599005
"20047",19,21.9051184874329
"20049",20.2,21.2767883852156
"20051",19.8,22.8376426002415
"20053",18,19.182281140431
"20055",19.1,20.5549623788413
"20057",19.3,20.7221771589908
"20059",20.3,21.542335782164
"20061",21.4,22.1682422584161
"20063",19.1,19.9839803481491
"20065",17.7,20.2315498318148
"20067",18.1,18.7745417448829
"20069",19.8,20.4788266841054
"20071",17.9,20.6892590732769
"20073",19.7,21.9730093377822
"20075",18.5,20.0616532608379
"20077",20.2,22.7131237067206
"20079",20.3,20.5434573180469
"20081",19.7,20.642254914368
"20083",17.8,21.05272533371
"20085",19.4,20.3027066642736
"20087",18.7,20.7026548658277
"20089",18.1,21.7743733296306
"20091",17.8,18.8552528835627
"20093",19.3,22.2114969045586
"20095",20.6,20.8209275391673
"20097",18.4,20.0651047151246
"20099",20.3,22.062982464715
"20101",19.5,20.5566812207269
"20103",19.6,20.0517251668021
"20105",19.4,21.2916816366391
"20107",19.6,21.0827213716593
"20109",20.2,20.6740156778887
"20111",19.5,22.7208845675087
"20113",19.5,21.5583045000223
"20115",18.9,20.520680253381
"20117",19.9,21.6452466539816
"20119",19.2,20.4669033643687
"20121",19,20.8164084425073
"20123",19.8,21.930119807647
"20125",18.8,22.0892562909135
"20127",18.3,20.1908960851887
"20129",19.2,22.2056743695465
"20131",18.8,21.1124644037354
"20133",20.1,22.748140559047
"20135",18.7,19.9349221459916
"20137",18.8,19.5437224809211
"20139",19.5,21.741281673832
"20141",18.8,21.4505758204237
"20143",19.9,21.2538004523875
"20145",18.1,20.2253501954142
"20147",19.3,22.4200722589712
"20149",19.2,21.0010678529993
"20151",19.3,21.3618946662544
"20153",18.9,20.4751775307152
"20155",20.6,21.6707597583159
"20157",18.8,20.806195212172
"20159",19.2,20.5459792004867
"20161",21.6,23.349601216785
"20163",18.8,20.109387347055
"20165",19.4,21.2293421573725
"20167",19.1,22.545622200158
"20169",20.3,21.6199724175976
"20171",19.6,20.3808677178683
"20173",19.6,21.0069121898077
"20175",18.7,19.6441794710089
"20177",21.2,21.0531425745352
"20179",18.1,20.0639914675251
"20181",19.8,20.3659188149102
"20183",18.1,19.1648736853923
"20185",19.2,20.4920005554511
"20187",18.7,21.4130955194691
"20189",18.7,21.5865944074374
"20191",19.5,21.6581941495166
"20193",19.7,21.0327280393027
"20195",18.3,19.7403893581631
"20197",18.6,19.96677175851
"20199",18.8,21.4657132391737
"20201",19.5,20.6388784911551
"20203",17.9,20.3774217053634
"20205",19.6,23.0677652039261
"20207",19.7,21.2173845228407
"20209",18.6,20.2059832598346
"21001",26.4,24.1009899375631
"21003",28,24.0605889947236
"21005",27.3,23.178030836857
"21007",27.7,22.5487923534165
"21009",27.4,24.9319415731832
"21011",26.8,25.7942246399885
"21013",28.6,26.5411849378978
"21015",25.5,20.7176094591914
"21017",26.3,22.862860624164
"21019",27.5,23.702470314573
"21021",26.2,22.1879577656311
"21023",28,24.4498888083782
"21025",29.7,27.1093166426272
"21027",27.6,25.337671554407
"21029",25.9,22.9225491020198
"21031",28.4,24.5934099391584
"21033",26.2,23.028546845385
"21035",28.6,23.8522852689637
"21037",25.4,22.0561972951798
"21039",27.1,24.5066179611081
"21041",28,24.9195853249653
"21043",28.3,25.5911994150597
"21045",29.7,26.193787614461
"21047",26.8,21.9235869226308
"21049",26.8,23.6655591448991
"21051",29.1,27.336402005764
"21053",28.8,24.762743723999
"21055",27.4,23.6434736794857
"21057",27.6,26.0088440056159
"21059",28.1,22.8683761166627
"21061",28,23.6980846184729
"21063",27.4,24.2380738144968
"21065",28.6,26.0468181897563
"21067",25.5,20.9359837043215
"21069",28.1,25.0512761590195
"21071",30.2,27.6726818754325
"21073",25.7,21.7472292660928
"21075",27.2,23.7895839637476
"21077",27.9,23.8973197105033
"21079",28.2,23.5626469970221
"21081",27.4,23.6968909489328
"21083",27.1,24.1463853874964
"21085",27,25.5287594196826
"21087",28.8,24.8446769837333
"21089",27.2,23.48442287298
"21091",26.5,23.6058936357971
"21093",26.2,21.6387586548438
"21095",30.4,27.995371412106
"21097",26.7,24.0748291393553
"21099",28.8,25.7147296848451
"21101",26.2,23.8282886731868
"21103",26.9,23.6709502197927
"21105",25.7,22.4440537148275
"21107",27.8,24.5259279034096
"21109",30.1,26.2005944277253
"21111",25,20.6946980211635
"21113",26.3,22.6042089514468
"21115",29.7,25.4968687561943
"21117",26.3,22.1150118226775
"21119",30.2,26.9006432382326
"21121",29.7,28.8819522244346
"21123",29.3,24.8271339056744
"21125",28.2,25.4137179573536
"21127",28.3,26.9199338609964
"21129",29.5,26.7191980638125
"21131",29.4,28.8365722753482
"21133",29.9,27.3119932369892
"21135",28.7,26.9923659597809
"21137",28,24.3141758141371
"21139",26.8,23.953103282039
"21141",25.8,23.4371367316656
"21143",24.1,19.3781459725563
"21145",26.9,22.1711266951852
"21147",29,27.651383059396
"21149",26.8,21.7959877090932
"21151",27,23.6839758731706
"21153",29.3,27.9436574843636
"21155",27.6,25.5538920884666
"21157",27.1,22.2132355802939
"21159",29.2,24.3836508854278
"21161",26.6,23.7772743455272
"21163",27.1,23.492767577307
"21165",28.2,26.0219494176928
"21167",26.2,22.1465063176052
"21169",27.6,25.879078697984
"21171",27,25.1035657443128
"21173",29,24.3511412191283
"21175",27.8,22.9437192235082
"21177",28.1,23.6462385458561
"21179",25.7,21.9187234620498
"21181",28.2,24.6980793993088
"21183",27.6,23.4848517418432
"21185",23.7,19.4540575447787
"21187",26.8,22.7024295202922
"21189",28.5,26.4839929951517
"21191",27.4,24.1612021871605
"21193",29.2,26.4727259683313
"21195",29.2,25.9976688215787
"21197",28.6,25.4951649660322
"21199",29.1,25.2868310615141
"21201",27.7,27.6373305823466
"21203",28.9,26.276860662253
"21205",30.2,26.6413083340189
"21207",29.3,24.8789458046821
"21209",26.3,22.0794990468203
"21211",24.8,20.6847099392042
"21213",26.6,22.8949142257361
"21215",26.6,22.3973675760227
"21217",26.8,23.2803625692057
"21219",27.6,23.484860051117
"21221",26.2,22.6303053796815
"21223",26.4,23.5570802479714
"21225",27.4,24.1594202732038
"21227",26,22.9974585321421
"21229",25.7,22.2962218333508
"21231",28.3,25.8184339158154
"21233",27.6,23.7990627362963
"21235",29.1,26.250899130717
"21237",31,29.2477705230288
"21239",24.5,20.8249670619818
"22001",27.8,25.0175019022531
"22003",28,22.2977031577119
"22005",25.8,20.5465402889268
"22007",27.7,21.6756116785518
"22009",29.5,24.4195623807191
"22011",28.9,21.9961897585658
"22013",26.8,23.9903905569739
"22015",27,21.5487532898611
"22017",24.2,21.0472366722538
"22019",28.9,22.0904103563303
"22021",27.6,23.9875048034262
"22023",29.5,21.9488936873235
"22025",26.6,22.936458923296
"22027",24.9,22.2609415723173
"22029",27.7,24.65440355756
"22031",26,22.0198454470353
"22033",26.1,19.7681862491508
"22035",25.3,23.1799748532094
"22037",24.3,18.5442778225208
"22039",29,24.5673624650953
"22041",27.8,24.2211859068947
"22043",28.5,21.2745956426283
"22045",28.1,23.0630767648614
"22047",25.4,19.9206625321429
"22049",27.1,23.5558742171516
"22051",26.8,19.8572036568551
"22053",28.7,22.7437669208403
"22055",27.5,21.5446566534049
"22057",29.6,23.0865002629435
"22059",28.3,22.0860477039731
"22061",29,23.4494690229435
"22063",29.1,22.7218915405222
"22065",26.5,24.5928140490645
"22067",26.7,23.0700011540728
"22069",27.1,22.6545595609449
"22071",25.4,19.67846193402
"22073",25.6,22.7226678606886
"22075",26.5,21.2150362930614
"22077",27,21.2710864776206
"22079",27.6,21.7729008357059
"22081",27.1,22.497760527869
"22083",27.2,22.8140994989918
"22085",27.4,22.8821000860466
"22087",31.1,24.0011500550034
"22089",27.7,20.2088117050288
"22091",25.1,22.0026971038389
"22093",24.8,19.0170335230416
"22095",24.5,18.7525552162154
"22097",28.1,23.7132491415607
"22099",26,22.3249279094672
"22101",26.7,22.6952436770513
"22103",30,20.6694952634226
"22105",28.7,22.4099894226237
"22107",25.2,22.9191084646555
"22109",27.2,22.2148699658545
"22111",27.3,23.6693005441739
"22113",28.6,23.8259266320049
"22115",28.6,22.8098516263942
"22117",28.2,23.0630047917505
"22119",27.6,23.8191181284473
"22121",25.9,20.5599368493577
"22123",28.7,23.464690190863
"22125",22.3,15.5967186484631
"22127",26.5,21.3324281700029
"23001",28.9,22.4495315337649
"23003",24.3,21.9904762441733
"23005",24.8,19.6497319622661
"23007",26.3,21.5667205745717
"23009",23.9,20.2834865625257
"23011",25.8,22.0900380110323
"23013",23.5,19.7531716634088
"23015",23.6,19.1258582368936
"23017",25.6,22.24681507113
"23019",29,22.1909068767679
"23021",24.5,21.391032845999
"23023",25.4,20.7204279979808
"23025",25.5,23.2384307829157
"23027",24,21.0110847487458
"23029",25.5,21.8973792001709
"23031",24,20.6533214035684
"24001",26.7,22.1807266621463
"24003",19.9,18.30714818882
"24005",20.4,18.5019660771032
"24009",20.8,19.2866680813486
"24011",24.2,21.6727748171021
"24013",21.1,19.9515808575952
"24015",22.7,21.5735839502725
"24017",17.7,17.0178793367418
"24019",22.7,20.8581590617348
"24021",22.4,19.0648226181594
"24023",21.6,21.5406600897699
"24025",21.7,19.4993453419257
"24027",18.1,15.8628647622008
"24029",21.2,18.8348774750473
"24031",18.3,15.8219402116098
"24033",14,14.9589244376387
"24035",21.2,19.6909486712835
"24037",21.9,19.9246636536868
"24039",21.4,20.2646912656608
"24041",19.2,18.1008880033176
"24043",24.6,21.2302552586606
"24045",23.7,20.7133592871521
"24047",20.4,18.5358530240278
"24510",22.5,19.3016769176061
"25001",21.4,17.8951738717949
"25003",23.1,20.4854245834646
"25005",23.8,21.4735685902627
"25007",22.7,18.1821842054409
"25009",22.2,19.7642327826704
"25011",23.6,20.8576954882948
"25013",27.8,21.8041007318901
"25015",27.3,20.7216885969299
"25017",23,18.3776673185033
"25019",21.1,16.7276935840329
"25021",21.2,18.4175912794918
"25023",22.6,19.4634531312731
"25025",24.1,19.9396673698671
"25027",24.2,20.5398287140448
"26001",23.9,20.4162203345317
"26003",23.5,18.8447487798552
"26005",23.9,21.6898486601799
"26007",25.1,23.179708299977
"26009",23.1,19.7246962626654
"26011",25.8,21.8593976259608
"26013",23.6,19.0173987500475
"26015",24.7,21.5218899261661
"26017",24.1,23.1299078733074
"26019",24.3,19.8851675628796
"26021",24.4,21.3165608793406
"26023",24.9,22.657164131319
"26025",25.7,22.1350328957702
"26027",24.3,21.5562701883853
"26029",24.9,19.8617567460977
"26031",25.5,20.3535549934802
"26033",26.5,20.2021480468198
"26035",26.2,24.1701542382628
"26037",24.2,21.4998859384237
"26039",25.2,21.4845351614524
"26041",24.5,21.5797347261634
"26043",24,21.0056698880377
"26045",24.1,20.2687193046892
"26047",23.3,19.6764248112129
"26049",25.8,22.2482877251774
"26051",24.4,21.8971663804353
"26053",24.7,20.7182335170712
"26055",24.3,21.0180056057475
"26057",23,22.1153070579063
"26059",24.5,23.1279135178452
"26061",24.5,21.9951360125991
"26063",24.7,21.3590135096871
"26065",26.3,21.7671131606338
"26067",25.3,21.4260512801447
"26069",24.8,21.534102539041
"26071",24.3,21.0277267061536
"26073",27.5,25.367320464342
"26075",25.6,21.495191214121
"26077",26.9,21.3470824557854
"26079",26.2,22.7931335303347
"26081",23.2,20.6677189218284
"26083",22.3,17.16475163592
"26085",24.5,21.1344418366553
"26087",25.3,21.6914548531717
"26089",21.2,17.2565208232652
"26091",24.1,21.7027905112178
"26093",24.6,20.1701728109685
"26095",24.1,21.5193253573423
"26097",23.1,18.8256549284051
"26099",25.1,20.8380414368416
"26101",23.5,20.2177620696216
"26103",27.5,21.83328771097
"26105",23.6,21.5753275927259
"26107",26.9,23.3323381092263
"26109",24.3,20.9486960835481
"26111",22.6,21.1891441796918
"26113",25.4,21.8141005790545
"26115",24.7,22.2124881200952
"26117",26.2,21.8971294459265
"26119",23.6,21.9292396813848
"26121",27.1,21.6684442350743
"26123",25.7,22.722794879063
"26125",19.2,18.5826301119351
"26127",24.4,21.7947659342251
"26129",25.7,22.7314734121897
"26131",24,19.8681096682927
"26133",26.6,22.7492849746434
"26135",24.9,20.9919740299524
"26137",25.8,21.3198666759814
"26139",25.5,20.8336337075828
"26141",23.9,20.5230855578705
"26143",23.8,21.1015660098148
"26145",25.4,22.2830197720181
"26147",26.6,22.4365777782668
"26149",27,22.3733812809535
"26151",25.5,22.7659554653953
"26153",25.6,21.1378968297532
"26155",25.2,22.5728845060044
"26157",25.8,22.414808048043
"26159",26.5,21.9736212550404
"26161",24.5,19.8965989849713
"26163",23.3,21.3339138109325
"26165",25.2,22.5507312244914
"27001",22.3,20.0066172058051
"27003",25.4,20.1300864949402
"27005",24,20.7970104429632
"27007",26.4,21.1143151777936
"27009",25.8,22.2516287976183
"27011",24.2,20.9950246457914
"27013",28.9,23.1519261734311
"27015",24.6,21.05017854831
"27017",26.6,21.6090651699344
"27019",21.4,19.8433893690196
"27021",23.5,19.4323711595151
"27023",24.1,21.1334602645147
"27025",23.5,21.0957486071677
"27027",27.4,22.9937523800756
"27029",24.3,20.760508857157
"27031",22,17.7401428642008
"27033",23.8,21.2755393077174
"27035",22.9,21.1022835516974
"27037",23.6,19.3217380985253
"27039",24.3,20.7146735535313
"27041",23.6,20.7150667004945
"27043",24.7,21.1855873405645
"27045",24.9,21.0074088914897
"27047",24.1,20.7793947056804
"27049",24.2,21.120015386617
"27051",25.1,21.1290862195147
"27053",25,19.0245157658761
"27055",23.7,20.5853156793773
"27057",24,19.9620041229283
"27059",25,22.132013663715
"27061",24.2,20.7571595174468
"27063",23,20.9272615828342
"27065",24.7,22.0362155721373
"27067",23.9,20.7920935144807
"27069",23.9,20.6984913817061
"27071",24.5,20.9528309361197
"27073",23.3,20.240537686046
"27075",23.1,19.9760721027127
"27077",24.1,20.1681219578634
"27079",25,21.086710535571
"27081",24,20.7632488992045
"27083",24.8,21.9075191127529
"27085",25.9,21.2744619434943
"27087",27.8,20.1100321344891
"27089",23.9,20.8710835631669
"27091",23.9,21.5242482771919
"27093",22.8,21.1235397701676
"27095",26.8,22.0000978797287
"27097",24.6,22.1246154128377
"27099",24,21.1370422499712
"27101",23.8,19.9120790715194
"27103",25.4,21.3420946821094
"27105",22.7,20.151676898094
"27107",23.3,20.542301457326
"27109",24.8,19.8497064396879
"27111",24,20.2445778594007
"27113",25.2,22.063783137092
"27115",24,20.8994251374998
"27117",23.7,22.2049775682662
"27119",24.7,21.3885409209615
"27121",24.2,20.6674015846123
"27123",26.8,19.6298867572341
"27125",24.1,21.2034215123887
"27127",24.2,20.9411036991865
"27129",24.4,21.0879803120884
"27131",23.5,20.5814564773098
"27133",24.3,21.7607091818734
"27135",23,21.3722829521758
"27137",26.7,21.9528419612591
"27139",23.2,19.9191628929015
"27141",24.2,21.3957658578579
"27143",23.6,21.4172236278052
"27145",27.1,22.047760922633
"27147",24.4,20.996712684868
"27149",24.4,21.4209391966427
"27151",24.1,20.9149079381943
"27153",25.1,21.3190512178497
"27155",23.4,20.6374683828225
"27157",23.9,20.6506798016691
"27159",25.9,22.3732157961885
"27161",25.2,21.5744911914401
"27163",22.9,19.0500576137049
"27165",23.4,21.0790711914912
"27167",24.3,22.1883666203911
"27169",24.4,22.5968182049758
"27171",22.9,20.8321969332582
"27173",23.7,21.4039964699382
"28001",19.3,21.3394360915428
"28003",22.4,22.7537689156277
"28005",20.4,22.882915265022
"28007",20.7,22.1215844535707
"28009",21,20.7013949515341
"28011",18.4,21.9191569936231
"28013",22.6,21.5786144404928
"28015",20.8,20.4515325687462
"28017",20.8,22.7109305993464
"28019",20.1,21.1022785555462
"28021",18.7,18.9745145712044
"28023",20.6,22.1639550290223
"28025",19.9,20.5762897426018
"28027",19.5,22.7920085738415
"28029",19.4,21.1645989542549
"28031",21.9,22.7984363353864
"28033",20.2,20.010195642701
"28035",22.1,22.8735400610088
"28037",20.5,22.0461985505195
"28039",23.3,24.4855994098985
"28041",20.6,20.1885125675327
"28043",21.8,21.2284982039933
"28045",22.8,21.6801215539718
"28047",24,21.6307585628318
"28049",19.3,18.8870077106121
"28051",18.7,21.824982683138
"28053",20.2,21.5383104447727
"28055",17.9,15.3278950017493
"28057",23.7,22.1209878602709
"28059",21.2,21.2635459974821
"28061",18.8,18.9045278783976
"28063",18,20.306999470098
"28065",19,19.7879146662478
"28067",20.3,22.5801181231026
"28069",18,18.5185582783746
"28071",23.3,22.2875408889887
"28073",22.1,22.1776853612326
"28075",21.5,22.2421809814002
"28077",22.4,22.5126020415274
"28079",20.5,20.526264769191
"28081",21.4,20.7224609475237
"28083",20.6,21.9959907189686
"28085",21.4,23.1512692855927
"28087",19.6,20.5262113683653
"28089",18.9,18.26407769599
"28091",21.8,22.8248773955311
"28093",20.4,20.3605199425421
"28095",21.7,21.5602327402882
"28097",21.2,21.6800593296953
"28099",23.3,24.0327952017286
"28101",21.5,22.5526219379828
"28103",19,19.934550662766
"28105",22.4,23.0999438564692
"28107",20.8,20.9089249239309
"28109",22.2,22.3892122708292
"28111",23.6,23.4463407225507
"28113",21.3,23.2056489818968
"28115",21.8,22.7829535306839
"28117",23.3,22.7260753695433
"28119",19.6,21.334514091206
"28121",22.2,20.1573045338262
"28123",22.4,21.9861104676176
"28125",19.2,19.6365719796077
"28127",21.6,21.15138534686
"28129",22.3,22.4238812041677
"28131",23.5,23.1279311926611
"28133",18.5,20.1120543276108
"28135",18.7,20.0439093943416
"28137",21,21.7696264330253
"28139",22.7,23.1323172943562
"28141",23.3,23.9829527748328
"28143",20.5,21.346578049706
"28145",21.2,21.6137618970421
"28147",20.6,20.4301563115844
"28149",19.8,19.8607358056829
"28151",17.8,21.0868962588197
"28153",20.9,21.5820764307919
"28155",22,22.3069338319731
"28157",18.1,18.3851398489633
"28159",20.2,21.7854676979253
"28161",21,21.6795054181347
"28163",19.7,20.5077934533242
"29001",24.8,25.43074372542
"29003",21.9,20.9091480080579
"29005",23.4,20.8795130532194
"29007",25.6,24.2172331204916
"29009",23.5,22.4573187427072
"29011",25.3,24.491464547171
"29013",23.7,24.2431133445961
"29015",23.6,21.5129325852343
"29017",25.6,23.3165121237895
"29019",23.9,22.4940386132514
"29021",22.4,22.5140917345549
"29023",24.7,24.4163839228554
"29025",24,22.8871079552336
"29027",25.4,21.0797729389073
"29029",22.3,20.8676677071485
"29031",23.7,22.3699622957717
"29033",23.6,21.4136268345146
"29035",25,24.3684254291907
"29037",23.4,20.7569995324309
"29039",24.7,22.6068823454396
"29041",21.8,21.6023121183751
"29043",24.4,21.669603048302
"29045",24.9,21.7792494685572
"29047",22.7,20.6516085272074
"29049",23.6,22.2794793546965
"29051",22.1,20.180312904892
"29053",23.8,21.9238492162055
"29055",24.9,23.0248594202752
"29057",24.7,22.600014455904
"29059",24.6,24.5469142291449
"29061",25.1,22.2754497472273
"29063",22.2,19.3588172593809
"29065",25.2,22.9513806361505
"29067",23.5,23.1104059130354
"29069",25.3,24.060530253241
"29071",23.1,21.4119367175332
"29073",23.1,21.7239013028402
"29075",24.3,23.4493214642708
"29077",24,22.3844108109043
"29079",24.2,23.1374183964516
"29081",23.4,23.3076277292909
"29083",24.1,22.7437985615936
"29085",23.8,21.2613660699331
"29087",24.1,20.6111382449805
"29089",23.5,21.3954344688848
"29091",25.8,24.9850868679072
"29093",24.4,23.5335220456767
"29095",22.7,20.3949728478761
"29097",23.8,23.6145743713891
"29099",24.7,21.8418128117223
"29101",24.9,22.1752945208377
"29103",24.9,21.4316229192902
"29105",25.2,23.6462858478313
"29107",23.8,21.3459213530179
"29109",24.9,22.8784452157481
"29111",26.2,23.5650522645089
"29113",24.1,23.0628113338484
"29115",25.2,23.6052355022518
"29117",23.9,22.974932371073
"29119",25.2,22.1944252860903
"29121",22.4,21.6139243626072
"29123",23.5,22.40030519315
"29125",25.5,23.0798536747797
"29127",24.5,22.8909201896103
"29129",23.2,22.5922083161396
"29131",24.1,23.3040470489107
"29133",25,22.8247404338793
"29135",24.5,21.8259069514194
"29137",23.4,22.1119927227516
"29139",24.6,22.8889909569931
"29141",23.9,22.844472114557
"29143",23.2,22.7553869929697
"29145",23,21.8464822655366
"29147",25.3,24.3261099739521
"29149",24.7,24.2197800789727
"29151",23.1,21.6107433837736
"29153",24.8,23.3185170177988
"29155",24.7,25.3481321500514
"29157",23.1,22.5697508358533
"29159",24.7,22.6711471971069
"29161",25.2,22.4521482090933
"29163",23.1,22.2581890048765
"29165",23,19.7222259400129
"29167",25.4,23.5541049223799
"29169",24.2,21.1274721895476
"29171",22.3,21.100965821766
"29173",22.7,21.8729007199565
"29175",24.5,23.1173534691675
"29177",24.6,22.648758844183
"29179",24.9,22.5287715370117
"29181",26,24.2855203895926
"29183",22.7,19.7788765734155
"29185",23.8,21.8323997829959
"29186",23.4,21.5059540695025
"29187",25.4,23.3208369346692
"29189",21.5,18.6216077669054
"29195",23.3,21.6359152241119
"29197",23.7,22.0703520782169
"29199",24.4,20.909548858099
"29201",23.9,22.6108381343149
"29203",25.7,22.1467867058321
"29205",23.9,22.5482879266752
"29207",24.4,23.6886344027496
"29209",23.5,20.9663187716509
"29211",23.4,22.248036571689
"29213",23.2,22.4373420677539
"29215",23.8,22.8587529113545
"29217",24.3,23.6656795489842
"29219",23.8,22.1323314976701
"29221",24.9,24.0854872371291
"29223",24,24.8749323512272
"29225",24.3,23.4243572110108
"29227",23.4,22.8527050359074
"29229",25.3,24.4385004523436
"29510",24.1,20.2417312298134
"30001",24.4,21.4768124858072
"30003",24.4,20.4247289295332
"30005",24.4,19.5647292398326
"30007",23.3,19.9019164310711
"30009",21.7,19.8917960680071
"30011",22.6,20.545789335723
"30013",25,21.6242450481497
"30015",23.9,21.1711040798739
"30017",23.2,21.4472407415703
"30019",23,20.0219977435728
"30021",22.4,20.8111206804536
"30023",23.5,23.0323886752478
"30025",23.1,22.8295393254058
"30027",21.5,20.8600185354931
"30029",22.8,20.5651719105037
"30031",23.3,20.7818495864855
"30033",23.7,20.78359278549
"30035",28.5,20.9561588001824
"30037",24.8,21.2073981741426
"30039",22.1,19.8012069640456
"30041",25,21.7078381061343
"30043",23,19.2162069915526
"30045",21.9,21.0392106228113
"30047",24.9,19.8445554418883
"30049",23.1,20.5961879340017
"30051",26.3,26.357105326977
"30053",22.1,21.4157070776883
"30055",21.9,17.4706458874773
"30057",21.5,17.9468455039015
"30059",21.6,18.0808968013585
"30061",22.9,20.466720131409
"30063",26.6,21.2647235856577
"30065",23.2,20.5014696413235
"30067",22,20.445473363082
"30069",21.4,19.8964767367636
"30071",23.3,18.7368252574249
"30073",23.9,22.9828286376745
"30075",22.8,20.6229449267296
"30077",22.4,17.0948343510743
"30079",24,21.3856590432682
"30081",22.9,19.8082272221311
"30083",23.3,21.9823812597649
"30085",27.2,21.5530314339544
"30087",25.1,20.6908685400147
"30089",22,20.3171780457276
"30091",22.2,20.0876328187888
"30093",25.9,22.6507379789594
"30095",22.1,19.9604866411683
"30097",21.7,19.2821850529732
"30099",23.2,21.9665640830151
"30101",24,19.7262055991007
"30103",21.5,20.2880678124351
"30105",23.1,20.7480398278885
"30107",23.7,23.6198515962349
"30109",23.4,23.273790543184
"30111",27.3,21.3665608661938
"31001",19.4,21.9743775219339
"31003",16.6,21.4454707638466
"31005",17.6,19.2652104931756
"31007",16.2,19.1176779135279
"31009",17.9,18.8506106883108
"31011",17,21.0576763652029
"31013",17.5,21.5704005822206
"31015",15.6,19.3589936833321
"31017",17.6,19.9931212208488
"31019",19.1,21.8036983135213
"31021",16.6,21.6129306214942
"31023",16.1,20.8616231656777
"31025",17.3,20.2997119205837
"31027",16.4,20.2379223463685
"31029",17.2,20.0267447377528
"31031",18.1,20.1551100522535
"31033",17,21.8877181173911
"31035",17.2,20.900363953392
"31037",15.7,19.6864357266729
"31039",16.4,20.2713278991764
"31041",17.5,21.5119395620467
"31043",16.6,20.0298746131886
"31045",17.9,21.8706689297487
"31047",16.4,20.6709317712652
"31049",16.1,19.4945420000087
"31051",16.4,20.2298884159802
"31053",17.5,21.2807796034235
"31055",18,20.336823349786
"31057",17.3,21.9707036622932
"31059",17.3,20.4487649090515
"31061",16.9,21.7718908218391
"31063",17.7,20.1810977143364
"31065",16.9,21.0344960456151
"31067",18.6,22.539889261918
"31069",17,19.7454131301128
"31071",16.1,20.5033810817938
"31073",16.6,18.9744832069101
"31075",16.4,19.9066578828826
"31077",16.8,21.552809798577
"31079",16.8,20.8829755008849
"31081",17.3,20.4914979407372
"31083",16.6,19.4171036907489
"31085",16.9,22.5802086370562
"31087",17.1,21.1830195703452
"31089",16.3,21.1429219561608
"31091",16.5,20.8947903808491
"31093",16.7,19.8191666296681
"31095",16.8,21.6761040735693
"31097",14.7,17.6973228327615
"31099",17.3,21.3644367245681
"31101",15.9,20.6861488412456
"31103",15.6,21.0015524680456
"31105",17.1,19.8220270517225
"31107",17,20.7190310036042
"31109",18.5,21.1945347528479
"31111",18.7,21.6599946792895
"31113",15.8,20.0309843992469
"31115",16.4,18.2695180717815
"31117",17.5,19.7931537923613
"31119",17.5,21.8864478624849
"31121",17.4,21.4506887655378
"31123",16.8,20.0463899868308
"31125",18,22.6456006649541
"31127",18.8,21.9739100916091
"31129",16.1,19.00460871048
"31131",17.5,21.1291354659227
"31133",17.1,21.2426577122498
"31135",17,20.2349335382057
"31137",16.7,22.3192761933089
"31139",17.6,21.3873114311258
"31141",16.2,20.4341513249603
"31143",17.2,20.74619522077
"31145",16.8,21.8461737893505
"31147",17.3,20.8775411118009
"31149",16.7,20.7012324497095
"31151",17.3,21.2014402745344
"31153",16.7,20.1617685832744
"31155",17.3,20.8077446858615
"31157",18.3,21.3511051510731
"31159",17.1,20.8367739022087
"31161",16.2,19.301682463579
"31163",17.2,20.6092101784827
"31165",16.7,22.8079068919879
"31167",17,20.9743752569009
"31169",17.3,20.8662558028485
"31171",16.2,18.3181541548225
"31173",18.8,19.6728731514516
"31175",16.4,20.4594566546359
"31177",16.5,21.2333466172828
"31179",17.5,23.3740693305362
"31181",17.2,20.5322404950901
"31183",16.4,20.1286446704545
"31185",16.8,21.3571039039546
"32001",22.4,20.1241087923324
"32003",19.6,18.9704366636482
"32005",20.4,17.8467340002564
"32007",21.8,20.8073825813344
"32009",20.4,20.4726275209272
"32011",22,22.4544229278486
"32013",21.9,21.4174809959899
"32015",22.6,21.7127552184434
"32017",21.3,19.5761192066924
"32019",21.6,20.05747733624
"32021",21.6,20.6618306848739
"32023",21.4,19.9223977479792
"32027",20.5,17.4048172143005
"32029",19.7,16.450463915282
"32031",21,19.3653349524705
"32033",21,19.2777727714187
"32510",21.6,19.5160000371099
"33001",24.8,20.572476711396
"33003",22.4,18.7644155428647
"33005",25.8,20.8732941648794
"33007",24.3,20.7894337767617
"33009",25.1,20.0005764899022
"33011",23,19.9542577482363
"33013",25.2,20.4781918898532
"33015",23.8,19.6268520857546
"33017",26.5,21.2393552182573
"33019",24.5,21.2464051758569
"34001",17.3,19.5195909309294
"34003",16.4,17.3152613950482
"34005",17.6,18.3438954616881
"34007",17.7,19.6174294237211
"34009",18,19.3008986314393
"34011",17.1,20.3456014031398
"34013",14.8,18.1015147377812
"34015",19.5,20.1881342676298
"34017",15.4,17.8876590390215
"34019",17.8,18.1990862262394
"34021",16.9,18.2216289890774
"34023",14.2,16.9616529673912
"34025",16.4,18.7386932486655
"34027",16,17.6107065169689
"34029",18,20.7977192842181
"34031",17.8,19.0794301796667
"34033",18.8,21.2462298869088
"34035",13.6,16.4433200584535
"34037",18.5,19.681452019041
"34039",14.9,17.0716462010272
"34041",16.3,19.9245827642332
"35001",21.1,20.1712148119863
"35003",21,19.5209583186922
"35005",22.1,23.1957522530691
"35006",23.3,21.8160438052143
"35007",20.6,20.3978047323935
"35009",21.6,21.8545467777535
"35011",21.1,15.9345719919079
"35013",21.8,21.8608959638027
"35015",24.3,20.9298282959576
"35017",20.4,20.6203696694704
"35019",19.2,18.5355635636675
"35021",19.5,17.5376163522181
"35023",20.6,22.5969688734654
"35025",21.5,22.0092220656847
"35027",20.7,19.674051188887
"35028",18.4,16.6957757304214
"35029",21.6,22.6926057707947
"35031",24.8,21.2253043845847
"35033",19.1,20.04856603496
"35035",22.7,21.2062009814125
"35037",21.6,23.0156086277243
"35039",20,19.5027037677918
"35041",23.5,23.0079781723955
"35043",22.7,18.5978541710328
"35045",23.8,21.734119980754
"35047",20.2,21.1054281464869
"35049",20.1,17.980042727599
"35051",20.8,21.4457172006535
"35053",22.2,23.8801019588972
"35055",20,18.3602771650356
"35057",22.5,21.6430303183144
"35059",21.5,20.3020737778916
"35061",21.4,21.1298766798643
"36001",20.6,20.2587774004914
"36003",22.9,23.4512187223498
"36005",17.4,20.8463699776391
"36007",22.8,22.9696250337675
"36009",23.5,23.2969548880949
"36011",23,22.0252354240841
"36013",22.4,23.0245657342561
"36015",22.6,22.4810086346531
"36017",22.2,22.4604222773308
"36019",25.3,22.1605219753797
"36021",20.4,19.5462115046039
"36023",24.6,22.805565656739
"36025",21.6,21.5994105117643
"36027",18.3,19.1481186145494
"36029",22.5,21.1318322795884
"36031",21,20.2056671623828
"36033",24.5,22.4877739813021
"36035",22.8,22.7369091992008
"36037",22.1,21.827758799244
"36039",20.9,20.0390746109016
"36041",21.4,19.564281682246
"36043",21.1,22.1103458467836
"36045",22.9,21.8382754135474
"36047",16.6,19.7380895294108
"36049",22.1,22.8111521429457
"36051",23,21.910731995977
"36053",23.3,21.6481922560019
"36055",21.7,20.6505574877138
"36057",22.5,22.4489474751761
"36059",16,17.170867217219
"36061",20.8,18.3151556717552
"36063",22.5,21.9891338581885
"36065",21.8,21.9085208474023
"36067",24.1,21.3543802208112
"36069",22.6,20.6449111199917
"36071",19.6,20.7794210234631
"36073",22.2,22.1722978025149
"36075",23.4,24.0358008527788
"36077",23.1,21.7509846289148
"36079",19.8,19.0138044806398
"36081",14.3,16.573869106368
"36083",20.3,21.101114013243
"36085",17,19.7291086075262
"36087",18.6,20.6289232712418
"36089",22.9,23.358191005836
"36091",21.2,20.0413993060768
"36093",20.1,20.4344634459433
"36095",22,20.9306125005725
"36097",23.3,22.7494886869197
"36099",22.4,21.4638311245748
"36101",23,22.3834659959109
"36103",17.6,18.927954460326
"36105",20.3,20.6695791437024
"36107",21.1,21.6826111889222
"36109",24.5,21.1085940943929
"36111",20.3,20.7605452915271
"36113",22.5,20.5344995622328
"36115",22.6,21.5572568934067
"36117",22.4,21.5547927330464
"36119",16.5,17.4236704173114
"36121",21.2,21.2900851767385
"36123",22.7,22.2032589479949
"37001",22.8,20.8600546801926
"37003",23.8,21.4852983595675
"37005",24.3,22.5817232355428
"37007",21.6,19.7604855766113
"37009",23.8,21.6646912215126
"37011",24.2,19.5724674806685
"37013",22.9,20.8960310957374
"37015",19.9,17.9834483488811
"37017",22,21.6554791783201
"37019",21.5,18.1161115083499
"37021",23.2,20.2647662194403
"37023",24,22.2194818754599
"37025",21.1,19.3401937280552
"37027",24.6,21.9785183473273
"37029",23.8,19.8508807484196
"37031",23.5,19.6856692665961
"37033",22.2,19.305310366324
"37035",23.4,21.062707987176
"37037",21.2,18.3078825849593
"37039",24.1,20.7979978052679
"37041",21.9,20.7858034005213
"37043",23.2,20.1782944284731
"37045",23.9,22.4183380850266
"37047",24.1,21.4292646298051
"37049",23.2,20.1880911967852
"37051",23.3,20.1341630503997
"37053",23.6,20.5954687599434
"37055",22,18.5813277689549
"37057",23.6,21.8989990396544
"37059",23.8,21.0075632168957
"37061",21.8,20.9517756624355
"37063",21.7,17.8919463623855
"37065",20.8,20.3135937537304
"37067",22,20.3406738003422
"37069",22.5,19.2584915159183
"37071",24.4,21.1117274028753
"37073",22.1,20.484371489028
"37075",25,20.5490451854783
"37077",22,19.4869508853958
"37079",21.6,19.6719562828905
"37081",22.4,19.5535214110221
"37083",21.3,20.2854182618152
"37085",24.3,21.1809333637508
"37087",22.6,20.9620851015125
"37089",23.2,19.9048779157628
"37091",20.4,18.7058231575114
"37093",24,20.4342633731129
"37095",22.5,22.3599013406435
"37097",23.4,20.1743722624947
"37099",25.7,21.9834862366365
"37101",23.7,20.5583912421531
"37103",22.8,20.1216338736248
"37105",24.2,21.4015739183187
"37107",22.3,21.4453831257136
"37109",24.2,20.8770684277601
"37111",26.4,22.1677534608679
"37113",22.5,20.8355553250377
"37115",24,21.1989178359035
"37117",22.3,20.8514817811785
"37119",21.3,18.0687201280897
"37121",24,21.5118823756227
"37123",22.1,20.6623238074419
"37125",21.7,18.8226324409326
"37127",21.4,19.175591495436
"37129",24.3,20.599418830865
"37131",19.7,17.946905626119
"37133",24.6,20.5110437862976
"37135",22.4,19.6193117968125
"37137",21.7,18.5513679977826
"37139",22,18.8643365455007
"37141",22.5,20.1988600585609
"37143",21.7,19.4725599040947
"37145",23.6,21.5133151128164
"37147",22.6,21.5974978267994
"37149",20.4,19.444436240014
"37151",25.1,22.2050047857427
"37153",22.9,22.3425668771096
"37155",22.3,20.7599737088726
"37157",24.1,22.3312314824632
"37159",22.8,21.8249304374534
"37161",25.8,22.7328963185357
"37163",22.5,21.4524922056323
"37165",22.8,21.1900785641281
"37167",23.8,21.5754256610477
"37169",24.1,22.1138131238581
"37171",25.9,23.1645198449943
"37173",26,20.6497216730454
"37175",22.2,19.5654148605524
"37177",20.9,18.7177320604715
"37179",21.2,19.5607713314918
"37181",21.7,19.9015503050039
"37183",20.3,18.1658571232212
"37185",20.5,18.2583202807521
"37187",21.4,19.1608824658676
"37189",26,24.6054726446108
"37191",23,20.8330524177113
"37193",25.3,22.6484980013781
"37195",22.6,20.5346525938821
"37197",24.5,22.0350305022385
"37199",23.5,21.7099827865421
"38001",19.7,20.9229790361591
"38003",20.9,21.4882818898896
"38005",23.1,21.6235731842668
"38007",19,20.161248199373
"38009",19.6,19.3811933610749
"38011",21.3,21.2520656493118
"38013",18.9,19.978899613736
"38015",19.7,20.4809043889748
"38017",23.5,21.3303753406404
"38019",19.2,19.6940206194779
"38021",20.7,21.1313316112628
"38023",19.6,19.4714781511297
"38025",19.7,18.514688027734
"38027",20.5,19.9198012399937
"38029",19.1,19.6858043346517
"38031",20.5,20.7950999233664
"38033",20.6,21.593453814649
"38035",23.8,21.9686902858085
"38037",19.6,21.3558879320034
"38039",19.1,19.0525102021196
"38041",20.8,21.2327803817555
"38043",20.1,20.3365805988994
"38045",18.7,20.7236331758787
"38047",20.5,20.2584923756856
"38049",19.2,21.4931886180277
"38051",19.8,20.9119502230397
"38053",22.2,21.4912973555772
"38055",18.5,19.2882310155758
"38057",19.7,20.9572605795894
"38059",22.6,21.1185475418264
"38061",20.4,19.2854514578471
"38063",19.1,20.3207258379711
"38065",19.9,20.4488407688448
"38067",19.2,19.7930028221642
"38069",19.3,20.8429278228041
"38071",19.6,21.5813985621512
"38073",19.1,20.9722468979591
"38075",20.7,20.7607813198809
"38077",20.9,21.6104043609181
"38079",22.1,19.0812865031383
"38081",19.9,19.4463725272854
"38083",18.7,18.9485452824469
"38085",25.6,22.8231765136472
"38087",18.3,18.2654824867091
"38089",21,21.7186853360128
"38091",19.4,20.8447934839835
"38093",21.1,22.1534463845883
"38095",20.6,20.9202804089574
"38097",20,20.1188361012588
"38099",20.7,20.8618935491256
"38101",23.2,20.9386544450071
"38103",18.9,21.6818170535167
"38105",20.7,20.4465939782771
"39001",28.2,24.8425790451133
"39003",26.6,21.7136302299008
"39005",27.2,22.4054668386402
"39007",26,23.3603421355693
"39009",28.5,25.4736476490089
"39011",24,21.5445092008697
"39013",26.9,22.1984142105813
"39015",26,24.1466576274362
"39017",27.2,21.5086575941487
"39019",27.3,22.129588562786
"39021",26.4,22.0464440697709
"39023",27.1,22.8237137494953
"39025",24.7,21.5655325700163
"39027",26.7,23.3962975936126
"39029",25.4,22.5181434082848
"39031",26.7,24.4387425475211
"39033",26.5,23.3911216844529
"39035",23.2,20.3963206163962
"39037",25.2,22.5003630375266
"39039",25.8,21.7472875364684
"39041",20.8,18.7497545958957
"39043",24.5,20.778052842662
"39045",26.1,20.8352884875967
"39047",28.4,23.9275463771619
"39049",24.4,20.4707459608378
"39051",26,21.6596772628452
"39053",25.6,23.6631627871439
"39055",23.8,19.5443366150329
"39057",26,20.6024482228465
"39059",29.1,23.7369811824575
"39061",26.3,20.6004396017236
"39063",25.9,21.9369541405389
"39065",29.2,24.3732914454224
"39067",25.8,22.9884542731943
"39069",25.8,21.7933921950838
"39071",28.4,23.7397006667832
"39073",26.9,23.8752144767041
"39075",28.9,21.4004216546043
"39077",24.4,22.7668658454813
"39079",27.6,24.6602957727066
"39081",25.8,23.5753106496222
"39083",26.4,22.6826069356455
"39085",24.7,20.519253721464
"39087",29.1,24.496525810535
"39089",25.7,21.596561915364
"39091",25.7,22.4078431990827
"39093",27.6,21.6264735276609
"39095",27.1,22.2016436460531
"39097",26,20.9975307708875
"39099",24.2,21.9463867281279
"39101",27.3,22.7667593127334
"39103",24.8,20.5045383640065
"39105",29.3,24.7102205675774
"39107",24.4,21.4317636396944
"39109",25.6,21.4769428958541
"39111",26.8,22.6252378654972
"39113",27,21.2126977180883
"39115",26.1,23.3394563866646
"39117",28.3,22.2160753674558
"39119",25.8,23.6864056255512
"39121",23.6,20.1703822861692
"39123",23.3,20.1915289600108
"39125",26.3,22.1432264488494
"39127",26.5,23.9767284418707
"39129",27.2,22.5375274757317
"39131",29.7,25.1747195096032
"39133",26.1,21.8170515042474
"39135",26.5,22.3889441047929
"39137",24.1,21.1191788223069
"39139",26.5,22.0402112008931
"39141",27.9,23.1211910108184
"39143",25.7,22.3300533420662
"39145",27.3,25.6925120870936
"39147",26.7,22.4478531015644
"39149",26.4,22.4522233646806
"39151",23.3,22.1264692459352
"39153",24.8,20.7458626333115
"39155",26.4,22.8892647309274
"39157",25,22.6388210244284
"39159",24.9,20.8979354667119
"39161",26.1,22.1536762746133
"39163",28.9,24.4933846104568
"39165",22.2,19.5898729966451
"39167",27.3,22.7799251141677
"39169",25.5,21.355518672966
"39171",26.2,22.6205187182176
"39173",26.1,22.2246860223267
"39175",25.9,21.5378947554198
"40001",29.4,20.1160677623513
"40003",24.6,18.308229455844
"40005",27.8,20.1045360642869
"40007",25,18.7514830431729
"40009",28.2,23.2580308191241
"40011",27.4,20.3651561919616
"40013",29.1,21.1308496511359
"40015",27.5,19.8066291594581
"40017",25.6,20.3058070552741
"40019",27.9,21.302407189194
"40021",29.6,19.8983120801134
"40023",27.7,21.9355530393099
"40025",24.1,19.4174295463795
"40027",27.2,20.7688178194247
"40029",28.6,21.333297022128
"40031",26.6,20.6578691569944
"40033",28.6,23.6744182559812
"40035",29.6,20.8802993710872
"40037",27.4,21.4389465834485
"40039",27.4,22.0933657685404
"40041",27.6,20.0416952451146
"40043",27.5,21.6341419359983
"40045",26.1,21.7873870521713
"40047",27.5,21.3621604697253
"40049",27.9,21.7482831638661
"40051",29.2,21.2178172010286
"40053",27.5,21.2116313544056
"40055",26.4,21.6819678418275
"40057",25,20.9920039212965
"40059",25.9,21.3992270351548
"40061",28.7,22.030730287704
"40063",27.3,20.5378863711655
"40065",26.2,21.3497385648455
"40067",28.2,23.6534580065776
"40069",29.2,22.1341929571594
"40071",27,21.7467526934357
"40073",26.4,21.5255306581107
"40075",28.9,24.0851569483334
"40077",28.8,19.982706962862
"40079",28.4,22.1883985495985
"40081",28.3,21.9021195232969
"40083",27,21.1621735738246
"40085",26.1,21.0821588178071
"40087",27.1,20.0879820705698
"40089",28.6,21.4928471988027
"40091",27.6,20.8730714921733
"40093",26.2,21.1458766491485
"40095",28.2,20.6026269088532
"40097",28.2,20.7755378895961
"40099",26.1,20.4919268722541
"40101",28.1,20.7163551754982
"40103",27.9,20.7855294588726
"40105",28.4,20.581920026714
"40107",28,22.1853117856767
"40109",26.1,20.5905346965941
"40111",28.8,21.1041680731611
"40113",26.6,19.2046438974296
"40115",30.4,21.8725907886148
"40117",27.4,21.2128939214155
"40119",28.6,23.5380770356854
"40121",28.9,21.3122949540175
"40123",29.7,19.8564796212952
"40125",30.5,22.1004926194655
"40127",27.3,21.7116808964734
"40129",27,20.6857859571342
"40131",26.6,19.8171549105293
"40133",28.3,22.311913909338
"40135",29.3,21.3148271120776
"40137",27.7,22.1890824322077
"40139",25.7,20.6979538441707
"40141",26.6,20.8046829701291
"40143",28.4,20.4460552875268
"40145",27.8,19.6605585991488
"40147",27.3,20.3844036564128
"40149",27,21.6120035675524
"40151",27.1,22.5834944851915
"40153",27.5,21.95034203052
"41001",25.2,20.6916429110883
"41003",25.5,21.7873660637264
"41005",24.5,19.6666037452258
"41007",25.3,20.3875991841044
"41009",27.1,21.232019411984
"41011",24.7,21.6399707301075
"41013",25.5,20.1440167721243
"41015",24.6,19.4716827766368
"41017",23.5,20.1501611802095
"41019",27.4,21.7226854462043
"41021",24.7,19.332697157932
"41023",25.3,20.8628125947069
"41025",25.9,21.0592760208849
"41027",23.7,19.2264339197389
"41029",26.9,21.237908723875
"41031",24.3,19.4629074706951
"41033",25.1,22.0339179737347
"41035",26.5,22.2608875538741
"41037",25.4,21.6509312737548
"41039",28.5,21.9194647789204
"41041",24.6,20.1110149922641
"41043",26.4,21.8306338867702
"41045",26,22.0243888685461
"41047",26.3,20.9206345041291
"41049",25.8,22.2199933212741
"41051",27,20.1893338507555
"41053",26,21.2140048464483
"41055",25.8,22.6350080641188
"41057",25,20.5108629049053
"41059",25.8,21.0297864220299
"41061",26.6,22.4366834588146
"41063",23.9,19.1485558331892
"41065",25.5,20.6452397261646
"41067",22.9,19.0141664459649
"41069",24.9,18.9949901009429
"41071",25.7,20.8236299997162
"42001",23.8,20.8745827435012
"42003",23.3,20.0610302065408
"42005",24.4,21.8873009181974
"42007",23.8,21.2521200311507
"42009",24.1,21.9220167852894
"42011",22.4,20.8828993900892
"42013",25.7,22.6499240833877
"42015",23.8,22.4281742945721
"42017",22.5,19.1241113649924
"42019",22.2,20.7675148651338
"42021",24.1,22.3956684755315
"42023",24,22.4285303509883
"42025",23.2,22.0089266740199
"42027",24.7,21.7632173361392
"42029",20.7,18.6062753373149
"42031",24.9,22.8552947665784
"42033",23.7,22.0391847458974
"42035",25.6,22.7058510096898
"42037",25.1,23.3874293573697
"42039",24.8,22.2951181930619
"42041",22.9,19.9053545428417
"42043",23.5,20.0586504165719
"42045",21.3,19.2731453959345
"42047",23.2,21.4155415885263
"42049",23.4,22.2996485468043
"42051",25,22.9662850449364
"42053",20.6,18.3009284193502
"42055",23.4,21.1202542906026
"42057",23.3,21.6781652935023
"42059",24.5,22.0357389782117
"42061",22.9,21.0577245298372
"42063",24.4,22.2855727831661
"42065",24.6,22.9584736237893
"42067",24.7,21.3678630739621
"42069",23.1,21.7234551765749
"42071",23.8,20.227670001208
"42073",24.3,22.0656908722674
"42075",24.3,21.0804794639017
"42077",22.5,20.2870514695542
"42079",23.7,21.8113012671346
"42081",23.7,22.1554128250607
"42083",23.9,22.6601528231955
"42085",24.1,21.8552763519509
"42087",24.8,23.4903294576489
"42089",21.5,19.973287885863
"42091",20.7,18.5069450429671
"42093",23.8,20.6206364082538
"42095",21.7,20.0938444359025
"42097",25.2,22.0875555015366
"42099",24.1,21.3221308132579
"42101",23.4,20.7723951642874
"42103",21.6,19.7011131723406
"42105",23.8,21.8323418159945
"42107",25.2,21.8542219973598
"42109",23.8,21.4389925961478
"42111",23.2,21.2156889434123
"42113",24.1,20.2830338935747
"42115",22.3,21.4909362853285
"42117",24.6,22.0401966121302
"42119",24.5,20.4252861415378
"42121",24,22.3379120866371
"42123",23.6,21.7765461377477
"42125",23.7,21.0133345736038
"42127",23.3,20.2443254852152
"42129",22.7,20.9525771874423
"42131",24.5,21.8574778656495
"42133",23.8,20.929777591295
"44001",21.1,20.0503066279459
"44003",22.9,20.6578878544069
"44005",19.3,18.6359067145034
"44007",23.8,20.6674416063902
"44009",19.7,19.8644111185742
"45001",21.2,20.8120959399663
"45003",21.8,20.2051879220611
"45005",17.9,18.5826941416573
"45007",23.4,21.6838733181462
"45009",19.2,19.3218157685456
"45011",20.5,21.9976573227255
"45013",18.6,17.3372813786577
"45015",21.6,19.8096567402644
"45017",20.2,19.9388470886076
"45019",19.2,19.2594981228828
"45021",23.4,22.5678706382655
"45023",21.7,21.4201893007708
"45025",20.6,21.9184529896327
"45027",19.6,19.5013382589141
"45029",21.4,20.2548059547369
"45031",20.9,21.3828284117863
"45033",23.6,23.8194488140454
"45035",20.9,20.2934925754966
"45037",20,19.5606174195721
"45039",20.7,18.978813366303
"45041",20.2,20.5831533655099
"45043",19.3,18.895613423054
"45045",22.1,19.6978243563218
"45047",23.3,21.3741964971374
"45049",20.4,18.9132432235351
"45051",21.1,20.1056239580757
"45053",19.3,18.8881707963639
"45055",20.9,20.9576631891678
"45057",20.4,19.8006019087305
"45059",22.8,21.8591318997452
"45061",20.7,20.5765252653324
"45063",19.9,20.676657666091
"45065",17.8,15.8889290606454
"45067",21.2,21.6874580579963
"45069",20.4,21.1839727182264
"45071",21.1,20.2194350386997
"45073",23,21.3470667010351
"45075",19.3,20.5801725168564
"45077",25.1,22.8950905958914
"45079",20.2,19.3061208768731
"45081",20.2,19.73243868291
"45083",23.8,21.1968330011705
"45085",20.1,19.52088001134
"45087",23.2,22.5055074224306
"45089",18.5,19.5114297905006
"45091",20.2,19.741919169969
"46003",17.3,20.1981999778905
"46005",17.4,20.2219439385835
"46007",18.5,22.635020626744
"46009",16.4,19.0608568918087
"46011",20.5,22.091143317154
"46013",18.2,21.1983716250794
"46015",17.9,21.1920866010031
"46017",21.1,21.6356761394134
"46019",18.4,21.0043210825328
"46021",16.2,18.9480215659829
"46023",17.9,21.5284229907215
"46025",16.5,20.7614614097687
"46027",22.8,24.5102267639565
"46029",19.9,22.1754926839612
"46031",19.2,24.6388211642006
"46033",16.1,18.3532205872152
"46035",18.5,22.8168760198333
"46037",16.5,20.6526278392188
"46039",17.6,20.042047318711
"46041",19.9,21.0145511330282
"46043",17.5,21.5748947017421
"46045",17.7,20.2320910753704
"46047",17.9,20.7168393482353
"46049",17.6,24.7639380626186
"46051",17.5,20.6108421742521
"46053",18.1,20.6919877030723
"46055",17.4,21.5323877968949
"46057",17.3,21.4491325762854
"46059",16.9,19.978115762331
"46061",18.4,21.3548881804614
"46063",16.9,19.5144121073919
"46065",17.4,20.6486459335241
"46067",17.2,21.2304532850819
"46069",18.1,19.6489128381919
"46071",19.3,24.1614319127101
"46073",16.8,19.6648396958625
"46075",15.8,22.2245350580703
"46077",16.8,20.8849022311056
"46079",16.5,20.1252319755234
"46081",18.2,20.4317409025011
"46083",16.5,21.0452956428124
"46085",19.1,20.7027479665588
"46087",17.3,20.9786082022555
"46089",16.8,21.0087559058846
"46091",16.2,19.5590836027819
"46093",17.8,20.3917998263199
"46095",19.1,25.8801909636154
"46097",16.6,21.3714053662404
"46099",17.9,20.6856807788769
"46101",16.8,19.4808194833252
"46103",20.1,20.2578424811219
"46105",16.3,21.2445424617211
"46107",16.5,19.7310132723209
"46109",18.3,20.1013414945158
"46111",16.9,21.4207056477091
"46115",17.7,21.1013353330426
"46117",17,17.8098916162013
"46119",16.5,18.65442803994
"46121",20.2,25.69612986031
"46123",18.9,22.6810499004126
"46125",17.6,21.2233536846619
"46127",16.7,20.4919108174211
"46129",17.1,20.1667072745995
"46135",16.8,20.180440879713
"46137",20.9,23.748722750678
"47001",30.5,22.5137008131001
"47003",30.5,22.0147481593432
"47005",30.3,23.5414797682433
"47007",29.9,23.2558278667055
"47009",31,20.9849056154513
"47011",30.4,22.4305463725469
"47013",31.7,24.5942547968845
"47015",31.3,23.3467127978247
"47017",30.9,22.5641309896125
"47019",31,23.3627484287178
"47021",29.6,21.8099246643189
"47023",31.9,23.4495016211817
"47025",32.1,24.0826867698446
"47027",29.6,24.9137530836273
"47029",32.6,24.3992868098177
"47031",32.7,23.3603377006772
"47033",30.3,21.8009653556125
"47035",29.5,20.7977074719206
"47037",28.8,19.8692386314793
"47039",31.3,23.4723187095474
"47041",32.6,23.8424751692341
"47043",30.6,22.4363301265882
"47045",30.4,22.7498002855846
"47047",26.6,18.6250401346479
"47049",31.9,24.0236386849209
"47051",30.8,22.3375258931951
"47053",31.3,21.9881022928109
"47055",29.5,22.0744261644368
"47057",31.9,23.6542681481372
"47059",31.3,22.9295671765317
"47061",30.8,23.8451882958997
"47063",31.2,23.0564829601206
"47065",29.4,20.2869310298922
"47067",33.8,27.4893457970062
"47069",26.9,19.0465748705829
"47071",29.8,23.8934226930648
"47073",32,23.5448011828299
"47075",27.3,21.0702768729909
"47077",30.6,23.7525957552718
"47079",30.2,22.8506348210756
"47081",30.1,22.7450769180457
"47083",30.8,22.8351515948476
"47085",32.1,21.965312015663
"47087",32,23.6948822855058
"47089",30.2,21.9652748678707
"47091",29.6,22.7590788334558
"47093",30.5,21.391142880595
"47095",29.2,21.2614840783183
"47097",28.6,21.3492443070327
"47099",31.8,23.7008173522605
"47101",33.5,24.272296518498
"47103",29.8,21.8379509874704
"47105",29.1,20.4436557173689
"47107",29.5,22.5479531357411
"47109",32.3,23.5088248495023
"47111",32,24.589193269951
"47113",27.2,20.8796924211263
"47115",31,23.4426495628993
"47117",31.7,23.5451338107528
"47119",27.9,20.8846900880133
"47121",30.2,22.9710770618378
"47123",31.3,22.7117643054312
"47125",30.4,21.0036484184499
"47127",29.1,21.3587355766166
"47129",31.9,23.542893149022
"47131",30,22.5021386295525
"47133",31.2,24.088262234949
"47135",31,22.2910986170065
"47137",31,23.3655151757936
"47139",30.8,21.9968498931606
"47141",32.7,23.2611511153792
"47143",30.8,22.9354719483419
"47145",29.6,21.804051811294
"47147",31.1,21.7877530624028
"47149",29.8,20.7547650044612
"47151",33.6,26.7723957474769
"47153",31.6,24.2681499703895
"47155",29.6,22.1760455763127
"47157",25.2,19.2632150506688
"47159",31.7,23.2567018205847
"47161",29.6,22.0367272898698
"47163",32.3,22.5574806097425
"47165",29.6,20.9673869538505
"47167",29.7,21.3422853014232
"47169",29.9,20.0094832176449
"47171",30.5,22.8803030944715
"47173",30.8,24.0494990289658
"47175",30.4,22.7892460871976
"47177",33.1,23.1725559663571
"47179",31.7,22.3955129947647
"47181",30.2,22.6515460268773
"47183",31.1,23.5829784380722
"47185",32.3,23.7925526890414
"47187",27.3,18.829969905783
"47189",26.9,20.552715736938
"48001",21.7,18.4567781757405
"48003",23.6,20.7756818771876
"48005",24.3,21.5051387442793
"48007",23,20.6919132245349
"48009",24.1,21.0731119238338
"48011",23.5,19.629720017562
"48013",22.2,20.585642621227
"48015",22.9,19.7235056211397
"48017",21.1,22.0180427908847
"48019",21.5,19.5353145427903
"48021",22.8,19.0527582824852
"48023",23.1,20.2971319006958
"48025",21.1,20.1041741157692
"48027",25.9,20.2486795096302
"48029",24.5,20.2452649217409
"48031",23,18.6766562735626
"48033",20.1,20.1111504295106
"48035",23.9,19.8170153038867
"48037",23.2,21.0116705685353
"48039",21.4,18.3436866738643
"48041",24.2,23.4390386041464
"48043",20.4,19.9059374980936
"48045",24.1,20.6124585909627
"48047",20.9,24.0598526254092
"48049",23.6,21.0169312709989
"48051",23.1,20.0831189887089
"48053",23.2,18.8581233241191
"48055",22.7,20.2109192785161
"48057",20.4,19.4717624263256
"48059",23.8,20.2479813339339
"48061",20.8,22.9814879872545
"48063",23.5,21.9456191951064
"48065",23.2,20.3553069212481
"48067",24.6,22.1680833816831
"48069",21.2,19.423994426121
"48071",24.1,21.4451914308787
"48073",23.4,20.8779725379863
"48075",23,18.2424945697843
"48077",23.1,20.3078384196362
"48079",24.4,22.4380321529859
"48081",24,21.1637426633048
"48083",23.2,20.3715605498609
"48085",18.3,17.5754644530771
"48087",23.8,21.1414366191578
"48089",22.1,17.9852532147656
"48091",23.5,18.6385624198488
"48093",23.7,19.7052248962526
"48095",22.5,19.8152568509673
"48097",23.6,21.3143678609551
"48099",25.6,20.6938958077174
"48101",23.9,22.6554554019687
"48103",21.6,16.1326889849141
"48105",21.2,15.269775591693
"48107",22.5,22.9575786677519
"48109",21.9,17.4096158733285
"48111",23.3,20.0192778405632
"48113",19.9,18.6734934707985
"48115",22.9,21.6903273317184
"48117",23.9,21.1606769986428
"48119",23.7,22.6615320972111
"48121",20.8,18.6722131081955
"48123",21.8,19.6408300316176
"48125",22.5,20.7268663845037
"48127",22.3,25.7718595170345
"48129",24.7,20.1767636956314
"48131",20.5,23.2860111491955
"48133",23.8,21.6516515087451
"48135",22.3,21.1487158496473
"48137",22.7,21.8985707111409
"48139",22.7,19.6417396516762
"48141",21.2,20.5067040160059
"48143",26.3,22.539119966955
"48145",23.5,20.5098610150927
"48147",23.6,20.8335142256194
"48149",21.7,19.436022254072
"48151",22.4,19.2327782119819
"48153",22.7,22.4152654157238
"48155",24.1,23.1965127679883
"48157",18,16.1760286121219
"48159",21.9,18.2491237824671
"48161",22.9,19.7900860073064
"48163",21,20.8746100466858
"48165",24.1,22.1956126727174
"48167",22.8,19.7533614145949
"48169",20.7,18.9984347486762
"48171",22.1,18.1031719414678
"48173",21.1,14.5551406665126
"48175",21.9,19.627124999072
"48177",22.5,20.4297526886095
"48179",23.7,21.5506306254089
"48181",25.3,20.9850384028034
"48183",23.6,21.1336794699743
"48185",22.7,19.4618629086522
"48187",21.5,19.3270741182514
"48189",23,21.7132874203363
"48191",22.4,20.8195057785577
"48193",24.2,21.3200404971702
"48195",22.6,19.5174084655814
"48197",23.4,20.1193668722464
"48199",24.6,22.379643703248
"48201",20.2,19.1210663730345
"48203",24.4,21.0922892541527
"48205",20.7,17.3712107188921
"48207",23.6,19.7666059011054
"48209",23,20.6198047873728
"48211",22.4,17.457473291496
"48213",24.6,21.1736834934562
"48215",22.7,22.6770520032753
"48217",24.6,20.7168885116749
"48219",23.4,21.2309002199248
"48221",21.4,19.5848169392571
"48223",23.8,21.1907102139821
"48225",22.4,19.4725746189596
"48227",21.9,20.7008611079454
"48229",22,18.6788726288889
"48231",24.4,21.0929208554059
"48233",24.1,20.5421783013856
"48235",23,19.0922241112588
"48237",23.6,21.330276729055
"48239",23.2,20.8693722817917
"48241",25.2,22.9782304342643
"48243",21.1,18.2333660453852
"48245",21.5,19.5239346090892
"48247",20,24.399004864148
"48249",21.5,24.1637822522495
"48251",22.9,21.2638548249739
"48253",22.3,17.9672693411952
"48255",21.2,20.6269074837678
"48257",23.6,20.3442762462133
"48259",21.4,17.9113759671857
"48261",24.6,12.3047100188227
"48263",22.1,17.1519920824997
"48265",22.9,18.8370377087741
"48267",22.6,18.907831196254
"48269",24.1,25.2526639365016
"48271",20.2,19.0182167125548
"48273",22.3,24.163356941494
"48275",22.9,20.5499151333782
"48277",25.1,21.5506288094204
"48279",23.1,22.0657372016311
"48281",23.7,19.8654611367376
"48283",21.6,20.2579693877091
"48285",23.1,19.6783781115243
"48287",23.7,20.9370794560321
"48289",23.6,20.9153498333454
"48291",26.1,22.2888787562398
"48293",24,21.1571484473442
"48295",22.8,21.3612979659378
"48297",21.8,22.1100723122774
"48299",22.2,18.3041797538609
"48301",20.1,18.7557656523689
"48303",23.3,21.8417712548266
"48305",23.7,21.5279351132878
"48307",23,19.819765992674
"48309",24.6,21.8424942832028
"48311",22.3,22.4225352439235
"48313",22.2,19.2509448448041
"48315",22.7,20.0646735296286
"48317",23.2,22.3604576509894
"48319",21.5,16.7528864756791
"48321",23.2,21.2185506168442
"48323",21.8,21.8675420028756
"48325",21.8,19.3389763820403
"48327",20.7,19.7083809202981
"48329",22.1,20.0577399864848
"48331",22.9,20.8142195854647
"48333",22.1,17.4943176224595
"48335",21.6,19.5774030098614
"48337",24.1,22.129096473038
"48339",22.8,19.7911279635624
"48341",23.1,20.8887108026235
"48343",23.1,21.1908289088279
"48345",21.5,17.4658190438122
"48347",24.9,22.9751787202458
"48349",23.7,20.8229822269303
"48351",25.1,22.8446873750449
"48353",23.8,21.2562462365859
"48355",24.6,21.1252452130739
"48357",23.1,21.3081669898248
"48359",24.5,21.0808686885385
"48361",25.7,21.7314264384206
"48363",24.1,22.1221034819001
"48365",24.5,20.623888757963
"48367",22.5,20.5302603825647
"48369",22.8,19.2273486982269
"48371",20.3,22.2097339239032
"48373",22.7,21.1033057745263
"48375",23.5,22.2457975252874
"48377",21.3,24.0742084122461
"48379",24.1,20.4978497953166
"48381",24.3,20.6646081827972
"48383",20.5,18.651814614391
"48385",23.8,22.8712943428268
"48387",23.2,21.7415522767112
"48389",21.3,19.7907167232555
"48391",21.5,21.4532125017422
"48393",23.2,22.6966201457043
"48395",22,20.0120790603463
"48397",21.6,18.8665892044242
"48399",22.6,20.4373283725876
"48401",22.5,19.8866593373141
"48403",23.8,20.9669016980387
"48405",23.7,22.4039042350084
"48407",23.3,21.1585269526201
"48409",22.7,21.5433472551108
"48411",22.2,19.8117124286631
"48413",22,18.4029075011116
"48415",23.3,19.9638651136834
"48417",24.5,20.7024711275114
"48419",24.6,22.7045338474385
"48421",23,20.107890376071
"48423",23.3,20.3926295972497
"48425",22.3,19.7536048441144
"48427",23.2,24.9549584691625
"48429",23.2,21.1589547240783
"48431",22.6,17.6036581340301
"48433",22.8,19.8835845123975
"48435",21.4,20.3815301185464
"48437",22.4,23.3709459472328
"48439",21.6,19.0755644765519
"48441",24.7,21.3019854386581
"48443",17.8,14.6083417584272
"48445",23.4,21.6700900389329
"48447",23.1,19.6972165831652
"48449",23.6,21.4132621161735
"48451",23.4,20.5461927422969
"48453",22.3,18.8111643861873
"48455",23,20.4260177395287
"48457",23.9,21.1924127668805
"48459",25.8,22.0382064671106
"48461",23,20.6203270569554
"48463",21.9,23.8107342494522
"48465",20.8,21.4158272044022
"48467",25.7,21.9284723803005
"48469",23.3,21.5827078989852
"48471",23.4,20.1883093565482
"48473",22,19.1756549560276
"48475",22.8,22.3049887796191
"48477",22.1,19.3810732056142
"48479",20.1,21.7409616217915
"48481",22.4,20.839715651719
"48483",24,21.8883578693855
"48485",24.3,21.5668686924963
"48487",24.2,22.1392998016033
"48489",20.7,22.9570473925858
"48491",21,18.4916903740318
"48493",22.1,20.2956119911314
"48495",22.1,20.5699522140463
"48497",23.6,21.0863837644709
"48499",22.6,19.9725808362498
"48501",23.4,22.4255480602468
"48503",24.4,21.9886506978717
"48505",22.9,25.2204990943648
"48507",22.1,23.8422289281975
"49001",23.7,20.2299697840518
"49003",25.2,21.8028226651714
"49005",27.1,22.9200328352025
"49007",26.8,23.5497149910784
"49009",23.5,19.8663820153742
"49011",27.7,21.003962329826
"49013",25.8,23.3535616182548
"49015",26,22.8315626135998
"49017",24.2,21.4290529088281
"49019",25.6,21.5898822844651
"49021",25.5,22.8838038149997
"49023",25,22.0729278489941
"49025",24.2,21.1778005862586
"49027",25.6,21.1174938117797
"49029",25.1,20.1014287013111
"49031",24.7,21.4252421424479
"49033",24.9,20.5777591339099
"49035",27.2,20.0580331903943
"49037",24.8,20.2256895858699
"49039",26.7,22.4132754305964
"49041",27.7,22.2000010114016
"49043",22,18.9142588915959
"49045",27.9,21.502724238555
"49047",23.8,22.388759045404
"49049",24.9,21.7523993237451
"49051",20.5,19.8605529956698
"49053",23.2,19.8742104455195
"49055",24.5,20.8189303235778
"49057",27.5,21.3896931943114
"50001",23.6,19.7966337029539
"50003",25,20.9105953145055
"50005",27.8,21.3792856426639
"50007",27.3,20.8998746289861
"50009",24.8,21.471946481388
"50011",24.4,22.1489468398318
"50013",24,19.3426753110102
"50015",25.6,20.6429381250377
"50017",24,20.5893960122532
"50019",25,20.969112581761
"50021",25.2,21.1003964898235
"50023",26.4,20.6931797848222
"50025",26,20.8875073891148
"50027",24.7,19.9356922460626
"51001",22.9,19.5171537893339
"51003",23.5,18.2315979569955
"51005",25.2,22.1052967147596
"51007",22.8,20.7117191436783
"51009",24,20.6515966192869
"51011",25.6,21.4157307142764
"51013",21.2,17.0327396949197
"51015",23.5,20.4064287370058
"51017",24.7,23.8223681275775
"51019",25.1,20.1211467808297
"51021",23.4,20.0450911908521
"51023",23.8,20.27669329161
"51025",21,17.8493373311384
"51027",28.7,25.2720142284033
"51029",23.3,18.6750258611183
"51031",24.9,20.4430106671677
"51033",24.2,20.1080368787347
"51035",25.8,22.526370233368
"51036",21.7,17.1951806463799
"51037",23.6,21.6730303471312
"51041",21.6,18.1942284842776
"51043",23.5,19.3844314683006
"51045",25.5,22.7017077152172
"51047",23.2,19.3351991295439
"51049",23,17.9594956640008
"51051",26.8,24.8921562839585
"51053",23.1,19.8228791983094
"51057",24,20.3826105732258
"51059",18.8,16.0401137203607
"51061",22.1,19.4020195906412
"51063",23.9,20.9320283755687
"51065",25.4,19.2038513128492
"51067",22.9,21.2343759485324
"51069",25.4,20.1366563303841
"51071",25.5,21.8063288616941
"51073",24,20.365635719451
"51075",21.6,17.4319035391529
"51077",25.8,22.1771742524579
"51079",24,21.3337764891464
"51081",20.1,15.7732189869975
"51083",22.8,19.6131445310538
"51085",24.8,19.185784056463
"51087",21.8,17.697621866127
"51089",23.4,21.1435268400524
"51091",22,19.2259185184485
"51093",22,19.3629180748429
"51095",20.6,17.4757260186744
"51097",23.4,20.685500888972
"51099",23,19.4848088810672
"51101",24.3,20.5392399583027
"51103",20.4,16.4886131534933
"51105",26.8,24.7737264591061
"51107",19.4,16.659571290102
"51109",24.7,20.2105534175045
"51111",22.6,18.593884489387
"51113",24.2,20.0790230034376
"51115",22.2,18.2837326398481
"51117",23.1,20.0174690341015
"51119",23.2,17.5173232010944
"51121",25.1,24.0899645826669
"51125",23.8,19.2596611886164
"51127",22.5,18.2720868324113
"51131",21.9,18.7940860200065
"51133",20.8,17.9470572449095
"51135",23.2,20.0899921455477
"51137",24.2,20.909907406977
"51139",25.4,21.4720200785134
"51141",24.9,20.7737251667856
"51143",23.5,21.3283289036515
"51145",22.8,18.7929654263844
"51147",24.4,20.7475813032705
"51149",23.1,17.7680142687711
"51153",21,17.1498093496928
"51155",25.4,21.8789552723228
"51157",24.4,18.3895482117706
"51159",22.6,16.9233999329897
"51161",23.8,19.79732484143
"51163",24.5,19.8420081191389
"51165",24.5,20.8634361666173
"51167",26.6,24.309122234503
"51169",27.8,23.0888219041444
"51171",24.9,21.8132678369045
"51173",26.5,23.9136273749451
"51175",21.9,17.8646367257106
"51177",22.9,19.2606187744454
"51179",21.9,17.9099063246959
"51181",21.4,18.139023371567
"51183",20.5,16.2482023301612
"51185",25.1,23.59798334325
"51187",25.4,21.7115416690039
"51191",26.2,21.4782957324618
"51193",23.9,19.9467718545041
"51195",27,23.8327641854057
"51197",26,23.5029075068395
"51199",21.1,17.8182998959176
"51510",20.9,17.4326403408492
"51520",26.2,22.3711773337977
"51530",28.1,25.2273123017143
"51540",26.1,22.5421986095571
"51550",23.3,18.5060740347758
"51570",23.6,20.7988171199756
"51580",25.9,23.6595594234176
"51590",23.8,21.6521835390851
"51595",22.1,19.3829506587175
"51600",19.8,17.9132786670384
"51610",21.1,16.5170888377101
"51620",22.2,19.7346460240734
"51630",25.5,21.7992214951303
"51640",27,24.6336970198296
"51650",21,18.4953578630737
"51660",27.5,25.2820539712491
"51670",24.9,22.4599927492412
"51678",25.7,19.8207549424584
"51680",26.3,21.7688746952924
"51683",21.3,16.9532758733266
"51685",21.6,17.0523055424825
"51690",23.9,21.938495895323
"51700",23,19.4902680771131
"51710",24.5,19.5081716601689
"51720",27.2,27.1372247659453
"51730",20.7,19.1351353713576
"51735",23.1,19.7954728736626
"51740",22.5,19.8485123944258
"51750",30.5,28.6375939620717
"51760",26.1,20.0059040593245
"51770",25.3,21.4889056409559
"51775",24.3,21.0670367029924
"51790",25.1,21.2070259919379
"51800",21.6,18.2428293625464
"51810",23.2,18.6595754188293
"51820",24.5,21.9774060415756
"51830",26.7,20.3187515928023
"51840",24.1,21.5600185312015
"53001",23.1,21.7834757463884
"53003",27,22.4918288806302
"53005",25.8,20.4405386319826
"53007",24,18.7499224418548
"53009",26.5,18.7961613098018
"53011",25.9,20.5051577738711
"53013",25.5,18.8379429629331
"53015",29.9,22.0749542254721
"53017",24.5,18.3698376757212
"53019",26.5,19.7456030245964
"53021",25.1,20.4144931325689
"53023",25.5,19.9668163024728
"53025",24.8,20.6683389605772
"53027",27.2,21.3707526795095
"53029",25.6,18.2841565212245
"53031",23.5,18.0960511442277
"53033",23,17.6028300821473
"53035",26.5,19.2527882783021
"53037",28.6,21.7782981490575
"53039",24.7,20.5210719926243
"53041",28,21.3203978044177
"53043",25,20.9520334024443
"53045",24.8,20.1247964783006
"53047",27.6,20.4579163865521
"53049",27.4,19.2517915780778
"53051",25.4,20.1415580172523
"53053",26.1,19.8151328645714
"53055",23.6,17.4913579234075
"53057",27.9,20.3155703018431
"53059",26.4,20.5080738328721
"53061",24.5,19.25791660431
"53063",29.4,21.7286571644989
"53065",25.4,21.2060879102242
"53067",29,19.9217036146266
"53069",25.2,19.4524957253767
"53071",25.9,20.1905758163245
"53073",28.7,20.9308325791287
"53075",29.7,23.7399380534315
"53077",24.4,20.8512570446328
"54001",28.4,25.1742212546683
"54003",25.7,21.945630701637
"54005",28.1,23.9482719972831
"54007",27.3,22.6764884133142
"54009",26.8,21.5637577714418
"54011",30.1,23.8619913522033
"54013",28.1,27.8677569996293
"54015",29.6,25.9419860550223
"54017",26.9,21.5620295910486
"54019",27.2,24.3206098704125
"54021",25,18.9927694881956
"54023",27.9,21.8571933963594
"54025",26.3,23.8607098883505
"54027",27.9,22.8462369318644
"54029",26.9,22.077330162943
"54031",26.9,22.667673299425
"54033",28.1,22.7183514278074
"54035",26.9,24.4911032305345
"54037",24.4,20.7838579842511
"54039",27.3,22.6500805648544
"54041",28.5,23.4023758495329
"54043",30.7,25.2458129539029
"54045",32,25.5091468324775
"54047",28.5,26.5661416429865
"54049",27.8,22.7602890969189
"54051",27,22.501100104098
"54053",28.9,23.7385794617395
"54055",30,23.6790477461911
"54057",26.1,22.3873069087014
"54059",31.8,27.0798635393738
"54061",26.1,23.4406050866344
"54063",26.6,22.0466059312544
"54065",25.9,21.101516388856
"54067",27.7,23.250994902034
"54069",26,22.2377690245458
"54071",26.1,21.6505256547687
"54073",27.4,20.6710637872702
"54075",26.9,23.1636051264013
"54077",27.6,21.878872742353
"54079",27.2,22.0190387587751
"54081",27.8,24.0483470014453
"54083",27,22.0320175097849
"54085",27.9,24.4176800479323
"54087",29.4,24.6714350482995
"54089",27.5,24.3444265167523
"54091",29.1,23.8591984621206
"54093",26.2,20.5765893473831
"54095",27.3,22.2362156579802
"54097",28.2,23.7508131864342
"54099",30.2,23.702046388551
"54101",27.3,23.562252583507
"54103",28.2,23.8314939485072
"54105",28.7,24.9417014081114
"54107",31.1,23.2255342050199
"54109",28.8,25.6110234392122
"55001",22.1,20.1315900966175
"55003",25.3,22.0767432343473
"55005",23.8,21.5124157060844
"55007",23.1,18.4950511244283
"55009",22.3,21.0274776206729
"55011",22.6,20.8791518215514
"55013",22.5,19.6230239789961
"55015",22.3,20.8730411014731
"55017",21.9,21.519047289189
"55019",23.9,22.2548233628208
"55021",24.7,20.9213414442705
"55023",23.7,21.3100931686195
"55025",23.8,20.3064015481429
"55027",24.2,20.9358284230345
"55029",21.9,19.1843283656837
"55031",24.9,21.7026144974421
"55033",26,22.2438356389465
"55035",26.2,22.0207371785885
"55037",24,20.2701782109645
"55039",23.7,21.5746009223208
"55041",23.4,20.7489886562829
"55043",23.9,22.5769999996183
"55045",24.4,21.0130645465759
"55047",24.1,21.6870658355808
"55049",22.8,21.1786781861504
"55051",22.1,19.7261076694781
"55053",23.8,21.2024358649508
"55055",23.3,21.1405125023745
"55057",25.2,21.6448483916256
"55059",25.9,21.3904217894179
"55061",23.1,20.7933509284449
"55063",24.4,21.9974398312575
"55065",23.5,21.6810744056915
"55067",22.8,21.73317269916
"55069",24.6,21.6876330323513
"55071",22,21.3565404601889
"55073",24.2,20.8565054304323
"55075",23.6,21.2737331000911
"55077",24,21.0602807237979
"55078",24.8,16.5890576375617
"55079",22.4,20.8903376875338
"55081",23.1,22.0440337243322
"55083",23,21.1999610914844
"55085",22,20.1861993916993
"55087",26.2,20.8470683452357
"55089",21.9,19.014448649261
"55091",23.2,20.4468212524868
"55093",24.6,22.2494707614616
"55095",24.6,20.9033585895164
"55097",24.8,21.389096135097
"55099",22.6,21.3759913269641
"55101",22.5,20.8855141393975
"55103",22,22.114574047499
"55105",24.3,21.4080629561578
"55107",23.4,21.378778403837
"55109",22.9,20.9186353113482
"55111",25.6,21.2752831101593
"55113",22.6,19.062132457311
"55115",24.1,20.96368389596
"55117",22.6,20.4872417665383
"55119",22.5,21.7059363740757
"55121",22.9,20.9094660194849
"55123",24.4,22.1963701225538
"55125",21.3,18.1454725037838
"55127",22.3,21.0093006866514
"55129",23.1,20.9342702636744
"55131",21.8,20.1989056183875
"55133",20.7,19.257529964484
"55135",22.6,21.3424412266026
"55137",23.3,20.3550691526374
"55139",25.9,21.7083581118571
"55141",23.1,21.8805979224955
"56001",23.9,23.305080702323
"56003",20.8,20.6407620977946
"56005",22.3,21.9080980510076
"56007",19.3,21.1050795039154
"56009",21.4,22.0356648269872
"56011",20.5,20.3934379053159
"56013",20.9,19.8326278796334
"56015",19.8,19.934673062558
"56017",20.8,21.2415016442483
"56019",20.4,21.0266994569552
"56021",22.1,20.6126840896515
"56023",20.9,20.7718578580548
"56025",26.3,21.4925002250375
"56027",22.7,24.6432931740564
"56029",21.6,19.8899077711313
"56031",21.2,19.648234625434
"56033",21,20.4312662147243
"56035",20.4,19.4677061547813
"56037",21.8,21.9742107799579
"56039",19.1,17.9145485178971
"56041",23.4,21.2508083436228
"56043",20.6,18.9579049072551
"56045",20.7,20.3378870937676
