"county_fips","per_cancer","pred_outcome"
"01001",8.3,7.22508674067463
"01003",10.1,8.33992526442233
"01005",7.9,7.538111600058
"01007",8.5,7.26217799844779
"01009",9.4,8.04316586626936
"01011",6.3,6.46595569574033
"01013",8.4,8.22177677990995
"01015",8.4,7.48587048216387
"01017",8.2,7.88876747063422
"01019",10.7,9.05320742920183
"01021",8.6,7.7330858430134
"01023",9,8.91608123802987
"01025",8.3,8.04478246837965
"01027",9.5,8.58424032838321
"01029",9.5,8.41213142114067
"01031",8.3,7.35955594829681
"01033",9.2,8.08853728208575
"01035",9,8.6861640298314
"01037",9.8,9.18655440968461
"01039",10.2,8.51999377323503
"01041",8.9,8.32058956367593
"01043",9.5,8.09732676045344
"01045",8.3,7.45996442110191
"01047",7.4,7.43510853752623
"01049",8.8,7.60925790101776
"01051",8.4,7.39494435314765
"01053",8.4,7.5380196228519
"01055",9.1,7.87723933803194
"01057",9.9,8.41545368385642
"01059",8.7,7.5160740689799
"01061",9.8,8.29182432682314
"01063",7.6,8.19223759085494
"01065",7.6,7.86654996050614
"01067",9.2,8.83136897779815
"01069",8.6,7.47790199810328
"01071",9.6,8.3583127486126
"01073",7.5,6.87828026886978
"01075",9.9,8.87672314475385
"01077",9.4,8.19123072090553
"01079",9,8.04957966229252
"01081",6.6,6.25392142987873
"01083",8.4,7.19960120826096
"01085",7.1,7.70626364310254
"01087",6.2,7.56054823099882
"01089",7.9,6.84318493981258
"01091",7.8,7.85100600050346
"01093",10,8.54463878026966
"01095",9.3,7.51439602721539
"01097",7.7,7.04169632470882
"01099",8.7,8.07826968285947
"01101",6.8,6.53197139836758
"01103",8.7,7.54440187296574
"01105",7.4,7.93816551612485
"01107",8,8.02961594743631
"01109",6.7,6.85104767796962
"01111",9.4,8.37509247904872
"01113",6.9,6.67020538606237
"01115",9.1,7.8440595067082
"01117",8.9,7.26369313057708
"01119",6.4,7.51437434687723
"01121",8.4,7.69476123101424
"01123",9.8,8.59111484369854
"01125",6.5,6.5679107552632
"01127",9.5,8.1609910243493
"01129",9,8.22646199238184
"01131",7.6,8.03954308132628
"01133",10.1,8.63322768231555
"04001",7.7,6.30870360099855
"04003",9.8,8.42775275115754
"04005",6.9,6.31065993735018
"04007",11.5,9.66026031179181
"04009",7.3,6.58367198640653
"04011",6.8,6.81031865033017
"04012",13.5,11.5821118174438
"04013",8.3,6.76775759962299
"04015",12.1,10.0568877063069
"04017",9,7.27281218108339
"04019",9,7.69129123930938
"04021",9.1,7.88049636690821
"04023",7.3,7.25433513043555
"04025",12.7,10.4209922553984
"04027",8,7.38339905087616
"05001",8.8,7.99782668031161
"05003",9.3,8.24997508770056
"05005",12.1,10.530676080708
"05007",7.8,6.63323667169502
"05009",10.2,8.51595955856999
"05011",8.3,7.67587188219263
"05013",9.3,8.63855302027861
"05015",10.1,8.66592019025807
"05017",8,7.7364364085459
"05019",7.2,7.27152689992945
"05021",10.1,8.70011548613457
"05023",11.9,9.80497706823132
"05025",9.6,8.89969180349537
"05027",7.3,7.37329909279202
"05029",9.1,8.02684557695157
"05031",7.5,6.61708408038884
"05033",9,7.5458641063699
"05035",7.1,6.60773106392686
"05037",8.7,7.77757952780629
"05039",9,8.92806363925496
"05041",7.8,7.41248486710414
"05043",8.2,7.5155614753664
"05045",7.6,6.70691837174178
"05047",9.6,8.33640468633828
"05049",10.8,9.45784254777259
"05051",10.7,8.79423392642172
"05053",9.4,8.0232714472405
"05055",8.6,7.36361999694148
"05057",8.4,7.46408651062
"05059",9,7.79238492533963
"05061",8.9,7.69153222704475
"05063",9.2,7.62271214381978
"05065",11.1,9.21399763059732
"05067",8.3,7.62499804388622
"05069",7.2,7.11011259108839
"05071",8.6,7.50145300243828
"05073",9.1,8.81821244138445
"05075",9.2,8.0026614542362
"05077",7.2,7.24158377059214
"05079",6.8,6.47567938819908
"05081",9.2,8.55763610630929
"05083",9.7,8.37846706877146
"05085",8.2,7.04712217965603
"05087",9.5,8.19868314413391
"05089",11.9,10.171073263532
"05091",8.1,7.14980290753241
"05093",7.3,6.79078869294234
"05095",9,8.57227235753748
"05097",11.4,9.60342093905055
"05099",9.1,8.15597392003603
"05101",11.1,9.81234311845927
"05103",8.8,8.06659341455378
"05105",10.1,8.49683759969637
"05107",7.7,7.53145175499162
"05109",9.9,8.49185031885565
"05111",9,7.88199159761164
"05113",10.4,8.79294108601865
"05115",8.4,7.28679000142251
"05117",10.5,9.22134671417281
"05119",7.8,6.85518441643516
"05121",9.3,8.12680154461634
"05123",7,6.70157295354001
"05125",9.2,7.85835461753054
"05127",9.9,8.19044645106001
"05129",11,9.26723154270447
"05131",8.3,7.07273048269393
"05133",7.7,6.50547750623907
"05135",11.1,9.49189224371459
"05137",11.4,9.77934382780156
"05139",8.4,7.68071880467064
"05141",11.1,9.7308776240862
"05143",6.8,6.11087396145932
"05145",8.6,7.50100619204984
"05147",9.6,9.01957693494773
"05149",8.8,7.79045953051182
"06001",6.4,6.37442094044039
"06003",10.3,8.72233948605051
"06005",11.1,9.41685173380917
"06007",8.2,7.40622794547796
"06009",11.4,10.0080329833181
"06011",7.1,6.92071144457777
"06013",7.4,6.89738109315175
"06015",8.8,7.57287628573301
"06017",10.6,8.49961158838718
"06019",6,6.02984285444768
"06021",8,7.20659568088842
"06023",9,7.5708251388943
"06025",5.4,6.08217709039816
"06027",10.5,8.64835018565851
"06029",5.8,5.83340114961126
"06031",5.4,5.50763689912006
"06033",10.4,8.50410831073885
"06035",8,6.50389677412025
"06037",6,6.2670799037413
"06039",6.7,6.57744158328953
"06041",11,8.39954193307841
"06043",11.6,10.0627509040307
"06045",10.4,8.57308330500088
"06047",5.5,5.79906562128384
"06049",11.9,10.0673734029798
"06051",8.7,6.78901073551937
"06053",6.7,6.32875146256402
"06055",8.6,7.82429557337959
"06057",11.6,9.73865180427881
"06059",7.2,6.64914258743261
"06061",9.6,7.97073979649472
"06063",12.4,10.1448820873764
"06065",6.9,6.57281850697844
"06067",7,6.557666599648
"06069",6.4,6.53975504813516
"06071",5.5,5.95294533182416
"06073",7.1,6.52399254830336
"06075",6.5,6.65429555705649
"06077",6.1,6.2368686524557
"06079",9.3,7.99247650749624
"06081",7.2,6.93795001803821
"06083",7.4,6.74283288462423
"06085",6,6.23820660616512
"06087",8.1,7.2628952134956
"06089",10.1,8.25220327335434
"06091",12.4,10.6348195685718
"06093",11.4,9.35193934315881
"06095",7.1,6.98116871706402
"06097",9.5,7.96320727487623
"06099",6.8,6.43903016842588
"06101",7.3,6.87900878950262
"06103",9.6,8.04371843741972
"06105",12,9.48530446468641
"06107",5.8,5.94467835277376
"06109",11.4,9.48504386510495
"06111",7.9,6.99177546005174
"06113",6.1,6.22831776565983
"06115",6.8,6.41787655450876
"08001",6.1,5.88288644732086
"08003",6.7,6.78634663458916
"08005",7.1,6.41965099206733
"08007",11.4,9.38276247668298
"08009",10.7,9.04565530754169
"08011",8,6.71679918845119
"08013",7.9,6.77103626349736
"08014",8.2,6.76255865429207
"08015",10.2,9.07008237999528
"08017",10.5,8.49178643280542
"08019",10.3,8.51907969153488
"08021",7.9,7.95470712300378
"08023",8.8,9.52282923209403
"08025",6,6.0331830428001
"08027",12.8,10.3908717024175
"08029",11.1,9.43178517097852
"08031",5.9,5.91710261396224
"08033",10.5,10.9698488026859
"08035",8.2,6.55380483884047
"08037",7.8,6.31033229995044
"08039",9.7,8.07092972217752
"08041",7.8,6.43899673444818
"08043",9.6,7.90196591572377
"08045",8,6.4562246196919
"08047",9.7,7.4217014793635
"08049",9.6,7.97977819247767
"08051",7.5,6.65980131492457
"08053",12.7,11.224531137853
"08055",11.1,10.4149821606593
"08057",10.9,10.3257562210244
"08059",9,7.30259263381103
"08061",11.2,9.00731896147088
"08063",9.9,8.17862555448331
"08065",7.4,6.49665532844224
"08067",9.6,7.78920324772508
"08069",8.5,7.10701341843634
"08071",9.4,8.71103347080821
"08073",8.6,7.33083763523184
"08075",8.7,7.49443203647377
"08077",9.3,7.89633334863765
"08079",11.5,9.54657994033359
"08081",8.6,7.00656166757535
"08083",10.3,8.7664836985995
"08085",10.9,8.92792933278015
"08087",7.9,6.98775455526792
"08089",8.4,7.92894545678866
"08091",12.4,11.3149194076186
"08093",10.8,8.68464472571763
"08095",10.1,8.10629998778634
"08097",10.4,7.96829241710831
"08099",8.5,7.44277026206419
"08101",8.3,7.61288470219141
"08103",9.2,7.45846174844105
"08105",8.9,8.08943034778028
"08107",9.2,7.28303914365746
"08109",9.8,9.27817203784098
"08111",10,8.60158362933796
"08113",9,7.32152764986037
"08115",11.7,9.29250352460989
"08117",8.2,6.53508554876161
"08119",11,8.97146671248387
"08121",10.2,8.68130033765575
"08123",7.1,6.43981032851839
"08125",9.1,7.62602299468609
"10001",8.2,7.4503964323077
"10003",7.7,7.00504823027088
"10005",11.6,9.85528195836786
"11001",5.6,5.9524942461582
"12001",7.2,6.5709755455969
"12003",8.4,6.93286397729296
"12005",9.6,7.38610567206563
"12007",9.3,7.36078862168983
"12009",11.4,8.56792358149512
"12011",7.7,6.89016719151894
"12013",9.5,7.20339065969507
"12015",14.8,11.8263874873188
"12017",14.1,11.2042410410644
"12019",9,7.22130203681081
"12021",13,10.1474254580505
"12023",9.4,7.85401565549533
"12027",9.4,7.66886887851904
"12029",10.9,8.55253393099952
"12031",7.5,6.51047502242408
"12033",8.6,7.1356756539088
"12035",12,9.9934992105553
"12037",11.5,8.51583192374017
"12039",8.1,7.43143323280052
"12041",10.1,8.26583599673343
"12043",10.4,8.71696438560278
"12045",10.4,8.43870213510068
"12047",8.8,7.06679512898279
"12049",7.9,6.50766131007997
"12051",6.6,5.94800503520792
"12053",11.2,9.23886231885658
"12055",13.4,10.8175485788887
"12057",7.3,6.4761181538471
"12059",10,7.99067424886585
"12061",13.3,10.4673964992701
"12063",9.1,7.99720155484548
"12065",10,8.81475078620422
"12067",9,7.42425927744012
"12069",11.2,9.22392204815027
"12071",11.7,9.41897116482107
"12073",7,6.40004012259008
"12075",11.3,9.17403456187368
"12077",8.2,6.61739717482827
"12079",9.2,8.16794058250455
"12081",12,9.38460170763434
"12083",11.2,9.62923652679765
"12085",13.1,10.1060657789493
"12086",6.1,6.69129357647687
"12087",10.5,8.16602943904148
"12089",11,8.76328600320381
"12091",8.9,6.98988375989417
"12093",9.4,7.34392345886471
"12095",6.4,5.96022948059484
"12097",6.2,6.20813036581392
"12099",10.5,8.38734329292528
"12101",10.5,8.25558832888094
"12103",11.1,8.84280746863175
"12105",8.8,7.65042424166929
"12107",10.6,8.46467328924349
"12109",10.9,8.13113415101451
"12111",10.4,8.47930840484192
"12113",9,7.14403319802321
"12115",14,11.2637206469813
"12117",8.4,6.91211118021061
"12119",17.7,15.3780935515821
"12121",10.1,8.27978452427767
"12123",9.8,7.87380042779632
"12125",8.3,6.67149980567142
"12127",10.9,8.71132271375559
"12129",9.1,7.20782640643569
"12131",10.6,8.05171779872324
"12133",9.3,7.33553850983007
"13001",8.7,7.34026412081689
"13003",7.1,6.50564556976735
"13005",8.3,7.34212942721585
"13007",9,9.02216046744526
"13009",7,6.78762380974458
"13011",8.9,7.69200962780173
"13013",7.3,6.45766116041571
"13015",8,6.84195404210857
"13017",8.2,7.13650747634399
"13019",8.8,7.41422001989814
"13021",7,6.58050985096379
"13023",8.7,7.47974294795916
"13025",9,7.70691944831091
"13027",8.5,7.63008210592179
"13029",7.1,6.26084036751909
"13031",6.2,6.12648595845397
"13033",7.6,7.25039743630411
"13035",7.3,7.10894383947006
"13037",6,6.18491255319718
"13039",7.4,6.58496656661468
"13043",8.3,7.55759508087762
"13045",7.6,6.71721630839013
"13047",9.5,7.77099851701874
"13049",7.3,6.50766856516568
"13051",7.3,6.73287540633487
"13053",3.3,3.61257312538722
"13055",9,7.55184625486561
"13057",8.5,6.94167339861268
"13059",5.5,5.6345125089427
"13061",9.8,8.87807868781745
"13063",4.7,5.26087281009581
"13065",7.9,6.59513128511866
"13067",7.3,6.14147278212353
"13069",7,6.66803199095028
"13071",7.6,6.6272311010402
"13073",7.6,6.8418086197795
"13075",8.1,7.03305851355685
"13077",8,6.9358583675769
"13079",9,7.81276696484077
"13081",8.4,7.3673889587977
"13083",9.8,8.44140696468666
"13085",9.8,8.09804372315495
"13087",7.6,7.02791008465703
"13089",5.9,5.96180159431944
"13091",8.6,7.50253691994141
"13093",8.3,7.46181068878348
"13095",6.6,6.55734076555303
"13097",6.2,6.03606027955682
"13099",8.2,7.61125139562465
"13101",7.5,6.81946458954026
"13103",7.8,6.73205766086149
"13105",8.9,8.23409603945977
"13107",7.6,6.95688411734622
"13109",7.8,7.05659199122815
"13111",12.3,10.2930182138597
"13113",9.1,7.65170358903108
"13115",8.1,7.14077264349122
"13117",7.8,6.24731373804665
"13119",9.2,7.80223432059961
"13121",6.2,5.79890247274115
"13123",11.3,9.31121915733597
"13125",9.1,8.09656408348363
"13127",9.8,8.10344458214286
"13129",8.1,7.03647070671295
"13131",8.7,7.50552070582513
"13133",11.1,9.72567792312205
"13135",5.9,5.54459280189771
"13137",9,7.88199023852825
"13139",7.8,6.78683981803838
"13141",7.8,8.06193646107594
"13143",8.7,7.58051837149087
"13145",9.2,8.08637980856081
"13147",9.9,8.68353586807696
"13149",8.9,7.72862413745869
"13151",6.4,6.16929646936803
"13153",7.2,6.40017986801175
"13155",8.6,7.23377976453462
"13157",8,7.10303388054953
"13159",8.5,7.7243632447502
"13161",8,6.77616825770537
"13163",7.2,7.52590736536891
"13165",7.1,7.8304199351418
"13167",8.1,7.19381862598631
"13169",8.3,7.77265024961099
"13171",7.9,7.66165379270137
"13173",7.5,6.58098643942395
"13175",8.2,7.39745605167393
"13177",7.5,6.60863206385344
"13179",4.9,5.42342065122054
"13181",10.2,9.08569349342723
"13183",5.9,5.8469200178885
"13185",6.2,6.11466535504376
"13187",8.4,7.92536032287428
"13189",8.2,7.54208300479441
"13191",10.3,9.60116979527129
"13193",6.7,6.57036735372579
"13195",8.7,7.68481313786062
"13197",9,8.41502050565867
"13199",8.6,8.09858139974182
"13201",9.6,8.31986224103065
"13205",7.9,6.84042867300129
"13207",8.8,7.79223494999419
"13209",7.8,7.49382164247318
"13211",9.5,8.27887623363995
"13213",8.4,7.31147521426674
"13215",6.5,6.22513202290043
"13217",6.7,6.43560531408119
"13219",9.3,7.2727595140007
"13221",9,8.04727773226974
"13223",7.1,6.2475566758421
"13225",7.3,6.91147706695916
"13227",10.4,8.63208263884037
"13229",8.7,7.61659919526168
"13231",8.6,7.67237710915032
"13233",8.1,7.08470417413972
"13235",8.8,8.74594128938161
"13237",10,9.00966400457733
"13239",10.7,10.2626635681048
"13241",11.7,9.81787305640734
"13243",8.8,7.64436692694531
"13245",6.2,6.2774337866728
"13247",6.7,6.56975456090432
"13249",8.9,6.88244987073895
"13251",8.5,8.00927524678646
"13253",9.8,8.55222547616349
"13255",8.2,7.49408912070329
"13257",9.6,8.38210333858332
"13259",5.3,5.46208637014611
"13261",7.3,7.01170508528604
"13263",8.9,9.07905230489205
"13265",8.9,9.71544706329537
"13267",7.1,6.21520920588043
"13269",8.8,8.12742578766905
"13271",7.1,6.45772090801903
"13273",7.8,7.20676883627511
"13275",8.5,7.49465008122279
"13277",7.6,6.73930186235583
"13279",8.1,7.22326194494997
"13281",13.7,11.3351921216605
"13283",7.9,7.5440506732361
"13285",7.6,6.97336471424829
"13287",8.5,7.50696860511075
"13289",8.9,8.8831248817573
"13291",13.1,11.0792892414258
"13293",8.4,7.50713217351297
"13295",9.5,7.83375281179394
"13297",8.2,7.18641638478972
"13299",8.3,6.92405286908954
"13301",8.4,8.62813442165631
"13303",7.4,7.31827002524686
"13305",8,7.09117969460598
"13307",9.4,7.02991109248545
"13309",6.8,5.83889971208424
"13311",10.7,8.89631654690567
"13313",7.3,6.65103561563165
"13315",8.4,7.16177348976273
"13317",8.9,8.26324848803872
"13319",8.6,8.10011293118122
"13321",8.8,7.93084859200816
"16001",8.3,6.92782140288387
"16003",11.4,10.1195340815915
"16005",7.8,6.87081737876604
"16007",9.8,8.81541564730666
"16009",10.3,8.64102907345324
"16011",7.9,7.07534143445563
"16013",9.7,7.84894376888384
"16015",10.9,9.72485255906074
"16017",10.9,9.34415118214842
"16019",7.6,6.65429841782174
"16021",10.2,8.82832455003548
"16023",10.9,8.71449495597051
"16025",10.6,7.22805544127775
"16027",7.4,6.77502715643013
"16029",8.8,7.67779834604132
"16031",7.5,6.8933059442686
"16033",8,7.33274737373709
"16035",11.3,9.46912069354054
"16037",11.5,10.7883212793839
"16039",7.3,6.53184350790948
"16041",8.1,7.1365708249436
"16043",8.8,7.70886725727521
"16045",10.1,8.44176260130459
"16047",8.3,7.45486783034226
"16049",11.2,9.71276921105752
"16051",7.4,6.58305964821049
"16053",7.2,6.4718145412211
"16055",9.1,7.92666932781319
"16057",7.4,6.77721257419298
"16059",11.9,10.1923396647842
"16061",11.4,9.77580867661791
"16063",7.3,7.02897058205683
"16065",3.6,5.10396324874768
"16067",7.5,7.06686339736815
"16069",9.7,7.97191340765944
"16071",9.9,8.4192528000504
"16073",8.2,7.61184528414521
"16075",8.9,7.95478468274231
"16077",8.2,7.05049745870804
"16079",10.2,8.71481673044643
"16081",7.8,6.72446466574759
"16083",8.4,7.21332372616509
"16085",10.7,9.3958944489001
"16087",10.5,9.08178046600625
"17001",9.9,8.19697401668682
"17003",9.5,8.62054526567838
"17005",8.5,7.72245885852061
"17007",8.3,7.28074098281833
"17009",7.1,6.45962919079151
"17011",9.6,8.72859592674056
"17013",10.9,9.47546210976509
"17015",10.1,8.98905188652971
"17017",8.7,7.81041420463009
"17019",6.5,6.3001283284562
"17021",9.2,8.07275193810143
"17023",9.7,8.32388360749555
"17025",9.8,8.43418171420824
"17027",9,7.78099828400931
"17029",8.2,7.56458339075211
"17031",6.5,6.54245816877833
"17033",9.4,8.07664444566636
"17035",10.1,8.6356515966335
"17037",7,6.62784047480119
"17039",9.8,8.25353090256821
"17041",9.1,7.92271361316523
"17043",8.1,7.05569739195891
"17045",10.4,9.0015113165108
"17047",10.4,8.89699229682246
"17049",9.4,7.94119869443435
"17051",8.9,7.97939571896509
"17053",9.7,7.95350423090328
"17055",9.6,8.26210495969835
"17057",9.5,8.3559291554283
"17059",10.3,9.41552481439804
"17061",9.8,8.40945773208957
"17063",8.1,7.13388760809541
"17065",10.2,8.81922660911624
"17067",11,9.05436069479342
"17069",10.9,10.7665511871356
"17071",11.4,9.85621508259544
"17073",10.1,8.51053926203863
"17075",9.9,8.80120878122995
"17077",7.2,6.95417301719328
"17079",10.2,8.43643405205719
"17081",9.3,8.0444118667603
"17083",9.7,8.49941354162222
"17085",11.8,10.1604329691761
"17087",8.8,7.82963672817547
"17089",7.5,6.65357874763095
"17091",8.3,7.43700823979629
"17093",6.6,6.21186280867123
"17095",9.5,8.26459949409932
"17097",7.6,6.69155249018854
"17099",9.3,7.90718342584624
"17101",8.3,7.44482320324402
"17103",9.4,8.2064059903876
"17105",9.5,8.18200768563707
"17107",8.8,8.11180023305905
"17109",8.2,7.72085765828242
"17111",8.4,7.16323102815392
"17113",7.2,6.67947244351349
"17115",9.2,8.02026249805105
"17117",9.6,8.48003809279721
"17119",9,7.56981864874549
"17121",9.7,8.12153543160214
"17123",10.3,9.27646082966103
"17125",10.3,9.06786813244785
"17127",9.7,8.41797053988013
"17129",10,8.60150866129339
"17131",10,8.81404535531564
"17133",9.9,8.05232191151207
"17135",9.3,8.23100242938846
"17137",9.5,8.29563387502171
"17139",9.5,8.12931950921714
"17141",9.2,8.17346464634402
"17143",8.5,7.34038020729829
"17145",8.8,7.81577256292419
"17147",10,8.56794015934272
"17149",10,8.69701286758197
"17151",11.8,9.30325398603329
"17153",8.8,8.55761877966782
"17155",10.7,9.26956698321617
"17157",9.4,8.07640123418642
"17159",10,8.2733992657154
"17161",9.1,7.78685883248251
"17163",8,7.08296297518106
"17165",9.9,8.29182239739687
"17167",9,7.69031503561666
"17169",9.9,8.62393574638431
"17171",10,8.74431288198227
"17173",10.3,9.12609823643312
"17175",10.3,9.07117521115682
"17177",10.3,8.87981780002207
"17179",9.3,8.0514975767896
"17181",10.5,8.66555321585308
"17183",9.1,7.94770652419746
"17185",10.2,8.64589717532631
"17187",9,8.02365926070981
"17189",10,8.65578523382944
"17191",10.4,8.63294932086694
"17193",10.2,9.00652368840136
"17195",9.8,8.36742733547961
"17197",7.5,6.60889578765326
"17199",9.3,7.92267427053086
"17201",8.5,7.40599186144762
"17203",9.4,8.03011696225849
"18001",8.5,7.21516576494347
"18003",7.5,6.89854630106166
"18005",8.5,7.28240024521745
"18007",9.1,7.99063735458719
"18009",9.9,8.54575352424069
"18011",8.2,6.99335925836415
"18013",11,9.61516482639601
"18015",9.7,8.49401443585493
"18017",9,7.77379776325497
"18019",8.4,7.38498070850639
"18021",9.3,8.09766830797107
"18023",8.5,7.55657546191972
"18025",10,8.31947859990033
"18027",8.3,7.26145853886919
"18029",9.4,8.04244100262127
"18031",9.1,7.89193861563646
"18033",8.9,7.6504958401946
"18035",7.9,7.40376190121625
"18037",9.4,7.86696585550839
"18039",8.1,6.93207814700631
"18041",9.1,8.24670182315859
"18043",8.7,7.48713303628952
"18045",9.7,8.34568073917429
"18047",9.7,8.48352059640246
"18049",9.6,8.16093299119483
"18051",8.9,7.82586098471155
"18053",8.8,7.86226066082205
"18055",9.7,8.31821580939998
"18057",7.8,6.57925062507188
"18059",8.8,7.67232328390776
"18061",9.3,8.24969562858442
"18063",8,6.93325367018929
"18065",9.4,7.87524622177988
"18067",9.5,7.99784987888901
"18069",9.1,7.86666026749727
"18071",8.8,7.47738634203669
"18073",9.1,8.07982073891836
"18075",9.2,7.87997556718623
"18077",9.1,8.04425056832547
"18079",8.8,7.59719909499928
"18081",8.4,7.16226889021404
"18083",8.8,7.72439199075438
"18085",8.9,7.67727582459494
"18087",8.1,6.77996576485305
"18089",7.6,7.14051898720389
"18091",8.8,7.61971065013829
"18093",9.6,8.39055299503713
"18095",8.7,7.67033688669376
"18097",6.7,6.17104319763874
"18099",9.1,7.83349193749797
"18101",9.6,8.32341745148691
"18103",8.8,7.4144648345414
"18105",6.9,6.48716292326459
"18107",8.9,7.82758379322772
"18109",9.2,7.85393302352106
"18111",9.3,8.40287300774752
"18113",8.7,7.65346961531213
"18115",10.2,9.10691661646818
"18117",9.9,8.40718104765662
"18119",9.6,8.58408002564304
"18121",9.8,8.35009518445696
"18123",9,7.84826884864374
"18125",9.8,8.87943726785707
"18127",8.6,7.54413472439549
"18129",10.2,8.37048604321928
"18131",10,8.58102527225329
"18133",8.4,7.72962456868771
"18135",9.6,8.37712482983192
"18137",9.2,8.22555293600379
"18139",9.7,8.10227456762249
"18141",8.1,7.07350410762172
"18143",8.6,7.74107822885388
"18145",9.1,7.83970397333753
"18147",9.9,8.69232040975543
"18149",9.5,8.23855544539399
"18151",9.9,8.52853536721917
"18153",8.8,7.86033816115211
"18155",9.2,7.97209651988878
"18157",6,6.01654475758882
"18159",10,8.56422937930552
"18161",9.7,8.76085351513074
"18163",8.8,7.43821679849747
"18165",9.8,8.27939739829614
"18167",8,7.17630488564395
"18169",9.9,8.57590099158081
"18171",9.7,8.63319328890094
"18173",9.2,7.92105023963636
"18175",9.3,8.02063861819011
"18177",9.2,7.87076220724094
"18179",9.1,8.0853087379261
"18181",9.8,8.42493264926838
"18183",9.4,8.04888464521875
"19001",10,9.02219939973296
"19003",10.7,9.20036278695379
"19005",10.1,8.90932544278873
"19007",10,8.86237669859884
"19009",10.6,9.5291884072989
"19011",9.3,8.34014556591466
"19013",7.9,7.34487233708306
"19015",9.4,8.15947234045956
"19017",8.9,8.3380992953975
"19019",9.1,8.10104809621358
"19021",7.6,7.35392598206157
"19023",10,9.18034861873524
"19025",10.1,9.11573181355728
"19027",9.8,8.57611596990883
"19029",10.2,8.90786222695347
"19031",9.7,8.65209648914588
"19033",9.9,8.63015606416798
"19035",10.3,9.09186639495215
"19037",10.1,8.82811466739732
"19039",8.8,7.96721659227455
"19041",10,8.5649317912458
"19043",10.4,9.29786306133104
"19045",9.7,8.16635763026756
"19047",8,7.59976929959213
"19049",7.4,6.56931704808701
"19051",9.1,7.73829719050845
"19053",9.1,8.53166121235389
"19055",9.9,8.58205891462873
"19057",9.4,8.24682847790953
"19059",11,9.60672816939245
"19061",8.9,7.85150167175085
"19063",9.6,8.80879927738643
"19065",9.9,8.74066394314211
"19067",9.8,8.77166829852665
"19069",9.8,8.41580866507569
"19071",10.8,9.20441203022886
"19073",10.3,9.06727500287117
"19075",9.6,8.86208832973691
"19077",10.3,9.19036520868509
"19079",9.6,8.55773589258898
"19081",10.3,9.0748215925179
"19083",9.9,9.01233047989959
"19085",9.4,8.45939807264073
"19087",8.6,7.98749183398719
"19089",9.4,8.42562421813036
"19091",10,8.45998485883498
"19093",9.8,8.97834363976545
"19095",9.4,8.3445475262065
"19097",9.8,8.60259544650634
"19099",9.4,8.14607851028775
"19101",9.7,8.82949131342177
"19103",6.3,6.24761644545077
"19105",9.4,8.45956972153546
"19107",9.7,8.96436083305726
"19109",10.7,9.31001365877871
"19111",9.5,8.48731700689868
"19113",8.5,7.36711561546742
"19115",9.1,8.39826304538974
"19117",9.8,8.44090093757174
"19119",9.2,8.52056857512756
"19121",8.9,8.11320185066891
"19123",9,8.02122889537059
"19125",9.2,8.09575907578199
"19127",8.1,7.60742330275541
"19129",9.3,8.4348619324004
"19131",9.9,8.72224345294172
"19133",10.5,9.35399736339498
"19135",9.5,8.2860074533947
"19137",9.6,8.72432283878261
"19139",8.5,7.51728891203812
"19141",9.5,8.70842665054974
"19143",10.4,8.59284487760645
"19145",9.6,8.70217314085823
"19147",10.2,8.74618001674354
"19149",9.4,8.20466380244167
"19151",10.5,9.30279378742403
"19153",7.2,6.61076953060948
"19155",8.6,7.7317052625938
"19157",9,8.48011148898541
"19159",10,9.23398357133187
"19161",10.4,9.33989924935801
"19163",8.6,7.28493367067116
"19165",10.3,9.07609661104875
"19167",8,7.54483185109194
"19169",6.1,6.08458186775705
"19171",9.3,8.16519792456796
"19173",9.4,9.12868441465073
"19175",9.4,8.36351184336524
"19177",10,9.08585880634453
"19179",8.4,7.54793346770336
"19181",8.3,7.66819421173001
"19183",9.2,8.38829030118739
"19185",9.9,8.81740105715199
"19187",8.9,7.91249341336548
"19189",9.7,8.67117696204683
"19191",9.8,8.83820682353606
"19193",7.4,7.00127751408054
"19195",9.9,8.91205295418646
"19197",10,8.67085581692845
"20001",9.4,8.30705961320409
"20003",10,8.36485249056402
"20005",8.5,7.54554474498699
"20007",10.8,8.75074312122258
"20009",9.8,8.12772440986876
"20011",9.2,8.0873119975788
"20013",9.9,8.3370203085733
"20015",8.3,7.28371070483259
"20017",10.2,9.02000633139994
"20019",10.8,8.96463989858274
"20021",9.5,8.088282881833
"20023",10.7,9.27566978987884
"20025",10.1,9.02382331412061
"20027",10.3,9.0417923338797
"20029",9.8,8.19889855584725
"20031",9.9,8.66043617403909
"20033",10.9,9.88755248171802
"20035",8.7,7.63397750157749
"20037",7.8,6.8842453608736
"20039",11.6,10.0384809579482
"20041",9.8,8.37707818756591
"20043",9.6,8.16942863087718
"20045",6.5,6.30866212024551
"20047",9.8,8.83534878890621
"20049",11.4,9.83560474741576
"20051",7.8,6.97516315435872
"20053",9.3,8.51890763276769
"20055",6.2,5.92881048142043
"20057",6.2,6.01265219450088
"20059",9.2,7.79046993229109
"20061",5,5.21641090349836
"20063",10.7,9.2886056693015
"20065",11.4,9.76470543640574
"20067",7.2,6.24009205874774
"20069",8.5,7.6062189944983
"20071",9.3,8.21758704132598
"20073",11,9.27628948201422
"20075",8.1,7.09006468292048
"20077",10,8.83770717317156
"20079",9.7,8.17839019777846
"20081",8.1,7.46837486981162
"20083",10.3,9.17708225965651
"20085",9.5,8.2538846598552
"20087",9.8,8.44173794320314
"20089",12.5,10.2842857990892
"20091",8.4,6.92938924616551
"20093",8.2,7.42180216402074
"20095",9.6,8.2778144069508
"20097",10.3,9.24020027217231
"20099",9.7,7.95229102214333
"20101",10.6,8.88549438326466
"20103",8.2,6.84694546027685
"20105",11.1,9.44151576618478
"20107",10.1,8.78967421387973
"20109",9.6,8.57268296399613
"20111",7.5,6.96044443108517
"20113",9.4,8.13790700851783
"20115",10.5,9.01301065987201
"20117",10.2,8.83706164668376
"20119",8.9,7.78033669085301
"20121",9.6,7.7398695423264
"20123",10.5,8.58025796127042
"20125",9.5,7.77479787337236
"20127",10.6,9.40881809149262
"20129",9.3,8.56586189584973
"20131",9.9,8.29444505944514
"20133",9.4,8.11172165061754
"20135",10.7,9.02253781204096
"20137",9.2,7.88700814771944
"20139",9.5,8.35011074912848
"20141",11.4,9.61761084390561
"20143",9.9,8.49067636708851
"20145",10,8.118621648058
"20147",10.8,8.96889865150943
"20149",8.6,7.29942946653017
"20151",9.5,8.10190717202248
"20153",11.5,9.80869893132103
"20155",9.3,8.0472504542916
"20157",11.4,9.81505247927332
"20159",9.3,8.14574712613606
"20161",5.1,5.35333699187481
"20163",10.8,9.30823171400082
"20165",11,9.28074365290433
"20167",10.9,8.98857134824985
"20169",9,7.61684752188564
"20171",9.3,8.23976644287412
"20173",7.7,6.75103729567394
"20175",5.7,5.48306889232575
"20177",9.3,7.62070869183672
"20179",10.7,9.16217305362398
"20181",9.4,7.98026298039823
"20183",11.9,10.1745796034004
"20185",10.2,8.64423482606187
"20187",8.3,7.29766150499238
"20189",8.1,7.13838251861882
"20191",9.5,8.08951229197788
"20193",8.8,7.68630784650245
"20195",11,10.0652688024706
"20197",9.8,8.7502859889872
"20199",10.8,9.26975964870445
"20201",10.8,9.22265963904653
"20203",9.3,8.80725255436065
"20205",10.4,8.76390124718939
"20207",10.7,9.37205130852707
"20209",6,5.99451280270576
"21001",9.2,8.0859869088026
"21003",9.1,7.88684469503555
"21005",9,7.45543341375251
"21007",10,8.99167125157585
"21009",9.1,7.76096791855203
"21011",9.4,7.73028478786904
"21013",9.4,7.85203842109501
"21015",8.4,6.96226097230986
"21017",9.5,7.98930016031553
"21019",9.6,8.00172917375111
"21021",9,7.76273211099375
"21023",9.6,7.94653953886982
"21025",9.4,7.76534465764091
"21027",9.3,8.15790771315817
"21029",9.1,7.58528648093258
"21031",9.4,8.00698175331277
"21033",9.7,8.35314482442931
"21035",8.1,7.52601632057061
"21037",8.8,7.35168709048564
"21039",9.8,8.4290383426724
"21041",8.7,7.30105316002993
"21043",9.8,8.11054331984292
"21045",9.4,8.41823257404037
"21047",6.4,6.20211824510422
"21049",9.3,7.79821427522019
"21051",8.3,7.12176133564027
"21053",9.9,8.44408882929932
"21055",10.1,8.24675734071418
"21057",10.1,8.60131958025666
"21059",9,7.5548080084383
"21061",9.6,8.72027525317915
"21063",9.4,8.02168578189369
"21065",9.4,8.09530350972613
"21067",7.2,6.5025595737027
"21069",9.2,7.91049378593054
"21071",9.7,8.03423772544222
"21073",9,7.66158823273856
"21075",8.7,7.98712444534995
"21077",8.1,7.05898157162184
"21079",9.6,8.09312006358467
"21081",8.4,7.20844318887417
"21083",9.4,7.88271119856884
"21085",9.2,7.87335933962289
"21087",9.7,8.3973976885164
"21089",10.3,8.51387233122663
"21091",9.5,7.99634547705144
"21093",8,7.02606578934549
"21095",9.3,7.92798913099046
"21097",9.3,8.21533836571423
"21099",8.8,7.6746277977896
"21101",9.5,7.858851192186
"21103",9,7.98939926802052
"21105",11,9.4037333254902
"21107",9.1,7.94849020687043
"21109",8.9,8.05557236635702
"21111",8.4,7.08889112190643
"21113",8.8,7.26320289482523
"21115",9.6,8.00366372094957
"21117",8.5,6.95748403901624
"21119",9.5,8.28752094528068
"21121",9.1,7.46659059761819
"21123",9,7.86640102440211
"21125",8.7,7.55476129539816
"21127",9.4,7.8627769681872
"21129",8.6,7.4245359353097
"21131",9.7,7.95261413261305
"21133",10.3,8.3641653100322
"21135",9.5,8.17512062253017
"21137",9.3,8.15054183986844
"21139",10.7,8.88558338557968
"21141",9.3,8.08121792025562
"21143",9.5,9.21162504938249
"21145",9.5,8.04921227507296
"21147",8.4,7.18183840550673
"21149",9.6,8.66821238285128
"21151",7.6,6.99272911382428
"21153",9.5,7.93952283820978
"21155",8.9,7.62747559251224
"21157",10.3,8.83610367141453
"21159",8.3,7.51313940966637
"21161",9.3,7.97237973458013
"21163",8.4,7.46100190293282
"21165",9.9,8.31754313461714
"21167",9.5,8.09306338483293
"21169",9.6,8.0845782463052
"21171",9.7,8.14854295954683
"21173",8.7,7.70014124628378
"21175",8.5,7.35388482356585
"21177",9.6,8.27675875389633
"21179",9.1,7.71785927556695
"21181",8.9,7.97570316604771
"21183",9.3,8.06494396059449
"21185",8.6,6.79636462332631
"21187",9.7,8.37247806212944
"21189",9.6,8.69363865806274
"21191",9.1,7.7013657636359
"21193",9.3,7.73244280283873
"21195",9.7,8.19236663733854
"21197",9,7.40636390961752
"21199",9.5,7.97802586646179
"21201",10.4,8.48040669556122
"21203",9.5,8.12969439168012
"21205",7.5,7.03911180210094
"21207",9.6,8.45015091522187
"21209",7.7,6.77280725070947
"21211",8.7,7.50965898337279
"21213",8.5,7.25563680723624
"21215",8.8,7.57089217854313
"21217",8.9,7.9653640662198
"21219",8.5,7.33087114595576
"21221",10.3,8.70968900883485
"21223",9.3,8.11212148524608
"21225",9.1,7.98935629820863
"21227",7.2,6.5751294799635
"21229",9.3,8.1940692311318
"21231",9.8,8.35019957074412
"21233",9.1,8.0636629103359
"21235",8.8,7.33039028251347
"21237",9.7,8.0766518215586
"21239",9.7,8.22947398272862
"22001",8,7.15605548338736
"22003",7.2,6.80086636861537
"22005",6.9,6.40847045886211
"22007",8.3,7.95080978179672
"22009",8,7.29279756608465
"22011",8,7.32517937474859
"22013",8.4,8.02429988455818
"22015",7.6,6.72061192664404
"22017",7.4,7.15455498024173
"22019",7.6,6.88341318447709
"22021",8.3,7.69628067884185
"22023",9.1,7.46985919550082
"22025",8,7.34795948605114
"22027",7.7,7.64364323077176
"22029",7.8,7.11314309198691
"22031",8,7.71327553894579
"22033",6.6,6.44325337996515
"22035",5.6,5.99715584886089
"22037",7.6,7.63330647408543
"22039",7.6,6.89976230886791
"22041",8.3,7.86562689409212
"22043",7.3,6.98824647274082
"22045",7.5,6.82924364805338
"22047",7,7.16784467080541
"22049",8.6,7.9486989037566
"22051",7.9,7.12060294542581
"22053",8.2,7.48862120673405
"22055",7.2,6.49157310854967
"22057",8.1,7.16975920151259
"22059",7.4,7.25006694104946
"22061",6,6.25948613158902
"22063",7.6,6.9164274395674
"22065",6.7,6.45649428735982
"22067",7.8,7.44793489097479
"22069",7,7.0385355447958
"22071",6.2,6.45157984907041
"22073",7.3,6.71695600076819
"22075",7.3,6.42251391423332
"22077",8.5,8.18563087219067
"22079",7.8,7.15632187267562
"22081",8,7.83172936248189
"22083",7.9,7.3937517805271
"22085",9.1,8.15933258481043
"22087",6.8,6.11061324021197
"22089",7.7,6.76237665908178
"22091",7.8,7.94504036991398
"22093",7.8,7.59386249967146
"22095",6.4,6.58022523858889
"22097",7.4,6.9857094063163
"22099",7.6,7.26263347279036
"22101",7.8,7.21965480833169
"22103",8.7,7.49246152444477
"22105",7.2,6.8790008118107
"22107",8.8,8.98056858830417
"22109",8,6.89200463284326
"22111",9.2,8.23704951613527
"22113",8.2,7.30381923982356
"22115",6.7,6.49760698469205
"22117",8.3,7.59473011685771
"22119",8.5,7.82733357097057
"22121",6.7,6.68280488250872
"22123",9.2,8.29078334554704
"22125",6.9,6.38252715290946
"22127",8,7.5018403388395
"23001",8.9,7.859626622844
"23003",10.7,9.32121794121947
"23005",9.3,8.04758299396648
"23007",9.9,8.96858323910955
"23009",10.8,9.50057837534579
"23011",9.7,8.44082823648987
"23013",11.2,9.50983262564797
"23015",11.5,10.0652274157859
"23017",9.8,8.89198622926896
"23019",9.8,8.08201103639083
"23021",10.9,9.68040349878753
"23023",10.7,8.92404333426816
"23025",10.1,8.76349957275937
"23027",10.2,9.08776556226428
"23029",10.8,9.29570299241876
"23031",9.7,8.59454701687038
"24001",9.4,8.050270089413
"24003",8.3,6.94503742373286
"24005",8,7.30603617399139
"24009",8.6,7.34125878366927
"24011",8.7,7.70814263159534
"24013",9.4,7.76277152169473
"24015",8.9,7.51722162627422
"24017",6.5,6.53258437411441
"24019",9.3,8.55410252949171
"24021",8.2,7.01186018619466
"24023",10.7,9.05046398405604
"24025",8.8,7.37595535493781
"24027",7.4,6.55406526391167
"24029",10.8,9.6789877594393
"24031",7.5,6.77605903040016
"24033",5.4,6.17024507694176
"24035",10.2,8.20672219083951
"24037",7.9,6.84290439540458
"24039",7.3,7.00712126004911
"24041",12.5,10.1021924742823
"24043",9,7.53126362533307
"24045",7.6,7.172844866985
"24047",11.3,9.6853750949093
"24510",5.7,6.39993008470844
"25001",12.5,10.2906076535473
"25003",10.3,8.94513982666937
"25005",8.7,7.48058147468079
"25007",11,9.09778851348593
"25009",8.8,7.42279609862006
"25011",10.6,8.86519509921929
"25013",7.7,7.34980938757532
"25015",8.2,7.96178377836286
"25017",8,6.9371037878893
"25019",8.6,6.79951701205629
"25021",8.6,7.32187870502326
"25023",9.3,7.80356948148091
"25025",5.7,6.04881078920289
"25027",8.5,7.24544349982508
"26001",13.2,11.5593659903151
"26003",10.5,9.00098805796744
"26005",9.1,7.86385597871369
"26007",11,9.022102436602
"26009",11.9,10.0646724305343
"26011",11.3,9.59507454651606
"26013",9.7,8.68899812013241
"26015",9.8,8.26185858519882
"26017",10.1,8.28273818650703
"26019",11.4,9.82728759191912
"26021",9.6,8.00622672076287
"26023",9.3,7.88139198512286
"26025",8.6,7.62998562588783
"26027",9.9,8.5967942276069
"26029",11.3,9.39036028935643
"26031",11.2,9.95906048875044
"26033",8.8,7.46088302305344
"26035",11,8.96664078203688
"26037",9.5,7.8776059981387
"26039",11.6,9.43337828118177
"26041",11.3,9.12123904631506
"26043",10.9,8.76346115634939
"26045",9.5,8.05567794603355
"26047",10.8,8.95700970724802
"26049",8.9,7.54128284997177
"26051",11.4,9.73939752536686
"26053",11.5,9.6610061003899
"26055",10.1,8.34656877788297
"26057",8.7,7.57556044297974
"26059",9.6,8.38475936740529
"26061",8.4,7.18393284296267
"26063",11.2,9.71314010464575
"26065",7,6.61881250401748
"26067",8.2,7.1846865625895
"26069",12.1,10.1963173399044
"26071",12.2,10.32658823174
"26073",6.8,6.64669846029872
"26075",9.3,7.71657343110556
"26077",7.8,7.00313727240596
"26079",9.7,8.46248813708969
"26081",7.8,6.76125481462289
"26083",13.6,11.4366963599831
"26085",10.7,9.54106386708207
"26087",9.6,8.16538945232555
"26089",12.9,10.8290792853664
"26091",9.3,8.13185226498654
"26093",9.9,7.93195406240666
"26095",10.8,9.09755958560988
"26097",11.4,9.63740282422223
"26099",8.6,7.46742759153305
"26101",11.3,9.5004422071805
"26103",9,8.01089912593781
"26105",10.9,9.20312703976728
"26107",9.2,8.1043195858637
"26109",11.1,9.38355600173922
"26111",9.5,8.11077269494871
"26113",10.2,8.68648855442486
"26115",9.5,8.04050235183291
"26117",9.1,7.73415924321219
"26119",12.6,10.6879452225848
"26121",8.7,7.5265463094633
"26123",9.8,8.28495004446191
"26125",8.8,7.32230702579218
"26127",10,8.56316781901202
"26129",11.5,9.73831811343388
"26131",13.4,11.8091686695444
"26133",10.3,8.64303267542541
"26135",11.7,9.93326586872591
"26137",10.1,8.62798292778887
"26139",8.4,7.27394240294609
"26141",12.7,10.8061028785183
"26143",12.9,10.7858496504705
"26145",8.8,7.86843512344978
"26147",9.7,8.11071704809433
"26149",9.2,7.84052136916056
"26151",10.2,8.86671959581352
"26153",11.3,9.58228683526832
"26155",9.6,8.20390559301839
"26157",9.9,8.67161212897451
"26159",9.2,8.01836028953916
"26161",7.2,6.65902490988462
"26163",7.4,6.71487158110023
"26165",9.9,8.30475686780554
"27001",12.6,11.1531481356799
"27003",8.4,6.96975571969899
"27005",10.1,8.59868210862999
"27007",8.5,7.31863167732648
"27009",7.9,7.00994441105736
"27011",11,9.70715054153066
"27013",7,6.86255167632835
"27015",9.6,8.55091459544801
"27017",9.1,7.67737844756612
"27019",8.1,6.79349171913378
"27021",10.9,9.53874007871998
"27023",10.2,8.52418852746521
"27025",8.6,7.55578165594833
"27027",7.6,6.74753836725762
"27029",9.9,8.49941611651014
"27031",11.5,10.1887721331817
"27033",10.1,8.78262066877068
"27035",10.6,9.01807531406749
"27037",8.3,6.96725896316497
"27039",8.5,7.414745192027
"27041",10.4,9.04266960818839
"27043",10.3,8.90714972336393
"27045",9.9,8.80149937991894
"27047",9.7,8.69379398874336
"27049",9.8,8.2396429840438
"27051",10.1,9.2117186138548
"27053",7.5,6.66790347121256
"27055",10.1,8.79206234251931
"27057",11.2,9.48088500161856
"27059",8.7,7.74530294914914
"27061",10.7,9.24199501987575
"27063",10.3,8.87204409677765
"27065",9.8,8.79963764363476
"27067",9.2,8.04492504611183
"27069",11,9.77991155284509
"27071",11.1,9.58277911874269
"27073",11,10.0156714756775
"27075",11.1,9.68921953190871
"27077",10.7,9.38245688465428
"27079",8.9,7.9990308764012
"27081",10.8,9.41032499201921
"27083",8.8,7.54478167253029
"27085",9.5,8.25159378482018
"27087",8.6,7.28055179533528
"27089",9.8,9.09274590321868
"27091",10.8,8.96486245699843
"27093",9.8,8.42392646625586
"27095",8.7,8.01475305416847
"27097",9.8,8.47513687580548
"27099",8.8,7.74322946192162
"27101",10.8,9.7711884848394
"27103",8.4,7.45333432492538
"27105",8.2,7.31025055464087
"27107",10.1,8.73916020532154
"27109",8.1,7.20611152630654
"27111",10.6,9.25625572532607
"27113",9.2,7.96806479893415
"27115",9.9,8.58440354735971
"27117",9.9,8.36494089651081
"27119",9.2,7.87910366612261
"27121",10.8,9.56697139342182
"27123",7.4,6.66978291471911
"27125",10,8.93825279064672
"27127",10.1,8.61424193394157
"27129",10,8.726313175846
"27131",7.9,7.23386892649927
"27133",9.6,8.43155588288718
"27135",9.3,7.98865277715843
"27137",9.3,8.14220337313973
"27139",7.5,6.45248270049924
"27141",7.7,6.67224423400345
"27143",8.9,8.35383830210311
"27145",7.8,7.18912422547599
"27147",9.3,7.86064786592563
"27149",7.9,7.57421590952184
"27151",10.4,8.89520805478653
"27153",10.6,8.68355169345694
"27155",10.9,9.59896285393914
"27157",10.6,8.88180246923371
"27159",9.7,8.42058733845289
"27161",8.9,8.13646192615888
"27163",8.8,7.19507139843273
"27165",9.3,8.11713802030812
"27167",9.4,7.89390582368261
"27169",8.3,7.65882410859432
"27171",7.9,6.84670237631862
"27173",9.7,8.56774332417349
"28001",7.7,7.53335658608213
"28003",8.8,7.82722394336256
"28005",9.2,8.98885112660539
"28007",8,7.71257879685451
"28009",8.1,8.25817008136236
"28011",6.7,6.6392384186892
"28013",8.4,8.09149214690646
"28015",8.9,8.66843757874422
"28017",7.3,7.58756105310832
"28019",9.2,8.53985964355194
"28021",5.6,6.94274089124141
"28023",8.8,8.35119746527405
"28025",7.4,7.49819964180082
"28027",6.1,6.27913578869052
"28029",7.6,7.40662816113023
"28031",7.8,7.54489967335173
"28033",7.1,6.55785611790891
"28035",6.6,6.43119994796857
"28037",9,8.11302729013269
"28039",8,7.1964268164547
"28041",7.1,6.47215618900787
"28043",7.8,7.33796192650678
"28045",9.6,8.37134776472614
"28047",7.7,6.81959668060136
"28049",6,6.37879943811129
"28051",5.7,6.58477531461946
"28053",6.6,6.8318749977553
"28055",5.5,7.19377600428019
"28057",8.4,7.97935540612748
"28059",8.2,7.0742035594253
"28061",8.1,8.12195413480693
"28063",6.3,7.15561055783934
"28065",8.1,8.53369084802373
"28067",8.4,7.40075967641327
"28069",7.4,7.75698483724279
"28071",6.4,6.46056278216482
"28073",7.8,6.8529891537504
"28075",7.7,7.2727240568215
"28077",8.3,7.83242418073584
"28079",7.3,7.27687876717207
"28081",7.6,7.0349853811638
"28083",5.7,6.0634250033448
"28085",8,7.37403940030871
"28087",7.2,7.11051071294958
"28089",7.4,6.71845908185042
"28091",8.2,7.62421439068199
"28093",7.4,7.57112663175711
"28095",8.4,8.04548036282182
"28097",8.4,8.22642732759875
"28099",7.7,7.16731207494669
"28101",7.7,7.41000529332278
"28103",6.4,7.10544116703884
"28105",5.1,5.75943592949104
"28107",7.3,7.26435441775835
"28109",9,7.9913632696084
"28111",8.3,7.91555555639159
"28113",7.1,7.04482381829131
"28115",8,7.26890697092185
"28117",8.5,7.79752240007256
"28119",6.5,6.97294567593912
"28121",7.9,7.26908494615995
"28123",7.4,7.0741896085182
"28125",7.1,7.00605181189969
"28127",8,7.76045131080954
"28129",8.9,8.36946981257488
"28131",8,7.58913237653467
"28133",5.6,5.97885542574658
"28135",6.4,6.69358658251834
"28137",7.6,7.40622428696359
"28139",8.4,7.53129427969679
"28141",9.8,8.57315147984298
"28143",5.4,5.9084384380047
"28145",8.3,7.61777373642564
"28147",8.2,7.96250437518319
"28149",7.7,7.22303554148661
"28151",6.5,6.63019618810599
"28153",8,7.27307960973725
"28155",8.6,8.15970458092587
"28157",6.5,7.23961661992333
"28159",8.2,8.04722862113073
"28161",8.4,8.20535812696598
"28163",6,5.51292081022898
"29001",7.2,6.94623854344273
"29003",9.5,8.34942875122959
"29005",10.9,9.45291507347829
"29007",8.8,7.69980746722987
"29009",9.9,8.43193217195332
"29011",9.6,8.1841399944737
"29013",9.6,8.04163833460655
"29015",11.9,10.2926498794332
"29017",10.1,8.60759123188144
"29019",6.9,6.36612062852218
"29021",8.5,7.0890228506791
"29023",9.2,7.82920181647852
"29025",9.4,8.33446966128953
"29027",8.8,7.55800103348098
"29029",11.6,9.91624525853152
"29031",8.3,7.43322063068936
"29033",10,8.76390328389121
"29035",9.7,8.3382868469512
"29037",9,7.64277231661031
"29039",10.3,8.70925723072595
"29041",10.9,9.45375461431694
"29043",8.9,7.49332839605482
"29045",9.8,8.55836453086939
"29047",8,6.88665225343133
"29049",9.4,7.98693453839913
"29051",8.8,7.43579141260903
"29053",9,7.84532405615169
"29055",9.5,8.3408365296524
"29057",10.7,9.23043044653341
"29059",9.7,8.3361563390146
"29061",9.9,8.5439882636208
"29063",8.8,7.33875767906896
"29065",10,8.47413041947615
"29067",10.6,9.12199909995991
"29069",8.9,7.60181511726996
"29071",9.4,7.99226906629243
"29073",10.6,8.88845093632529
"29075",9.4,8.22960884764584
"29077",8.5,7.21980165127426
"29079",10.1,8.36096201965874
"29081",10.3,8.69750277294659
"29083",10,8.58615170767693
"29085",12.5,10.9162180327826
"29087",10.7,9.63379336859355
"29089",9.1,7.99103003290075
"29091",9.4,8.00621116381193
"29093",10.1,8.55952554342224
"29095",7.5,6.73443433773127
"29097",8.4,6.99581468390718
"29099",8.6,7.34408636760884
"29101",6.8,6.63932742499064
"29103",9.9,8.35427185813049
"29105",9.3,7.75040577465762
"29107",9.4,8.08161175773614
"29109",9.3,7.70807627967471
"29111",8.8,8.18505732641175
"29113",8.2,7.20956678107178
"29115",9.6,8.57402136752221
"29117",9.4,8.41490232160416
"29119",8.2,7.14442715072873
"29121",9.9,8.71301537794783
"29123",9.3,8.03624941736128
"29125",10,8.76215994973121
"29127",9.1,7.71698085216043
"29129",10.5,8.81146019437341
"29131",9.5,8.12868318099681
"29133",8.4,7.19570823779373
"29135",8.5,7.30122492202923
"29137",10.5,9.11696172444674
"29139",9.7,8.37642925451557
"29141",10.5,8.71679023808821
"29143",9.1,7.96813889373014
"29145",9.4,7.77957946722568
"29147",7.8,7.38596456778571
"29149",10.3,8.54692539585002
"29151",9.3,8.12676918443274
"29153",11.4,9.90688106544488
"29155",8.4,7.31296642091353
"29157",9.4,8.15064184760778
"29159",8.7,7.37337504401208
"29161",8.2,7.12338153804653
"29163",8.7,7.57687641073752
"29165",8.4,7.05420635273453
"29167",8.9,7.78442057058969
"29169",5.4,5.51065611023828
"29171",10.9,9.40109052778837
"29173",10.1,8.88484758460426
"29175",8.4,7.29862283931183
"29177",9.5,8.09673779784138
"29179",10.7,8.8909143806378
"29181",9.7,8.2094666674434
"29183",9,7.27139433172809
"29185",11.2,9.4950767041033
"29186",9.6,8.55325103855868
"29187",8.5,7.23101922449076
"29189",8,7.44663064381319
"29195",8.5,7.60072461552356
"29197",9.9,8.33728770916784
"29199",9.5,8.03542762753283
"29201",8.7,7.71580069097438
"29203",10.1,8.86478187283845
"29205",10.3,8.69324787723687
"29207",9.6,8.2982594857613
"29209",12.1,10.5912506683539
"29211",9.4,8.41965401475014
"29213",9.6,8.47497078831559
"29215",9.6,8.21863072429817
"29217",9.8,8.08305851198394
"29219",9,7.89945910178147
"29221",9.2,7.52701893845912
"29223",10.6,9.11548865500659
"29225",8.5,7.30916842395727
"29227",11.1,9.49061945659495
"29229",9.6,8.13539069054297
"29510",6.3,6.25456281049676
"30001",9.4,8.5962070762105
"30003",7.1,6.03397529679515
"30005",8,6.92693048857381
"30007",10,9.27089045554226
"30009",10.9,9.74289510762942
"30011",11.2,10.2572117693872
"30013",8.8,7.69386590557833
"30015",9.5,8.67615947047446
"30017",9.1,8.09804054488843
"30019",10.8,10.3794957159514
"30021",9.2,8.2558335529151
"30023",10.1,8.63032001139788
"30025",9.2,8.48842323734211
"30027",10,8.81541899646879
"30029",9.7,8.2491179035794
"30031",7,6.47789050708835
"30033",10.8,9.19912268333396
"30035",6.8,5.4778956693091
"30037",11.7,9.66832786065321
"30039",11.6,10.4410132663973
"30041",7.9,6.93061680086809
"30043",10.1,9.0162212611016
"30045",11.3,9.1099733919047
"30047",9.8,8.43003610856925
"30049",9.2,7.96074970073505
"30051",10.1,8.97465103194667
"30053",11,10.0230412659905
"30055",11.4,10.3869390105236
"30057",11.1,10.3559089262385
"30059",12.2,10.6439780264594
"30061",11.3,9.8355555338069
"30063",8.1,7.20358307995731
"30065",10.9,10.2232761049423
"30067",9.9,8.78039683757028
"30069",12.1,8.84257104585422
"30071",10.8,8.88435356203153
"30073",9.9,8.18370231651351
"30075",11.3,10.2600906095453
"30077",8.6,7.64651840074237
"30079",12.5,10.3882370720933
"30081",10.7,9.55317855040723
"30083",8.5,7.71372882073934
"30085",6.8,5.19305349643846
"30087",8.4,7.18399462646049
"30089",11.9,10.5207297145808
"30091",10.6,8.80297583477508
"30093",8.8,7.7236539498498
"30095",10.4,9.41585604057147
"30097",11.2,9.39577666713987
"30099",10.6,9.00883004577656
"30101",8.2,7.22706936079299
"30103",12,8.8612104948681
"30105",10.4,8.82099652750801
"30107",10,10.0187874690768
"30109",10.5,8.8810860243816
"30111",8.7,7.50962819683553
"31001",8.8,7.69376340729031
"31003",10.7,9.26419934169253
"31005",9.7,9.10666727261938
"31007",10.9,10.6621742879237
"31009",10,11.7663864574795
"31011",10.4,9.26909905993692
"31013",9.3,7.80192811189048
"31015",11.8,10.9767254454288
"31017",10.4,10.3464136277538
"31019",7.5,7.16275546547247
"31021",10.1,9.18395690963358
"31023",9.6,8.49151172823388
"31025",9,8.02080149892904
"31027",9.9,8.94597506941035
"31029",10.1,9.55476120388962
"31031",9.7,8.25300739971806
"31033",9.4,8.31444379377486
"31035",9.3,8.58392643584497
"31037",7,6.45665386281605
"31039",9.8,8.63234905025227
"31041",10.2,8.72372534114434
"31043",6.5,6.52123884844552
"31045",8.3,7.91808364604772
"31047",7.3,7.0853789053254
"31049",10.9,9.67551652008896
"31051",9.6,8.54934018747319
"31053",8.8,8.02122151809847
"31055",7.1,6.4308043880255
"31057",10.9,8.54791975115178
"31059",10.2,9.4262796984938
"31061",11.2,9.95296927935538
"31063",10.4,9.22902604192828
"31065",10.3,9.55189286590759
"31067",9.5,8.46186449250225
"31069",11.1,10.1045813248665
"31071",11.5,9.82935780393054
"31073",10.2,9.47549423640979
"31075",10.3,8.36701201717131
"31077",10.6,9.64786372229758
"31079",7.8,6.84133125579623
"31081",9.4,8.43192084974326
"31083",11.4,9.80138650009462
"31085",11.4,9.29147802666649
"31087",10.5,9.47661056854984
"31089",10.1,8.74939424767326
"31091",11.4,8.39741869907659
"31093",9.9,8.93577423304415
"31095",10.1,9.23395479866803
"31097",8.3,7.75167688601159
"31099",9.3,8.31182961652318
"31101",10.7,9.56718780618245
"31103",12.6,8.65731673022603
"31105",10.4,9.44516226922576
"31107",10.4,9.4099905964231
"31109",7.4,6.74357024055736
"31111",8.7,8.15669344000594
"31113",10.2,7.8778617081403
"31115",11.5,9.31403351072259
"31117",10.9,10.4259463803366
"31119",8.4,7.29042800790705
"31121",9.6,8.57601304614976
"31123",9.4,8.50146423870886
"31125",9.6,8.72827106148021
"31127",8.8,8.06856578167514
"31129",10.9,9.99745147868762
"31131",9.4,8.22547992836503
"31133",11.3,10.1211313678303
"31135",10.2,9.2460061863253
"31137",9.7,8.22161334186016
"31139",9.6,8.47932533076792
"31141",8.5,7.61775482206387
"31143",9.7,9.08976341218646
"31145",9.8,8.28996400878033
"31147",10.3,8.98570262133049
"31149",11.2,9.65491740152219
"31151",8,7.24321000900992
"31153",7,6.42729537905493
"31155",9.2,8.06163481828749
"31157",8.5,8.00919999725405
"31159",8.7,7.83033984181347
"31161",10.5,9.50097874602733
"31163",10.7,9.97164516196955
"31165",11.4,8.92206451589349
"31167",9.1,8.4619967838126
"31169",10.7,9.63500022567565
"31171",11.3,11.5509700124088
"31173",7,6.30544438141788
"31175",10.4,9.5526961195413
"31177",9.2,8.07754183786959
"31179",7.6,7.40813136801534
"31181",9.9,9.07532466832165
"31183",11.9,11.184797397076
"31185",9.3,8.32828205937139
"32001",8.9,7.85281856136061
"32003",6.7,6.52372060824885
"32005",12.4,10.0216973563683
"32007",7.4,6.39431123419866
"32009",11.6,9.29327221772613
"32011",9.2,9.31769726999842
"32013",7.9,6.93367802145106
"32015",8.4,6.81213860006918
"32017",10.1,7.55694321724989
"32019",9.2,8.20028650621337
"32021",10.3,9.63212315121909
"32023",11.3,9.96620431795614
"32027",8.3,6.87290443356266
"32029",12.2,11.5782169117712
"32031",8.1,7.02921627435906
"32033",8.7,7.72863520385892
"32510",9.2,7.76020233164368
"33001",10.4,8.91843078343456
"33003",12.1,10.1903245507995
"33005",9.9,8.58626197667508
"33007",11.1,9.12953827032486
"33009",10.3,8.64170763314894
"33011",8.4,7.29052401753719
"33013",9.4,8.09228776360532
"33015",10.1,7.93812618227115
"33017",8.4,7.35095713459522
"33019",10.5,8.78193956304829
"34001",8.3,7.50797672180047
"34003",7.9,7.19069548667732
"34005",8.4,7.39339304025452
"34007",7.6,6.91286956167508
"34009",11.4,9.57708503253908
"34011",7.2,6.78093344409264
"34013",6.2,6.1227802896076
"34015",8.1,7.26493611661202
"34017",4.9,5.73039260242849
"34019",9.6,8.16615150564409
"34021",7.2,6.72970852513602
"34023",6.6,6.64866955560271
"34025",9.2,7.54920848255956
"34027",8.5,7.35298340995073
"34029",10.2,8.48080263980186
"34031",6.6,6.53749144961718
"34033",9,7.88658152105795
"34035",7.8,6.95672213242669
"34037",9.3,7.84339850115638
"34039",6.7,6.42098364483539
"34041",9.2,7.89533365730554
"35001",7.5,6.97511767216903
"35003",13.1,12.6191712556954
"35005",6.8,6.87443250233138
"35006",7.1,6.86972892786946
"35007",9.5,9.35552124994808
"35009",6.3,6.10637233878848
"35011",9.8,7.55121623587933
"35013",6.5,6.70741526190154
"35015",6.7,6.75486300599557
"35017",9.9,9.43908345545227
"35019",6.3,7.10030600045367
"35021",12,8.89621483659882
"35023",8.2,8.47239913975119
"35025",5.6,5.79061253731091
"35027",10.9,9.82230194932905
"35028",9,7.32219091970331
"35029",7.4,7.80865608165899
"35031",6.3,5.65090365649728
"35033",8.5,10.9418419653979
"35035",7.4,6.96273945455596
"35037",9.5,8.76525057305149
"35039",7.3,7.62626558068196
"35041",6.5,6.72762443263554
"35043",8,7.55673492830423
"35045",7.5,6.62863618545293
"35047",7.4,8.24756593357112
"35049",9.5,8.89017559277873
"35051",12.2,10.8338777692449
"35053",7.6,7.58627051353863
"35055",9.4,9.42465339530639
"35057",8.6,8.34294608720494
"35059",8.3,8.35260142023692
"35061",7.4,7.34756128329721
"36001",8.2,7.34842018053723
"36003",8.9,8.1604785681747
"36005",5,5.89217477025861
"36007",9,7.85561176288035
"36009",9.5,8.16260888327158
"36011",9.5,8.18514711867156
"36013",9.6,8.23562160707661
"36015",9.1,7.93206462911596
"36017",9.7,8.76606257935825
"36019",8.6,7.81526923105589
"36021",10.6,9.20626647447016
"36023",8,7.538748401376
"36025",10.5,9.30777292576272
"36027",8.6,7.64022952150793
"36029",8.8,7.59454047638301
"36031",10.5,9.23408364962124
"36033",9,7.67506043702848
"36035",9.4,8.30033082366917
"36037",9.2,8.28267760330651
"36039",10.2,8.88577712182377
"36041",11.8,10.8567395196803
"36043",9.8,8.53950081051084
"36045",7.5,6.86888652136676
"36047",5.8,6.34323433705358
"36049",9.6,8.40576455213755
"36051",9.1,8.05813599051604
"36053",9.3,8.22101725008719
"36055",8.8,7.41761262673262
"36057",8.7,7.8554247863009
"36059",8.2,7.38154788343115
"36061",6.8,6.90251025928894
"36063",9.2,8.04127645793066
"36065",9,7.8838502988519
"36067",8.6,7.47852923972068
"36069",9.8,8.47484737405943
"36071",7.4,6.69636325787025
"36073",9.3,7.92246211845577
"36075",8.6,7.68542362529097
"36077",9,8.57498072879106
"36079",9,7.66933782936497
"36081",6,6.71559207373396
"36083",8.6,7.58047854496093
"36085",7.6,7.1380160538202
"36087",7.6,6.78230403942051
"36089",8.7,7.75389310338251
"36091",9.4,7.95990176907268
"36093",8.3,7.38729189325479
"36095",9.6,9.05365584293269
"36097",10.1,8.77109308154892
"36099",9.5,8.1161449948532
"36101",9.8,8.27484756607846
"36103",8.4,7.36037828081812
"36105",8.5,7.83962087956084
"36107",9.9,8.59565718434043
"36109",7,7.05601278602903
"36111",9.1,8.06595354530909
"36113",10.1,8.79743154326436
"36115",9.7,8.35381030371709
"36117",9.8,8.23362345315677
"36119",7.6,7.18106348670346
"36121",9.2,8.03490157633991
"36123",9.7,8.47233992895648
"37001",7.6,7.28896860527316
"37003",9.5,8.30755330351236
"37005",11,9.87718566015757
"37007",7.3,7.69025334856843
"37009",11.1,9.6458994458457
"37011",10,8.55146321283113
"37013",9.7,8.92830364951879
"37015",7.7,8.34399001930875
"37017",8.7,8.52126327334816
"37019",11.7,10.6104122473474
"37021",9.4,8.03436340441974
"37023",9.7,8.14315098447977
"37025",7.2,6.55614718125164
"37027",9.7,8.18215586122916
"37029",8.3,7.68215037154402
"37031",10.8,9.18073737339463
"37033",8.4,8.44406197746308
"37035",9,7.58303764606392
"37037",10.3,9.04645378691907
"37039",11.9,10.3251065846109
"37041",9.6,9.08685002828222
"37043",12.4,10.7124021170512
"37045",8.4,7.76457259415647
"37047",8.2,7.91384535225643
"37049",8.6,7.76534815322572
"37051",5.8,5.9913260010301
"37053",8.9,7.75836457343017
"37055",10.6,8.5480865007565
"37057",9.1,7.78778888835553
"37059",9.8,8.55591795412507
"37061",8.2,7.80984790683386
"37063",6.3,6.24301747917119
"37065",7.5,7.7022171574289
"37067",7.8,6.94951015800379
"37069",7.9,7.60333705883735
"37071",8.1,7.20402271365118
"37073",8.7,8.57342400734784
"37075",10.2,9.05130286053948
"37077",7.7,7.21188516984169
"37079",7,6.73344010242149
"37081",7.1,6.74473355398171
"37083",7.8,7.85395564097145
"37085",6.9,6.62897338850582
"37087",10.6,9.19327817405624
"37089",11,9.19209628382468
"37091",6.9,7.71261127372552
"37093",5.7,5.91956705469825
"37095",8.4,8.3554928198191
"37097",8.3,7.29198706470801
"37099",8.8,8.02170863784474
"37101",7.3,6.793497635757
"37103",8.9,8.70957966462712
"37105",7.8,7.23707415524416
"37107",8.1,7.93054515337961
"37109",9,7.95223958847114
"37111",9.3,8.27376011016675
"37113",11.5,9.89073100838309
"37115",9.8,8.94092600754752
"37117",8.7,8.95044601874317
"37119",6.1,5.84909486496058
"37121",10.7,9.34128859137642
"37123",9.1,8.29453870119718
"37125",10.1,8.88653800453521
"37127",7.7,7.600985275693
"37129",8.6,7.46028747622432
"37131",8.9,9.39249117302472
"37133",5.5,5.49822476582163
"37135",7.4,6.92430320668469
"37137",11.1,10.1809295332676
"37139",7.5,7.36727547166613
"37141",8.6,7.69896212395584
"37143",10.5,9.95330765717236
"37145",8.5,8.22995947180756
"37147",6.4,6.5166168584979
"37149",12.7,10.7765110651894
"37151",8.7,7.69136704258257
"37153",8,7.32884461122111
"37155",7,6.62192318559788
"37157",9.1,8.22137771153117
"37159",8.2,7.44008940198169
"37161",9.5,8.42020033468024
"37163",7.7,7.44193384510474
"37165",7.3,7.03743459005205
"37167",8.9,7.92178179415511
"37169",10,8.80605531915129
"37171",9.4,8.28488422227411
"37173",9,7.70775374526199
"37175",12,10.2232630494383
"37177",8.6,8.33377227122254
"37179",7.6,6.61731134223347
"37181",7.5,7.55215252415661
"37183",6.9,6.11296726777068
"37185",8.9,9.05277716349447
"37187",9.2,8.85635295947798
"37189",7.2,7.07700651626333
"37191",7.4,7.08179454354972
"37193",9.9,8.6315147651875
"37195",7.7,7.45414144214312
"37197",9.6,8.41913963175774
"37199",10.6,9.61124275710921
"38001",11.5,9.8723805299725
"38003",10.3,8.60383762049351
"38005",8.1,6.52145813329257
"38007",10.4,9.3383947061383
"38009",10.4,9.29198554270206
"38011",10.5,9.0951979484834
"38013",10.4,8.81376822587371
"38015",8.9,7.43877402933902
"38017",7.1,6.37537700498816
"38019",11.9,10.0384779811421
"38021",9.6,8.35052148646622
"38023",11.2,9.30999182763694
"38025",9.1,7.61835993052768
"38027",10.6,9.84107948537552
"38029",11.9,10.2039096638133
"38031",10.8,9.36536345461136
"38033",11.7,9.31262140987854
"38035",7,6.50253174992183
"38037",12.2,10.2619583305922
"38039",12.1,10.5478867482073
"38041",10.5,9.81768298353417
"38043",11.2,9.55321983689329
"38045",11.4,9.75394598427487
"38047",11.5,10.0307823095575
"38049",10.2,8.84684280998007
"38051",12.1,10.6128096617226
"38053",6.9,5.82121213068162
"38055",11.1,9.41087326176903
"38057",10.7,8.48586274056832
"38059",8.5,7.45898888637403
"38061",7.6,6.45146099706659
"38063",11.2,9.97710116462013
"38065",11,9.36348522190404
"38067",10.9,9.3446244224526
"38069",10.7,9.00558462343265
"38071",9.9,8.20523589577063
"38073",10,8.74726124578921
"38075",10.1,8.41706158384975
"38077",9.2,7.98586243644723
"38079",7.3,5.90126369846766
"38081",10.2,8.96024649133439
"38083",13.2,11.2500389141784
"38085",5.9,4.66342593713463
"38087",12.2,9.80881806791251
"38089",7.8,6.65153663680766
"38091",11.4,9.65566195202578
"38093",9.4,7.99987014502325
"38095",11.4,8.73561962656646
"38097",9.8,8.45913254441244
"38099",9.8,8.5751974400808
"38101",7.3,6.61264064621409
"38103",11.9,9.6777684216931
"38105",6.6,5.79250574009988
"39001",9.3,8.00490782981912
"39003",8.9,7.72626649347209
"39005",9.7,8.25826685793815
"39007",9.7,7.91389647057067
"39009",7.7,6.78207826427666
"39011",9.8,8.14143381992765
"39013",9.9,8.35641404241733
"39015",9.4,8.12925070634677
"39017",8,7.00749791648364
"39019",10.1,8.65848870337052
"39021",9.4,8.26653354556716
"39023",9.5,8.01396844741865
"39025",9.2,7.65429085326037
"39027",9.1,7.82056086464839
"39029",10.1,8.35495528393221
"39031",9.7,8.10591052990159
"39033",9.9,8.33564751931552
"39035",8.3,7.39016492504735
"39037",10.1,8.42042685494258
"39039",9.4,8.02071488953674
"39041",8.6,6.87212610216888
"39043",10.2,8.55710366564343
"39045",8.8,7.37987736192341
"39047",8.9,7.77377467410197
"39049",6.6,6.11368930496664
"39051",9.1,8.08976156372525
"39053",9.5,8.15172379714794
"39055",10.7,8.56839395295349
"39057",9,7.49275800858068
"39059",9.6,8.17176903655972
"39061",7.7,6.8970996572064
"39063",9.1,7.77696471740239
"39065",8,7.30940348434929
"39067",10.3,8.84771152535854
"39069",9.2,8.2476351734474
"39071",9.5,8.08241410131096
"39073",9.5,8.13184967849685
"39075",7.9,6.84023405266117
"39077",9.3,7.93439386569529
"39079",8.9,7.8580109683945
"39081",10,8.49452848412878
"39083",9.7,7.94724914040918
"39085",9.8,8.20656532092286
"39087",9.5,7.97123974586214
"39089",9,7.57899780488602
"39091",9.3,8.10727660355413
"39093",9.2,7.71739228417324
"39095",8.4,7.0938463624797
"39097",8.5,7.15505262654957
"39099",9.5,8.15844711048787
"39101",8.9,7.52933337947761
"39103",9.3,8.00475079629971
"39105",9.9,8.36579453626655
"39107",9.6,8.1868015340051
"39109",9.7,8.0375359327414
"39111",10.4,9.13586877914465
"39113",8.6,7.41867931382596
"39115",10.3,8.72185197422182
"39117",9.5,8.12342203221687
"39119",9.2,7.8261596767231
"39121",12,9.34172403555225
"39123",11.3,9.47844714584763
"39125",9.7,8.36559612795258
"39127",9.2,7.84644534627956
"39129",8.5,7.32150087868073
"39131",9.7,7.91082912568567
"39133",8.9,7.59765779870654
"39135",9.7,8.40174033485953
"39137",9.6,8.18821600119345
"39139",9.4,7.92731418312245
"39141",8.8,7.55469540768715
"39143",9.2,8.08619862705657
"39145",9.4,7.75660982927709
"39147",9,7.93055918809927
"39149",9.1,7.7498701079584
"39151",9.5,7.99673774530934
"39153",9.4,7.56867550894281
"39155",9.5,8.38372588816956
"39157",9.5,8.15324961209022
"39159",8.2,7.02493839181798
"39161",9.7,8.31098827530512
"39163",9.5,8.12781303713423
"39165",8.6,7.027176731543
"39167",10.1,8.5294438208928
"39169",9.5,7.84270610743077
"39171",9.8,8.26958581595581
"39173",8.1,7.25604885938883
"39175",9.9,8.49778523667329
"40001",7.7,6.69161087520908
"40003",8.5,7.46824462692111
"40005",8.1,7.43199747931509
"40007",8.8,8.03241700036935
"40009",7.4,6.21148668924602
"40011",8.9,7.58303271272543
"40013",8,7.37375858000153
"40015",7.1,6.65791594315104
"40017",7.2,6.66639863636
"40019",7.9,7.36255876963273
"40021",7.6,6.99089413419152
"40023",8.6,7.88039102175083
"40025",10.4,8.98006441862191
"40027",6.8,6.58931535306983
"40029",8.8,7.88586349455001
"40031",6.2,6.15500256843947
"40033",9,7.73907643197725
"40035",8.4,7.45051130923007
"40037",8.4,7.68947670518111
"40039",7.1,6.6401963624764
"40041",9.9,8.86395426454137
"40043",8.9,8.01875938694685
"40045",9.7,9.1049808853033
"40047",7.9,7.06966653779643
"40049",8.2,7.66480141100512
"40051",8,7.46682048142662
"40053",9.3,8.76100300217697
"40055",7.6,7.13296069014942
"40057",8.7,7.9342471302228
"40059",8.8,8.09198573453805
"40061",9.1,7.91602649431305
"40063",7.8,7.22362129334489
"40065",7.1,6.78687785628957
"40067",8.9,8.21881045892501
"40069",8.4,7.67981245449441
"40071",8.8,7.58045899091567
"40073",8.1,7.49584372487759
"40075",8.7,8.05106515712367
"40077",8.9,7.99950236607835
"40079",8.1,7.40897150975899
"40081",8.7,8.04355723521239
"40083",8.2,7.31528646157448
"40085",8.2,7.85104500700307
"40087",7.9,7.39778563982171
"40089",7.9,7.31119435267618
"40091",10,8.81811404379461
"40093",9.5,8.6071811851964
"40095",9.2,8.07729414838258
"40097",8.4,7.63049481288924
"40099",9,7.77909590571493
"40101",7.8,7.07670370910139
"40103",9.5,8.35229323693013
"40105",8.9,7.82845087214187
"40107",7.9,7.06990043785362
"40109",6.7,6.36138348218204
"40111",8.1,7.45262333605165
"40113",8.7,8.02197736028609
"40115",8.3,7.35087137001694
"40117",8.9,7.93150650391293
"40119",6,6.10834724903578
"40121",8.9,7.70124060273508
"40123",7.9,7.23440808743926
"40125",7.8,7.29845664722623
"40127",9.4,8.51069945848683
"40129",9.6,8.42609381962463
"40131",8.3,7.37809456417483
"40133",8.3,7.34269695218496
"40135",8.3,7.47541436060283
"40137",9.1,8.01956959531413
"40139",6.2,5.70985336045973
"40141",8.3,7.89226804811345
"40143",7.4,6.54791571848661
"40145",8.3,7.33314293737458
"40147",8.6,7.71621153590159
"40149",8.8,7.92094038495005
"40151",7.8,7.16943892395471
"40153",8,6.99736970624906
"41001",11.1,9.41717752217689
"41003",7.7,7.01469191794173
"41005",9.5,7.78653934630664
"41007",10.5,8.82621822492094
"41009",9.3,8.115978301704
"41011",11.2,9.38378999352709
"41013",10.5,9.19214234635847
"41015",12.1,10.9440319592724
"41017",9.7,8.11459299202152
"41019",10.7,9.29448143575367
"41021",12.4,10.5104624618443
"41023",12.1,10.4632226824468
"41025",10.8,9.22444418783508
"41027",8.4,7.56700952976912
"41029",10.2,8.46848247075899
"41031",8.9,7.85739734937309
"41033",11.1,9.40458593608919
"41035",9.6,8.19903557103845
"41037",10.4,8.9088767609181
"41039",9.1,7.87243028964225
"41041",11.5,10.0644076659339
"41043",9.1,7.89242302851135
"41045",7.8,7.02395277717825
"41047",7.8,7.04237272437106
"41049",8,7.18419155745304
"41051",7,6.50372678109967
"41053",8.4,7.70647727201874
"41055",11.1,9.18667751467907
"41057",11.2,9.60226669686908
"41059",7.9,7.12745369822959
"41061",9.6,8.25635117472179
"41063",11.9,10.2169786923399
"41065",9.3,8.0934823437092
"41067",7.2,6.58526678098234
"41069",13.1,11.5916171802006
"41071",8.5,7.54429425557113
"42001",9.6,8.52535981626908
"42003",9,7.74707550685357
"42005",10.4,9.03313280301969
"42007",10.1,8.56851010487746
"42009",10.4,9.0995890877468
"42011",8.5,7.47126439379864
"42013",9.6,8.30715270464559
"42015",10.3,8.70343258033696
"42017",9.5,7.90980253463509
"42019",10,8.20134681674836
"42021",10.2,8.74767279494274
"42023",11.6,9.83984328824201
"42025",9.8,8.57412272481885
"42027",7.2,6.73081580345833
"42029",8.9,7.31477066765443
"42031",9.2,8.40810257516681
"42033",9.7,8.33373065160114
"42035",9,8.03785479722358
"42037",9.2,8.22703206803438
"42039",10.2,8.63803697744509
"42041",8.8,7.78169131715661
"42043",8.1,7.34262433348343
"42045",8.3,7.14577520260302
"42047",10.3,8.94244305717676
"42049",9,7.69218551235699
"42051",9.9,8.53043723675799
"42053",8.7,7.92372492029428
"42055",9.5,8.15981644478293
"42057",10.1,8.90161960988798
"42059",9.5,8.17756100000269
"42061",9.5,8.43593256639234
"42063",9.2,8.20324735702041
"42065",10,8.54939731074086
"42067",9.8,8.52479395099408
"42069",9.3,8.00875638424728
"42071",9.3,7.76000029000494
"42073",10.2,8.74593752300347
"42075",9.4,7.99957119943295
"42077",8.1,7.19557594746088
"42079",9.2,7.87904141525299
"42081",9.5,8.17773459812651
"42083",9.7,8.25740305194627
"42085",10.3,8.63971866498716
"42087",10.1,8.44948960480879
"42089",8.4,7.64995453788839
"42091",8.7,7.52450803306693
"42093",9.9,8.50462010884279
"42095",8.9,7.88649223583511
"42097",9.7,8.46951010993579
"42099",9.7,8.36648437380271
"42101",5.7,6.18167835998013
"42103",10.3,8.81955981577896
"42105",11,9.52125330817565
"42107",9.4,8.22672946400665
"42109",9.4,8.3431677329551
"42111",10.2,8.90375995454076
"42113",11.6,10.2214268425576
"42115",11.2,9.27389673328969
"42117",10.3,9.00215952122311
"42119",8.5,7.6846908815057
"42121",10.6,9.02982898834765
"42123",10.7,9.05511931913842
"42125",10,8.42085007591875
"42127",10.5,9.17781464740309
"42129",10.7,8.84467425134814
"42131",9.8,8.86224053470067
"42133",9.3,7.7839493848338
"44001",10.1,8.02926923034958
"44003",9.6,8.01614610112252
"44005",11,8.68630808916166
"44007",7.6,6.91688379802932
"44009",10.6,8.54588146225407
"45001",9,8.56258401190628
"45003",9,7.92597582670021
"45005",6.8,7.24128287998218
"45007",8.7,7.63360263089023
"45009",7.7,8.07591432896976
"45011",8,7.54095746411072
"45013",11.2,9.23204222204402
"45015",7.5,6.7332465418436
"45017",9.2,8.80778390062824
"45019",8.2,7.14651404861285
"45021",8.4,7.44233013352497
"45023",8.3,7.70845088099524
"45025",8.2,7.7572791973248
"45027",8.7,8.73198924064572
"45029",8.3,7.95303740845956
"45031",8,7.76099865237169
"45033",7.3,7.02962650942678
"45035",7.4,6.75343879538581
"45037",8,7.53516092897048
"45039",8.4,8.38173975205056
"45041",7.6,7.31532985216629
"45043",11.1,9.64486687223271
"45045",8.6,7.04164301226349
"45047",8.6,7.76692491511355
"45049",7.3,7.22886814835438
"45051",10.7,8.92589899244524
"45053",8.7,7.9724019966487
"45055",8.6,7.80004989272027
"45057",9.3,8.30091134181814
"45059",8.7,7.6856918286958
"45061",7.2,7.39651855478579
"45063",8.4,7.23911212605468
"45065",12,11.0235123003755
"45067",7.5,7.71408238641677
"45069",7.2,6.95238656689551
"45071",8.5,8.02617398688582
"45073",10.6,8.82801520287532
"45075",7.7,7.75932435023281
"45077",8.1,7.34705807763685
"45079",6.3,6.16891167053043
"45081",8.9,7.74477753266073
"45083",8.1,7.13535477502394
"45085",7.4,7.08264880201026
"45087",8.7,8.13500696797062
"45089",7.3,7.99185215240455
"45091",8,6.92061242521618
"46003",9.3,8.42859793735487
"46005",8.4,7.81528987463973
"46007",7.7,6.16566041296635
"46009",9,8.16074007384601
"46011",6.2,6.56685702688014
"46013",8.6,7.61035463662165
"46015",9.4,8.10483833432087
"46017",5.5,4.30261039200796
"46019",9.3,8.13535475119053
"46021",11.8,9.97561441424718
"46023",9.2,7.48510952106838
"46025",10.4,9.18921459335471
"46027",5.8,6.20721119571168
"46029",8.6,7.76700569223264
"46031",6.9,5.48014068776391
"46033",11.5,10.6732763849006
"46035",9.1,8.00225043174665
"46037",10.9,9.48095038802158
"46039",9.8,8.95952240153072
"46041",6.1,5.02676429808588
"46043",10.6,8.95438425235025
"46045",10.3,8.79474575895199
"46047",11.3,10.0200246254699
"46049",10.6,9.7147894019309
"46051",10.8,8.76799982192691
"46053",10.6,9.38535856066086
"46055",10.9,10.0600806970039
"46057",7.9,7.38279485580918
"46059",10.9,9.61945874619748
"46061",8.6,7.82715721789843
"46063",9.6,8.26119817335282
"46065",8.9,7.43301346053848
"46067",10.2,8.97963771483838
"46069",10.3,9.35034522920678
"46071",7.4,6.37775839155072
"46073",11.3,10.7324957516772
"46075",11.4,8.97979882324635
"46077",10.1,9.03937028631628
"46079",10.1,8.7683683337778
"46081",9.6,8.69276385257166
"46083",7.9,6.96059436415972
"46085",8.5,6.94540257862297
"46087",9.1,8.06888899498599
"46089",12.1,10.7248991507666
"46091",10.1,9.03259223983135
"46093",8.2,7.21748881315862
"46095",7.8,6.15613082615257
"46097",10.2,9.38017080960554
"46099",7.4,6.60773669270007
"46101",9.1,8.22368719555573
"46103",8.7,7.57527672231797
"46105",11.4,9.62980230868048
"46107",11.1,9.95616120322393
"46109",9.1,7.74769800966385
"46111",9.7,8.71552782315423
"46115",10.5,9.07016541989972
"46117",9.6,8.32462921236313
"46119",10.7,9.13525505166031
"46121",5,4.25297772565243
"46123",10.1,8.39467844513591
"46125",10,8.92334036939968
"46127",9,7.9477338557622
"46129",10,8.46240121424971
"46135",9.5,8.02793336382646
"46137",6.1,4.90990291140033
"47001",9.6,8.06480735060651
"47003",8.1,7.02921690599759
"47005",10.7,9.02757594348031
"47007",9.5,7.44323039810969
"47009",10,8.28627875407361
"47011",9.1,7.48913134450982
"47013",10,8.28943720914566
"47015",9.4,7.79044010241018
"47017",9.3,8.28000932965815
"47019",10.4,8.42185335868636
"47021",8.8,7.51979410561029
"47023",8.2,7.75309640207069
"47025",9.6,8.20551604332703
"47027",10.6,9.29779746681968
"47029",9.9,8.53260989200366
"47031",9.1,7.56586885578044
"47033",8.8,7.92589882163504
"47035",12,10.5553688585203
"47037",6.4,6.10615079157125
"47039",10.2,9.07126615281293
"47041",9.2,7.86499007183779
"47043",8.7,7.64405261610731
"47045",8.6,7.61126295710196
"47047",9.6,8.58468481500957
"47049",10.4,8.89333853127324
"47051",9.5,8.31424636917146
"47053",8.6,7.63082470686152
"47055",9.4,8.5051740018982
"47057",9.8,8.5185148903974
"47059",10,8.60980825036129
"47061",9.7,8.4587812438078
"47063",9.2,7.49999267031575
"47065",8.6,7.41947940164466
"47067",10.2,8.63255274881843
"47069",7.7,7.43013412811794
"47071",10.6,8.80808248242214
"47073",10.4,8.5117920460069
"47075",7.7,7.69615620125173
"47077",9.2,7.94746019740649
"47079",10.5,8.85566945099862
"47081",8.8,7.8512796700519
"47083",9.8,8.52725937062689
"47085",9.6,8.41153356451495
"47087",10.2,8.81715936087089
"47089",9.8,8.35013743585155
"47091",10.5,8.49644139946933
"47093",8.2,7.10170514160033
"47095",7.3,6.21798279460214
"47097",7.5,7.04426640624255
"47099",9.1,7.80087312810831
"47101",9.7,8.3032072145365
"47103",9.7,8.20125399446076
"47105",11.4,9.46816535504993
"47107",9.8,8.21129016534954
"47109",9.6,8.52336982066456
"47111",8.6,7.54889792368402
"47113",8.1,7.17545285096041
"47115",10.2,8.33407478736341
"47117",8.4,7.58282366140681
"47119",8.6,7.50404949873643
"47121",10.2,8.66770254135845
"47123",10,8.54815907916825
"47125",5.9,5.74241574505831
"47127",10.4,8.82151802809869
"47129",9.1,7.71428707356243
"47131",9.6,8.27671902548869
"47133",9.8,8.42001122863663
"47135",9.8,8.70727119559179
"47137",11.5,9.83098850537364
"47139",10,8.56683174826669
"47141",8.5,7.26767228478175
"47143",9.1,7.9655737787824
"47145",10.4,8.85539775573552
"47147",8.7,7.22217435454521
"47149",6.6,6.07311353652378
"47151",9.1,7.57386821969186
"47153",9.8,8.14494669673495
"47155",10.1,8.16563674181273
"47157",6.5,6.22887111220724
"47159",9.1,7.6130627163268
"47161",9.6,8.63034062192278
"47163",10.5,8.40448257558208
"47165",8.8,7.34852357647269
"47167",8.2,7.2045223198358
"47169",6.6,6.42766591943382
"47171",10.4,8.74169907167563
"47173",9.5,8.17501132806778
"47175",10.7,9.08466282748306
"47177",8.9,7.66247746908453
"47179",8.8,7.610704559042
"47181",9.1,7.77166180796722
"47183",8.7,7.80472831595035
"47185",9.7,8.39906388956459
"47187",8.8,6.80830680960133
"47189",8.6,7.30410628032705
"48001",7.1,6.2176323032357
"48003",5.7,5.50341653592743
"48005",7.9,7.07337129158967
"48007",10.7,9.17954876061861
"48009",10,8.31236215392135
"48011",9.9,10.5097894533641
"48013",6.3,6.81757919234683
"48015",9.1,8.00986303882193
"48017",6.8,6.24988328095167
"48019",11.1,9.75127417956021
"48021",7.6,6.89301370477975
"48023",10.1,9.06306707880856
"48025",5.5,5.5734134943665
"48027",6,5.82930070811105
"48029",5.5,5.93421889101167
"48031",10.8,9.0627418493684
"48033",10.5,8.72305716871563
"48035",10.4,9.11688332902393
"48037",7.9,7.07724533359599
"48039",6.5,6.17637548878221
"48041",5.1,5.28590249232212
"48043",9.3,8.53536651842772
"48045",9.8,9.59401310399583
"48047",5.5,7.18825365408104
"48049",9.1,7.91394081992703
"48051",9,8.49166508752992
"48053",9.8,8.66413494056178
"48055",6.6,6.69527342009986
"48057",7.9,7.6701181875313
"48059",9.6,8.32153789636017
"48061",5.3,5.93780268828571
"48063",8.3,7.37690566106056
"48065",9.5,8.70172302019973
"48067",9.5,8.53346268359843
"48069",7,6.93710008418113
"48071",6.7,6.25648895512195
"48073",8.1,7.30821984011818
"48075",6.8,5.67346870612211
"48077",10.6,8.68473315138128
"48079",6.7,7.10591546941035
"48081",10.3,9.68020145248156
"48083",10.5,8.75802314696636
"48085",6.5,5.88084431939395
"48087",8.5,7.79353890840457
"48089",9.1,8.50848283182553
"48091",8.6,7.70854819416797
"48093",9.7,8.65344187585001
"48095",9.3,8.87182306354214
"48097",9,7.82788720576778
"48099",5.7,5.96876026390519
"48101",9.6,8.36102963305909
"48103",5.8,6.39546958101451
"48105",7.2,8.03216550451121
"48107",7.5,7.59429985325814
"48109",7.2,7.51546687977211
"48111",6.4,5.49235125881999
"48113",5.5,5.5081859834662
"48115",6.1,5.83185872869721
"48117",5.8,6.10922127622877
"48119",9.6,8.71909342725395
"48121",6.4,5.88960702146868
"48123",8.5,7.51257926545084
"48125",10.6,9.20639952876905
"48127",5.7,6.39584842393625
"48129",9.6,9.03351379933637
"48131",5.7,6.96272845778299
"48133",9.5,8.26679642011993
"48135",5.1,5.31991950583132
"48137",9.8,7.97206164226626
"48139",7.2,6.4709587407949
"48141",5.2,5.72746958965441
"48143",7.1,6.76168290346119
"48145",8,7.73906840710653
"48147",8.5,7.57629583336899
"48149",10.8,9.38564550740773
"48151",9.4,8.76594335728836
"48153",7.5,7.43584349835169
"48155",10.4,10.6252910092165
"48157",5.7,5.85819389804483
"48159",10,8.36956327402073
"48161",8.9,7.94140313442618
"48163",4.9,5.58382610144381
"48165",5.8,5.67616060444985
"48167",7.5,6.64915847132679
"48169",5,6.47161882243813
"48171",11.5,9.74033503926482
"48173",7.3,5.86575490573214
"48175",9.3,9.16485767901116
"48177",7.5,7.29821823592908
"48179",7.8,6.69027498448254
"48181",8.8,7.58272952505667
"48183",7.6,6.74372607145195
"48185",8.3,7.3357076978491
"48187",7,6.70937185112388
"48189",6.3,6.23331351569842
"48191",9.3,8.52901382056411
"48193",10.8,9.1217920601586
"48195",7.6,6.51504531748857
"48197",9.3,8.2175753893131
"48199",9,7.53710180804415
"48201",5.4,5.43261339986726
"48203",8.1,7.28552593822458
"48205",8.1,6.81985871552469
"48207",8.9,8.28551739046555
"48209",6.1,6.05298524616998
"48211",8.7,7.27788173789677
"48213",9.8,8.41295151638027
"48215",4.7,5.21646003996839
"48217",9.2,8.16111199532127
"48219",7,6.75306798000837
"48221",11.2,9.04580961885954
"48223",8.9,7.6496864173501
"48225",9.1,8.05599550586064
"48227",6.3,5.939604546232
"48229",3.9,5.10007081374942
"48231",8,7.22011929057283
"48233",8.5,7.2693438530633
"48235",9.5,8.20793043935569
"48237",8.1,7.16307474506415
"48239",8.5,7.96004156821521
"48241",9.4,7.98998647725977
"48243",12.5,11.7827232163841
"48245",6.5,6.19420313942345
"48247",5.9,4.77792339786785
"48249",6.2,6.87503115645968
"48251",7.2,6.75517883320551
"48253",6.7,6.41022651592132
"48255",5.9,6.04434675844602
"48257",6.2,6.25682701561915
"48259",9.5,8.02125607974248
"48261",6.7,10.9325295924871
"48263",11,11.8362790163121
"48265",10.6,9.38136844134706
"48267",11,9.38663229263825
"48269",9.4,6.53600096064279
"48271",8.1,7.94965668900497
"48273",5,5.84543244242724
"48275",8.7,8.05863623437903
"48277",9,7.7315300594575
"48279",7.3,7.20434598099139
"48281",9.2,8.24670886594286
"48283",4.7,6.22341569916022
"48285",10.2,9.02558066179184
"48287",8.9,8.23858961293144
"48289",10,8.93274104129328
"48291",6.7,6.34432556985381
"48293",8.7,7.69782865902349
"48295",9.2,7.68276404911286
"48297",8.1,8.14045950490665
"48299",13.4,11.390252943976
"48301",6.1,11.7414654558774
"48303",6.2,6.15317298681915
"48305",7.3,6.85511718451669
"48307",9.3,8.21030943114776
"48309",6.9,6.64789427099134
"48311",8.8,8.26803688840148
"48313",6.7,6.75086403896202
"48315",10.3,9.65012719043792
"48317",6.3,6.1255605835937
"48319",11.5,10.5880705190919
"48321",7.6,6.9606691000024
"48323",4.5,5.50369783521318
"48325",7.3,7.34274632549785
"48327",11.3,10.8108782318405
"48329",5.8,5.6961531556388
"48331",9,8.10831748909918
"48333",11.3,9.88847205298094
"48335",6.3,6.16439535613172
"48337",10,8.522522771277
"48339",7.5,6.50478375782382
"48341",5.8,5.7878920220422
"48343",9.1,8.53867665691883
"48345",11.3,10.3281347347455
"48347",7.2,6.8111780667894
"48349",7.8,7.08350907332552
"48351",9.3,8.31910527734997
"48353",8,7.5903921837264
"48355",6.3,6.47374515388388
"48357",6.8,5.7773571175405
"48359",8.4,6.27027298592172
"48361",8.3,7.11135026812281
"48363",9.3,7.90890141730851
"48365",9,8.02541553655423
"48367",8.8,7.29444208505999
"48369",6.7,6.84839392333177
"48371",5.5,6.04459996727674
"48373",8.9,7.61134124216581
"48375",6.6,6.03431449887328
"48377",7.1,7.40940698038011
"48379",10.5,9.09307055685122
"48381",7.9,7.01298864593244
"48383",5.4,5.34248125941197
"48385",10.8,10.9298137524119
"48387",9.8,9.12943820178824
"48389",4.8,5.34654766112043
"48391",8.2,8.53239474432207
"48393",10,6.97639734815295
"48395",8.8,8.08641355371372
"48397",7.3,6.44070282524801
"48399",8.8,8.031361007579
"48401",8,7.15328250159567
"48403",11.9,10.1972253202091
"48405",10.4,9.48158743839723
"48407",9.5,8.42422010385796
"48409",6.9,6.66089574603989
"48411",8.9,8.14707166484967
"48413",8.6,9.10728968566428
"48415",7.2,6.60467913261419
"48417",9.8,8.23427172458848
"48419",8.2,7.35115768040095
"48421",7.9,7.65816198890689
"48423",7.8,7.22735055309667
"48425",9.4,8.13520915058778
"48427",4.6,5.34625288137842
"48429",8.5,7.5161745520927
"48431",7.2,6.80774245819751
"48433",10.6,8.41880762129597
"48435",7.5,6.19716256736325
"48437",7.3,6.59665917792477
"48439",6.3,5.86033806235526
"48441",7.1,6.63986745864548
"48443",10.1,10.6816709146654
"48445",6.7,6.16928732555689
"48447",11.1,8.96500089065814
"48449",7.1,6.61028241954128
"48451",7.2,6.95082511169976
"48453",5.7,5.53284465291378
"48455",10.6,9.37171093066355
"48457",9.5,8.23764355141447
"48459",8.8,7.83067719910112
"48461",6.8,7.26012945805409
"48463",6.5,6.82813373252902
"48465",5.2,6.24442823124307
"48467",9.5,8.22900984425756
"48469",7.3,7.00758893498953
"48471",6.4,5.92626246308052
"48473",5.5,6.08890121600627
"48475",6.3,6.62023771294319
"48477",9.2,8.29405788669877
"48479",4.5,5.10407282416748
"48481",7.7,7.27429877074115
"48483",9.3,7.97333746967273
"48485",7.3,6.55626060077789
"48487",8.1,7.31746484766737
"48489",4.9,6.04045811988675
"48491",6.8,6.31919606589898
"48493",7.7,7.46995756321105
"48495",6,6.35342720046471
"48497",8.1,7.25732329732461
"48499",11,9.47303645726633
"48501",5.9,6.01067666023018
"48503",9.2,8.01453680715527
"48505",5,5.71862820850117
"48507",5.1,6.54711169652797
"49001",8.3,6.88103634901821
"49003",7.9,6.66257298472813
"49005",6.3,5.86571702166073
"49007",9.2,7.74382021671298
"49009",11.5,7.9456996876239
"49011",7.5,6.08571296098532
"49013",8.2,6.68988480416403
"49015",9.3,7.9423717930396
"49017",10.8,8.72865483082708
"49019",9.3,7.68921998945958
"49021",7.5,6.51148028851171
"49023",7.6,6.68386741016148
"49025",10.7,8.90133962419019
"49027",9.2,7.64809438790154
"49029",8.3,6.84107699288246
"49031",11.6,10.111570487429
"49033",10.2,8.10787386210136
"49035",6.8,6.02937030475973
"49037",8.1,6.75865847101938
"49039",8,6.69520533105453
"49041",9.1,7.53250215487745
"49043",8.8,6.75678895140006
"49045",6.6,5.98668371154438
"49047",7.3,6.34479370201101
"49049",5.9,5.42751305848251
"49051",8.5,6.56934605900431
"49053",10.3,8.27157719061083
"49055",10.7,8.96423985543987
"49057",7.5,6.3618780106435
"50001",10.1,8.67108514855637
"50003",11.2,8.97074349812474
"50005",10.1,8.78389103331063
"50007",7.8,7.17746022495852
"50009",11.5,9.79707004614846
"50011",9.1,7.79108137886853
"50013",10.3,8.8018949762337
"50015",9.4,8.05443934369746
"50017",10.3,8.95241128437489
"50019",10.1,9.115351862934
"50021",10.4,8.94931962669109
"50023",10.1,8.33360803686027
"50025",10.6,9.06234280652715
"50027",10.9,9.23989794504067
"51001",10.5,9.14617343742697
"51003",9.6,8.01393436670958
"51005",11.3,9.26062141330925
"51007",9.4,8.50781492161502
"51009",9.7,8.54403417042005
"51011",9.6,8.53295177845641
"51013",6.3,5.79628512850236
"51015",10.5,8.65925084909349
"51017",12.1,10.1052349602272
"51019",11,8.81543293214208
"51021",10.7,8.96397390354906
"51023",11,9.04621418105786
"51025",8,8.0530068784833
"51027",10.9,8.81933787905732
"51029",8.4,7.84695232956445
"51031",9.9,8.42894984009215
"51033",8,7.5145541894289
"51035",11.4,9.48622334234352
"51036",9.4,9.26276863505048
"51037",9.6,8.57372140266502
"51041",8.2,6.92619446647367
"51043",10.8,8.71085218089058
"51045",11,8.54118587340894
"51047",8.8,7.42811718233705
"51049",9.7,8.84129349302085
"51051",11.1,9.04208900030035
"51053",8.5,7.89146830922786
"51057",9.5,8.8367725396469
"51059",7.6,6.36283851103695
"51061",9.5,7.5771259915422
"51063",11.3,9.43184246656134
"51065",9.7,8.46684510971228
"51067",10.9,9.17557296669104
"51069",9.8,7.81698151324241
"51071",10.6,8.79245229987979
"51073",10,8.30785123545457
"51075",10.8,9.05889239548944
"51077",11.1,9.24952304471905
"51079",9.6,7.97495066370421
"51081",6.4,6.55232067858136
"51083",9.8,9.1365981516543
"51085",9.7,7.91058976978022
"51087",7.7,6.97731261219838
"51089",10.1,9.01950973601724
"51091",14.2,11.9627357757402
"51093",9.4,7.98233419121066
"51095",11.1,9.10793486603646
"51097",9.7,8.4619955250481
"51099",8.1,7.01880297755573
"51101",8.6,7.74724623411327
"51103",13.3,11.9768828934961
"51105",10.6,8.48403568588611
"51107",6.8,5.73752479123897
"51109",10,8.4381093094028
"51111",9.1,8.52995169131113
"51113",10.7,9.26074610958246
"51115",12.6,10.6559713781413
"51117",10.2,9.22033758825311
"51119",13.2,11.0326446014651
"51121",7,6.20673853818823
"51125",11.6,9.92836086054293
"51127",9.2,8.05767516205769
"51131",11,9.6508377695163
"51133",12.9,11.6238835294184
"51135",7.8,7.22249053615128
"51137",9.8,8.12220695521235
"51139",10.6,8.65659355583461
"51141",11.7,9.86900863355487
"51143",10.2,8.94024265303767
"51145",9.9,8.33910165047374
"51147",6.7,7.09482750095299
"51149",6.2,6.36128017264592
"51153",6.4,5.69947369189607
"51155",10.6,8.67107088112533
"51157",12.1,9.63377990721066
"51159",8.5,8.05350615750556
"51161",10.2,8.46762060422168
"51163",11.9,9.77920354320383
"51165",9.9,8.21678154930919
"51167",10.4,8.92023182059927
"51169",11.3,9.27873456435337
"51171",10.4,8.70918077789866
"51173",10.4,8.77872800894821
"51175",9.4,8.38683063372522
"51177",8.1,6.93765430865218
"51179",7,6.02727235753689
"51181",9.6,8.94001687402647
"51183",7.1,7.33786200931526
"51185",10.7,8.75045625992207
"51187",9.2,7.4311486863838
"51191",11,9.12127388342188
"51193",10.4,9.27589924813497
"51195",9.5,7.82505185768336
"51197",11,8.66080440336113
"51199",8.8,7.28025007483933
"51510",6.9,5.99607596384753
"51520",10.5,8.4451752218807
"51530",8.8,7.50009470838908
"51540",6.5,5.92967163684928
"51550",7.5,6.56945318455217
"51570",9.2,7.79191379833863
"51580",9.5,7.77685531867435
"51590",8.2,7.71208085042238
"51595",7.5,7.27088660307732
"51600",7.4,6.44405712723601
"51610",8.5,6.51759060545374
"51620",8.2,7.38000657121319
"51630",6.1,5.89475421859433
"51640",9.1,7.66315569141551
"51650",6.9,6.75137591911738
"51660",5.4,5.40414262062908
"51670",7.4,6.60894293660725
"51678",6.1,6.09950077042911
"51680",6.6,6.59834267777778
"51683",6.3,5.62865484712842
"51685",5.4,5.46422444350959
"51690",7.9,6.97813666518311
"51700",6.6,6.23246325646919
"51710",5.9,5.80359152604903
"51720",9.2,8.0857147267294
"51730",6.1,6.71641489571315
"51735",10.1,8.04907904077199
"51740",6.6,6.5512561549101
"51750",5.2,5.544618004073
"51760",6.1,6.1509705008358
"51770",8.2,7.13459557711119
"51775",9.4,7.86783840474729
"51790",9.4,8.2480778189454
"51800",7.4,6.78615007757681
"51810",7.8,6.76373861300463
"51820",9.2,7.20902806829641
"51830",6.9,7.10807717090756
"51840",8.4,6.86931139481482
"53001",6.5,5.80794100067042
"53003",11.2,8.65085631230261
"53005",8.7,6.91286789746252
"53007",9.5,7.80935535244431
"53009",12.6,10.1013840817016
"53011",8.8,7.19598209859796
"53013",11.8,9.81159058866982
"53015",9.9,7.9574215337572
"53017",8.8,7.34842363419956
"53019",12,10.0623745497127
"53021",6,5.54171432395708
"53023",11.4,9.99414386456628
"53025",8,6.63742716450851
"53027",10.1,8.41006786937074
"53029",11.3,9.19412094027175
"53031",14.5,11.7190908086717
"53033",7,6.31104317481713
"53035",9.5,7.61781424861921
"53037",8.6,7.35700357915488
"53039",10.6,8.92760254086658
"53041",10.2,8.40971583286152
"53043",11.4,9.54532948323381
"53045",10.9,8.73157176201915
"53047",10,8.34461957408339
"53049",12.5,10.6215290130717
"53051",11.6,9.56003732272932
"53053",8.2,6.69921060121118
"53055",13.5,11.1449749613516
"53057",10.3,8.2534389565041
"53059",10.8,8.90089803302598
"53061",7.8,6.67786815164771
"53063",9.2,7.31476721014279
"53065",11.3,9.15659292868513
"53067",8.8,7.57155295986538
"53069",12.9,10.9432068762184
"53071",9.3,7.71743997502392
"53073",8.6,7.54997395076795
"53075",5.8,5.92415908244741
"53077",7.1,6.48516080543392
"54001",9.8,8.5248555679047
"54003",8.3,7.12983571940592
"54005",10.2,8.64648886757159
"54007",10.6,9.10729546289972
"54009",10.9,9.06977159473936
"54011",9.1,7.77376376986834
"54013",11.2,9.23802726567497
"54015",10.8,8.63789225094821
"54017",9.8,8.2917181587201
"54019",10.1,8.45989680498791
"54021",8.1,7.15129613299921
"54023",10.7,9.26998611201398
"54025",10.9,8.97049996008375
"54027",10.6,8.93628134699078
"54029",10.5,8.95195028167297
"54031",10.7,8.81677552986425
"54033",10.3,8.11628162859688
"54035",10.4,8.40396794787822
"54037",9.2,7.54712335264299
"54039",10,8.28083494175318
"54041",10.3,8.46032974085579
"54043",10.1,8.58532963358173
"54045",10.3,8.51982662452938
"54047",10.2,8.61340336440845
"54049",9.4,8.05214307998707
"54051",11.1,8.71096415157079
"54053",10.5,8.6838354934911
"54055",10.6,8.58527705433749
"54057",10.3,8.7533409403961
"54059",9.9,8.40345942802231
"54061",6.8,6.28553790100531
"54063",11.3,9.32156351181789
"54065",11,9.31760242634835
"54067",10.8,8.94592682971498
"54069",10.5,8.51440849457104
"54071",12.2,9.96819647593856
"54073",9.4,7.75493317476489
"54075",11.1,9.55787662782809
"54077",9.6,8.26154992177029
"54079",10.5,8.0160381247577
"54081",9.8,8.23078367463293
"54083",10.3,8.54934775347693
"54085",10.3,8.94855764695783
"54087",11,8.79304696994173
"54089",11.3,9.61659013578489
"54091",10,8.37568422649353
"54093",11.9,9.9443560535455
"54095",11.2,9.23439263749009
"54097",10,8.42479294827823
"54099",10.6,8.60887277936004
"54101",11.1,9.31229976187423
"54103",10.9,8.82540065026465
"54105",10.5,8.77078248614286
"54107",10.6,8.33054105623814
"54109",10.3,8.81478550074625
"55001",11.3,10.29741785969
"55003",9.4,8.10197117152897
"55005",10.2,8.81989397033239
"55007",12.1,10.1310561669905
"55009",8.4,7.11556561562534
"55011",10.3,9.18743955149667
"55013",12.1,10.3716626407026
"55015",8.9,7.39372567302488
"55017",9.2,7.89693890313942
"55019",9.2,7.61329307087642
"55021",9.2,8.08249587256719
"55023",10.4,9.00858088254813
"55025",7.2,6.71327733728868
"55027",8.9,7.88341162328821
"55029",12,10.4598174553056
"55031",9.4,8.03850701607149
"55033",8,7.51204756576692
"55035",8,7.29283499383756
"55037",11.4,9.86355803987984
"55039",9.2,8.09127740166114
"55041",10.4,9.22714513116935
"55043",8.4,7.72095875353691
"55045",9.9,8.32099811873317
"55047",10.1,8.84270940302674
"55049",9.8,8.3730327179473
"55051",12.2,10.5522405610197
"55053",9.2,7.99362604606146
"55055",8.9,7.74956306827044
"55057",9.9,8.34433594594303
"55059",7.8,6.90339991126436
"55061",10,8.72417698923967
"55063",8.3,7.47355245934532
"55065",9.7,8.39934171924687
"55067",10.7,9.19003399422363
"55069",10.6,8.86886710129797
"55071",10.2,8.45649679347199
"55073",9.3,7.86804075614605
"55075",10.2,9.23705539719659
"55077",10.6,9.58860655907582
"55078",7.5,6.22390542671771
"55079",6.6,6.38064170572224
"55081",9.3,7.65869746806944
"55083",9.7,8.87395129512783
"55085",11.7,9.7352413336022
"55087",8.5,7.30257026393155
"55089",10,8.26912509276189
"55091",10.6,9.12611001660402
"55093",8.1,7.49302470125403
"55095",10.2,8.77598803144
"55097",8.3,7.60441370297549
"55099",11.5,9.86237221727835
"55101",8.5,7.39482726492882
"55103",10.6,9.08456582253341
"55105",8.7,7.48897320567699
"55107",10.6,9.38904252933151
"55109",8.6,7.34886279482958
"55111",9.4,8.07191811736803
"55113",11.4,9.47941661675416
"55115",9.9,8.67153165109343
"55117",9.1,7.87585340120247
"55119",9.7,8.52034258845238
"55121",9.5,8.25159402912612
"55123",10.1,8.269339151934
"55125",12.1,10.4388308326897
"55127",9.1,7.86138477259545
"55129",11.8,9.81652922062531
"55131",9.6,8.01391476013823
"55133",9.4,7.95871851864966
"55135",9.8,8.52145991077674
"55137",10.4,9.26440687831275
"55139",8.5,7.33406079564981
"55141",9.9,8.47259678669643
"56001",5.9,5.92996051968892
"56003",9.9,8.60279303645217
"56005",7.3,6.28219610666911
"56007",8.4,7.42322031971511
"56009",9.1,7.68748541906888
"56011",10,8.94959166581939
"56013",9.3,7.5890929176491
"56015",10.1,8.59573891516833
"56017",11.5,9.02506037230154
"56019",10.8,9.07389071466848
"56021",8.1,7.26909560503171
"56023",9.3,8.02674876474472
"56025",8.2,7.1796783611524
"56027",9.6,9.58684964453556
"56029",10.6,8.88143198584705
"56031",10.8,9.23638631064192
"56033",9.8,8.42646660560142
"56035",10.2,8.72891140894141
"56037",7.8,6.54358495277277
"56039",8.3,7.13401467040064
"56041",8.3,7.36528012291359
"56043",9.9,8.63003943695316
"56045",9.6,7.93763721991093
