"county_fips","per_heartD","pred_outcome"
"01001",7.4,6.41896249999999
"01003",8.2,7.48699166666669
"01005",10.5,9.13221250000002
"01007",8.8,8.04560833333333
"01009",9.2,8.01936250000002
"01011",10.3,8.94819583333335
"01013",9.9,9.18930000000002
"01015",8.2,7.68669166666666
"01017",9.7,8.91722916666669
"01019",10.1,8.89100416666667
"01021",8.4,7.94365416666668
"01023",11.1,9.30586250000003
"01025",9.8,9.10337083333334
"01027",10.4,8.9672
"01029",10.1,8.35332083333334
"01031",8,7.58917916666664
"01033",8.9,7.81371250000001
"01035",11.2,9.36617916666669
"01037",10.5,7.99930416666667
"01039",9.2,8.71047083333332
"01041",9.2,8.5435
"01043",9.6,7.69744583333334
"01045",9,7.73372499999998
"01047",10,8.96172500000001
"01049",10.5,8.717975
"01051",7.3,6.53175833333333
"01053",9.6,9.13985416666664
"01055",9.5,7.90679166666667
"01057",10.6,9.14426666666665
"01059",9.9,8.19030000000001
"01061",10.3,9.14345833333333
"01063",11.5,9.82163333333333
"01065",9.7,8.7563375
"01067",10.6,8.34683333333332
"01069",8.8,7.81689166666667
"01071",10.3,8.7640375
"01073",7.4,6.90020833333332
"01075",10.1,9.05671666666666
"01077",8,7.20447083333331
"01079",9.7,8.21176250000002
"01081",6.2,5.57769999999999
"01083",7.2,6.19405833333334
"01085",10.5,9.16696666666667
"01087",9.3,8.63492916666666
"01089",6.6,5.90073333333334
"01091",9.9,8.64683749999999
"01093",10.8,8.89966666666665
"01095",8.2,7.68222916666667
"01097",8.7,7.32652083333336
"01099",10,9.27698333333334
"01101",7.8,6.78698750000001
"01103",8.9,7.37281666666665
"01105",10.7,9.07155416666667
"01107",9.5,8.86934583333334
"01109",6.8,6.83884166666665
"01111",9.7,8.60636249999999
"01113",8.4,7.2859875
"01115",7.6,7.49245416666666
"01117",6.1,6.14527916666664
"01119",8.6,9.35096249999999
"01121",9,8.18523750000002
"01123",10.1,8.757825
"01125",6.5,5.89575
"01127",10.1,8.38880833333334
"01129",10.2,8.72614583333334
"01131",11.1,9.59407500000001
"01133",10.6,9.38877916666664
"04001",11.4,9.11831666666664
"04003",9.3,7.69897916666668
"04005",6.2,5.59260833333333
"04007",11.1,9.4986916666667
"04009",7,6.78767500000002
"04011",6.5,6.60037500000001
"04012",14.9,11.7764583333333
"04013",6.5,5.542925
"04015",11.5,9.50725833333337
"04017",10.2,8.54433333333333
"04019",7.1,6.39045833333331
"04021",8.1,6.89786666666665
"04023",8,7.39633333333332
"04025",10,8.50646249999998
"04027",8.7,7.18479166666665
"05001",10,8.91556249999999
"05003",11,9.22276249999999
"05005",12.3,10.3200583333333
"05007",6.5,6.133475
"05009",9,8.75431249999996
"05011",9.9,9.10455833333334
"05013",9.2,8.78084583333335
"05015",10.7,9.17488333333331
"05017",11.2,9.80962916666667
"05019",8.2,6.81975
"05021",10.8,9.40245416666668
"05023",11,10.2670166666667
"05025",10.9,9.06973749999999
"05027",8.3,8.07477500000001
"05029",10.4,8.82435833333331
"05031",7.9,6.69395416666667
"05033",9.3,8.15651250000001
"05035",8.2,7.78420833333331
"05037",9.8,8.42299166666667
"05039",10.6,9.65605833333332
"05041",11.1,9.98027083333333
"05043",8.6,7.63877083333331
"05045",6.7,6.35964166666668
"05047",10.3,9.43127916666664
"05049",13.8,10.3969
"05051",10,7.81358333333334
"05053",8.6,8.52562916666666
"05055",9.1,7.87086250000003
"05057",9.4,9.23005
"05059",9.5,8.81273333333333
"05061",8.9,8.86370416666665
"05063",9.7,8.52636250000002
"05065",10.3,10.3268875
"05067",9.5,9.03536666666669
"05069",8.5,8.2542
"05071",10.3,8.93859166666669
"05073",12.4,10.0019958333333
"05075",10.5,9.04138333333336
"05077",10.3,9.80913333333335
"05079",8.3,7.79562916666667
"05081",9.4,8.39529166666668
"05083",10.3,8.89108749999998
"05085",7.8,7.22611249999999
"05087",10.1,9.14843749999999
"05089",12.8,10.726875
"05091",9,8.43572500000002
"05093",9,8.18287083333331
"05095",11.6,10.0619041666666
"05097",12.3,10.2692708333333
"05099",10.7,9.55495416666666
"05101",11.3,10.4752666666667
"05103",9.7,9.23685833333332
"05105",10,9.02697500000001
"05107",11.1,10.0253
"05109",9.8,8.421725
"05111",10.5,8.954475
"05113",10.7,9.42071666666667
"05115",9.1,7.67258333333331
"05117",10.3,9.24843750000001
"05119",7.7,6.66367916666667
"05121",11,8.90343750000002
"05123",9.6,9.33132499999999
"05125",7.7,7.4913791666667
"05127",11.1,9.1383125
"05129",13,10.6825291666666
"05131",9.3,6.92397083333334
"05133",8.7,8.62300833333333
"05135",11.1,10.6118708333333
"05137",12.7,10.8988708333333
"05139",8.9,8.66278749999999
"05141",12.5,10.8592541666666
"05143",6.8,6.13356666666667
"05145",8.9,7.96416250000002
"05147",11.3,9.52091249999999
"05149",10.3,8.799675
"06001",5.1,4.47524583333334
"06003",8,7.43622083333334
"06005",8.6,7.69452083333333
"06007",6.7,6.28825000000001
"06009",9.3,8.26321666666667
"06011",7.3,6.62095833333333
"06013",6,4.69315416666667
"06015",9,7.19174166666667
"06017",6.9,7.07340416666668
"06019",6.3,5.35384583333334
"06021",7.4,7.16935416666666
"06023",7.3,6.54309166666666
"06025",6.9,6.38754166666668
"06027",7.7,7.37479166666668
"06029",6.3,5.75030833333334
"06031",6,5.54352500000001
"06033",8.5,7.98600416666667
"06035",7.3,6.917575
"06037",5.4,4.95398750000002
"06039",7,6.56299583333334
"06041",6.4,6.20521250000002
"06043",10.7,8.10652083333334
"06045",8.3,8.0036125
"06047",6.6,5.65683333333333
"06049",10.2,8.30385833333333
"06051",6.5,6.44929166666668
"06053",6.5,5.40441666666668
"06055",7.1,6.00010833333334
"06057",8.8,7.47677916666668
"06059",5.7,4.95947916666667
"06061",6.5,5.61764583333335
"06063",9.2,8.36466666666666
"06065",6,5.56589999999999
"06067",6,5.22882916666667
"06069",5.2,5.54592499999999
"06071",5.6,5.57109583333334
"06073",5.5,5.0552875
"06075",4.7,4.72608333333334
"06077",5.9,5.3755375
"06079",6.5,6.12917083333334
"06081",5.2,4.63557916666667
"06083",5.9,5.61931666666668
"06085",4.9,4.47081666666667
"06087",6,5.52376250000001
"06089",7.8,7.22710416666667
"06091",9.6,9.2158
"06093",9.3,8.22077916666665
"06095",5.9,5.40166666666668
"06097",6.4,5.90142500000001
"06099",5.9,5.5765
"06101",7.2,5.77689166666667
"06103",7.8,7.24804166666667
"06105",10.4,8.90285
"06107",6.4,5.64492916666667
"06109",8.4,8.03376249999999
"06111",6.2,5.54380416666667
"06113",5.4,5.14302500000001
"06115",6.4,5.8596375
"08001",5,4.71484583333334
"08003",5.9,6.21757916666668
"08005",5.1,4.42569166666668
"08007",8,6.94729166666668
"08009",9.6,8.31982083333333
"08011",8.5,7.39341666666667
"08013",4.9,4.59048333333333
"08014",4.5,4.45292083333333
"08015",8.1,6.46532500000001
"08017",7.8,7.79947499999999
"08019",6.3,5.845825
"08021",8.2,7.36732083333334
"08023",10.3,8.54302916666666
"08025",6.9,6.76251250000001
"08027",9.6,7.08951250000001
"08029",8.7,7.52320000000001
"08031",4.6,4.15133333333335
"08033",7.7,8.00787083333333
"08035",4.6,4.15909166666667
"08037",5,4.56865000000002
"08039",6.4,5.77454166666665
"08041",5.3,4.54147083333334
"08043",8.1,7.56057916666668
"08045",5.5,5.18955833333333
"08047",6.7,5.4202875
"08049",6.2,5.9256625
"08051",4.6,4.85727916666668
"08053",8.4,7.00825416666666
"08055",9.6,8.46724999999999
"08057",10,7.61622916666666
"08059",5.7,4.89838333333333
"08061",9.8,8.08896666666665
"08063",7.9,7.51780833333333
"08065",4.9,5.04426666666668
"08067",5.9,6.0860125
"08069",5,4.91382499999999
"08071",8.9,8.36388333333332
"08073",7.4,6.95235833333332
"08075",7.4,7.0559875
"08077",6.6,6.20310416666667
"08079",8.2,6.5472875
"08081",7.3,6.38553333333333
"08083",8.4,7.20658750000001
"08085",7.9,7.16212083333335
"08087",6.4,6.32607083333334
"08089",9.5,7.59247083333335
"08091",7.7,6.5572125
"08093",6.7,6.64597083333334
"08095",8.5,7.39474166666667
"08097",5.6,5.58903333333334
"08099",7.6,7.35974166666666
"08101",6.9,6.45650833333335
"08103",6.6,6.5511
"08105",6.9,7.03887083333335
"08107",5.8,5.06683749999999
"08109",9.7,7.83604583333332
"08111",7.3,7.23496666666667
"08113",5.9,5.3926875
"08115",11.3,8.48016666666666
"08117",5.4,4.74100833333334
"08119",7.4,6.53255416666667
"08121",7.8,7.6330875
"08123",5.4,4.85264166666667
"08125",7.8,6.96978333333333
"10001",6.6,6.65967500000002
"10003",6.2,5.74884583333333
"10005",9.5,8.49112083333336
"11001",4.3,4.15023749999999
"12001",6,6.57127083333334
"12003",7.5,7.6370875
"12005",7.8,7.13190000000001
"12007",9.3,8.01104583333333
"12009",8.2,6.5545375
"12011",7.9,6.57947916666667
"12013",10,8.40122499999999
"12015",12.3,6.6923625
"12017",12,7.14932916666666
"12019",7,6.540075
"12021",10.4,6.762625
"12023",9.7,8.32108749999999
"12027",11.6,8.81027916666668
"12029",11.3,8.93815416666667
"12031",6.9,5.9478625
"12033",8,7.40550000000001
"12035",10.5,6.62382083333334
"12037",10.5,8.67475416666666
"12039",9,8.47860416666667
"12041",9.9,8.50581249999999
"12043",12.6,8.7453875
"12045",9.4,8.16689166666666
"12047",10.4,8.87567916666667
"12049",9.6,8.69848750000002
"12051",8.4,7.79716666666667
"12053",10.5,7.16735416666667
"12055",13.1,7.049875
"12057",6.5,6.41691666666666
"12059",9.9,9.0655
"12061",11.1,6.55595416666667
"12063",9.8,8.84034583333332
"12065",9.3,8.6622125
"12067",10.4,8.59228333333333
"12069",9.7,6.81163333333333
"12071",10.1,6.79293333333333
"12073",5.8,6.391675
"12075",10.6,8.96424166666666
"12077",8.7,8.02113333333332
"12079",10.4,9.33209583333334
"12081",9.8,7.04309166666667
"12083",11,6.964675
"12085",10.4,6.61298749999999
"12086",7.7,6.63726250000001
"12087",8.6,6.88654583333333
"12089",8.4,6.71977083333333
"12091",6.8,6.87900416666667
"12093",10.2,8.08889583333334
"12095",6,5.60876249999999
"12097",6.6,5.9855625
"12099",9.6,6.84145
"12101",8.1,6.89580833333333
"12103",9.7,6.99705416666667
"12105",8.6,6.8531625
"12107",11.3,8.81160833333333
"12109",6.9,6.636825
"12111",9.2,6.72650833333335
"12113",7.2,7.10065416666668
"12115",10.4,7.09236666666668
"12117",6.5,6.4156625
"12119",13.6,6.63805833333333
"12121",10.1,8.630525
"12123",10.3,8.73338333333331
"12125",8.6,8.07132916666668
"12127",8.3,6.74590416666667
"12129",7.4,7.18508749999998
"12131",8.2,7.64689166666666
"12133",9.2,8.72952083333333
"13001",8.7,8.76758750000001
"13003",8.9,8.32739166666666
"13005",8.4,8.30357916666668
"13007",11.2,9.0796
"13009",7.3,7.10944583333334
"13011",7.9,7.63687916666666
"13013",6.1,5.77846666666666
"13015",6.8,6.40952083333333
"13017",9.4,8.44217499999999
"13019",9,8.13939583333333
"13021",7.9,7.24852916666666
"13023",7.8,7.04522083333333
"13025",8.9,7.97452500000002
"13027",10,8.886875
"13029",5.3,4.94982916666668
"13031",5.6,5.63769166666667
"13033",7.8,7.80497500000002
"13035",7,7.33547500000002
"13037",8.4,8.55109166666666
"13039",6.7,6.28929583333333
"13043",9.6,8.29277499999999
"13045",6.3,6.47059166666666
"13047",7.1,7.0965625
"13049",8.4,8.29590833333334
"13051",6.2,5.97265
"13053",3.7,3.91200416666669
"13055",9.1,8.79917500000003
"13057",6.7,5.7304125
"13059",5.6,4.87621666666666
"13061",10.5,10.07945
"13063",5.8,5.62441666666667
"13065",9.2,8.80462916666666
"13067",5,5.11435833333334
"13069",7.6,7.91145416666668
"13071",8.2,7.97509999999999
"13073",6.5,5.41018333333333
"13075",8.2,7.88898749999998
"13077",6.1,5.86725
"13079",8.7,8.28459166666665
"13081",8.8,8.87641666666669
"13083",7.6,7.92872916666666
"13085",7.3,6.89254583333332
"13087",8.5,7.99212083333332
"13089",5.6,5.26291666666667
"13091",8.3,8.30436666666665
"13093",8.9,9.22044583333335
"13095",8.4,7.3946291666667
"13097",6,5.3335625
"13099",8.9,8.75087083333334
"13101",6.9,6.96459583333334
"13103",5.5,5.44659583333335
"13105",8.9,8.64238333333334
"13107",8.2,8.21490416666666
"13109",8.6,8.01146666666667
"13111",10.7,9.69874583333335
"13113",6.4,5.94149583333335
"13115",8.2,7.10491250000002
"13117",5,4.7962875
"13119",8.3,7.83220833333334
"13121",4.8,4.81794583333333
"13123",9.6,8.99085833333333
"13125",8.5,7.82540416666668
"13127",7.9,7.12579166666669
"13129",8.5,6.97886666666668
"13131",9.2,8.31858333333332
"13133",10.1,7.97580416666665
"13135",5.3,4.87182083333332
"13137",8.1,7.28675833333332
"13139",7.7,6.49889583333334
"13141",10.5,9.76400416666665
"13143",6.9,6.91446250000001
"13145",7.2,6.89254583333332
"13147",8.5,8.08745416666665
"13149",8.3,8.04962500000001
"13151",5.4,5.23827916666667
"13153",5.7,5.41445
"13155",8.8,7.94308333333331
"13157",6.6,6.088175
"13159",7.9,7.1782625
"13161",9.1,8.04101666666667
"13163",9.2,8.31714583333333
"13165",9.2,9.10652499999999
"13167",10,9.02923749999998
"13169",7.9,6.86100833333334
"13171",7.3,6.659175
"13173",9.4,7.71439999999999
"13175",8.3,7.82974583333332
"13177",6.1,5.34305833333334
"13179",5.2,5.29732500000001
"13181",9.1,9.00078333333335
"13183",5.9,6.57857916666668
"13185",6.5,5.97134166666667
"13187",7.1,6.95067083333334
"13189",8.2,7.6143875
"13191",11.2,8.93544166666667
"13193",10,8.87177916666666
"13195",8.7,7.60855833333334
"13197",9.7,8.94794999999999
"13199",9,9.28452083333335
"13201",10.4,8.50131249999999
"13205",8.9,8.71459583333333
"13207",7.7,6.92950000000001
"13209",8.5,7.51818749999999
"13211",7.3,6.97621249999999
"13213",8.1,7.31509583333335
"13215",6.8,6.305275
"13217",6.1,5.970475
"13219",6,5.57927916666667
"13221",8.3,7.175525
"13223",5.6,5.227775
"13225",7.1,6.92902083333334
"13227",8,8.24431249999999
"13229",8.5,7.78080833333334
"13231",7,6.48440833333334
"13233",7.5,7.30380000000002
"13235",8.7,8.71899583333332
"13237",9.7,8.40560833333331
"13239",11.8,10.0860958333334
"13241",9.6,8.93187916666667
"13243",12.5,9.67982916666666
"13245",6.8,6.72298333333334
"13247",6.9,6.11230416666667
"13249",8,6.58322916666667
"13251",8.8,8.28249583333335
"13253",10,9.25825833333332
"13255",8,7.59211666666667
"13257",8.8,8.31417916666666
"13259",7.5,7.06614166666666
"13261",7.9,7.38997916666669
"13263",10.2,9.46248750000001
"13265",10.4,9.24018333333334
"13267",7.9,7.63133333333333
"13269",10,9.0509
"13271",9.4,9.08442500000002
"13273",9.9,9.23853750000001
"13275",8.1,7.46855833333335
"13277",7.8,7.31585833333334
"13279",7.8,7.93468749999998
"13281",11.1,9.37307500000002
"13283",9.6,8.79665416666667
"13285",7.1,6.91689583333333
"13287",9.8,8.69305
"13289",9.4,8.57819583333332
"13291",10.8,9.28456250000002
"13293",8.9,8.11904166666665
"13295",8.1,7.69563750000001
"13297",7.2,6.56802916666667
"13299",8.8,8.07309583333333
"13301",9.4,9.45367500000001
"13303",8.2,7.60766666666667
"13305",8.4,7.79959583333335
"13307",10.8,8.82877916666666
"13309",9.1,8.19487500000001
"13311",8.4,8.41839166666666
"13313",7.9,6.73715000000002
"13315",8.8,8.77065416666667
"13317",9.2,9.01927916666667
"13319",9.2,8.79233749999999
"13321",8.6,8.77129583333332
"16001",5.7,5.53520833333335
"16003",10.3,9.44790833333334
"16005",6.5,6.04994166666668
"16007",8.1,7.25582916666668
"16009",9.1,8.59941250000001
"16011",6.8,6.55169166666668
"16013",7.1,6.15159583333334
"16015",8.9,8.06936666666665
"16017",8.8,7.986625
"16019",6.3,5.59758333333333
"16021",8.8,8.80822916666667
"16023",10.6,8.320125
"16025",7.6,6.09045
"16027",6.2,5.89519166666667
"16029",7.2,6.64668333333333
"16031",6.7,6.44287916666668
"16033",8.1,7.36235833333334
"16035",9.8,8.92883333333336
"16037",9.7,8.8725
"16039",6.4,6.33160416666668
"16041",6.7,6.44060833333334
"16043",7.7,6.90862499999999
"16045",8.1,8.43013750000001
"16047",8.2,7.38529583333334
"16049",10.5,9.01574166666668
"16051",6.4,5.61585
"16053",7.3,6.80861250000001
"16055",7,6.67407083333334
"16057",5.6,5.46712500000001
"16059",10,8.91955833333335
"16061",10.1,9.300325
"16063",7,7.26136250000002
"16065",3.4,4.3369875
"16067",7.5,7.16463333333332
"16069",7.7,6.9140625
"16071",7.7,7.25754166666667
"16073",8.1,7.83789583333335
"16075",8.7,7.37735
"16077",7.8,7.13877499999999
"16079",10.7,8.88624166666667
"16081",5.7,5.29795416666667
"16083",6.7,6.45835000000002
"16085",9.9,7.74864166666667
"16087",9.5,8.67215416666667
"17001",7.7,7.04840416666667
"17003",10.5,9.6055375
"17005",8.1,7.29222500000001
"17007",7.1,6.2924625
"17009",6.9,6.34271666666664
"17011",9.6,7.7908375
"17013",8.3,7.87064166666667
"17015",8.7,8.27594999999999
"17017",7.9,7.22967916666667
"17019",5.2,4.98493749999998
"17021",8.1,7.56158749999997
"17023",7.5,7.48355416666666
"17025",8.9,8.051475
"17027",7,6.94071666666667
"17029",7.4,6.94402916666666
"17031",5.8,5.43131250000002
"17033",7.6,7.51941249999998
"17035",8.1,7.80910833333331
"17037",5.8,5.22212083333332
"17039",7.7,7.41484166666668
"17041",7.6,7.15689583333332
"17043",5.7,5.48935416666665
"17045",9.3,7.76796666666664
"17047",8.4,8.39172916666667
"17049",6.9,7.0165375
"17051",7.8,7.62855833333333
"17053",7.3,7.41100416666669
"17055",9.2,8.13599166666667
"17057",8.7,7.97547916666664
"17059",10,9.04402916666669
"17061",8.5,7.77520416666668
"17063",6,5.65601249999998
"17065",8.9,8.29919999999999
"17067",8.5,7.79456666666666
"17069",9.8,8.97915833333333
"17071",9.3,7.75595416666665
"17073",7.1,7.27032499999998
"17075",8.8,7.75044999999998
"17077",7.2,6.52138333333333
"17079",7.7,7.66654583333332
"17081",8.1,7.61415416666666
"17083",7.6,6.92990416666666
"17085",9.4,7.29357083333331
"17087",7.8,8.29655833333334
"17089",5.9,5.4051875
"17091",7.3,6.91709583333332
"17093",4.8,4.62948333333331
"17095",8.8,7.8365458333333
"17097",6.2,5.33407499999999
"17099",7.9,7.36122083333335
"17101",8.5,7.28474166666665
"17103",8.4,7.44006250000001
"17105",7.8,7.47393750000001
"17107",7.5,7.20422083333335
"17109",7.8,6.96414583333332
"17111",6.3,5.53869583333333
"17113",6,5.08992916666666
"17115",7.6,7.3202
"17117",8.8,7.81991249999999
"17119",6.7,6.40770416666669
"17121",8.4,7.90572916666666
"17123",9,7.8849125
"17125",8.7,8.06239166666665
"17127",9.1,8.36793333333333
"17129",7.5,6.8892
"17131",8.3,7.85202083333332
"17133",6.6,6.45955833333334
"17135",8.1,7.94516249999998
"17137",8,7.6476375
"17139",7.3,7.23385416666666
"17141",8.1,6.90738333333332
"17143",6.7,6.40956666666665
"17145",9.3,7.95351249999999
"17147",7.2,6.70519583333333
"17149",8.7,8.05574999999998
"17151",10.4,9.08873750000003
"17153",9.5,9.657525
"17155",8,7.54909583333331
"17157",8.2,7.96009166666666
"17159",8.5,7.95724166666665
"17161",7.4,7.06038749999999
"17163",6.7,6.36291250000002
"17165",8.8,8.19447083333332
"17167",6.7,6.66484166666666
"17169",9,8.28199583333332
"17171",7.8,7.86035416666665
"17173",8.7,7.67104166666668
"17175",8.2,8.07618749999999
"17177",8.8,8.11301666666665
"17179",7.3,6.83887916666665
"17181",8.6,8.38096666666667
"17183",8.8,7.66065416666667
"17185",8.9,8.13833333333331
"17187",8.1,7.29511249999998
"17189",7.6,7.38471666666666
"17191",8.7,8.35998333333334
"17193",9.9,8.6131625
"17195",7.8,7.93571249999999
"17197",5.4,5.26684583333332
"17199",7.6,7.21724166666665
"17201",8.1,6.73973749999999
"17203",7.8,6.43089166666666
"18001",9.5,7.65065416666666
"18003",7.3,6.35367916666667
"18005",7.2,6.37260416666668
"18007",9.4,7.4734375
"18009",10.1,8.22489166666666
"18011",6.3,5.23839583333331
"18013",9,7.84759583333331
"18015",8.3,7.47145416666666
"18017",9.1,7.76127083333334
"18019",7.1,6.50412083333334
"18021",8,7.15505416666665
"18023",8,7.0343125
"18025",9.7,8.96125416666664
"18027",8.8,7.18064999999999
"18029",7.4,7.16700000000002
"18031",7.4,7.03977916666667
"18033",7.2,7.16552083333333
"18035",8,7.24303750000002
"18037",7.9,6.98340833333333
"18039",7.9,6.69894999999999
"18041",10.2,7.9884375
"18043",7.9,6.58789166666667
"18045",8.3,7.9569875
"18047",8,7.46362916666668
"18049",9.6,7.69242916666666
"18051",8.5,7.06769166666666
"18053",8.8,7.64826250000002
"18055",8.9,7.79482499999999
"18057",5.2,4.91918333333333
"18059",7,6.01532916666668
"18061",8.5,7.10529583333331
"18063",6.2,5.27822083333332
"18065",8.6,7.67666666666668
"18067",8.2,7.47514166666669
"18069",7.9,7.31102499999999
"18071",8.6,7.0824375
"18073",7.7,7.1403125
"18075",9.7,7.92136666666666
"18077",8.2,7.52380416666667
"18079",8,7.63780416666667
"18081",6.7,5.99665833333334
"18083",8.4,7.2169
"18085",7.8,7.199175
"18087",8.1,7.1626875
"18089",7.7,6.712575
"18091",8.4,7.39759583333334
"18093",9.3,7.44944583333332
"18095",8.1,7.42027500000003
"18097",6.8,5.98759583333335
"18099",8.2,7.38905833333333
"18101",9.5,7.98944166666667
"18103",8.3,7.70950833333333
"18105",5.9,5.36380416666666
"18107",9.1,7.39567083333334
"18109",8.3,7.14904583333333
"18111",8.8,7.81192499999999
"18113",7.5,7.15407083333332
"18115",9.3,7.98650000000001
"18117",8.8,7.93863333333333
"18119",9.2,7.8245375
"18121",8.8,8.22528749999998
"18123",8.4,7.21507083333331
"18125",8.9,7.98192083333332
"18127",7.1,6.40472916666666
"18129",7.7,7.48834999999999
"18131",9.2,7.91785416666666
"18133",7.5,6.88286666666665
"18135",9.6,7.98261666666666
"18137",8.3,7.39167083333334
"18139",8.3,7.6597125
"18141",7.3,6.09694583333334
"18143",9.4,7.97482916666666
"18145",8.4,7.19056666666668
"18147",8.2,7.47229999999999
"18149",8.6,7.96193333333331
"18151",8.1,7.59992916666667
"18153",8.5,7.85372083333333
"18155",8.8,8.28730833333333
"18157",5.8,4.86392083333331
"18159",8.5,7.61758749999998
"18161",8.3,7.51563750000002
"18163",7.3,7.12384583333334
"18165",8.4,7.57134583333332
"18167",7.6,6.76182083333332
"18169",9,7.66003333333335
"18171",8.5,7.7051583333333
"18173",7,6.40495416666667
"18175",8.4,7.7453625
"18177",8.8,7.87790833333336
"18179",7.9,7.29862500000001
"18181",8.8,7.51188333333333
"18183",7.6,7.36177083333334
"19001",8.3,7.56849583333332
"19003",8.5,7.58302083333332
"19005",8.8,8.09780833333332
"19007",9.3,8.53327499999998
"19009",8.7,8.152225
"19011",7.8,6.62800416666667
"19013",6.9,5.96282083333334
"19015",6.6,6.48875416666665
"19017",6.7,5.97108333333333
"19019",7.4,6.66637083333333
"19021",6.8,6.41453333333334
"19023",8.3,7.58339583333334
"19025",8.3,7.32562083333333
"19027",7.7,7.17174999999999
"19029",8.6,7.77094583333334
"19031",7.2,6.7535875
"19033",8.3,7.0857875
"19035",8.7,7.86385833333333
"19037",8.4,7.22655416666666
"19039",8.2,7.77571666666665
"19041",7.6,7.08262916666666
"19043",8.7,8.28087916666667
"19045",7.8,7.11269583333331
"19047",8.3,6.93317499999999
"19049",5,4.32670416666667
"19051",8,7.85676249999998
"19053",7.4,7.27297916666665
"19055",7.5,7.15660833333332
"19057",7.8,7.42039166666665
"19059",8.9,6.84337916666668
"19061",7,6.0879
"19063",8.3,7.81943333333333
"19065",8.7,7.68929999999999
"19067",8.3,7.90799166666666
"19069",8.5,7.54217499999998
"19071",7.7,7.42357916666665
"19073",8.5,7.61852916666666
"19075",7.2,6.42547916666667
"19077",7.6,7.49444166666666
"19079",7.7,7.1162375
"19081",7.7,7.64647500000001
"19083",8.1,7.28947083333334
"19085",7.7,6.79047083333334
"19087",7.4,6.84540416666664
"19089",8.2,7.04237916666665
"19091",8.3,7.48604166666666
"19093",7.9,7.60735416666666
"19095",7.5,6.71780833333332
"19097",8.3,7.68463333333333
"19099",7,6.65827083333331
"19101",9.1,6.9950625
"19103",4.7,4.99424583333332
"19105",7.8,7.41105833333332
"19107",8.4,7.75825833333331
"19109",9,7.81304583333335
"19111",8.6,7.56902083333332
"19113",6,5.80003333333333
"19115",8.4,7.23292083333335
"19117",9.5,8.35589166666664
"19119",7,6.84752083333335
"19121",6.4,6.34224166666666
"19123",7.3,6.70581666666664
"19125",6.6,6.14300416666666
"19127",7.3,6.63966666666664
"19129",7.5,6.56185
"19131",7.5,7.02072499999999
"19133",8.7,7.95684583333334
"19135",6.8,6.68761249999998
"19137",8.5,7.71953750000003
"19139",7.2,6.53060416666666
"19141",8.8,7.39029166666666
"19143",8.2,7.579075
"19145",8.3,7.73339166666668
"19147",7.7,7.84047083333333
"19149",7.1,6.69873333333334
"19151",8.2,7.61712083333333
"19153",5.8,5.21887916666667
"19155",7.5,6.33183333333334
"19157",7.3,6.66124583333333
"19159",8.6,7.43566249999998
"19161",7.8,7.63983749999999
"19163",6.6,5.73488749999999
"19165",8.7,7.57737083333332
"19167",6.4,5.8745875
"19169",4.6,4.83330833333333
"19171",8.5,7.38931249999998
"19173",8.7,7.45290833333332
"19175",7.9,6.98702083333333
"19177",8.7,8.4817958333333
"19179",7.8,7.38162916666664
"19181",6.6,5.51131666666666
"19183",7.3,6.68279166666666
"19185",9.3,8.57536666666666
"19187",7,6.79453333333332
"19189",7,6.78877083333333
"19191",6.8,6.5563375
"19193",6.7,6.1807625
"19195",7.9,7.1004
"19197",9.4,7.63551249999999
"20001",8.6,8.27813333333332
"20003",8.8,8.82172083333334
"20005",7.7,7.13099583333333
"20007",9.4,8.9612875
"20009",8,7.86440833333331
"20011",8.6,7.65985833333335
"20013",8.4,8.24116666666668
"20015",6.5,6.49983750000001
"20017",9.4,8.25242500000002
"20019",10.4,9.64334583333335
"20021",9.1,8.22651249999998
"20023",9.5,8.07896666666666
"20025",7.8,7.77504999999999
"20027",9.1,8.10296666666666
"20029",8.6,8.04216666666666
"20031",9.3,7.99090000000001
"20033",8.5,8.15851249999999
"20035",8.2,7.61768749999998
"20037",6.9,6.77525833333332
"20039",9.9,9.03151666666666
"20041",8.1,7.694975
"20043",7.4,7.67742083333334
"20045",5.3,5.27977500000001
"20047",8.6,8.410825
"20049",11.9,9.47258750000002
"20051",6.2,6.182475
"20053",9,8.05009583333331
"20055",6.5,6.31337916666666
"20057",6.7,6.38145416666666
"20059",7,6.99109166666666
"20061",5,5.10848750000002
"20063",8.3,8.13173333333333
"20065",9.8,8.87268333333331
"20067",6.7,6.4442125
"20069",6.8,6.99575
"20071",7.2,7.75712499999999
"20073",10.6,9.81259583333335
"20075",6.8,7.11747500000002
"20077",10.3,8.63941666666666
"20079",7.6,7.28017083333332
"20081",7.5,7.36864583333334
"20083",8.4,8.03014999999999
"20085",8,7.51666666666667
"20087",7.4,7.15361249999998
"20089",11.2,9.57650833333331
"20091",5,5.22880416666667
"20093",8.2,7.20230000000001
"20095",8.1,7.80040416666665
"20097",7,8.10700416666666
"20099",8.4,7.87095833333334
"20101",9.1,8.08880833333333
"20103",6.2,6.1776125
"20105",9.5,8.43374583333333
"20107",9,8.14700833333336
"20109",9.1,8.13768333333331
"20111",6.8,6.76341666666666
"20113",7.2,7.22917916666666
"20115",8.5,7.67561666666665
"20117",8.8,7.70336666666668
"20119",8.3,7.22605833333333
"20121",6.9,6.60904166666668
"20123",8.8,7.82218333333332
"20125",9.6,8.18275
"20127",8.9,8.28046666666668
"20129",8.6,7.95174166666666
"20131",7.4,6.90097083333332
"20133",8.4,7.938375
"20135",9.4,8.24703333333332
"20137",7.7,7.70252083333333
"20139",8.3,7.97957916666666
"20141",9.4,8.47854166666666
"20143",7.9,7.65932916666667
"20145",7.9,7.99952499999999
"20147",9.6,8.58094166666666
"20149",6.4,6.00535833333334
"20151",8.1,7.33868333333333
"20153",10.3,8.865025
"20155",8.3,7.77125833333331
"20157",9.8,8.33877083333332
"20159",7.6,7.50681666666666
"20161",4.6,4.41328333333335
"20163",7.9,8.15209583333331
"20165",9.3,8.58906666666666
"20167",8.8,9.02856666666665
"20169",8.1,7.12347916666667
"20171",8.4,7.69216249999997
"20173",6.4,6.47726250000001
"20175",6.4,6.31717083333332
"20177",6.8,6.9532375
"20179",7.9,8.15264999999999
"20181",8.9,7.48539999999998
"20183",10.1,9.07933749999997
"20185",8.6,7.96657083333332
"20187",8.2,7.22342500000001
"20189",7.8,7.40297083333334
"20191",8,7.82580416666666
"20193",7.1,7.3302875
"20195",8.9,8.77162916666666
"20197",8,7.92849583333333
"20199",9.1,8.23703333333332
"20201",8.7,8.120975
"20203",8.8,7.92390416666666
"20205",8.7,8.48258333333334
"20207",10,8.78477916666668
"20209",7.4,6.94929999999999
"21001",9.1,8.46339999999999
"21003",9.1,8.03050000000001
"21005",8.1,7.00734999999999
"21007",9.7,8.73844166666668
"21009",9.3,8.26840000000002
"21011",8.5,8.96364166666665
"21013",11.2,9.64319166666665
"21015",6.6,5.92172916666667
"21017",9.4,7.37039583333333
"21019",9,8.60195000000001
"21021",8.1,7.37819583333333
"21023",9,8.12198749999999
"21025",10,9.5331
"21027",10.8,8.9025625
"21029",7.8,7.08233749999998
"21031",9.7,9.24337499999999
"21033",8.9,8.61874583333334
"21035",7.9,7.45522083333331
"21037",7.1,6.38996250000001
"21039",9.7,8.9146375
"21041",9,8.38989999999999
"21043",10.1,9.62114999999999
"21045",12.1,10.2445833333333
"21047",6.9,6.2897875
"21049",8.4,7.52313333333331
"21051",10,9.73552083333333
"21053",10.5,9.47732499999999
"21055",10,8.86725416666666
"21057",11.6,10.0013
"21059",8.4,7.18626666666667
"21061",10,8.78909999999999
"21063",11.2,10.0184541666667
"21065",10.3,9.66165833333333
"21067",6.4,6.10144583333332
"21069",9.7,8.84044583333333
"21071",9.5,10.141425
"21073",7.8,6.96227916666667
"21075",10.9,9.39257499999999
"21077",7.9,7.86267500000001
"21079",9.7,7.97399583333334
"21081",7.5,7.37129583333332
"21083",8.8,8.09890000000001
"21085",9.7,8.8665125
"21087",11,9.61934999999999
"21089",9.6,8.46325416666668
"21091",8.7,7.55570416666666
"21093",7.5,6.56735416666667
"21095",11.2,10.5591125
"21097",8.5,8.03847500000001
"21099",10,8.97270833333332
"21101",7.8,7.66999583333335
"21103",9.6,8.07102916666668
"21105",10.3,8.77670000000001
"21107",9.9,8.10504166666668
"21109",11.1,9.37353333333332
"21111",7.3,6.72930833333333
"21113",7.4,6.66768749999999
"21115",10.3,9.13880416666666
"21117",6.9,6.25330833333334
"21119",11.7,9.96128333333333
"21121",10,9.60390416666666
"21123",9.4,8.23603750000001
"21125",9.2,8.54861666666667
"21127",10.1,9.95911666666667
"21129",11.5,10.3608791666667
"21131",11,10.8612916666667
"21133",10.3,10.7545
"21135",11.4,9.95816666666667
"21137",9.5,8.35300000000001
"21139",9.7,8.87563333333333
"21141",8.9,8.35922916666668
"21143",9.6,8.83702500000002
"21145",9.4,7.73675833333333
"21147",10.9,9.88553750000003
"21149",8.8,7.60495833333332
"21151",6.8,6.43490416666666
"21153",11.7,10.4103083333333
"21155",9,8.69483333333332
"21157",9.2,8.22457916666668
"21159",10.7,10.361225
"21161",9.2,7.68817083333333
"21163",7.4,7.00020833333334
"21165",10.7,9.99188750000002
"21167",8.6,7.33672916666666
"21169",9.5,9.3286
"21171",9.3,8.94877916666667
"21173",8.6,8.04302083333334
"21175",9.1,8.48501249999999
"21177",9.4,8.53818333333333
"21179",7.5,7.01180416666666
"21181",9.2,8.54758749999999
"21183",9.2,8.04067083333334
"21185",5.8,5.91241666666667
"21187",9.1,7.88239166666666
"21189",10.7,10.3854083333333
"21191",9.2,8.2552375
"21193",9.7,9.28520416666665
"21195",9.7,9.71185
"21197",8.6,8.21365833333332
"21199",10,8.49679583333335
"21201",11.4,9.36156666666667
"21203",10.4,9.57020416666667
"21205",8.1,7.00130000000001
"21207",11.5,9.44442083333333
"21209",6.4,5.85428333333334
"21211",7.1,6.75057916666666
"21213",7.8,7.14045416666667
"21215",7.6,6.76215416666666
"21217",8.5,7.34475833333334
"21219",10.1,8.02124583333335
"21221",10.8,8.50060416666668
"21223",8.4,7.59705416666666
"21225",8.9,8.14280416666668
"21227",6.6,6.24939999999999
"21229",9,7.68861666666665
"21231",11.7,9.82104999999998
"21233",9.2,8.59279166666667
"21235",8.6,8.50631250000002
"21237",13.1,11.3616875
"21239",8,6.85415416666668
"22001",8.4,8.10912083333332
"22003",8,7.68340833333335
"22005",6.3,5.78275833333335
"22007",9.1,8.39486249999998
"22009",9.9,9.12171250000001
"22011",7.6,7.19404999999998
"22013",10.6,10.0894458333333
"22015",6.9,7.14055416666667
"22017",7.8,8.13509583333334
"22019",7.5,6.80415416666664
"22021",9.3,9.03094583333334
"22023",8.7,7.60846250000001
"22025",9,8.44486666666666
"22027",11.3,10.158375
"22029",9.6,8.94781666666665
"22031",8.8,8.43965000000002
"22033",6.1,6.36625416666668
"22035",9.8,9.58709166666667
"22037",8.1,8.37503333333331
"22039",9.9,8.77715000000003
"22041",9.7,9.09713333333332
"22043",8.4,7.64453333333335
"22045",8.6,8.00685416666666
"22047",7.9,7.59474583333332
"22049",9.8,9.72805833333333
"22051",7.9,7.28315000000001
"22053",8.1,7.88149999999999
"22055",6.9,6.33692916666667
"22057",8.4,7.16266250000001
"22059",7.6,7.32474166666667
"22061",6.6,6.77164166666666
"22063",6.9,6.15860416666668
"22065",10.3,8.72860000000001
"22067",9.8,9.92817083333333
"22069",8.1,7.62797499999999
"22071",6.8,6.67794166666668
"22073",8,7.10548749999999
"22075",7.4,6.84505000000003
"22077",9.5,8.50455416666665
"22079",7.7,7.32062916666665
"22081",9.6,9.58485416666668
"22083",9.4,8.96010833333333
"22085",10.2,9.36126666666667
"22087",7.5,7.07539166666668
"22089",6.7,6.28678333333334
"22091",9.4,9.23034166666665
"22093",7.9,7.28615416666666
"22095",7.6,7.24797083333334
"22097",9,8.51076666666665
"22099",8.1,7.67819999999999
"22101",9.7,8.42609166666665
"22103",7.8,6.88175416666665
"22105",7.4,7.19249166666667
"22107",12.8,10.3359333333333
"22109",8,7.43410000000001
"22111",9.8,9.47325833333332
"22113",8.2,7.48233333333331
"22115",6.9,6.29282083333334
"22117",9.4,8.9624125
"22119",10,9.9637375
"22121",6.9,6.56149166666666
"22123",10,9.08368750000001
"22125",7.2,7.29106249999999
"22127",9.2,8.46550833333335
"23001",7.6,7.29514583333334
"23003",10.4,8.85526249999999
"23005",7.2,5.91944166666666
"23007",8.3,7.73103333333334
"23009",9,7.60924166666669
"23011",8.4,7.1394
"23013",8.8,7.42679166666668
"23015",9.5,7.23031666666667
"23017",9.7,8.09257500000001
"23019",7.7,7.191625
"23021",10.3,9.07457916666669
"23023",8.6,7.07454166666667
"23025",10.1,8.78678333333332
"23027",8.7,7.8185916666667
"23029",10.5,9.16776666666668
"23031",7.9,6.81656250000001
"24001",8.5,7.48273333333335
"24003",5.8,5.25417083333332
"24005",6.3,5.73424166666666
"24009",6,5.54993333333334
"24011",8.5,7.15823750000001
"24013",6.6,5.89079583333332
"24015",7.4,6.47460000000001
"24017",5.9,5.05812916666667
"24019",8.7,8.05088333333334
"24021",6.2,5.16943333333331
"24023",8.8,8.37989583333333
"24025",6,5.69200833333332
"24027",5,4.63535833333333
"24029",8.6,7.43439166666669
"24031",5.1,5.09052083333333
"24033",5.6,5.12230833333334
"24035",7.1,6.48894166666668
"24037",6.3,5.4388375
"24039",8.3,6.99962916666667
"24041",9,7.31579583333335
"24043",7.3,6.41915833333333
"24045",6.8,6.34268749999999
"24047",8.7,7.31229583333335
"24510",6.2,5.69485
"25001",9,6.86200833333333
"25003",8.6,6.94076666666667
"25005",7.9,6.22772500000001
"25007",8.9,6.70729583333335
"25009",6.8,5.88944166666668
"25011",7.5,6.88987500000001
"25013",8.1,6.3022625
"25015",6.4,5.83232916666666
"25017",5.3,4.90326666666668
"25019",5.8,5.19317083333333
"25021",6,5.0788875
"25023",7.6,6.06280833333335
"25025",5.2,4.9490625
"25027",6.9,5.74907083333334
"26001",12,9.33414166666667
"26003",9.1,8.36375416666666
"26005",7.3,7.01757916666667
"26007",9.3,9.13382083333334
"26009",8.5,8.25343333333333
"26011",10.1,9.24683333333333
"26013",8.9,8.70622499999999
"26015",7.1,7.49956250000001
"26017",7.7,8.00055000000001
"26019",9.2,8.30797083333332
"26021",8.2,6.94398333333334
"26023",8.6,7.79761666666667
"26025",7.7,7.33954166666666
"26027",8.4,7.65137500000001
"26029",9,8.11861250000001
"26031",10.2,9.19512916666667
"26033",7.7,7.73035416666665
"26035",9.9,9.61666250000001
"26037",6.4,6.50718333333333
"26039",10.4,8.9633
"26041",8.6,8.328875
"26043",8,7.74360833333335
"26045",6.7,6.68511666666667
"26047",7.8,7.81730416666669
"26049",7.3,7.44302916666668
"26051",9.8,9.39495833333334
"26053",10.6,9.04643333333334
"26055",7.2,7.11815416666667
"26057",6.8,7.213275
"26059",8.5,7.85600416666667
"26061",6.8,6.75625833333332
"26063",9.6,8.9408125
"26065",5.4,5.39107083333333
"26067",6.9,6.76128333333335
"26069",10.8,9.70337916666669
"26071",10.9,9.28075416666669
"26073",6.2,5.92280833333334
"26075",7.8,7.34102916666666
"26077",6,5.772675
"26079",9.3,8.25185833333335
"26081",6,5.625275
"26083",9.9,9.03296666666663
"26085",10.8,10.6966166666666
"26087",8.3,7.56812916666665
"26089",8.9,8.00497083333331
"26091",7.6,7.63620416666666
"26093",6.7,6.18978333333333
"26095",10.3,9.32846666666667
"26097",10.5,9.10479166666668
"26099",7.4,6.96564166666664
"26101",8.5,8.17837916666666
"26103",7.4,6.85977916666668
"26105",8.7,8.38489166666666
"26107",8.6,7.82622083333333
"26109",9.3,8.49320416666666
"26111",6.9,6.70947083333333
"26113",8.9,8.32060000000002
"26115",7.7,7.69617083333332
"26117",7.4,7.43289166666667
"26119",10.8,10.3159291666667
"26121",7.9,7.118575
"26123",8.5,8.05065416666667
"26125",5.9,5.77864166666666
"26127",8.3,8.27057500000003
"26129",9.9,9.62587500000001
"26131",11.6,9.85358749999999
"26133",9.3,8.62277083333334
"26135",11.4,9.89637500000001
"26137",9,7.67464583333334
"26139",5.8,5.78455416666667
"26141",10.9,9.40751666666667
"26143",11.2,9.67872083333334
"26145",8.2,7.57899166666665
"26147",8.5,7.8136875
"26149",8.6,7.70988333333333
"26151",9.1,8.68564583333335
"26153",11.5,9.61270416666668
"26155",7.8,7.68885833333333
"26157",9.2,8.39144166666667
"26159",8.7,7.66690833333333
"26161",5.4,5.09490000000002
"26163",7.3,7.12710833333334
"26165",8.4,7.91864166666667
"27001",10,9.08411250000001
"27003",5.9,5.42643333333334
"27005",7.9,7.50592083333334
"27007",7.5,6.70879166666665
"27009",5.6,5.66209166666667
"27011",10,8.09958749999998
"27013",6.1,5.32037083333334
"27015",7.6,7.02581666666666
"27017",7.2,6.85342083333331
"27019",5.7,4.84981249999999
"27021",9.5,8.55363333333331
"27023",8.4,7.71558749999999
"27025",6.5,6.03215000000001
"27027",5.5,5.31674999999999
"27029",8.4,8.39678333333334
"27031",8.6,8.35954999999999
"27033",8.4,7.74683750000001
"27035",7.9,7.5068
"27037",5.8,5.00387916666666
"27039",5.9,5.59569583333333
"27041",8.4,6.92067916666666
"27043",8.6,7.83384583333332
"27045",8.8,7.12182916666667
"27047",9,7.42638749999999
"27049",6.8,6.45662083333333
"27051",9,7.71021666666667
"27053",5.5,5.11911249999999
"27055",7.8,6.73417916666666
"27057",8.8,7.71693749999998
"27059",6.8,6.45067916666666
"27061",8.2,8.12820416666666
"27063",7.5,7.56544166666666
"27065",8.2,7.66212083333332
"27067",7.6,6.95342916666667
"27069",8.9,8.35049583333331
"27071",9.5,8.07010416666665
"27073",9.3,8.00310416666667
"27075",8.9,7.84093750000002
"27077",8.9,8.28784166666665
"27079",7.6,6.61679166666667
"27081",9,7.6533
"27083",6.9,6.35312083333335
"27085",7.4,6.95973333333332
"27087",9.8,8.94505416666667
"27089",8.1,7.55787916666666
"27091",8.7,7.71610833333333
"27093",7.5,7.41592499999998
"27095",7.8,7.13594583333333
"27097",8.1,7.56151250000001
"27099",8,6.87282500000001
"27101",9.7,7.73780416666666
"27103",6.3,5.96045833333332
"27105",8,7.00380416666667
"27107",7.8,7.50097916666666
"27109",5.9,5.23379583333331
"27111",9.7,7.83112083333332
"27113",7.1,6.80847916666666
"27115",8.4,7.78702916666668
"27117",8.5,7.58217916666665
"27119",7.3,7.03562083333334
"27121",8.5,8.05475
"27123",6.1,5.232325
"27125",9,7.90033333333331
"27127",7.9,7.64240833333329
"27129",8.6,7.70451249999998
"27131",6.2,5.79499166666666
"27133",7.9,7.10630416666667
"27135",7.6,7.05388750000001
"27137",7.3,7.20689166666665
"27139",5.3,4.95480416666666
"27141",5.5,5.10371250000002
"27143",7.5,6.89819583333332
"27145",6.7,5.80372083333333
"27147",7.3,6.41646666666666
"27149",6.6,6.45394999999999
"27151",8.7,7.64312916666666
"27153",9.3,8.33355416666667
"27155",8.9,8.26254583333334
"27157",7.5,6.88465416666666
"27159",8.3,7.73184166666667
"27161",7,6.57975416666668
"27163",5.2,5.14198749999999
"27165",8,7.43315
"27167",7.8,7.25686666666666
"27169",6.4,6.1881875
"27171",5.8,5.23537083333334
"27173",8.2,7.56964166666664
"28001",10.4,8.78397083333332
"28003",9.2,8.30518750000003
"28005",11.8,10.5036583333333
"28007",9.3,8.78105000000002
"28009",9.3,9.11463749999999
"28011",8.3,8.18857083333336
"28013",10.3,9.07164999999999
"28015",11.7,9.28574166666665
"28017",9.6,8.88256249999999
"28019",9.7,9.05300833333333
"28021",8.9,9.38923750000002
"28023",9.8,9.21832916666668
"28025",9.2,8.51307083333335
"28027",10,8.64475000000002
"28029",8.9,8.5064375
"28031",8.9,8.50255000000001
"28033",6.3,6.38351666666667
"28035",6.8,6.73985833333334
"28037",9.8,9.10275833333333
"28039",8.4,7.65395000000001
"28041",7.8,7.34844166666667
"28043",9.2,8.63445833333334
"28045",9.6,7.61674166666667
"28047",7.8,6.98220416666669
"28049",7.6,7.23611250000001
"28051",9.5,8.74236666666668
"28053",11.1,9.08935000000001
"28055",7.8,9.20045833333335
"28057",8.3,7.47303750000002
"28059",7.4,7.01707916666669
"28061",9.6,9.10336666666667
"28063",9.6,8.97049166666667
"28065",10.3,9.84819583333331
"28067",8.3,8.48740833333333
"28069",8.9,9.15353333333333
"28071",6.4,5.83399166666666
"28073",7.1,6.59388333333334
"28075",8.7,8.30036249999999
"28077",10.2,8.96854583333334
"28079",9.8,8.5376
"28081",7.7,6.66685833333333
"28083",9.1,8.5331791666667
"28085",8.6,7.97424583333334
"28087",7.6,6.93467916666666
"28089",6,5.70093333333334
"28091",9.4,9.00450833333332
"28093",9,8.87305833333334
"28095",9.4,8.51920000000001
"28097",11.7,9.2073375
"28099",9.6,8.48305000000001
"28101",8.9,8.28992500000002
"28103",9.3,8.94641249999999
"28105",5.6,5.31182083333333
"28107",9.4,8.43679583333334
"28109",8.7,8.00382083333334
"28111",10.4,8.80464166666669
"28113",9.3,8.87623333333333
"28115",7.6,7.68726666666668
"28117",8,7.95230416666668
"28119",9.9,9.23090416666667
"28121",7,6.19945416666666
"28123",9.6,8.58439166666666
"28125",11.6,9.47095000000002
"28127",9.1,8.83805416666665
"28129",9.8,8.57980833333333
"28131",8.9,8.50297916666668
"28133",8.2,8.45742083333335
"28135",9,8.78641666666669
"28137",7.7,7.39042916666667
"28139",8.6,8.32314583333335
"28141",9.3,9.36949583333331
"28143",8.7,8.27642083333334
"28145",8.4,7.51403333333335
"28147",9.3,8.9684375
"28149",8,7.36933333333334
"28151",8.8,8.53520416666668
"28153",8.7,8.59377083333334
"28155",8.5,8.37991250000001
"28157",9.3,9.08004583333333
"28159",9.5,9.09167083333335
"28161",9.8,9.06215416666666
"28163",8.1,8.06346666666668
"29001",7.2,6.49366666666667
"29003",8.1,6.99445416666665
"29005",10,8.87647500000001
"29007",8.9,8.17477916666666
"29009",9.4,9.05204999999996
"29011",10.4,8.92568333333334
"29013",8.7,9.0211
"29015",11.6,9.85945416666665
"29017",9.9,9.35223333333334
"29019",5.3,5.5007
"29021",7.9,7.2968375
"29023",9.4,8.9105
"29025",9.2,8.65314583333333
"29027",7.8,7.06620833333334
"29029",10.2,9.37446249999999
"29031",7.4,6.55423749999999
"29033",9.4,8.29946249999999
"29035",10,9.75183749999999
"29037",7.2,6.53304583333333
"29039",11.4,9.47212499999999
"29041",9.7,8.66844166666666
"29043",7.2,6.45936250000002
"29045",10.8,8.63389999999998
"29047",6.6,5.89863749999999
"29049",7.7,7.43247083333335
"29051",6.8,6.21201250000002
"29053",8.3,7.51022083333333
"29055",9.9,9.09031666666666
"29057",10.9,9.98438333333332
"29059",9.8,9.61487500000001
"29061",10,9.02135416666666
"29063",8,7.66444999999999
"29065",10.6,8.69922916666665
"29067",11,10.4341333333333
"29069",10.1,9.22189166666666
"29071",8,7.30905833333333
"29073",9,8.37589166666667
"29075",9,8.38172083333333
"29077",6.7,6.54071250000001
"29079",10.5,8.48117083333335
"29081",9.8,8.47913749999999
"29083",9.7,8.39520000000001
"29085",13.2,11.0903958333333
"29087",10.3,8.88295
"29089",8.1,7.54655833333335
"29091",10.2,9.25283333333332
"29093",10.4,8.55696666666667
"29095",6.7,6.52998333333334
"29097",7.5,7.38228749999999
"29099",7.4,6.75887916666666
"29101",6.2,5.84708333333335
"29103",10.2,9.00087916666666
"29105",9.1,8.02857916666665
"29107",8.3,7.57340833333334
"29109",8.3,8.45279999999998
"29111",9,8.26581249999999
"29113",6.9,7.0793375
"29115",9.8,8.46687499999999
"29117",8.2,7.81157083333335
"29119",9.5,9.18444583333335
"29121",9.1,8.29915
"29123",8.7,8.605275
"29125",9.9,9.02304166666666
"29127",8.1,7.26318750000001
"29129",10,8.77773333333333
"29131",8.5,8.56567083333334
"29133",10.1,8.88535833333334
"29135",8.2,7.45827499999998
"29137",10.4,8.92506666666664
"29139",9.1,8.62231249999998
"29141",10.9,10.0193833333333
"29143",9.5,8.88571666666666
"29145",7.9,8.02465833333332
"29147",7.8,6.67832499999999
"29149",10.7,10.4206791666667
"29151",7.3,7.13306250000002
"29153",12.5,11.3655041666666
"29155",9.7,9.35314166666667
"29157",9.2,7.55183333333332
"29159",8.1,7.61112499999996
"29161",7.8,7.01185416666667
"29163",9.2,8.18313750000002
"29165",6.4,6.10521249999999
"29167",8.9,8.03328749999998
"29169",4.7,5.41139583333333
"29171",8.9,8.68358749999997
"29173",9.4,8.35002083333333
"29175",7.9,7.85165416666667
"29177",8.6,7.86641666666666
"29179",10.9,10.2670833333333
"29181",9.9,9.599425
"29183",6.1,5.96765833333334
"29185",11.2,10.1848875
"29186",9.2,8.066625
"29187",8,8.42299166666668
"29189",7.3,6.26339583333333
"29195",7.9,6.80886666666667
"29197",8.5,8.44847916666666
"29199",9.6,8.07682083333333
"29201",8.8,8.005525
"29203",10.9,9.59082499999999
"29205",10.4,9.02480416666665
"29207",9.6,9.22173333333335
"29209",11.5,10.3448333333333
"29211",9.7,8.39621249999999
"29213",9.5,8.01667916666665
"29215",9.8,9.57563749999999
"29217",8.9,8.82167500000001
"29219",8.3,7.23072916666668
"29221",9.1,8.81620416666668
"29223",11.3,10.8511958333333
"29225",8,7.75095833333331
"29227",10.9,8.53607916666666
"29229",10.3,9.58388750000002
"29510",6.8,6.18894999999999
"30001",7.9,6.74855833333334
"30003",8.5,8.18415000000003
"30005",8.8,7.68622500000003
"30007",9.2,8.43185833333333
"30009",8.1,7.60995833333334
"30011",9.5,9.2053625
"30013",7.5,6.69568749999998
"30015",8.3,7.83775
"30017",7.1,6.75928749999999
"30019",8.9,8.90948333333333
"30021",7.1,6.9305875
"30023",8.5,8.55991666666664
"30025",6.8,7.72414166666667
"30027",8.2,8.28050416666668
"30029",6.6,6.72510416666667
"30031",4.8,4.72704999999999
"30033",8.6,8.18244583333333
"30035",9.1,7.87605000000004
"30037",11.3,8.57200833333334
"30039",9.5,7.67307916666667
"30041",7.6,6.79904583333331
"30043",7.5,7.02839583333335
"30045",9.5,8.748575
"30047",8.8,7.8623375
"30049",6.3,5.95423333333334
"30051",10.9,8.56149583333333
"30053",9.7,9.50764583333334
"30055",8.3,8.45002083333333
"30057",8.2,7.38859583333336
"30059",8.8,7.37432916666668
"30061",9,8.71365000000001
"30063",5.6,5.46720833333334
"30065",9.1,8.29093749999999
"30067",7.3,6.62059166666667
"30069",9.7,7.79297916666667
"30071",8.3,7.85895416666667
"30073",8.5,7.93516666666665
"30075",9.5,8.79919999999999
"30077",8,7.70339166666669
"30079",13.5,9.35985000000001
"30081",7.7,7.91849166666667
"30083",6.8,6.75142499999999
"30085",8.1,7.61500416666666
"30087",8.4,7.79020416666669
"30089",10.3,9.79342500000002
"30091",8,8.10444166666666
"30093",7.1,7.28078333333333
"30095",7.2,8.00385416666667
"30097",8.3,7.92166250000001
"30099",8,8.06950833333334
"30101",7.5,7.008125
"30103",9.4,8.16182916666668
"30105",8.6,7.98549166666666
"30107",9.6,9.11908333333334
"30109",8.9,8.50171666666666
"30111",6.3,6.18238750000001
"31001",7.4,6.45786666666667
"31003",8.4,8.06880000000001
"31005",8.7,8.56811666666668
"31007",9,8.31640416666668
"31009",9.2,7.98852916666665
"31011",9.1,7.43034166666667
"31013",7.9,6.83784166666666
"31015",10.3,8.23392083333334
"31017",9.2,7.96099583333333
"31019",6.9,6.0590375
"31021",9.2,7.74062083333333
"31023",7.5,6.90252916666667
"31025",7.2,6.02030416666668
"31027",8.5,7.26778333333332
"31029",8.9,8.2546625
"31031",9.3,8.48508333333335
"31033",8.7,7.35961666666667
"31035",8.4,7.14292499999999
"31037",7.9,6.37643750000001
"31039",8.8,7.15781666666664
"31041",9,7.69587499999999
"31043",7,6.60427916666666
"31045",7.1,6.40011250000002
"31047",8.2,6.90559583333335
"31049",9.8,8.66771666666667
"31051",9.2,7.59039583333331
"31053",7.9,6.57134166666667
"31055",6.6,4.85411250000003
"31057",8.9,7.797425
"31059",8.7,7.70187083333333
"31061",10.4,8.81717916666665
"31063",9.5,8.23345416666666
"31065",9.8,8.03745833333333
"31067",9.2,7.67112500000001
"31069",11.4,8.87430833333333
"31071",9.2,7.43914166666667
"31073",8.3,7.7357875
"31075",8.5,7.99488749999998
"31077",8.7,8.1118
"31079",7.4,6.38884583333334
"31081",7.7,6.76554583333333
"31083",9.1,8.70195833333332
"31085",11.9,8.40009166666668
"31087",9.9,8.27349583333333
"31089",9.4,7.75418333333332
"31091",9.1,7.8408125
"31093",8.1,7.36035416666666
"31095",9.7,8.32505
"31097",7.1,7.01676250000002
"31099",8.4,6.64380416666666
"31101",9.8,8.34252916666668
"31103",10.9,7.5913625
"31105",10.6,8.35620416666666
"31107",10.1,8.34927083333335
"31109",6.1,4.98629583333335
"31111",9.9,7.07545416666667
"31113",6.7,7.817675
"31115",10,8.53407083333335
"31117",9.6,8.1386125
"31119",7.2,6.26665416666666
"31121",8.4,7.24279999999999
"31123",8.8,7.99104999999999
"31125",8.4,7.63580416666667
"31127",8,6.87287916666666
"31129",9.4,8.20408749999998
"31131",8,6.91107083333333
"31133",11,8.98964583333333
"31135",8.9,8.22186666666667
"31137",7.6,6.9187
"31139",7.6,7.00004583333332
"31141",7.3,6.28520416666666
"31143",8.7,7.32847499999999
"31145",7.5,7.15704999999999
"31147",10.1,8.10090416666668
"31149",9.4,7.76499166666666
"31151",8.3,6.49562083333334
"31153",5.5,4.74484583333336
"31155",7.1,5.997875
"31157",7.9,6.84541666666666
"31159",6.3,5.8955125
"31161",9.1,8.87023333333333
"31163",10.5,8.18219166666666
"31165",12.4,8.86080416666666
"31167",8,6.873075
"31169",10,8.07906666666667
"31171",9.1,8.3567
"31173",8.3,7.06940416666665
"31175",9.4,7.65355
"31177",7.2,5.95611666666666
"31179",6.5,5.76899166666667
"31181",8.7,7.65534166666666
"31183",10.3,8.7869375
"31185",7.4,6.97428750000001
"32001",7.6,6.87745416666668
"32003",6.5,5.95415416666667
"32005",8.9,8.07614583333333
"32007",6.2,6.26342916666669
"32009",11.9,8.13854166666667
"32011",8.9,8.84609166666668
"32013",8,6.51480000000001
"32015",7.8,6.82225833333334
"32017",9.3,7.50020833333335
"32019",8.8,7.50971666666668
"32021",11.2,9.31737500000001
"32023",10.8,9.6257416666667
"32027",7.5,7.14297500000002
"32029",9.4,8.42545416666667
"32031",6.9,6.04982083333335
"32033",8.6,7.32077083333333
"32510",8.3,6.70647499999999
"33001",8.2,7.11782500000001
"33003",8.9,7.25401666666667
"33005",7.8,6.76051250000002
"33007",8.7,7.95567500000002
"33009",7.4,6.77296250000001
"33011",5.8,5.77576666666667
"33013",6.7,6.15121666666668
"33015",6.4,5.96999999999999
"33017",6.2,5.72070833333334
"33019",8.4,7.36211666666667
"34001",7.3,6.75284166666668
"34003",5.9,5.338725
"34005",6.1,5.705775
"34007",6.3,5.75758750000001
"34009",9,7.45207083333335
"34011",7.4,6.88216666666667
"34013",5.5,5.61428333333334
"34015",6.5,5.7586
"34017",5,5.20274583333334
"34019",7.3,6.31001666666666
"34021",6,5.32974166666667
"34023",5.8,5.19214166666666
"34025",6.4,5.9568
"34027",5.9,5.43401250000001
"34029",8.2,7.04017083333335
"34031",6.6,5.87041666666668
"34033",7.2,7.01245
"34035",5.4,5.17792916666667
"34037",6.6,6.03277916666666
"34039",5.7,5.47863333333333
"34041",6.7,6.53453333333332
"35001",6.5,5.66910416666667
"35003",14.4,10.848325
"35005",7.7,6.84124583333335
"35006",9.1,8.69535833333333
"35007",9.7,8.86982083333332
"35009",6.5,5.882575
"35011",10.3,7.9141125
"35013",6.8,6.26482916666667
"35015",7,6.07976666666665
"35017",10.1,8.78386250000001
"35019",8.5,8.25829166666667
"35021",12.6,8.34680416666667
"35023",9,8.53232500000001
"35025",6.4,5.87983333333332
"35027",10.3,8.24842083333334
"35028",5.2,4.76975
"35029",10.2,8.49669999999999
"35031",9.4,8.73717499999997
"35033",10.6,8.93705
"35035",7.2,6.67850833333335
"35037",10.4,8.49096666666667
"35039",9.2,8.19366666666666
"35041",6.8,6.31225833333333
"35043",7.2,6.26565000000001
"35045",8.9,8.10199583333332
"35047",8.5,7.99527083333335
"35049",8,6.816175
"35051",12.5,10.0171375
"35053",9.5,8.37444583333336
"35055",8.9,7.8007
"35057",9.7,8.33510833333334
"35059",9.8,8.03450833333333
"35061",7.2,6.82506666666668
"36001",5.7,5.76379583333333
"36003",7.8,7.49410416666668
"36005",7.1,6.28251666666668
"36007",7.3,6.71784583333333
"36009",8.6,8.00770833333334
"36011",8.5,7.45027083333335
"36013",8.4,8.09424166666666
"36015",8.6,7.26612916666668
"36017",9,7.88144583333335
"36019",7.3,6.98149999999999
"36021",8.1,7.425125
"36023",6.8,6.33689583333333
"36025",9.1,7.8457166666667
"36027",6.6,6.25675416666667
"36029",6.9,6.60495833333335
"36031",8.6,7.82393333333331
"36033",8.8,7.31841666666669
"36035",8.8,7.52327500000002
"36037",8.3,7.4420875
"36039",7.7,7.40405416666667
"36041",11.1,8.31678750000002
"36043",8.2,7.46448333333334
"36045",6.6,5.9882625
"36047",6.2,5.58583333333334
"36049",8,7.64530833333334
"36051",7.3,6.77984583333334
"36053",7.2,6.78230416666667
"36055",6,6.41178333333333
"36057",8.8,7.34917916666669
"36059",6,5.44166666666667
"36061",6.1,5.11975416666668
"36063",8,7.06380833333333
"36065",7.7,6.7531125
"36067",7.4,6.50329583333334
"36069",7.2,6.94660416666668
"36071",6,5.87110000000001
"36073",7.4,7.45845416666668
"36075",7.5,7.09321249999998
"36077",7.3,7.08959166666667
"36079",6.5,6.04354166666666
"36081",5.8,5.68675416666667
"36083",6.7,6.07700833333334
"36085",6.3,5.8185625
"36087",6.6,5.4513875
"36089",7.8,7.28354166666666
"36091",6.5,6.06205833333334
"36093",6.5,6.1174125
"36095",8.6,7.83275416666668
"36097",8.9,8.03002916666667
"36099",8.1,7.57338750000002
"36101",7.7,7.43991666666667
"36103",6.6,5.8001125
"36105",8,7.18236666666669
"36107",8,7.230275
"36109",5.4,5.81833333333334
"36111",7.2,6.91190833333335
"36113",8,7.03380416666668
"36115",7.9,7.38208750000002
"36117",7.4,7.36832083333334
"36119",6.2,5.39182916666667
"36121",7.6,7.56698333333333
"36123",8.8,8.01445416666666
"37001",7.4,6.6518375
"37003",8.2,7.76014999999999
"37005",11.1,9.38362916666667
"37007",8.6,8.40549166666667
"37009",9.5,8.84488333333333
"37011",8.9,8.04162916666665
"37013",9.6,8.96302499999999
"37015",9.9,9.69272083333331
"37017",9.5,8.33383333333333
"37019",9.9,8.10912499999999
"37021",6.9,7.20954166666666
"37023",8.6,8.15476249999999
"37025",5.8,5.52458333333333
"37027",8.6,8.01615833333333
"37029",6.8,6.00724166666666
"37031",9.3,7.73112083333335
"37033",9.2,8.58982499999997
"37035",7.5,7.22000833333331
"37037",8.5,7.1333
"37039",11.4,9.75285833333334
"37041",9.8,8.14212083333334
"37043",10.3,9.44087916666669
"37045",8.1,7.65474583333333
"37047",9.3,8.72799166666667
"37049",8,7.20025833333333
"37051",5.7,5.74755416666664
"37053",7,6.38667083333334
"37055",7.8,7.12779166666668
"37057",7.7,7.48792916666665
"37059",8.1,7.4109875
"37061",8.6,8.29806249999999
"37063",5.1,5.38834999999999
"37065",8.5,8.88454583333331
"37067",6.7,6.57784583333332
"37069",7.5,6.90871666666666
"37071",7.6,6.67548333333334
"37073",8.9,8.26443750000001
"37075",9.9,8.68977916666667
"37077",7.8,7.22894583333335
"37079",8.1,8.08096249999999
"37081",6.3,5.87809583333332
"37083",9.9,8.99797499999997
"37085",6.8,6.13687916666664
"37087",8.8,8.29230416666668
"37089",8.7,7.42710833333333
"37091",9.1,8.87313333333331
"37093",6.2,5.96554166666664
"37095",10,9.36982083333334
"37097",6.7,6.26304166666666
"37099",7.7,8.06213333333333
"37101",6.5,6.00900416666665
"37103",9.5,9.04207916666666
"37105",8,7.19839583333332
"37107",9.5,9.00430833333332
"37109",8,7.05725833333334
"37111",9.5,8.27229999999999
"37113",10.4,9.18916666666666
"37115",8.5,8.02965833333335
"37117",10.4,9.1033125
"37119",5,5.12838750000002
"37121",9,8.3781375
"37123",9,7.81342916666667
"37125",8.2,7.13640833333333
"37127",7.9,7.38531666666668
"37129",6.2,6.50167499999999
"37131",10.9,9.07549166666665
"37133",4.9,5.29479166666665
"37135",5.1,5.49330833333333
"37137",10.4,8.12965833333333
"37139",7.1,6.59495
"37141",7.7,7.31553333333333
"37143",9.6,9.04519583333332
"37145",8.7,8.21473750000001
"37147",6.1,5.77585
"37149",8.7,8.09806250000002
"37151",8.4,7.76064999999998
"37153",8.3,8.06155416666668
"37155",9.8,9.01302916666662
"37157",9.2,8.52191666666666
"37159",8,7.56000833333333
"37161",9.4,8.44259999999998
"37163",8.9,8.57253749999999
"37165",9.3,8.77266250000003
"37167",7.9,7.53211666666666
"37169",8.9,8.01404166666666
"37171",9.6,8.38707083333334
"37173",9,8.07060833333334
"37175",9.1,8.45045416666669
"37177",9.5,8.89470416666668
"37179",6.2,5.44574166666667
"37181",8,8.45072916666664
"37183",4.9,4.76012916666666
"37185",10.3,9.56475416666664
"37187",10.4,9.33159166666664
"37189",6.4,6.6985625
"37191",7.6,7.4458625
"37193",9.5,8.52329999999998
"37195",8.6,8.16793749999997
"37197",9.5,8.1279625
"37199",10.1,8.70391666666667
"38001",9.9,9.01999583333332
"38003",7.6,7.38889583333332
"38005",9.6,8.10709166666665
"38007",8.1,8.40655833333333
"38009",8.8,8.30201249999999
"38011",9,8.22093333333332
"38013",7.8,7.86660416666668
"38015",6.3,5.84388333333332
"38017",5,5.08312916666666
"38019",9.1,8.51133333333332
"38021",8.2,7.29111666666666
"38023",9.3,8.10761666666666
"38025",7.3,6.6226
"38027",9.3,8.42743749999998
"38029",9.7,8.84295833333333
"38031",8.2,7.93275833333333
"38033",9.6,8.41939583333333
"38035",5.7,5.46390416666666
"38037",11.6,8.86111666666667
"38039",10,8.35374999999998
"38041",8.6,8.72231666666666
"38043",8.8,8.67397916666665
"38045",9,8.68444166666665
"38047",10.8,8.40545833333334
"38049",8.3,7.9393375
"38051",11.6,9.25337083333335
"38053",5.9,6.31613333333335
"38055",8.2,8.22464583333332
"38057",8.5,8.06500833333332
"38059",7.3,6.19983333333332
"38061",7.2,6.81440833333332
"38063",9.1,8.23992499999998
"38065",9.2,8.42806666666666
"38067",9.1,8.32024583333331
"38069",8,7.94842916666666
"38071",8.1,7.6707875
"38073",7.9,7.58914583333333
"38075",7.9,7.51332083333332
"38077",7.4,7.04555833333333
"38079",9.5,8.96155416666664
"38081",8.3,7.34707083333332
"38083",11.1,9.10819583333332
"38085",10.7,9.24348333333338
"38087",9.5,8.26220833333334
"38089",6.5,5.57284166666667
"38091",8.6,8.40111666666665
"38093",7.8,7.159875
"38095",11.2,8.70929166666664
"38097",7.3,6.91249166666665
"38099",9.3,8.04260833333332
"38101",5.8,5.31302916666666
"38103",9.6,8.71237499999999
"38105",5.5,5.23633333333335
"39001",10.5,8.87492083333332
"39003",9.2,7.77250416666665
"39005",9.3,8.2928875
"39007",9.8,8.92029583333332
"39009",6.9,6.81848333333333
"39011",8.2,7.42744583333334
"39013",9.5,8.70127916666666
"39015",9.4,8.42085833333333
"39017",7.8,6.36117916666667
"39019",10.7,8.86754583333333
"39021",8.9,7.64773749999999
"39023",9.6,8.10198750000002
"39025",8.1,6.97727500000001
"39027",9,7.69890833333335
"39029",9.6,8.7053875
"39031",10.1,9.08632916666663
"39033",10.3,8.64736250000002
"39035",7.5,7.37594999999998
"39037",9.5,7.99830833333333
"39039",8.9,7.67962916666666
"39041",6,5.95817916666666
"39043",9.1,7.95263750000001
"39045",7.8,6.76868333333331
"39047",9.7,8.33035416666667
"39049",6.4,5.59600833333333
"39051",9.4,7.63138333333332
"39053",10.2,8.95031249999997
"39055",8.6,7.62908333333332
"39057",7.5,6.56213333333334
"39059",10.3,9.08674166666664
"39061",7.9,6.48282083333334
"39063",8,7.07452916666666
"39065",8.8,7.6295
"39067",10.1,9.57063749999996
"39069",8.8,7.78794583333331
"39071",9.3,8.4562375
"39073",11.1,9.12077499999999
"39075",8.8,7.95265416666671
"39077",8.6,7.81458749999998
"39079",9.7,8.63066666666666
"39081",9.7,8.63280833333332
"39083",7.2,7.89380833333333
"39085",8.7,7.32402499999999
"39087",9.6,8.47408750000001
"39089",7.9,6.93631666666665
"39091",9.2,7.77154166666665
"39093",8.5,7.72852916666665
"39095",8.6,6.94845833333334
"39097",8,7.22911249999999
"39099",9.3,8.09046249999999
"39101",9.1,8.37444583333336
"39103",8.4,6.91180416666666
"39105",11.1,10.0790291666667
"39107",9,7.39155416666668
"39109",8.1,7.42525000000001
"39111",10.7,10.0653541666666
"39113",8.3,6.76849166666669
"39115",10.2,9.86279999999997
"39117",9.6,8.02998750000001
"39119",8.3,8.14542499999999
"39121",13.1,10.7698791666666
"39123",9.3,7.96369999999998
"39125",9.5,7.96628749999999
"39127",8.8,8.70649166666667
"39129",8,7.36520833333331
"39131",10.4,9.01487083333332
"39133",7.2,7.1379875
"39135",9.1,7.65555833333334
"39137",8,7.06976666666665
"39139",9.3,8.39531666666669
"39141",9.3,8.17916666666667
"39143",9.1,8.15431666666666
"39145",9.8,8.86457083333334
"39147",8.7,7.66327916666664
"39149",8.6,7.37481666666666
"39151",8.7,8.17308749999999
"39153",7.8,7.38762916666665
"39155",10.1,8.76393749999998
"39157",10.7,8.45271250000002
"39159",5.5,5.62083750000001
"39161",8.6,7.73136666666667
"39163",10.8,9.26505416666666
"39165",7.2,5.99635416666667
"39167",9.6,8.98882499999999
"39169",8.1,7.66755416666664
"39171",9.7,8.01659999999998
"39173",7.2,6.23212083333334
"39175",8.3,7.923525
"40001",10.7,9.65454166666672
"40003",8.4,8.09532500000002
"40005",10.2,9.15691666666667
"40007",8.6,7.90345000000003
"40009",7.9,7.48456250000001
"40011",9.7,8.58439166666669
"40013",9.2,7.91888333333334
"40015",9.2,7.89391666666668
"40017",6.7,5.84855833333333
"40019",8.4,7.63840416666667
"40021",9.5,8.09154583333334
"40023",10.6,9.57490000000001
"40025",9.1,7.8095375
"40027",6.8,5.79089999999998
"40029",11.3,9.83118750000005
"40031",7.1,6.43339583333334
"40033",10.5,8.71028333333335
"40035",11.3,9.13719166666666
"40037",8.8,8.18030416666668
"40039",7.2,6.3336125
"40041",11.4,10.1698125
"40043",9.5,8.2321875
"40045",9.9,8.39601666666667
"40047",8.3,7.27967083333332
"40049",9.1,8.24539166666667
"40051",7.9,7.31254583333333
"40053",11,8.45479583333334
"40055",9,8.12480833333335
"40057",10,9.17409999999999
"40059",9.1,8.13091250000001
"40061",10.7,9.60049583333333
"40063",10.2,9.01506250000002
"40065",7.9,6.61349999999999
"40067",10.8,9.40906666666668
"40069",10,8.72150000000003
"40071",9.2,8.46810833333334
"40073",8.1,7.45519999999999
"40075",11.1,9.20701666666668
"40077",11.6,9.4125
"40079",10.2,9.18764583333335
"40081",9.5,8.42677083333334
"40083",7.9,7.02918333333331
"40085",9.1,8.36982083333332
"40087",8,6.63132916666666
"40089",10.5,9.2670125
"40091",12,10.278
"40093",8.9,8.35189166666667
"40095",10.4,9.75670416666667
"40097",10.1,8.70638333333332
"40099",9.8,8.591575
"40101",8.8,8.21286250000002
"40103",9.5,8.25420833333333
"40105",9.9,8.70080416666667
"40107",10.6,9.18055416666668
"40109",7.2,6.39954583333334
"40111",10,8.66923749999998
"40113",9.8,8.31426250000001
"40115",10.3,8.76399583333334
"40117",9.3,8.49017500000002
"40119",6.5,6.06385416666667
"40121",9.7,8.67115833333334
"40123",8.8,7.15592916666665
"40125",8.7,7.48009166666668
"40127",12.3,10.1704708333334
"40129",10.4,8.14684166666668
"40131",7.8,7.41416666666667
"40133",10.3,9.25934166666668
"40135",10.9,9.25870833333334
"40137",9.4,8.56577083333334
"40139",7.7,6.87712083333337
"40141",10.4,8.84029166666668
"40143",7.7,6.49797083333334
"40145",7.6,7.24095416666667
"40147",9.7,7.56503333333335
"40149",9.1,8.14159583333335
"40151",7.6,7.15447916666665
"40153",8.6,7.30807500000001
"41001",10.1,8.50381250000001
"41003",5.9,5.49619166666667
"41005",6.6,5.85350000000001
"41007",8.2,7.478125
"41009",8,7.21632916666668
"41011",9.4,8.76179583333331
"41013",9,8.26730416666667
"41015",12,9.22773749999998
"41017",7,6.43924166666667
"41019",9.3,8.76429583333332
"41021",10.2,8.64539583333334
"41023",10.6,9.39296250000001
"41025",10,9.055425
"41027",6.5,5.9603375
"41029",8.4,7.14770416666666
"41031",8.1,7.30122499999999
"41033",10,8.94339999999998
"41035",8.8,7.76304999999999
"41037",10,9.03657499999999
"41039",7.4,6.17045416666666
"41041",10.1,8.03028749999998
"41043",7.2,7.1485125
"41045",8.4,7.48527499999998
"41047",7.6,6.24269166666667
"41049",8.3,7.28389583333332
"41051",5.9,5.04885416666667
"41053",7.7,6.12054583333333
"41055",9.8,8.52815833333334
"41057",9.5,8.61064583333334
"41059",7.7,6.5279375
"41061",8,7.52677916666668
"41063",9,7.96165
"41065",8.1,7.42649166666666
"41067",5.3,4.82110416666667
"41069",12.1,8.94070833333334
"41071",6.9,6.15866666666666
"42001",7.6,7.27860833333331
"42003",7.1,6.64038333333334
"42005",8.8,8.73236666666664
"42007",8.2,7.33811250000002
"42009",9.5,8.89442499999998
"42011",7.6,6.77815416666668
"42013",9.2,7.50325416666668
"42015",8.9,8.11983333333334
"42017",7.4,6.22908333333332
"42019",6.7,6.92314583333335
"42021",9.1,8.07904583333333
"42023",11.5,9.42682916666664
"42025",8.7,8.0472875
"42027",6,5.91624166666667
"42029",5.9,5.39675833333333
"42031",8.3,7.94602916666665
"42033",9.3,8.15313749999999
"42035",7.6,7.50266666666668
"42037",8,7.33491666666666
"42039",8.7,8.17041666666664
"42041",6.7,6.24144999999999
"42043",7.5,6.16436249999999
"42045",6.1,5.79589583333333
"42047",9.3,8.55179583333331
"42049",8.2,7.22690416666666
"42051",9,8.20098333333334
"42053",9.3,9.23417916666664
"42055",7.8,6.95030416666666
"42057",8.4,8.57027499999998
"42059",8.7,8.13796666666668
"42061",8.1,7.93422916666666
"42063",7.9,7.81571666666666
"42065",9.3,8.35170833333334
"42067",8.8,7.94430416666665
"42069",7.7,7.02222499999999
"42071",7.4,6.84805833333332
"42073",8.8,8.4791708333333
"42075",7.8,7.2017625
"42077",7,6.14044583333333
"42079",8,7.248775
"42081",8,7.41530833333334
"42083",8.4,7.94012916666667
"42085",8.4,8.23946249999997
"42087",9.3,8.63685416666666
"42089",7.4,7.01176666666668
"42091",6.7,5.69714583333332
"42093",8.4,6.93006666666665
"42095",7.1,6.5741375
"42097",8.8,8.14660000000001
"42099",8.1,7.60235
"42101",7.1,5.76415000000002
"42103",8.2,7.5778125
"42105",9.4,8.91757916666666
"42107",8.7,7.92034583333335
"42109",7.9,7.30308749999999
"42111",8.7,8.85957499999999
"42113",10.9,8.84214583333332
"42115",8.4,8.40927500000002
"42117",9.4,8.25098749999999
"42119",7.7,7.1660625
"42121",9.6,8.65957499999998
"42123",9.2,8.58312499999999
"42125",7.9,7.08015416666669
"42127",9.8,8.03439583333335
"42129",7.5,7.50008750000002
"42131",9.1,7.87814999999999
"42133",6.8,6.73663333333332
"44001",7,5.80374583333333
"44003",6.6,6.3142375
"44005",7,6.18937083333333
"44007",6.3,5.9827375
"44009",7.1,6.19201666666667
"45001",8.6,8.43210416666666
"45003",7.9,6.83347916666666
"45005",8.9,9.03812500000002
"45007",7.5,6.89385833333334
"45009",9,8.61370833333333
"45011",8.5,8.34584166666666
"45013",7.7,6.87160000000001
"45015",5.8,5.73205
"45017",8.7,8.60722500000002
"45019",5.8,6.35059166666667
"45021",7.8,7.65998333333335
"45023",8.4,7.95262500000001
"45025",8,8.27604166666666
"45027",9.4,8.60041666666667
"45029",8.7,8.24533750000002
"45031",7.7,7.85438750000001
"45033",10,8.63974166666664
"45035",6.4,5.7992625
"45037",8.1,7.86333333333332
"45039",9.6,8.67587500000001
"45041",7.1,7.2583125
"45043",9.5,8.30994999999996
"45045",5.7,6.13243750000001
"45047",8.2,7.17179166666667
"45049",8.7,8.62156666666665
"45051",8.4,7.76787500000001
"45053",8.4,7.75350833333333
"45055",7.4,7.13201250000001
"45057",7.4,7.00408750000003
"45059",7.7,7.94775416666667
"45061",9,8.54665
"45063",6.7,6.14312916666667
"45065",10.2,9.47321250000003
"45067",9.2,8.95338333333332
"45069",8.9,8.78065416666667
"45071",8.3,7.87010416666666
"45073",9.4,8.28554583333333
"45075",8.2,8.40940833333336
"45077",6.8,6.76132083333335
"45079",5.4,5.30058333333335
"45081",8.7,8.38244583333333
"45083",6.6,6.69753333333334
"45085",6.6,7.1198625
"45087",9.3,8.66748333333332
"45089",8.5,8.64618333333334
"45091",5.9,5.5500125
"46003",8,7.3454125
"46005",9.3,7.02214166666666
"46007",9.5,9.35605000000004
"46009",8.5,7.58788333333332
"46011",4.9,5.30376249999999
"46013",6.9,6.46685416666666
"46015",8.7,7.58594583333335
"46017",9.5,9.04047083333332
"46019",8,8.02676666666668
"46021",10.7,8.40379166666665
"46023",9.3,8.79203333333336
"46025",8.8,7.85109583333333
"46027",5.6,5.16885416666665
"46029",8.2,7.08952916666666
"46031",10.5,9.45185416666665
"46033",10.2,8.84018750000001
"46035",8.6,7.37431249999999
"46037",10,8.85090416666669
"46039",9.3,7.3238375
"46041",9.4,9.03383333333337
"46043",9.3,8.87452916666669
"46045",8.5,7.41284583333335
"46047",10.9,9.06636666666667
"46049",10.4,8.92716666666668
"46051",8.6,7.46745416666667
"46053",10.9,8.28436250000001
"46055",9.6,9.03503750000001
"46057",6.5,6.4494125
"46059",9,8.1607375
"46061",7.4,6.57289583333333
"46063",7.9,7.13807083333333
"46065",6.6,6.55919166666666
"46067",8.1,7.43652083333334
"46069",8.4,8.38342916666667
"46071",10.4,9.09990000000003
"46073",9.9,8.40475000000001
"46075",9.4,7.87745416666668
"46077",8.8,7.47337083333334
"46079",7.8,7.27034583333334
"46081",7.6,7.34609583333333
"46083",5.3,5.0500625
"46085",10.2,8.74280000000004
"46087",7.4,6.78497083333333
"46089",10.5,8.84030416666668
"46091",8,7.407225
"46093",6.4,6.09793333333334
"46095",11.4,10.4706125
"46097",9.2,8.17508749999999
"46099",6.2,5.49051249999999
"46101",8.1,7.15090416666667
"46103",7.7,6.96338750000001
"46105",8.3,8.70492499999999
"46107",9.5,8.24724166666668
"46109",10.9,9.31853333333337
"46111",8.5,7.47171249999999
"46115",9.1,7.51377083333332
"46117",8,7.288975
"46119",8.7,8.14929583333334
"46121",9.7,9.58834166666664
"46123",10.9,9.20112500000005
"46125",7.7,7.33100416666667
"46127",7.3,6.31623333333333
"46129",9.4,8.18065000000002
"46135",7.7,7.05094166666666
"46137",9.3,9.24270833333337
"47001",8.7,7.94937916666667
"47003",7.4,6.85150833333334
"47005",10.2,9.48515416666667
"47007",10.4,9.33958750000001
"47009",8.1,7.96855
"47011",7.5,7.00534583333335
"47013",9.6,9.0697375
"47015",8.5,8.20804583333332
"47017",9,8.37306666666668
"47019",10.2,8.39699583333332
"47021",7.3,6.98012083333335
"47023",8.5,8.04643750000002
"47025",8.9,8.64156666666666
"47027",11.4,10.4113583333333
"47029",10.6,9.25765416666666
"47031",8.7,7.55938749999999
"47033",8.9,8.43731666666669
"47035",11.5,9.73542083333335
"47037",5.9,5.34349999999999
"47039",10.8,9.47927083333334
"47041",9.7,8.36434583333333
"47043",7.5,7.38463333333334
"47045",8.2,7.95500000000001
"47047",8.4,7.62282083333332
"47049",10.5,9.98237499999999
"47051",8.9,8.31107083333333
"47053",8.6,7.86534166666667
"47055",9.1,8.34229999999999
"47057",11.1,9.15296666666666
"47059",9.5,8.53088333333332
"47061",9.7,9.17719999999998
"47063",8.1,8.22884166666668
"47065",7.1,6.93176666666666
"47067",12.1,10.0546916666667
"47069",8.5,8.48215
"47071",9.4,9.50252916666665
"47073",9.1,8.59249999999999
"47075",9.6,9.03104999999997
"47077",9.2,8.42774166666669
"47079",10.6,8.65379166666668
"47081",8.9,8.14593750000001
"47083",8.8,8.601075
"47085",10,8.5133375
"47087",10.9,10.0418916666666
"47089",8.5,8.27553749999999
"47091",10.5,8.83940416666666
"47093",6.9,6.68248333333335
"47095",9.2,8.93665000000001
"47097",8.8,8.41407083333332
"47099",9.3,8.2886
"47101",10,9.33004999999999
"47103",8.6,7.68117916666666
"47105",9.8,8.71963333333336
"47107",8.3,8.055875
"47109",9.6,9.01999999999999
"47111",8.3,8.21570416666666
"47113",7.7,7.58337499999998
"47115",8.8,8.83270416666666
"47117",8.2,7.65149583333335
"47119",6.7,6.95102499999999
"47121",9,8.80076666666666
"47123",9.9,8.66839583333334
"47125",5.3,5.05909166666668
"47127",9.1,8.00231666666666
"47129",9.5,8.98336250000001
"47131",9,8.44152500000001
"47133",9.2,9.11711666666664
"47135",10,8.8240375
"47137",12.5,10.1977083333333
"47139",9.4,8.77554999999999
"47141",7,7.01027916666667
"47143",10.3,8.21998333333333
"47145",9.1,8.460975
"47147",7,6.65797083333335
"47149",5.9,5.0812125
"47151",9.4,9.82414166666665
"47153",10.3,8.97644166666666
"47155",8.1,8.07602499999998
"47157",6.8,6.63769166666668
"47159",7.8,7.77765416666665
"47161",8.7,8.54044166666667
"47163",8.8,7.9866125
"47165",6.7,6.47172499999999
"47167",7.3,7.23353333333335
"47169",6.5,6.26878333333334
"47171",10.1,8.69937083333332
"47173",8.8,8.87188749999999
"47175",10.6,9.97985833333332
"47177",9.5,8.38553333333333
"47179",8.6,7.27264583333335
"47181",9.4,8.56244583333333
"47183",7.7,8.00791666666669
"47185",9.5,9.04168333333331
"47187",5.6,5.26377083333335
"47189",6.5,6.40138749999999
"48001",7.6,6.85129583333334
"48003",6.4,5.64250833333333
"48005",8.6,7.25993333333332
"48007",10.4,8.05600833333334
"48009",8.7,7.49503750000001
"48011",8.4,7.54551250000001
"48013",7.4,7.063825
"48015",8.4,7.59298750000001
"48017",7.4,6.70181666666667
"48019",9.9,8.4475
"48021",7.5,6.19385833333335
"48023",8.7,8.21303750000001
"48025",7.5,6.373575
"48027",6.1,5.36596666666667
"48029",6.1,5.7092875
"48031",9.2,7.85530416666668
"48033",7.5,7.50016666666668
"48035",10.4,8.33213750000001
"48037",8.1,7.63053750000001
"48039",5.8,5.22944999999999
"48041",5,4.51391666666668
"48043",8.4,7.67414583333334
"48045",12.8,9.69322499999999
"48047",8.7,8.8338875
"48049",8.6,7.96127916666666
"48051",9.1,8.02877500000002
"48053",8.8,8.01110000000001
"48055",7.4,6.753125
"48057",7.9,7.4947375
"48059",8.9,7.63554583333334
"48061",8.4,6.451775
"48063",8.8,8.30070416666667
"48065",7.7,7.36524166666667
"48067",9.4,8.844325
"48069",8.3,7.61278333333333
"48071",6.2,5.75495833333333
"48073",8.6,7.83477499999998
"48075",7.5,6.92465
"48077",8.7,7.76453750000001
"48079",9.6,8.88829166666666
"48081",11.2,8.52564583333333
"48083",10.3,9.26653750000002
"48085",4.7,4.43321249999998
"48087",9,8.88277916666666
"48089",9,7.86554166666668
"48091",6.8,6.11152500000002
"48093",10.3,8.27269166666667
"48095",11.2,8.27047083333334
"48097",8.2,7.57450833333334
"48099",5.8,5.25314583333332
"48101",11.1,9.38376666666667
"48103",7.1,5.83084166666666
"48105",8.2,8.32274583333334
"48107",8.9,8.92238749999999
"48109",9.6,7.7077
"48111",7.4,6.61101666666667
"48113",5.8,5.31242083333333
"48115",7.9,6.72354166666665
"48117",8.2,6.717525
"48119",8.7,8.00145
"48121",5,4.41326249999998
"48123",8.9,8.07956249999999
"48125",10.2,9.09969166666667
"48127",10.9,8.146225
"48129",9.7,8.4856625
"48131",8,7.12491250000001
"48133",9.2,8.49907083333333
"48135",6,5.69229166666666
"48137",13.1,9.04618333333334
"48139",6.1,5.49647916666668
"48141",6.5,5.72647499999998
"48143",7,5.99307083333334
"48145",8.9,8.04729999999999
"48147",8,7.33464166666669
"48149",8.9,8.10487916666668
"48151",10.1,8.48834166666667
"48153",9.8,8.49521666666667
"48155",11.6,9.75107083333334
"48157",5.1,4.55826666666666
"48159",7.7,7.01871249999999
"48161",9.1,7.6934875
"48163",7,6.24633749999999
"48165",6.3,6.11882916666666
"48167",6.7,6.4331
"48169",6.6,7.62074999999999
"48171",9.5,8.01140833333336
"48173",6.2,6.05091250000001
"48175",9.6,8.15273750000001
"48177",8.4,7.71127500000003
"48179",8.5,7.55599166666666
"48181",8.3,6.96914583333333
"48183",7.6,7.17991666666667
"48185",8.5,7.77403750000001
"48187",6.5,5.79237499999999
"48189",7.7,6.99887916666665
"48191",10.4,9.19663333333333
"48193",10.2,8.36908333333334
"48195",7.4,6.52599583333333
"48197",9,9.20150416666666
"48199",7.7,7.39910416666668
"48201",6.3,5.25462916666667
"48203",7.8,7.49605000000001
"48205",6.9,7.11984583333333
"48207",9.3,8.55626666666667
"48209",5.5,4.85821250000001
"48211",7.5,7.43852083333334
"48213",9.8,8.21949166666666
"48215",7.7,6.19530416666666
"48217",9.5,7.80475000000002
"48219",8,6.93485000000001
"48221",8.4,7.12218333333333
"48223",8.1,7.32232500000002
"48225",9.9,9.01879583333334
"48227",6.9,6.45484583333332
"48229",7.1,7.33012916666667
"48231",7.3,6.77194999999999
"48233",8.2,7.25362083333333
"48235",8.4,7.27345416666666
"48237",7.9,7.58897083333333
"48239",9.4,7.99672499999999
"48241",9.9,9.23952083333334
"48243",12.8,9.22835
"48245",7.8,6.92165833333332
"48247",9.7,6.78955416666666
"48249",8.2,7.37665416666665
"48251",7,6.14465416666666
"48253",8,6.98148333333333
"48255",7.1,6.88961666666665
"48257",6,5.45422083333334
"48259",7,6.76759583333335
"48261",13.4,8.5655375
"48263",9.2,7.88230000000001
"48265",10.4,8.514575
"48267",11.1,8.428375
"48269",12,7.03564583333333
"48271",9.8,8.37145416666667
"48273",6.6,6.484975
"48275",9.5,9.14319166666666
"48277",8.6,7.66207500000001
"48279",8.8,8.25108749999999
"48281",8.6,7.63312916666667
"48283",7.3,7.0242125
"48285",9.1,8.13753333333336
"48287",9,7.90012499999999
"48289",10.5,8.85406250000001
"48291",7.4,6.69983333333332
"48293",10.3,8.13645
"48295",9.9,7.36839166666667
"48297",9.4,8.72584166666667
"48299",10.8,8.52920000000002
"48301",6.7,8.6203
"48303",6,5.64557083333334
"48305",9.1,7.47074583333332
"48307",9.7,8.20830833333332
"48309",7.1,6.03850416666666
"48311",10.9,8.83983333333333
"48313",7.4,6.55069166666669
"48315",10.9,9.36966250000001
"48317",6.6,6.47256666666665
"48319",9.9,7.62015000000003
"48321",9.1,7.43508333333334
"48323",7.9,6.46614999999999
"48325",7.2,6.80372916666668
"48327",11.3,9.64981666666667
"48329",5.4,5.27961666666667
"48331",8.8,7.85232916666666
"48333",9.5,7.80784166666668
"48335",7.3,6.751025
"48337",8.8,8.05181666666667
"48339",6.7,5.60797916666667
"48341",7.8,6.52898333333332
"48343",9.2,8.83885833333332
"48345",10,8.96771666666666
"48347",7.3,6.84168333333332
"48349",8.6,7.55363749999998
"48351",11.3,9.32185833333336
"48353",9,7.97654583333332
"48355",7.4,6.41124583333334
"48357",7.2,6.42753749999999
"48359",7.8,7.30131666666667
"48361",7.7,6.89559583333334
"48363",8.5,8.1435
"48365",8.9,8.02712916666667
"48367",6.7,6.15369166666665
"48369",8.2,6.97514583333333
"48371",7.3,6.95663750000001
"48373",8.7,8.17255416666667
"48375",8.1,6.96552499999999
"48377",12.6,9.49066666666669
"48379",9.8,7.89157083333333
"48381",6.2,6.306425
"48383",6.1,5.57019166666665
"48385",12.5,10.0817791666667
"48387",10.5,9.76342916666667
"48389",7.3,6.43743333333332
"48391",9.8,8.53589583333332
"48393",8.6,7.40204583333334
"48395",8.3,7.80619583333333
"48397",5.7,4.53334583333333
"48399",8.5,7.87563333333333
"48401",7.4,7.49690416666667
"48403",12.2,9.49397083333335
"48405",12.1,10.2016
"48407",9.6,8.98812916666668
"48409",7.3,7.02987499999999
"48411",8.8,8.82767916666668
"48413",9.1,8.642925
"48415",7.6,6.71095416666667
"48417",8.2,7.26070833333335
"48419",9,8.58944583333334
"48421",7.8,7.37298333333334
"48423",7.6,6.87996666666666
"48425",7.3,6.984275
"48427",8.3,7.38502916666667
"48429",8.9,8.31600833333333
"48431",6.4,5.98437499999999
"48433",10.6,8.33648333333334
"48435",9.5,6.49485833333333
"48437",8.9,8.59882499999999
"48439",5.8,5.17037916666667
"48441",6.7,5.92280416666667
"48443",9.2,9.11255
"48445",8.7,7.34592083333332
"48447",10.4,8.74242083333334
"48449",8.1,8.02379166666666
"48451",7.6,6.05238333333335
"48453",5.1,4.37285833333333
"48455",10.5,9.03268333333336
"48457",9.8,8.81038750000002
"48459",9.3,7.84052916666668
"48461",8.8,7.32784999999998
"48463",7.9,6.85029999999999
"48465",7.5,6.3716375
"48467",8.9,7.9507416666667
"48469",7.7,7.39498750000001
"48471",7.3,6.49
"48473",5.8,5.56774583333332
"48475",7.2,6.28759166666666
"48477",8.6,7.54514583333335
"48479",5.8,6.06987083333333
"48481",8,7.59759166666668
"48483",9.7,8.94019999999999
"48485",7.1,6.38945416666667
"48487",9.6,8.44010416666666
"48489",8.3,7.53838333333333
"48491",5.3,4.65265416666666
"48493",7.3,6.61376666666668
"48495",6.8,6.23014583333331
"48497",7.5,6.51272499999998
"48499",9.8,8.19488750000001
"48501",7.5,6.35307499999999
"48503",8.8,7.93037083333333
"48505",9.6,7.56995000000001
"48507",8.6,7.45048333333333
"49001",6.3,6.07352083333334
"49003",5.5,5.40136666666668
"49005",4.8,4.12990833333332
"49007",7.6,6.62313333333334
"49009",9,6.84581249999999
"49011",4.5,4.20617499999999
"49013",6.6,6.12067916666666
"49015",7.5,6.81850000000002
"49017",8,7.26079166666665
"49019",7.6,6.27827083333334
"49021",5.6,5.58082083333334
"49023",5.8,5.49219583333334
"49025",8.2,6.69057916666667
"49027",7.2,6.79206250000001
"49029",5.5,4.60744583333333
"49031",11.6,8.83954166666666
"49033",7,6.6109125
"49035",4.8,4.53906666666666
"49037",8.3,8.32753333333332
"49039",6.2,6.0098375
"49041",7.1,6.6580625
"49043",5.2,5.1553625
"49045",4.8,5.11895416666667
"49047",6.1,5.79080416666667
"49049",3.7,3.98885416666666
"49051",5.2,4.92369583333332
"49053",6.8,6.46293749999999
"49055",7.9,7.17269166666667
"49057",5.2,5.07458749999999
"50001",6.3,6.59522083333334
"50003",7.7,6.78907083333335
"50005",7.7,7.320625
"50007",6.1,5.56907916666667
"50009",9.9,8.59438333333335
"50011",6.5,6.88948333333334
"50013",7,6.78176666666668
"50015",6.9,6.07205833333334
"50017",7,6.90601250000002
"50019",8.6,7.40943333333333
"50021",7.8,7.34355
"50023",6.9,6.42746666666667
"50025",7.4,6.88270000000001
"50027",7.1,6.69760416666668
"51001",9.6,8.74844583333336
"51003",6.1,5.8252
"51005",9.6,8.46785416666664
"51007",8.2,7.38674583333333
"51009",8.7,7.4476625
"51011",8.4,7.53991250000001
"51013",4.3,3.85786666666667
"51015",8,7.37028749999998
"51017",11.3,10.4345291666667
"51019",7.5,6.71681666666667
"51021",8.6,8.63354583333337
"51023",8.3,7.26300833333333
"51025",8.6,8.23713333333332
"51027",10.8,10.0109916666667
"51029",8.3,8.048025
"51031",7.7,7.00256666666667
"51033",7.3,6.6050625
"51035",9.5,8.80886250000001
"51036",9.3,8.20862916666667
"51037",10.1,8.4786583333333
"51041",5.7,5.20925416666667
"51043",7.5,7.02906249999998
"51045",9.1,9.26650416666669
"51047",7,6.04634166666666
"51049",8.4,7.51839583333332
"51051",10.3,9.79169583333332
"51053",7.7,7.14283333333332
"51057",9.5,8.45002499999999
"51059",4.9,4.5142125
"51061",6.3,5.69352083333332
"51063",8.6,8.03994166666666
"51065",7.4,6.1820125
"51067",9.3,7.97891666666666
"51069",7.2,6.24742083333332
"51071",8.2,8.08076666666667
"51073",7.4,6.36285416666666
"51075",7.3,6.19858749999999
"51077",10.9,9.32714166666666
"51079",7.3,6.41936666666665
"51081",7.1,6.81254583333331
"51083",10,8.4828708333333
"51085",6.8,5.79714583333333
"51087",6.2,5.40545416666667
"51089",10.2,8.97125416666667
"51091",10.3,8.40148749999997
"51093",7.6,6.58569166666666
"51095",8.2,6.45184583333332
"51097",9.2,7.9986041666667
"51099",6.3,5.5345
"51101",7.2,6.088275
"51103",10.6,8.36342083333335
"51105",10.3,9.52515833333332
"51107",4.5,3.9115625
"51109",7.6,7.05341666666665
"51111",9.7,8.18991666666663
"51113",8.7,7.63850833333332
"51115",9.7,8.12911249999999
"51117",9.9,8.13228749999999
"51119",10.3,8.26259583333335
"51121",5.6,4.87950416666667
"51125",9.2,8.15327499999997
"51127",6.1,5.88635833333332
"51131",9.7,8.98214583333333
"51133",10.9,8.49375416666667
"51135",8.3,8.04365833333331
"51137",7.5,6.75004999999999
"51139",9,8.21531666666667
"51141",10.7,8.83297500000001
"51143",9.6,8.61316249999998
"51145",6.9,6.10589166666666
"51147",6.4,6.32576666666666
"51149",6.1,5.81262916666667
"51153",5.1,4.32895833333334
"51155",8.6,7.97961666666665
"51157",8.9,7.54919583333334
"51159",9.3,6.72784166666667
"51161",7.4,6.12230416666668
"51163",9.1,7.83123749999999
"51165",7.2,6.67337499999997
"51167",10.2,9.65961666666667
"51169",10.5,9.18070833333332
"51171",8.8,7.81697916666665
"51173",9.9,9.09285833333333
"51175",7.7,7.25623333333335
"51177",6.1,5.29898333333335
"51179",5,4.36232083333333
"51181",8.8,7.89252500000002
"51183",7.4,7.20872499999998
"51185",9.3,9.30945000000001
"51187",7.5,6.59597500000001
"51191",9.1,8.14073333333334
"51193",10.5,8.60277083333336
"51195",9.1,8.36914166666666
"51197",8.3,8.79635833333332
"51199",6.1,5.57130416666668
"51510",4.5,4.17009583333333
"51520",9.4,8.32038333333332
"51530",8.2,7.39924583333333
"51540",5.7,4.60526666666667
"51550",5.9,5.09123750000001
"51570",7.2,6.08535833333333
"51580",7.9,7.96470416666667
"51590",9.5,8.0355625
"51595",9,7.89668749999999
"51600",5.4,4.63202083333334
"51610",4.9,4.16999166666667
"51620",8.3,6.74432916666666
"51630",5.4,4.49995833333333
"51640",9.1,7.96555000000002
"51650",6.2,6.00494583333333
"51660",5,4.96583333333333
"51670",8.1,7.07034583333334
"51678",4.5,4.85460000000001
"51680",5.5,5.44234166666666
"51683",5.1,4.53500833333333
"51685",5.4,4.74486250000001
"51690",8.2,7.83287499999999
"51700",5.9,5.412025
"51710",5.5,5.13945833333334
"51720",8.7,9.43599583333334
"51730",7.2,6.89689583333332
"51735",6.7,5.8478125
"51740",6.7,6.31968333333333
"51750",4.5,4.69099583333333
"51760",5.8,5.23796666666668
"51770",7.5,6.56625833333332
"51775",6.4,6.20499166666665
"51790",7.8,6.62667916666665
"51800",6.3,5.43912083333334
"51810",5.7,5.06814166666668
"51820",7.3,6.57384166666667
"51830",5.7,5.69700416666667
"51840",7,5.66312083333332
"53001",7,6.3438625
"53003",8.4,7.74781250000001
"53005",6,5.46053750000001
"53007",7.1,6.38432916666667
"53009",8.9,7.44056249999999
"53011",5.4,5.449
"53013",8.8,7.5301375
"53015",7.3,6.95992916666667
"53017",7.1,6.24369583333334
"53019",10.5,8.59869166666667
"53021",5.7,5.37091666666667
"53023",8.5,7.95741666666666
"53025",6.9,6.30192499999998
"53027",8.5,7.61417916666667
"53029",7.1,6.97245833333334
"53031",9.2,8.19834166666666
"53033",4.4,4.46726249999999
"53035",6.3,5.8224
"53037",6.3,5.73671666666667
"53039",8.7,7.82852083333334
"53041",7.7,7.52641666666668
"53043",8.8,7.95905416666667
"53045",8.2,7.53673333333335
"53047",9.2,8.24622083333334
"53049",9.9,8.21999166666667
"53051",8.8,8.43524583333333
"53053",5.6,5.1711875
"53055",9,7.95645833333332
"53057",7.1,6.72582916666666
"53059",8.2,7.34394583333333
"53061",5.3,5.17759166666667
"53063",6.2,5.67967916666667
"53065",8.8,8.0741875
"53067",5.7,5.63761666666667
"53069",9.7,8.46239166666667
"53071",7,6.34202083333333
"53073",6.5,5.934025
"53075",4.9,4.47919583333334
"53077",7,6.17259166666666
"54001",9.7,10.0235
"54003",7.3,6.73229166666666
"54005",10.9,10.4747583333333
"54007",11,10.5473166666667
"54009",9.8,8.65628333333331
"54011",9.1,8.58273750000001
"54013",12.9,11.0600041666667
"54015",11.3,11.2803208333334
"54017",9.9,9.86367499999999
"54019",11.1,9.93192500000002
"54021",8.4,8.2730875
"54023",11.4,9.82004166666668
"54025",10.7,8.87387083333333
"54027",11.6,9.97571250000002
"54029",10.2,9.3052708333333
"54031",10.9,10.1617916666667
"54033",9.5,8.50581666666669
"54035",9.8,9.66073333333332
"54037",7.5,6.2944375
"54039",9.7,8.84685833333335
"54041",10,9.27799166666668
"54043",11.6,11.11425
"54045",11.4,10.2514333333333
"54047",13.6,10.9082916666667
"54049",9.3,8.36374583333336
"54051",10.2,9.21870416666665
"54053",9.8,9.89989999999999
"54055",9.7,8.97407500000001
"54057",9.2,8.24017916666667
"54059",11.7,10.9552333333333
"54061",6.2,6.37609166666667
"54063",10.8,8.77102083333334
"54065",9.8,9.10345
"54067",10.9,10.2741083333334
"54069",8.5,8.23425833333333
"54071",11.2,10.0525291666667
"54073",9.2,8.32786666666668
"54075",12.4,11.0391375
"54077",9.8,8.62558333333332
"54079",8.2,8.24172083333334
"54081",10.4,9.10755000000001
"54083",10,9.23861250000001
"54085",11.7,10.8638833333333
"54087",11.5,10.4938375
"54089",11.7,10.5092791666667
"54091",10.2,9.23113750000002
"54093",10.3,8.69755833333332
"54095",10.4,9.53373333333332
"54097",10.6,9.29099166666669
"54099",10.1,9.02941666666668
"54101",12.1,10.834225
"54103",10.7,9.61927083333332
"54105",11.9,10.414025
"54107",9.6,8.97697916666668
"54109",11.8,10.5491333333333
"55001",10.9,9.22929999999996
"55003",9.1,7.81253333333334
"55005",9.2,8.02694583333334
"55007",9.3,8.52990000000002
"55009",6.2,5.64699166666665
"55011",8.4,7.63275833333333
"55013",10.2,8.80085416666669
"55015",6.3,5.70555
"55017",7.3,6.94832083333332
"55019",8,7.54142083333333
"55021",7.1,6.77165833333332
"55023",9.5,8.15728749999999
"55025",5.2,5.03139166666667
"55027",7.6,6.68524166666667
"55029",9.2,7.90400416666668
"55031",7.3,6.94504166666666
"55033",6.8,5.91194583333333
"55035",6,5.71795833333333
"55037",10.5,8.53016666666666
"55039",7.6,6.65583750000001
"55041",10,8.764825
"55043",7.9,6.52388333333335
"55045",7.5,6.65058333333331
"55047",10.3,7.96990416666666
"55049",7.3,6.66565416666666
"55051",10.6,8.51718333333335
"55053",8.3,8.12830833333332
"55055",6.6,6.00947916666668
"55057",9.1,8.27451666666667
"55059",6.7,5.66243333333332
"55061",7.7,7.40781249999999
"55063",6.3,5.83625
"55065",8.1,7.55730833333335
"55067",9.2,8.46587083333335
"55069",8.9,7.97182499999999
"55071",8.1,7.29450416666666
"55073",7.3,6.48658333333334
"55075",10,8.09442916666668
"55077",10.6,8.44690833333333
"55078",8.8,7.98555000000001
"55079",6,5.55567083333332
"55081",7.6,7.02917916666668
"55083",9,7.83236250000001
"55085",8.4,8.14761666666666
"55087",6.6,5.65546666666667
"55089",6.8,6.14709999999999
"55091",8.4,7.7495625
"55093",6.4,5.59276666666665
"55095",8.2,7.33689583333333
"55097",6.7,5.90645
"55099",9.8,9.11167083333333
"55101",7,6.19199583333333
"55103",9.1,8.21209999999997
"55105",6.8,6.2495625
"55107",10.2,8.41652083333333
"55109",6.2,5.31164166666667
"55111",8.1,6.76626666666666
"55113",9.3,9.00402083333336
"55115",8.6,7.79045416666665
"55117",7.4,6.18867916666667
"55119",8.9,7.56785416666664
"55121",7.2,7.08933333333334
"55123",8.5,7.41075000000001
"55125",10.2,8.669475
"55127",6.8,6.47020833333332
"55129",8.9,8.75808333333332
"55131",7,5.83685416666667
"55133",6.5,5.77149583333334
"55135",7.7,7.27136249999998
"55137",9.6,8.49244583333331
"55139",6.2,5.87032083333334
"55141",8.3,7.13111249999998
"56001",5,4.44009166666668
"56003",7.8,7.39874166666666
"56005",6,6.0090875
"56007",7.6,7.11529166666666
"56009",7.5,7.13195
"56011",7.9,7.76849999999999
"56013",7.8,7.51990833333335
"56015",7.7,7.86144166666667
"56017",10,8.40268750000002
"56019",8.8,8.50725
"56021",6.1,5.84643333333333
"56023",6.9,6.79576666666666
"56025",6.6,6.01205416666668
"56027",9.2,8.54761250000001
"56029",7.6,7.43425833333333
"56031",9.3,8.59579166666667
"56033",7,6.86861250000001
"56035",7.7,7.11937916666667
"56037",6.2,5.89330416666666
"56039",5.1,5.487075
"56041",6.8,6.31800416666666
"56043",8.5,7.50351666666667
"56045",8,8.11492083333334
