"county_fips","per_diabet","pred_outcome"
"01001",13.3,12.19145
"01003",13.4,12.6907041666667
"01005",19.6,18.1336291666666
"01007",16.2,14.408625
"01009",13.8,13.5836166666667
"01011",24.6,19.8952583333333
"01013",18.9,18.1578416666667
"01015",14.8,14.1659291666667
"01017",17.9,16.3396541666667
"01019",16,14.6414083333334
"01021",14.1,13.7417333333334
"01023",20.1,17.7117916666667
"01025",18.4,17.3384625
"01027",16.5,15.3034166666667
"01029",14.6,14.05705
"01031",14.8,14.0548375
"01033",15,13.8556958333333
"01035",22.1,19.0872083333333
"01037",18.6,14.930725
"01039",16.3,15.0445125
"01041",16.6,15.3194833333333
"01043",13.4,13.3422583333333
"01045",15.8,14.6452166666667
"01047",22.4,19.4775958333333
"01049",15.7,14.8859041666667
"01051",13,12.104025
"01053",18.5,16.7109541666667
"01055",16.3,14.2333791666667
"01057",16.6,15.1647833333334
"01059",16.4,14.5239416666666
"01061",16.4,15.6456166666667
"01063",27.1,22.8184541666667
"01065",19.7,18.2885875
"01067",16.7,14.8961916666666
"01069",15.7,14.4241208333333
"01071",16,14.3867458333333
"01073",15.1,14.1633666666667
"01075",16.7,14.1100916666667
"01077",12.9,12.866875
"01079",15.5,13.4593791666667
"01081",12.5,11.2393041666667
"01083",12.5,11.7117583333333
"01085",24.1,20.0756958333333
"01087",20,18.3663666666666
"01089",12.1,11.4372875
"01091",19.8,17.9825458333334
"01093",15.5,14.4347125
"01095",14.5,13.507725
"01097",16.1,14.4145041666667
"01099",19.7,18.33725
"01101",16.4,16.1718375
"01103",14.7,12.928725
"01105",24.6,20.9895708333333
"01107",18,17.0827083333333
"01109",14.1,15.5264208333333
"01111",16.1,14.6644083333333
"01113",17.3,15.9573083333333
"01115",13,12.6367083333334
"01117",11.2,11.0008625
"01119",19.7,20.3039708333333
"01121",17.2,15.5928541666667
"01123",16.8,15.5990541666666
"01125",12,12.3904041666667
"01127",15.1,14.4216
"01129",17,15.8027916666667
"01131",23.8,21.6418041666667
"01133",16.5,14.8730666666667
"04001",17.5,16.5174
"04003",13.7,12.67985
"04005",9.3,9.92180416666667
"04007",15,14.1963333333333
"04009",11.4,13.1442416666667
"04011",10.6,12.4245166666667
"04012",17.5,15.5615333333334
"04013",10.6,10.6206125
"04015",14.2,14.5734
"04017",15.1,15.5838458333333
"04019",11,10.7802708333333
"04021",12.9,12.2641
"04023",15.5,13.8711541666667
"04025",12.1,11.5142333333333
"04027",14.5,13.5831916666667
"05001",15.2,14.1616541666667
"05003",18.3,15.9961416666666
"05005",15,14.0710958333333
"05007",10.3,10.2910958333333
"05009",13.1,13.1607875
"05011",17.6,15.7579125
"05013",14.6,14.2542958333333
"05015",15,13.6146958333333
"05017",20.5,17.7080916666667
"05019",12.9,12.2958958333333
"05021",14.1,13.7645833333333
"05023",15.1,13.9737333333333
"05025",15,13.9724625
"05027",14.4,14.7647750000001
"05029",15.6,14.2676791666667
"05031",11.6,13.056125
"05033",13,13.0986625
"05035",16.5,15.2145625
"05037",16.1,14.7199416666667
"05039",17.1,15.869175
"05041",21.2,19.2097250000001
"05043",15.2,14.3391666666667
"05045",10.8,10.7761125
"05047",14.6,14.1500958333333
"05049",17.1,14.1894666666667
"05051",14.8,12.4776041666667
"05053",12,12.6305583333333
"05055",12.5,12.8459583333333
"05057",16.6,15.9365625
"05059",13.9,13.7974625
"05061",15.2,15.4516166666667
"05063",13.4,14.2673458333333
"05065",15.9,14.927025
"05067",15.4,14.6226333333333
"05069",17.6,15.2436041666667
"05071",14.6,13.835475
"05073",20.6,18.742825
"05075",14.4,14.173325
"05077",19.7,18.4669708333333
"05079",13.8,13.9167208333333
"05081",15.7,14.0153208333333
"05083",14.4,13.1940083333334
"05085",11.3,11.1169125
"05087",13.9,14.2046166666667
"05089",16.4,14.5539333333333
"05091",15.3,15.1363791666667
"05093",15.2,15.0041791666667
"05095",19.1,16.7956666666667
"05097",16.4,15.522975
"05099",18.3,16.1568416666667
"05101",15.3,14.6207791666667
"05103",17.7,15.5768583333333
"05105",14.1,13.4685666666667
"05107",21.7,19.5722583333334
"05109",14.4,13.5475375
"05111",14.6,14.5822041666667
"05113",15.5,14.1157
"05115",12.7,12.2396333333333
"05117",15.1,13.5686416666667
"05119",12.9,13.7628791666667
"05121",14.7,14.2759375
"05123",18.9,18.1126875
"05125",11.3,11.2530791666667
"05127",14.8,13.9595041666667
"05129",17.6,15.9631041666667
"05131",13.1,12.5437958333333
"05133",15.2,14.9335583333333
"05135",16.2,15.1096166666667
"05137",17,15.6696041666667
"05139",16,14.7029041666667
"05141",16.2,15.4954291666667
"05143",10.1,10.2566833333333
"05145",12.6,12.2132833333333
"05147",18.3,15.5927916666667
"05149",14.7,13.7775791666667
"06001",11,10.0217041666667
"06003",11.6,10.9465
"06005",11.8,12.4695416666667
"06007",10.7,11.2406833333333
"06009",13.2,12.9390708333333
"06011",13.4,12.2959375
"06013",11.3,10.1680083333333
"06015",12.5,12.1382208333333
"06017",10.8,10.353025
"06019",12.7,12.1866875
"06021",12.6,12.24695
"06023",11.4,10.7114291666667
"06025",15,13.1896875
"06027",12.4,11.70365
"06029",13.3,12.4089666666667
"06031",12.1,12.2421666666667
"06033",14.1,12.8931541666666
"06035",11.5,11.7215583333334
"06037",12.6,11.0057083333333
"06039",13.5,12.5569416666667
"06041",10.2,9.8529
"06043",13.5,12.6617625
"06045",13.7,12.7498541666667
"06047",13,12.6152458333333
"06049",14.9,14.0092708333333
"06051",10.5,11.1227791666667
"06053",12.5,11.4110833333333
"06055",11.4,10.5064875
"06057",11.5,11.2765875
"06059",11.5,10.3490375
"06061",9.8,9.77951666666667
"06063",13.5,12.85385
"06065",12.4,11.7156125
"06067",11.2,10.4129208333333
"06069",11.3,11.64775
"06071",12.1,12.0941458333333
"06073",10,10.4355
"06075",10.2,9.8566
"06077",12.3,11.793
"06079",10,10.4122666666667
"06081",10.6,9.92119583333331
"06083",10.8,11.0840708333333
"06085",10.5,9.88150416666664
"06087",10.2,9.99544583333332
"06089",11.7,11.6850291666667
"06091",15.3,13.8458416666667
"06093",13.9,13.1964458333333
"06095",12.1,11.0788625
"06097",10.7,10.4670458333333
"06099",11.9,11.8865416666667
"06101",12.8,11.8792375
"06103",13,12.4399666666667
"06105",15.9,14.0429875
"06107",13.1,12.7560583333333
"06109",12.1,12.4644958333334
"06111",11.4,10.8426666666667
"06113",9.3,9.72547083333335
"06115",11.3,11.8775666666667
"08001",9.7,8.34287500000003
"08003",11.3,12.5692041666667
"08005",8.5,7.53442500000002
"08007",11.7,10.7765154761905
"08009",13.4,13.0093416666666
"08011",14.7,12.8149791666667
"08013",7.1,6.96252499999999
"08014",7.1,6.71035833333333
"08015",10.2,8.79068125
"08017",11.3,12.4302
"08019",9,8.592225
"08021",13.8,13.2561666666667
"08023",17,15.8266083333333
"08025",11,12.5529666666667
"08027",12.4,9.93976666666666
"08029",12.4,10.9985708333333
"08031",7.1,6.98226666666667
"08033",11.5,13.6834291666667
"08035",6.8,6.5088
"08037",8.5,7.2895875
"08039",8.9,8.649225
"08041",8.7,7.68097916666667
"08043",11.4,11.458175
"08045",8.9,8.80388333333332
"08047",9.6,8.72290416666666
"08049",9.1,9.08310416666667
"08051",7.1,7.23420833333333
"08053",10,9.56330694444446
"08055",13.9,16.0879416666666
"08057",13.9,11.0203875
"08059",8.3,7.3109375
"08061",11.8,12.2259375
"08063",11.4,12.2866666666667
"08065",8.4,7.79029583333333
"08067",9.3,9.26187916666666
"08069",7.3,7.34327083333332
"08071",13.7,14.8024916666666
"08073",10.8,11.9400333333333
"08075",11.2,11.6750083333334
"08077",9.8,9.57630416666666
"08079",10.5,9.329975
"08081",10.8,10.1831333333333
"08083",11.8,11.1015166666667
"08085",11.5,11.0476333333333
"08087",10.9,10.062525
"08089",14.5,13.0958208333333
"08091",10,9.16168035714287
"08093",10.2,9.17749583333334
"08095",11.9,11.17525
"08097",8.4,7.84216249999999
"08099",12.6,12.7686375
"08101",12.3,12.3783333333333
"08103",9.6,9.97816249999999
"08105",12.2,10.9579208333333
"08107",8.3,7.34612916666666
"08109",15.1,12.75605
"08111",10.2,10.5491
"08113",8.7,7.9872619047619
"08115",13,12.5652458333333
"08117",7.9,7.24559999999999
"08119",10.2,9.61944166666665
"08121",10.5,12.127825
"08123",9.5,8.28208333333335
"08125",10.9,11.40605
"10001",14.3,12.2223291666667
"10003",12.2,11.0070583333333
"10005",14.2,13.2859416666666
"11001",7.8,8.60601250000002
"12001",10.5,13.0670375
"12003",12.3,14.9603375
"12005",11.9,13.3895375
"12007",14.4,15.8278125
"12009",13.1,11.4911125
"12011",13.5,12.636975
"12013",15.2,15.7921041666667
"12015",15.6,12.2105125
"12017",15.8,14.0281625
"12019",12.2,12.205025
"12021",13.7,12.38015
"12023",15.1,15.8845666666666
"12027",17.6,16.7237083333333
"12029",16.1,16.625175
"12031",12.8,12.2794125
"12033",12.8,13.7736291666667
"12035",13.7,11.6506291666667
"12037",15.3,14.9782541666666
"12039",19.2,18.3323791666667
"12041",12.8,15.5194166666667
"12043",17.7,17.0579791666667
"12045",14.1,14.3294291666666
"12047",17.6,18.09915
"12049",15.6,16.465125
"12051",16.8,16.3616041666666
"12053",14.9,13.9442458333333
"12055",18.3,13.0777625
"12057",12.5,13.0757083333333
"12059",14.5,15.8740541666667
"12061",14.3,11.539275
"12063",15.6,15.881275
"12065",16.3,16.6291833333333
"12067",14.6,16.4995041666666
"12069",14.5,12.5607041666667
"12071",14.5,12.4897083333333
"12073",10.6,13.261225
"12075",16.1,16.4724666666667
"12077",14.3,15.5806458333333
"12079",16.8,18.4774583333333
"12081",14,13.2954791666667
"12083",14.9,13.2208791666667
"12085",13.6,11.9729458333333
"12086",15.4,13.0120666666667
"12087",13.2,12.9285708333333
"12089",11.6,11.9856375
"12091",10.8,13.1412583333333
"12093",15.6,16.1460416666667
"12095",11.7,11.5611583333333
"12097",13.4,12.1994041666667
"12099",13.7,12.9810583333333
"12101",12.8,13.1085125
"12103",13.1,13.2481375
"12105",13.6,13.2975875
"12107",17.5,16.6157166666667
"12109",10.6,11.4451625
"12111",14.5,12.2933041666667
"12113",10.9,12.9215625
"12115",13,13.3597666666667
"12117",11,12.465175
"12119",16,11.998725
"12121",15,15.8652958333333
"12123",15.9,16.0103666666666
"12125",14.5,15.8870125
"12127",13.5,12.4813458333333
"12129",12.6,13.8063041666667
"12131",12.3,13.8203083333333
"12133",15.1,15.9948708333333
"13001",17.4,16.130425
"13003",18,15.9342416666667
"13005",14.9,15.4716416666667
"13007",22.9,19.8639958333333
"13009",15.3,14.4142166666667
"13011",13.8,13.3580583333333
"13013",12.2,11.9318
"13015",12,11.8328041666666
"13017",19.1,17.3888958333333
"13019",16,15.1148333333333
"13021",16.9,15.7170791666667
"13023",14.7,14.6489916666667
"13025",14.4,14.644575
"13027",20,18.0231416666667
"13029",10,10.2663125
"13031",11.5,11.8633416666666
"13033",18.3,16.0569833333333
"13035",13.8,13.9212291666667
"13037",18.5,18.6238041666667
"13039",12.3,12.2228041666667
"13043",16.5,16.3901416666667
"13045",12.8,12.4973083333333
"13047",12.5,11.8509541666667
"13049",16.1,16.3971291666666
"13051",13.1,12.2752666666667
"13053",7.5,9.43204583333331
"13055",16,14.9221125
"13057",11,10.2499083333334
"13059",10.9,11.2392041666666
"13061",21.5,17.9152291666666
"13063",16.2,15.2853
"13065",17.3,15.7770583333334
"13067",10.9,10.3324416666667
"13069",16.1,15.6278166666667
"13071",16.7,16.2507791666667
"13073",11.9,11.3179708333333
"13075",16.5,15.3817833333333
"13077",12.4,11.1915916666667
"13079",15.5,15.1652041666666
"13081",19.4,18.144875
"13083",12.6,13.3314291666667
"13085",11.6,11.7232625
"13087",17.8,17.2874416666667
"13089",13,11.7573
"13091",16.7,16.1902833333333
"13093",18.3,19.2147666666666
"13095",19,16.6952666666667
"13097",13.6,11.9696875
"13099",18.9,17.501125
"13101",13.6,13.8602083333333
"13103",11.3,10.9759
"13105",16.6,16.3341333333333
"13107",16.4,16.1846833333333
"13109",16.8,15.8752791666667
"13111",16.5,14.9304791666667
"13113",12.6,11.4283625
"13115",14.1,12.7467208333333
"13117",9.9,9.67321666666668
"13119",14.7,13.8905
"13121",10.9,10.7678125
"13123",15.2,14.5058583333333
"13125",14.5,13.6766083333333
"13127",15.3,13.3721416666666
"13129",13.9,12.644525
"13131",17.2,16.2172583333333
"13133",15.6,13.1726625
"13135",12.6,11.4705791666667
"13137",12.9,12.5805375
"13139",13.2,12.5413875
"13141",22.8,20.4681958333333
"13143",12.6,12.2333791666667
"13145",12.6,12.2860458333334
"13147",15.3,13.9661458333334
"13149",14.3,14.6314583333333
"13151",13.4,12.5796791666667
"13153",13.1,12.0415958333333
"13155",16.2,15.0334333333333
"13157",11.6,11.4611
"13159",14.6,13.2598791666666
"13161",16.4,16.9212875
"13163",18.5,16.6533625
"13165",18.2,18.1025291666666
"13167",18,16.74115
"13169",14.4,13.0163083333333
"13171",13.6,12.2849458333333
"13173",15.9,16.2598833333333
"13175",16.4,15.8280916666666
"13177",11.8,11.7286041666667
"13179",11.6,12.3796208333333
"13181",18.2,16.521425
"13183",12.4,14.5007958333333
"13185",12.9,13.2779
"13187",11.5,12.3207291666667
"13189",16.7,15.5259166666667
"13191",20.4,16.6038541666667
"13193",21.1,19.3901625
"13195",14.7,13.7243291666667
"13197",18.7,17.9703208333333
"13199",17.6,17.6519583333333
"13201",17.8,15.4145041666667
"13205",18.4,17.9255458333333
"13207",13.1,12.2739916666667
"13209",15.4,15.0801625
"13211",12.9,11.8100125
"13213",13.3,13.128825
"13215",15,14.3195541666666
"13217",14.4,13.1069958333333
"13219",10.1,10.087775
"13221",14.1,12.5822125
"13223",11.6,11.1108541666667
"13225",14.9,14.1241041666667
"13227",13.6,13.589175
"13229",14.3,13.6545416666667
"13231",11.9,11.5711125
"13233",14.1,14.0877583333333
"13235",16.8,17.1031541666666
"13237",17.1,14.8781833333333
"13239",23.6,19.6372166666666
"13241",15.5,13.4664333333334
"13243",24.9,19.780025
"13245",16.7,15.6764083333334
"13247",17,13.3351583333333
"13249",15.1,12.83755
"13251",17.8,16.5508625
"13253",18,16.950975
"13255",16,15.6281875
"13257",14.9,13.7224708333333
"13259",17.9,17.7319916666667
"13261",16.7,16.2188541666667
"13263",22.1,19.3388833333333
"13265",21.7,18.7964333333333
"13267",16,15.3610958333333
"13269",20.2,17.3273541666666
"13271",20.5,18.2855458333333
"13273",21.2,20.3189875
"13275",16,14.6742291666666
"13277",15.8,15.7894666666667
"13279",15.5,15.2104
"13281",15.9,13.5856083333333
"13283",18.3,17.3433166666666
"13285",15,14.5370958333333
"13287",18.5,17.8345166666666
"13289",18.6,16.28095
"13291",15.7,14.1771416666667
"13293",16.3,15.8733
"13295",13.5,13.0703
"13297",13,12.3615333333333
"13299",16.8,16.0934083333333
"13301",20.2,18.7482416666666
"13303",18.7,15.441425
"13305",15.8,15.3458458333333
"13307",21,18.5932875
"13309",16,16.3085041666667
"13311",13.2,13.8030291666667
"13313",14.1,12.6576125
"13315",17.4,16.949075
"13317",18.9,16.409325
"13319",17.7,16.8254916666667
"13321",16.9,16.5533208333333
"16001",9,9.18259583333331
"16003",13.9,14.0515083333334
"16005",9.7,10.1169
"16007",11.6,10.4257416666667
"16009",13.5,13.4609083333333
"16011",11.2,10.9667125
"16013",10.2,9.09580833333334
"16015",12.1,12.2098291666666
"16017",11.8,11.9240666666667
"16019",9.4,9.72660000000001
"16021",12.6,13.6695541666667
"16023",15.2,12.6891166666667
"16025",11.8,10.9794375
"16027",11.2,10.9345166666667
"16029",10.5,10.5312166666667
"16031",11,10.6696208333333
"16033",13.8,12.6387291666667
"16035",13.1,13.4615166666667
"16037",13.4,13.4003708333333
"16039",10.4,11.1469291666667
"16041",9.4,10.2248208333333
"16043",10.5,10.5968416666667
"16045",11.5,12.5984166666667
"16047",13,12.7910708333334
"16049",12.8,13.6327958333333
"16051",9.1,9.67795416666666
"16053",12.6,12.4367166666667
"16055",9.9,10.3981916666667
"16057",7.8,8.87890833333333
"16059",12.7,12.5230375
"16061",15.1,14.0501833333333
"16063",11.5,12.4610583333333
"16065",4.9,7.54680416666667
"16067",12.3,11.8527291666667
"16069",10.8,10.78435
"16071",10.5,10.8503041666667
"16073",13.4,13.25315
"16075",11.8,11.977025
"16077",12.1,11.702875
"16079",13.5,13.3792291666667
"16081",9.2,8.97800833333332
"16083",11,10.5919666666667
"16085",13.1,11.0661
"16087",14.5,13.4260166666667
"17001",12,11.2840333333334
"17003",19,15.9549583333333
"17005",11.6,11.840325
"17007",12.2,10.8476375
"17009",11.7,11.1479208333333
"17011",13.2,12.4579583333333
"17013",11.9,11.2716208333333
"17015",13.3,12.2113041666667
"17017",13.4,11.5964041666667
"17019",9.6,9.36047916666666
"17021",12.3,11.7802208333334
"17023",12,12.0348875
"17025",13.9,12.5906291666667
"17027",11.3,11.3460291666667
"17029",11.4,11.1920666666667
"17031",11.8,11.026625
"17033",12.1,12.0014166666667
"17035",11.9,12.2732541666667
"17037",10.3,9.86945833333331
"17039",12.2,11.8065416666667
"17041",11.7,11.0404833333334
"17043",10,9.68594583333335
"17045",13.6,12.1623875
"17047",14.1,13.1888125
"17049",11.3,11.5472708333333
"17051",12.7,12.2650833333333
"17053",12.4,12.2423083333334
"17055",13.9,12.8100666666667
"17057",13,12.1467625
"17059",14.6,13.7792583333333
"17061",13.2,12.3556708333333
"17063",10.3,9.6906875
"17065",13.9,12.8295583333333
"17067",13.2,11.9432041666667
"17069",14.7,13.6790958333333
"17071",14.1,11.9970458333333
"17073",11.9,11.2331125
"17075",13.9,12.5781458333333
"17077",11.6,11.5383291666667
"17079",12,12.0090958333333
"17081",13,12.2365791666667
"17083",11.7,10.961775
"17085",13.2,11.068
"17087",12.9,13.0298041666667
"17089",11.5,10.560575
"17091",13,12.0067666666667
"17093",9.4,9.17204583333332
"17095",13.5,12.6543083333333
"17097",11.2,10.4977916666667
"17099",12.4,12.0334583333334
"17101",12.8,11.9991500000001
"17103",12.8,12.0207333333334
"17105",12.2,12.0717708333333
"17107",11.6,11.8940125
"17109",11.4,11.7160958333333
"17111",10.5,9.0450625
"17113",9.5,9.76816666666665
"17115",13.3,11.7255208333333
"17117",12.8,12.2663625
"17119",11.2,11.039
"17121",13.3,12.5574291666667
"17123",13,12.121625
"17125",13.3,12.3558041666667
"17127",14.1,13.9682416666667
"17129",11.7,10.8042041666667
"17131",12.4,12.0394125
"17133",10.1,10.0115541666667
"17135",12.6,12.2627625
"17137",12.6,11.6308291666667
"17139",11.6,11.2333916666667
"17141",12.2,10.6729916666667
"17143",12.6,10.6785166666667
"17145",13.2,12.63625
"17147",10.9,10.2561458333333
"17149",13.3,12.465225
"17151",14.9,14.0932416666667
"17153",18.4,16.8444416666667
"17155",12.1,11.6038791666667
"17157",12.9,12.4113333333334
"17159",12.5,12.2811041666667
"17161",13.1,11.80315
"17163",13.1,11.7474708333333
"17165",13.5,12.8519125
"17167",11.9,10.9106125
"17169",14.4,12.6412833333334
"17171",12.3,11.8242208333334
"17173",13,11.6896541666667
"17175",12.7,12.3321458333334
"17177",13.9,12.7838958333333
"17179",11.2,10.9769625
"17181",14.1,12.9200375
"17183",14.4,12.4023041666667
"17185",13.3,12.5567791666667
"17187",12.3,12.0597958333333
"17189",11.7,11.2327625
"17191",13.6,12.9373
"17193",14.5,13.2942125
"17195",13,12.5171916666667
"17197",10.7,9.96636666666666
"17199",12.4,11.751975
"17201",13.9,11.3310916666667
"17203",10.6,10.1190916666667
"18001",14.1,12.710925
"18003",12.9,11.6266916666666
"18005",12.4,11.3371625
"18007",14.2,12.4619958333333
"18009",16.4,14.1238333333333
"18011",10.5,9.47355833333332
"18013",14.7,12.6296
"18015",13.9,12.7351875
"18017",15.3,13.0742041666667
"18019",12.5,11.735725
"18021",14.2,12.1391041666667
"18023",13.4,12.1828458333333
"18025",17.8,14.3184958333333
"18027",13.8,12.353725
"18029",12.4,12.0362541666667
"18031",12.4,12.1348041666667
"18033",12.8,11.7762208333333
"18035",13.5,12.530225
"18037",13.2,11.7721958333333
"18039",13.6,12.2553291666667
"18041",15.4,13.0877833333333
"18043",12.5,11.3861125
"18045",14.1,13.3882041666667
"18047",13.7,12.4676458333333
"18049",14.6,12.7616291666667
"18051",13,11.9694875
"18053",15.2,13.0645166666666
"18055",14.7,13.007725
"18057",9.6,9.33771250000001
"18059",11.3,10.5020458333333
"18061",12.8,12.08225
"18063",11.1,9.87249583333334
"18065",13.5,12.8164666666666
"18067",14.4,12.8330125
"18069",13.3,12.2132208333333
"18071",13.6,12.126425
"18073",12.7,11.73835
"18075",15,13.2910041666667
"18077",13.5,12.5474041666667
"18079",14.3,13.0450458333333
"18081",11.9,10.50765
"18083",13.2,12.2315625
"18085",13,11.8534
"18087",12.4,12.0663708333333
"18089",15.1,12.3058333333333
"18091",15,12.32835
"18093",13.9,12.0679708333333
"18095",14,12.8970375
"18097",13,11.6855916666667
"18099",14,12.2081291666667
"18101",14.6,13.6204125
"18103",14.6,12.7847833333333
"18105",9.9,10.0449041666667
"18107",13.5,12.4856166666667
"18109",13.4,12.0969166666667
"18111",14.4,13.2647291666666
"18113",13.2,12.1254708333333
"18115",14.3,12.6362166666666
"18117",14.7,12.5273333333333
"18119",14.5,12.8483875
"18121",15.4,14.0325583333333
"18123",13.4,12.1098291666667
"18125",14.5,12.5765791666667
"18127",12.5,11.1291125
"18129",12.9,12.0819125
"18131",14.5,13.2828333333333
"18133",12.4,11.7556833333333
"18135",14.4,13.1401333333333
"18137",12.5,12.4090208333333
"18139",14.3,12.7786333333333
"18141",12.9,11.22885
"18143",14.1,12.7303083333333
"18145",13.9,12.211975
"18147",13.4,11.9765666666667
"18149",15,13.3697
"18151",13.5,12.5124458333333
"18153",14.1,12.6532958333333
"18155",14.9,13.2885458333333
"18157",10,9.33434583333335
"18159",13.5,12.7577625
"18161",13,12.4127541666667
"18163",12.8,12.3035166666667
"18165",14.3,12.3077916666667
"18167",13.7,12.0605541666667
"18169",13.8,12.787925
"18171",14.1,12.4552166666667
"18173",11.6,10.7805541666667
"18175",14.7,12.9550541666667
"18177",14.7,13.1827583333333
"18179",12.7,12.3136291666667
"18181",14.6,12.5793416666667
"18183",12.6,12.134625
"19001",13.1,11.44585
"19003",13.2,11.0157916666667
"19005",13.1,11.9511833333333
"19007",15.4,12.9857791666667
"19009",13.6,12.1639958333333
"19011",11.1,10.4124833333333
"19013",11.6,10.1645666666666
"19015",11.2,9.94570416666665
"19017",9.9,9.13863333333334
"19019",11.1,10.3917
"19021",13,10.7214166666667
"19023",12.6,11.4555458333333
"19025",12.3,10.924375
"19027",12,10.752425
"19029",13.9,11.90965
"19031",11.9,11.0335958333333
"19033",12.5,10.7143708333333
"19035",13.7,11.8128291666666
"19037",12.6,10.7990916666667
"19039",14.2,11.7858916666667
"19041",12.3,10.8673333333333
"19043",13.9,12.2184375
"19045",12.7,11.8737541666667
"19047",14.3,11.3059541666667
"19049",8.8,8.00874583333335
"19051",12,12.2795291666667
"19053",12.4,11.1934541666667
"19055",12.5,10.9958791666667
"19057",12.3,11.6946458333333
"19059",12.1,9.79819583333333
"19061",10.4,9.70593749999999
"19063",12.7,11.7793208333333
"19065",13.1,11.9308791666667
"19067",12.9,11.8877833333333
"19069",14.1,11.879675
"19071",12.7,11.3946166666667
"19073",13.1,11.4824541666667
"19075",11.1,9.98992499999999
"19077",12.4,10.7915958333333
"19079",12.1,10.8356083333333
"19081",12.6,11.5674875
"19083",12.9,11.0816416666667
"19085",12.5,10.6223625
"19087",12.5,11.3141583333333
"19089",12.4,10.6212166666667
"19091",13.2,11.3960291666667
"19093",12.4,11.502375
"19095",11.7,10.3791583333333
"19097",12.7,11.9331208333333
"19099",11.9,10.5132791666667
"19101",13.2,11.3353583333333
"19103",8.8,8.35715416666668
"19105",11.9,11.5121333333333
"19107",13.4,11.9592375
"19109",13.1,11.1385458333333
"19111",12.9,11.8961583333333
"19113",11.2,9.26162499999998
"19115",12.8,11.7346958333333
"19117",13.9,12.8016916666667
"19119",11.8,10.2608083333333
"19121",10.5,10.0053291666666
"19123",11.7,10.7955375
"19125",10.5,9.4126875
"19127",12.7,10.9381583333334
"19129",11.3,10.03045
"19131",12.2,10.5204541666667
"19133",13.1,11.7343041666667
"19135",11.7,10.5988875
"19137",12.9,12.0115083333333
"19139",12.3,10.7331125
"19141",12.4,11.1427333333333
"19143",14,11.7155291666667
"19145",13.6,12.0926291666667
"19147",12.1,11.7015333333333
"19149",11.2,10.481625
"19151",13.3,11.3684666666667
"19153",10.1,8.55162083333333
"19155",11.7,10.3116416666667
"19157",11.4,10.4397458333333
"19159",12.2,11.1694625
"19161",12.5,11.1712166666667
"19163",11,9.64994166666665
"19165",12.5,10.7336416666667
"19167",9.8,9.10291250000002
"19169",8.1,7.87332916666666
"19171",13.6,11.5738125
"19173",12.9,11.6364291666666
"19175",12.1,10.8023666666667
"19177",13.9,12.6748916666667
"19179",13.5,11.7089666666667
"19181",9.7,8.8831
"19183",12,10.537175
"19185",13.1,13.0739958333333
"19187",11.8,10.9381708333334
"19189",11.6,10.6320083333333
"19191",10.7,9.84527499999999
"19193",12.1,10.7619041666667
"19195",12.4,11.0144333333333
"19197",13.9,11.4381958333333
"20001",12.5,12.719575
"20003",13.1,13.5712291666667
"20005",11.2,12.0814083333333
"20007",13.8,12.2084458333333
"20009",13.4,12.9787125
"20011",12.7,12.1732375
"20013",13.5,13.2251208333333
"20015",10.7,11.029625
"20017",13.9,12.5842375
"20019",15.2,14.6679375
"20021",13.4,13.3379875
"20023",14.8,12.1649416666667
"20025",12.1,12.0730458333333
"20027",12.8,12.3899333333333
"20029",12.3,12.7464208333333
"20031",12.7,12.598625
"20033",13.3,12.4140708333333
"20035",12.8,12.4216541666667
"20037",11.2,11.7441041666667
"20039",13.4,13.7944083333333
"20041",11.9,12.2086916666667
"20043",11.5,11.7124083333333
"20045",8.4,9.12076250000001
"20047",14.3,13.6695708333333
"20049",15.8,13.7725
"20051",9.8,10.6955666666666
"20053",11.7,12.5480208333333
"20055",13.1,12.7784708333334
"20057",13.1,12.8662083333334
"20059",11.5,11.443525
"20061",9.3,10.6359666666666
"20063",12.3,12.0692291666667
"20065",14.3,12.9825916666666
"20067",11.8,12.5548958333334
"20069",11.2,11.9115541666667
"20071",11.7,12.3605083333334
"20073",14.4,14.133325
"20075",11.8,13.0242916666666
"20077",14.8,13.6317958333333
"20079",12.2,12.2437625
"20081",13.2,12.6904
"20083",11.5,11.7781
"20085",12.3,12.2629541666667
"20087",11.3,11.074375
"20089",15.8,13.4602916666667
"20091",9.4,8.67278333333334
"20093",12.9,11.9788833333333
"20095",12,12.4766791666667
"20097",11.8,11.6447666666667
"20099",13.4,13.3062958333333
"20101",13.1,13.1387666666667
"20103",10.8,10.707275
"20105",14.2,12.3998541666667
"20107",12.5,12.4113958333333
"20109",12.5,12.4280875
"20111",11.5,12.0302833333333
"20113",10.5,11.1393375
"20115",12.2,12.2513125
"20117",13,11.8815916666667
"20119",12.5,12.0837708333333
"20121",10.8,10.7903333333333
"20123",12.8,12.555125
"20125",13.8,13.1653541666667
"20127",13.5,13.1448041666667
"20129",14,13.1482333333333
"20131",11.4,10.7480833333333
"20133",13.1,12.6613166666666
"20135",13.2,12.9585916666667
"20137",12.7,12.0388708333333
"20139",12.5,12.4423166666667
"20141",14,13.0124083333333
"20143",12.2,12.3912666666667
"20145",12.7,12.9294416666667
"20147",13.6,12.490825
"20149",9.7,9.98751666666668
"20151",12.1,11.7584583333333
"20153",14.7,13.0704791666666
"20155",13.2,13.2074208333334
"20157",14.3,12.75915
"20159",11.9,12.052425
"20161",7.2,7.86137083333336
"20163",12.3,12.6006166666667
"20165",13.9,12.7463333333333
"20167",13.9,13.0042416666667
"20169",12.1,12.1458666666667
"20171",11.4,12.3820583333333
"20173",12,11.7635291666667
"20175",13.4,13.0843541666667
"20177",12.5,12.480825
"20179",11.8,12.6433791666667
"20181",12.3,12.0730166666667
"20183",13.3,13.8454833333333
"20185",13.1,12.1453416666667
"20187",14.7,13.0291375
"20189",14.9,13.303875
"20191",12.4,12.3142333333333
"20193",10.2,11.4870541666667
"20195",12.3,12.9231291666667
"20197",11.5,12.3694083333333
"20199",13.7,12.5143625
"20201",11.9,11.9206583333333
"20203",14.5,12.1986875
"20205",13.8,12.7663791666667
"20207",13.6,12.489025
"20209",14.5,13.6511875
"21001",NA,13.4284125
"21003",NA,13.2661541666667
"21005",NA,11.52175
"21007",NA,13.343525
"21009",NA,13.3431958333333
"21011",NA,14.5287
"21013",NA,15.3458708333333
"21015",NA,10.7251583333334
"21017",NA,12.02015
"21019",NA,13.5818875
"21021",NA,11.9480458333333
"21023",NA,13.6552208333333
"21025",NA,15.5012791666667
"21027",NA,13.9032
"21029",NA,11.6615208333333
"21031",NA,14.237625
"21033",NA,13.2082041666667
"21035",NA,12.019075
"21037",NA,10.8359583333333
"21039",NA,13.9291833333333
"21041",NA,13.7181
"21043",NA,14.2907
"21045",NA,15.7334083333334
"21047",NA,11.9480458333333
"21049",NA,11.822125
"21051",NA,15.2643791666667
"21053",NA,14.7480333333334
"21055",NA,13.8279083333334
"21057",NA,16.1039083333334
"21059",NA,12.1554208333333
"21061",NA,13.9753458333333
"21063",NA,16.1854666666666
"21065",NA,14.7554291666666
"21067",NA,10.8248791666667
"21069",NA,14.4274833333333
"21071",NA,15.3645
"21073",NA,11.8454833333333
"21075",NA,15.5117125
"21077",NA,13.1127833333333
"21079",NA,13.0383541666666
"21081",NA,12.0756458333333
"21083",NA,14.1807083333333
"21085",NA,13.6213166666667
"21087",NA,15.3817375
"21089",NA,13.5230125
"21091",NA,12.3960666666667
"21093",NA,11.5496666666667
"21095",NA,15.2472208333333
"21097",NA,12.2954416666667
"21099",NA,14.548925
"21101",NA,12.5404458333333
"21103",NA,13.2170875
"21105",NA,14.8930916666667
"21107",NA,13.2041833333333
"21109",NA,14.8798208333333
"21111",NA,11.5977916666667
"21113",NA,11.2511375
"21115",NA,15.1311416666667
"21117",NA,10.8431583333333
"21119",NA,15.2419208333333
"21121",NA,16.2768875
"21123",NA,13.2915833333333
"21125",NA,14.0316291666667
"21127",NA,15.3592958333333
"21129",NA,17.0924125
"21131",NA,16.416125
"21133",NA,15.5241916666667
"21135",NA,15.2335416666666
"21137",NA,13.9220208333333
"21139",NA,14.0031
"21141",NA,13.4617666666667
"21143",NA,13.5369208333333
"21145",NA,12.5506916666666
"21147",NA,16.4564208333333
"21149",NA,12.4349208333333
"21151",NA,10.8267708333333
"21153",NA,16.5839291666667
"21155",NA,13.6244708333334
"21157",NA,13.2524125
"21159",NA,17.3405875
"21161",NA,12.5601541666667
"21163",NA,11.4809125
"21165",NA,15.9386916666666
"21167",NA,12.0849375
"21169",NA,15.1308583333333
"21171",NA,14.4818291666667
"21173",NA,12.4448125
"21175",NA,13.6206208333333
"21177",NA,13.6333791666667
"21179",NA,11.7952
"21181",NA,13.9830916666666
"21183",NA,12.886
"21185",NA,10.196625
"21187",NA,13.3666333333333
"21189",NA,15.21805
"21191",NA,12.9478625
"21193",NA,15.259725
"21195",NA,15.5549333333333
"21197",NA,13.2484875
"21199",NA,13.5982583333333
"21201",NA,14.7253041666666
"21203",NA,15.4544916666667
"21205",NA,11.3084291666667
"21207",NA,14.9090416666667
"21209",NA,10.1451791666667
"21211",NA,11.6297666666667
"21213",NA,12.3040708333334
"21215",NA,11.3177583333333
"21217",NA,11.9830666666667
"21219",NA,13.5515458333333
"21221",NA,14.1292208333333
"21223",NA,12.664575
"21225",NA,13.0539166666667
"21227",NA,10.9466125
"21229",NA,12.5662208333333
"21231",NA,15.70225
"21233",NA,13.3291833333333
"21235",NA,14.3592333333333
"21237",NA,17.9374375
"21239",NA,11.27205
"22001",16.5,15.0371291666667
"22003",15.3,14.2705541666667
"22005",12.2,12.0358458333333
"22007",16.7,15.6069
"22009",17.7,16.9579666666667
"22011",13.4,12.7387458333334
"22013",22.1,19.2503708333333
"22015",13.2,12.9515083333333
"22017",17.2,15.2469791666667
"22019",14.2,13.6696
"22021",16.7,15.4979958333333
"22023",13.3,14.1283875
"22025",17.7,16.9272833333333
"22027",22.8,19.9617458333333
"22029",19.8,17.6712041666667
"22031",17.8,15.9447708333334
"22033",13.9,13.7985458333333
"22035",22,19.9553375
"22037",16.1,15.1667541666666
"22039",16.8,15.561475
"22041",18.4,16.4280625
"22043",13.7,13.6737916666667
"22045",17.1,15.6128916666667
"22047",16.5,14.9070416666667
"22049",17.7,16.0958
"22051",16.2,13.9967166666667
"22053",14.8,13.8180625
"22055",13,13.0253625
"22057",14.7,13.0472916666667
"22059",13.1,13.0417958333333
"22061",13.5,13.30465
"22063",12.7,12.1809166666667
"22065",22.6,19.6549875
"22067",20.3,19.0068625000001
"22069",15.5,14.7319541666667
"22071",16.2,14.5479875
"22073",15.4,13.4758875
"22075",13.8,13.5064583333333
"22077",17.1,15.6493791666667
"22079",15.6,14.3582125
"22081",19.8,18.7645208333333
"22083",17.7,16.1295666666667
"22085",17.9,16.2412041666667
"22087",15.3,14.2123125
"22089",13.2,12.5758875
"22091",19.8,18.2898208333333
"22093",16.5,13.9671666666666
"22095",17.2,14.0873125
"22097",18.2,15.6597
"22099",15.5,14.8610375
"22101",18.1,15.853725
"22103",13.3,12.2965125
"22105",14.6,14.0554625
"22107",25.1,20.1500166666667
"22109",15.2,14.2533708333333
"22111",18.4,17.6762791666667
"22113",15,13.6684416666667
"22115",12.5,12.4568666666667
"22117",17.8,16.32225
"22119",19.5,18.1655625
"22121",14,13.3430583333333
"22123",16.5,14.8691916666667
"22125",14.6,13.9864416666666
"22127",17.1,15.657725
"23001",12.1,10.6610833333333
"23003",14.8,12.2228625
"23005",8.9,8.63107916666666
"23007",11.3,10.7890166666667
"23009",11.2,9.92039583333333
"23011",11.8,10.53235
"23013",11.2,9.80079166666666
"23015",11.8,9.8171625
"23017",13.7,11.6547208333333
"23019",11.5,10.5415041666667
"23021",13.8,12.7824375
"23023",10.8,9.84820833333334
"23025",13.9,12.5626583333333
"23027",11.7,10.2419416666667
"23029",14.9,12.1137
"23031",10.4,9.93077916666668
"24001",13.3,12.2350166666666
"24003",10.4,9.86020416666664
"24005",13.1,10.7729333333333
"24009",10.9,10.8332583333333
"24011",14.2,12.95115
"24013",10.3,10.2509291666667
"24015",13.2,11.22405
"24017",13.4,12.1033541666667
"24019",16.6,14.7946958333333
"24021",10.6,9.79512916666667
"24023",14.1,13.2221416666667
"24025",11.6,10.3422916666667
"24027",10.4,9.24908333333335
"24029",13.7,12.2592416666667
"24031",10.8,9.40857499999999
"24033",15.2,11.6431625
"24035",11.6,10.6487625
"24037",11.4,10.7531625
"24039",14.2,13.5018458333334
"24041",13.1,11.8847291666667
"24043",13.3,11.868425
"24045",12.6,12.3971333333333
"24047",13.7,12.2599875
"24510",14.4,12.3056166666667
"25001",10.7,9.04979166666666
"25003",10.9,9.9801875
"25005",10.8,10.8821875
"25007",10.6,9.36818333333333
"25009",10.3,9.48007499999999
"25011",10.8,9.95088333333332
"25013",12.1,11.1514208333333
"25015",8.2,8.48943333333335
"25017",8.5,8.38555833333333
"25019",8.6,9.1025625
"25021",9,8.54531250000001
"25023",10.3,9.11258749999998
"25025",9.3,9.34817916666667
"25027",10.4,9.52090833333332
"26001",16,12.965375
"26003",13.2,12.5071666666667
"26005",11.6,10.6784125
"26007",14.2,13.1353666666667
"26009",12.8,11.3572625
"26011",14.7,13.3638666666667
"26013",14.5,13.1044
"26015",11.2,11.7735291666667
"26017",12.6,12.2167333333333
"26019",12.8,11.511175
"26021",13.5,11.5953125
"26023",13.3,12.3585583333333
"26025",13.3,12.1932875
"26027",13.1,12.1706375
"26029",12.3,11.1916291666667
"26031",14.6,13.40445
"26033",12.7,12.2266041666666
"26035",15.4,13.7825791666667
"26037",10.6,9.69699166666667
"26039",14.9,13.3326458333333
"26041",13.8,12.5847625
"26043",12.6,10.9883583333333
"26045",11.4,10.5688583333333
"26047",11.5,10.9612
"26049",13.2,12.6067208333333
"26051",15,13.3378583333333
"26053",15.2,12.7432375
"26055",10.7,10.1376916666667
"26057",11.6,11.063975
"26059",13.5,12.2664166666667
"26061",10,9.91278333333333
"26063",14.3,12.8756791666667
"26065",10.2,9.27295833333335
"26067",11.1,10.6617708333333
"26069",15.9,14.0467291666667
"26071",15.3,12.3905125
"26073",10.5,9.74967083333337
"26075",12.5,11.92095
"26077",9.7,9.4538
"26079",13.5,12.2880958333333
"26081",10.3,9.36548750000001
"26083",13.4,11.9243541666667
"26085",17.2,14.7870458333333
"26087",11.9,11.9154625
"26089",12.2,10.8339416666667
"26091",12.4,11.9136333333333
"26093",9.7,9.800025
"26095",14.1,12.8354708333334
"26097",16.4,13.8424166666667
"26099",11.4,11.187825
"26101",13.7,11.9009708333333
"26103",10.6,9.99413333333335
"26105",13.8,11.8499
"26107",12.4,12.0259375
"26109",13.9,12.19715
"26111",10.8,10.3101208333333
"26113",13.3,12.0525708333333
"26115",12.3,12.3160208333333
"26117",12.4,11.1684916666666
"26119",16.5,14.53075
"26121",12.7,11.5329625
"26123",13.2,12.1197791666667
"26125",10.2,9.22634999999999
"26127",13.7,12.4078833333333
"26129",15.3,14.1122166666666
"26131",16.5,12.904225
"26133",13.7,12.5873791666667
"26135",16.5,14.5850916666667
"26137",12.3,10.9784708333333
"26139",9.4,8.71758333333331
"26141",15.6,13.0330375
"26143",15.7,13.8852083333333
"26145",14.1,12.176
"26147",12.2,12.1173958333333
"26149",12.8,12.2542083333333
"26151",13.8,12.7848958333333
"26153",15.8,13.8379875
"26155",12.5,12.1437291666667
"26157",13.2,12.4363833333333
"26159",13.5,12.45845
"26161",8.7,8.469475
"26163",14.3,13.1566875
"26165",13,11.8074333333333
"27001",15.2,13.0533583333333
"27003",10.6,8.90252083333333
"27005",11.8,11.4589
"27007",11.3,10.8525875
"27009",10.2,9.32342083333334
"27011",13.2,11.423425
"27013",9.4,8.78272083333334
"27015",11.5,10.7021583333333
"27017",11.7,10.8370208333333
"27019",8.5,8.3253083333333
"27021",14.2,12.728925
"27023",12.8,11.7597666666667
"27025",10.3,9.60778749999998
"27027",9.3,8.58138749999999
"27029",12.8,12.6939666666667
"27031",12.9,11.8456625
"27033",13.1,11.2724083333333
"27035",11.8,10.73705
"27037",9.7,8.58728749999997
"27039",9.6,8.76838333333334
"27041",11.4,10.3348166666666
"27043",12.8,11.4952833333333
"27045",11.8,10.4710041666667
"27047",12.9,11.2000041666667
"27049",10.9,9.87688750000002
"27051",12.7,11.3694791666667
"27053",8.1,8.57615833333332
"27055",11.3,10.0530625
"27057",13.3,11.2716166666666
"27059",10.5,9.994125
"27061",13.7,12.0077083333333
"27063",11.7,10.8581
"27065",12.8,11.4103
"27067",12.3,10.457075
"27069",12.5,11.6376375
"27071",13.4,11.6875666666667
"27073",12.2,11.0870458333333
"27075",12.5,11.3205125
"27077",12.9,11.7605958333333
"27079",10.9,10.2181541666667
"27081",12,10.8262041666667
"27083",11,9.79436250000001
"27085",11.4,10.5260708333333
"27087",16.8,14.398325
"27089",12.1,11.2103291666667
"27091",13,11.4139583333333
"27093",12.2,11.0335958333333
"27095",12,11.0169833333333
"27097",12,11.30095
"27099",11.8,10.8253791666667
"27101",12.6,10.9341625
"27103",9.8,9.37468333333332
"27105",13.5,11.4270875
"27107",12.5,11.5031791666666
"27109",9.5,8.99383333333332
"27111",12.1,11.2590833333333
"27113",11.2,10.5089791666667
"27115",13.1,11.593575
"27117",12.7,11.3001125
"27119",11.3,10.7467583333333
"27121",12.2,11.5107041666667
"27123",10.5,9.45497500000002
"27125",12,11.7096916666667
"27127",12.8,11.491575
"27129",13.1,11.3705666666667
"27131",10.1,9.36207916666668
"27133",11.4,10.6098125
"27135",11.8,11.0067291666667
"27137",11.2,10.5372708333333
"27139",9.4,8.14139166666665
"27141",9,8.43210833333332
"27143",11.5,11.02835
"27145",10.1,9.47383333333333
"27147",10.9,9.73159166666668
"27149",9.7,9.152925
"27151",13.2,11.2325583333333
"27153",13.3,12.0426583333333
"27155",13.2,12.1211375
"27157",11.6,10.4704791666667
"27159",12.7,11.6133416666667
"27161",11.4,10.2186208333334
"27163",10.3,8.8760208333333
"27165",12.9,11.5947375
"27167",12.3,10.7343333333333
"27169",9.8,9.39179166666668
"27171",9.2,8.39601666666665
"27173",12.4,11.0895583333333
"28001",20.6,18.7879416666667
"28003",15,14.3422458333333
"28005",20.6,19.2363208333333
"28007",16.9,17.2835875
"28009",17.4,16.1547666666667
"28011",20.5,19.287375
"28013",18.2,16.0778
"28015",18.6,16.3301875
"28017",18.4,17.3052083333333
"28019",16.9,14.8863583333333
"28021",20.4,21.0403916666667
"28023",17.8,16.4820583333334
"28025",19.1,17.87485
"28027",21.8,20.3856958333333
"28029",18.2,17.39715
"28031",15.6,15.8940458333333
"28033",12.4,13.3081125
"28035",13.1,14.3709333333333
"28037",18.5,17.1843416666667
"28039",13.1,13.6106666666667
"28041",14,13.580875
"28043",17.6,16.5105583333333
"28045",14.3,12.8301916666667
"28047",14.1,13.634575
"28049",17,16.7829041666666
"28051",23.3,20.5094916666666
"28053",24.7,19.1828875
"28055",16.4,17.46055
"28057",12.2,13.0859458333333
"28059",15,13.2828666666667
"28061",19,17.801275
"28063",23.6,19.1527583333333
"28065",21.8,19.0581208333333
"28067",16,15.7550416666667
"28069",18.4,18.1513083333333
"28071",10.9,12.1148416666667
"28073",12.4,12.6106958333333
"28075",16.7,17.0681041666667
"28077",18.8,16.9931958333333
"28079",17,17.1004416666667
"28081",13.9,12.9865583333333
"28083",20.9,19.8527083333333
"28085",15.7,14.8159333333334
"28087",15.5,14.3663125
"28089",12.4,11.700575
"28091",17.2,16.7674541666667
"28093",18.5,17.1051333333334
"28095",16.7,15.1718208333333
"28097",19.6,17.5241791666666
"28099",16.5,16.4379333333333
"28101",15.7,15.9141708333334
"28103",21.2,20.0227
"28105",10.9,11.0159958333333
"28107",18.4,17.2339541666667
"28109",14.4,13.9672666666666
"28111",16.2,14.1551791666667
"28113",18.9,18.1260916666667
"28115",13.8,13.3312041666667
"28117",13.9,13.06825
"28119",22.8,19.968875
"28121",12.1,11.8178416666667
"28123",18.3,16.7462916666667
"28125",25.2,19.1557708333334
"28127",16.2,16.5461083333334
"28129",16.9,15.2047666666666
"28131",14,13.9865166666667
"28133",19.3,19.4477666666667
"28135",18.9,18.6818
"28137",14.2,13.5932708333333
"28139",15.3,14.5352375
"28141",15,15.1783583333334
"28143",21.4,20.0092916666667
"28145",14.1,13.26695
"28147",17.8,16.412575
"28149",16.2,15.2888625
"28151",21,19.4981291666666
"28153",17.8,17.2521375
"28155",13.7,14.2690166666667
"28157",20.6,19.3814958333333
"28159",19.5,18.27675
"28161",19,17.130875
"28163",18.5,17.7180666666667
"29001",10,10.2029
"29003",11.6,10.9330791666666
"29005",14.9,13.2501375
"29007",14.1,13.0979125
"29009",15,14.2421208333333
"29011",15.2,13.6966041666667
"29013",13.8,13.6030666666667
"29015",16.7,13.953975
"29017",14.1,13.9658291666667
"29019",9.5,9.38514166666665
"29021",13,12.1931291666667
"29023",15.3,14.3107375
"29025",13,13.0400125
"29027",11.9,11.5596541666667
"29029",14.7,13.5670291666667
"29031",11.2,11.19375
"29033",13.9,12.71395
"29035",15.7,14.7929291666667
"29037",11.5,10.9179083333333
"29039",15.6,14.4026166666667
"29041",14,12.8398208333333
"29043",10.7,10.4789916666667
"29045",14.9,12.8408791666667
"29047",10.8,10.4889791666667
"29049",12,12.2343125
"29051",11,10.6471625
"29053",12.2,11.8932
"29055",14.1,14.013
"29057",16,14.2429
"29059",14.9,14.9390958333333
"29061",14.2,13.374225
"29063",12.5,11.8286416666667
"29065",14.6,13.4019958333333
"29067",15.3,14.455875
"29069",16,15.8616833333333
"29071",12.2,11.6217458333333
"29073",13.5,12.3772
"29075",13.2,13.2037625
"29077",11,10.4705958333333
"29079",14.3,12.9136458333333
"29081",14.7,13.1174541666667
"29083",14.4,13.20685
"29085",19.7,15.7339541666667
"29087",14.1,13.1888875
"29089",12,11.5143375
"29091",14.9,14.3647541666667
"29093",15,13.8259583333334
"29095",12.1,12.0468333333333
"29097",12.8,12.4943875
"29099",11.2,11.1304458333334
"29101",9.6,10.3295125
"29103",15.1,13.8069208333333
"29105",14,13.2541791666667
"29107",11.8,11.5231375
"29109",13.7,13.9158
"29111",12.7,12.9890833333333
"29113",11.1,11.301175
"29115",13.5,12.8629708333333
"29117",12.6,12.2350666666667
"29119",15.8,15.216875
"29121",12.9,12.6944
"29123",13.2,13.5057916666667
"29125",13.6,13.2117083333334
"29127",12.8,11.4684916666667
"29129",15.6,13.081075
"29131",13.2,13.1805875
"29133",16.7,15.0448916666667
"29135",11.9,12.47875
"29137",15,13.6278083333334
"29139",13.9,13.1200708333333
"29141",15.8,14.4218833333333
"29143",16.1,15.2255
"29145",13.4,13.0446375
"29147",10.6,10.72695
"29149",16.5,15.6691958333333
"29151",11.2,11.223
"29153",18.3,16.1321583333333
"29155",17.9,16.9238875
"29157",12.5,12.1274958333333
"29159",12.6,12.4402708333333
"29161",11.7,11.2835625
"29163",13.5,12.6969166666667
"29165",10,9.93110833333333
"29167",13,12.9299833333333
"29169",8.6,9.05730416666667
"29171",13.6,12.9921958333333
"29173",14.1,12.3245416666667
"29175",12.7,12.8808791666667
"29177",13.3,12.53785
"29179",15.9,14.4028458333334
"29181",15.6,14.9825958333333
"29183",10.3,9.74755833333331
"29185",16.2,15.0573541666667
"29186",12.5,12.1466125
"29187",12.9,13.0485125
"29189",11.5,11.3565708333333
"29195",12.4,11.344725
"29197",12.2,12.6556916666667
"29199",12.8,12.1200458333333
"29201",13.4,13.69315
"29203",15.2,14.1515583333334
"29205",14.9,13.6007458333333
"29207",14.2,14.0616583333333
"29209",15.6,13.8642708333334
"29211",15.1,13.060775
"29213",13.3,12.7689958333333
"29215",15.8,14.2582333333334
"29217",14.3,14.2121458333333
"29219",12.3,11.7107166666667
"29221",14.8,14.098575
"29223",17.4,16.4236083333333
"29225",12.2,12.2205916666667
"29227",15.5,13.1542625
"29229",15.5,14.5744458333333
"29510",13.3,12.5155625
"30001",10.5,10.2867958333333
"30003",15.1,13.8712166666667
"30005",14.3,12.6765833333334
"30007",10.4,11.5486125
"30009",11.8,10.4675708333333
"30011",12.3,13.3017666666667
"30013",10.4,10.3251958333334
"30015",12.2,11.5542666666667
"30017",10.5,10.1964208333334
"30019",11.2,12.0355583333333
"30021",10.1,10.2923333333333
"30023",12.9,12.4591166666667
"30025",10.2,11.6162333333333
"30027",11.4,11.9477583333333
"30029",9.3,9.99932500000002
"30031",6.7,7.98247500000001
"30033",11.5,11.7508666666667
"30035",15.5,14.6397416666667
"30037",14.7,12.5835083333333
"30039",12.3,10.6677416666667
"30041",12.1,11.1366416666667
"30043",10.3,9.95386250000002
"30045",12.9,12.3039916666667
"30047",12.2,12.1844458333333
"30049",9.3,8.72272916666668
"30051",13.1,12.1000583333333
"30053",14,13.844675
"30055",11.1,11.7276291666667
"30057",10.6,10.0075875
"30059",12.5,11.8887041666667
"30061",12.8,12.3124125
"30063",8.3,8.54273333333334
"30065",12.7,12.7065625
"30067",10.5,9.02406250000001
"30069",12.4,11.1961583333333
"30071",12,11.2807041666667
"30073",13.6,12.5688416666667
"30075",11.9,12.0240583333333
"30077",11.3,11.1380333333334
"30079",16.2,13.58835
"30081",10.4,11.479775
"30083",9.2,9.92739583333333
"30085",14.1,14.37925
"30087",13.6,13.4689791666667
"30089",13.7,13.7276875
"30091",11.5,11.3755208333333
"30093",10.2,10.694575
"30095",10.8,10.5245833333333
"30097",10.9,11.1982625
"30099",11,11.1415333333333
"30101",11.5,10.7236958333334
"30103",12.5,11.4601458333333
"30105",11.6,11.7587125
"30107",13,13.3072541666667
"30109",11.6,12.3717
"30111",9.5,9.51353750000003
"31001",11.8,10.0401125
"31003",12.9,12.1902541666667
"31005",12.1,11.9506083333333
"31007",13.1,12.70115
"31009",13.3,11.5478291666667
"31011",12.7,11.5634916666667
"31013",13,11.65735
"31015",14.8,12.3425833333334
"31017",13.2,12.1519333333333
"31019",9.6,9.963375
"31021",13.1,10.9355041666667
"31023",11.3,10.5202416666667
"31025",10.8,9.72687499999999
"31027",11.3,10.7925083333333
"31029",12.7,12.4885125
"31031",13.1,12.7034083333333
"31033",12.9,11.6616708333333
"31035",11.8,11.5269208333333
"31037",13.2,11.6828625
"31039",12.1,10.5124125
"31041",12.2,11.5945875
"31043",12.8,12.2306916666667
"31045",10.6,10.4163541666667
"31047",13.5,11.6638125
"31049",14.2,13.1775041666667
"31051",13.2,10.8839125
"31053",11.9,11.0751583333334
"31055",9.8,9.3045541666667
"31057",14.2,12.0421
"31059",12.3,11.2903125
"31061",14.2,13.2404125
"31063",11.9,12.0733125
"31065",13.5,12.2092125
"31067",12.6,11.9276333333333
"31069",15.5,12.6509166666667
"31071",12.3,10.830325
"31073",12.4,11.9231458333333
"31075",12.1,12.1102958333333
"31077",12.6,12.2313916666667
"31079",12,11.1481625
"31081",10.5,10.2500166666667
"31083",13,13.3707708333333
"31085",14.1,12.5249125
"31087",13.4,12.4023125
"31089",12.9,11.5442625
"31091",13.3,13.2439875
"31093",11.5,11.3050833333333
"31095",13.4,12.6257958333333
"31097",11.6,11.0249208333333
"31099",10.8,9.92424583333333
"31101",13.2,12.7790666666667
"31103",14.2,11.4112583333333
"31105",15.2,13.281425
"31107",14.1,12.5292291666667
"31109",9.6,9.10566666666667
"31111",12.9,11.4615875
"31113",12,11.9843333333333
"31115",13.5,12.4763375
"31117",13.3,11.5677375
"31119",11.8,10.7882625
"31121",11.7,11.3368458333333
"31123",13.3,12.4062125
"31125",12.7,11.9360166666667
"31127",11.7,11.671925
"31129",12.7,12.9765791666667
"31131",11.9,10.6627375
"31133",14.4,13.2843
"31135",11.9,12.5809916666667
"31137",11.5,10.914975
"31139",10.9,10.604075
"31141",11.9,10.6022583333333
"31143",12,11.0911375
"31145",12.1,11.76685
"31147",14,12.3842166666667
"31149",12.5,11.7659
"31151",11.8,11.3043375
"31153",9.4,8.70076666666668
"31155",10.5,9.67146249999999
"31157",13,12.3365291666666
"31159",9.5,9.58414999999999
"31161",13.9,13.5178083333333
"31163",13.7,12.0934291666667
"31165",16,12.2990125
"31167",11.5,10.9942666666667
"31169",13.2,11.81465
"31171",11.3,12.2068791666667
"31173",13.4,12.5776875
"31175",12.9,11.1953333333333
"31177",10.7,9.65431250000001
"31179",9.7,9.47605833333334
"31181",12.9,12.2752333333333
"31183",13.2,10.8247583333333
"31185",11.2,10.92365
"32001",11.7,11.7328666666667
"32003",12.4,11.9696291666667
"32005",12.2,12.2581708333334
"32007",11,10.8783416666667
"32009",17.7,12.5838458333333
"32011",16.1,12.6097166666667
"32013",11.5,11.3803416666667
"32015",13,11.2810541666667
"32017",11.8,11.5623875
"32019",12.3,11.9588625
"32021",17.6,13.6680708333334
"32023",15.7,14.8164208333333
"32027",12.1,11.9519958333334
"32029",12.4,12.5988375
"32031",10,10.8577041666667
"32033",12.6,11.820075
"32510",12.1,11.8097708333333
"33001",10.5,10.1454875
"33003",10.7,9.9916
"33005",9.5,9.74619583333335
"33007",13,11.7538625
"33009",9.3,9.47534999999999
"33011",9.2,9.3219
"33013",9.1,9.0415625
"33015",9.1,8.90449999999997
"33017",8.6,8.99606666666666
"33019",11.2,11.2169666666667
"34001",12.7,11.8400125
"34003",9.7,9.74587916666669
"34005",10.5,9.72719166666667
"34007",11.4,11.502025
"34009",11.7,11.5040791666667
"34011",13.5,13.3278958333333
"34013",12,12.7570791666667
"34015",10.3,10.4398333333333
"34017",10.5,12.7321958333333
"34019",9.2,9.16195000000002
"34021",11.1,10.75815
"34023",11.6,10.8279791666667
"34025",9.8,9.35574166666667
"34027",9,9.29061250000003
"34029",11.4,10.9583166666667
"34031",12.7,11.6073291666667
"34033",11.9,11.8631
"34035",10.1,9.37190833333337
"34037",9.5,9.60299583333335
"34039",11.6,11.4080833333333
"34041",10,10.6524166666667
"35001",11.6,12.4253333333333
"35003",17.7,16.3375
"35005",14.3,13.2599541666667
"35006",16.6,15.7977916666666
"35007",15.5,15.9487
"35009",12,11.8646625
"35011",15.3,15.3914291666667
"35013",13.7,12.4265
"35015",11.6,12.3410333333333
"35017",15.9,14.428275
"35019",16.5,16.09945
"35021",19.6,16.2176041666666
"35023",16.4,15.22965
"35025",12,12.4103
"35027",14.4,15.6300958333333
"35028",8,9.84823333333331
"35029",17.7,16.0445875
"35031",19,17.7000708333333
"35033",18.5,16.5399083333333
"35035",12.7,12.7554
"35037",17.2,15.0826166666666
"35039",17.2,15.9561708333333
"35041",11.5,12.1894958333333
"35043",11.8,12.0077166666667
"35045",14.5,14.6091708333333
"35047",17.1,15.1288708333333
"35049",12.6,12.2296208333333
"35051",18.2,15.5076416666667
"35053",15.7,16.3107125
"35055",15.2,14.3995375
"35057",16.5,16.4004458333333
"35059",14.7,13.9428208333333
"35061",14.6,13.9450458333333
"36001",9.2,10.0132083333333
"36003",11.1,12.4432333333333
"36005",16.1,14.4953
"36007",10.9,11.0972083333333
"36009",12.1,12.9924291666667
"36011",11.8,12.1634458333333
"36013",12.6,12.2602
"36015",11.5,11.65265
"36017",12.3,11.5809375
"36019",10.7,11.5264458333333
"36021",11.8,11.0049083333333
"36023",9.3,10.5300833333333
"36025",12.5,12.244925
"36027",9.9,10.117225
"36029",10.8,11.1414083333333
"36031",11.8,11.2720291666667
"36033",12.2,12.1941791666667
"36035",12.1,11.8541666666667
"36037",10.7,11.9903208333333
"36039",11.7,11.607225
"36041",13.4,12.55505
"36043",11.3,11.9897833333334
"36045",10,10.82905
"36047",12,12.6546333333333
"36049",11.8,12.1377708333333
"36051",10.1,11.1439625
"36053",10.3,10.7073166666667
"36055",11.2,11.2480125
"36057",11.5,12.1893416666667
"36059",10.1,9.84821666666669
"36061",8.9,9.80576249999998
"36063",11.3,11.5908125
"36065",11.5,11.1176541666667
"36067",10.9,11.0901916666667
"36069",10.5,10.6480375
"36071",11.2,11.1528833333333
"36073",11.7,12.2108583333333
"36075",11.2,11.9531666666667
"36077",10.2,10.6239625
"36079",9.7,9.74026666666667
"36081",14.3,13.3682333333333
"36083",9.9,10.2360041666667
"36085",11.9,11.3196708333333
"36087",11.3,10.9440625
"36089",11.9,12.1493458333334
"36091",9.6,9.21822083333332
"36093",10.2,10.5474583333333
"36095",11.3,11.9827583333333
"36097",12.4,12.6094083333333
"36099",11.6,12.2932666666667
"36101",11.5,11.4614541666667
"36103",10,10.3265125
"36105",12.1,12.0543708333334
"36107",11.3,11.892675
"36109",7.6,10.3020375
"36111",10.9,10.9576375
"36113",11.2,10.2218125
"36115",11.2,11.729725
"36117",11.2,12.07755
"36119",10.5,9.95854166666668
"36121",11.2,12.019975
"36123",11.6,11.8164791666667
"37001",12.2,12.4209625
"37003",12.7,12.2027625
"37005",16,13.3204916666667
"37007",17.2,17.9690833333333
"37009",14,12.8270875
"37011",12.9,12.2620166666667
"37013",15.6,15.9379208333334
"37015",19.3,18.0159333333333
"37017",16.6,15.2201083333333
"37019",13.5,11.9363083333333
"37021",10.9,11.2852541666667
"37023",13.8,13.3118416666667
"37025",10.8,10.5047
"37027",13.2,12.6075916666667
"37029",10.7,10.9293166666667
"37031",12.5,12.2745708333333
"37033",15.5,15.6267125
"37035",12.1,12.2739041666667
"37037",12.9,11.5353583333333
"37039",15.2,14.6506625
"37041",17,14.3885666666667
"37043",14.3,13.5733458333333
"37045",13.6,13.4641666666667
"37047",15.6,16.4117541666667
"37049",12.5,12.6775833333334
"37051",12.2,12.4708208333333
"37053",10.7,10.8480458333334
"37055",11.2,11.1790125
"37057",12.7,12.7841833333334
"37059",12.1,12.0971208333333
"37061",15.5,14.9989291666667
"37063",10.5,10.9232416666666
"37065",17.9,18.0569416666667
"37067",12.4,12.18635
"37069",12.8,12.8848375
"37071",12.3,12.3234083333333
"37073",15.8,15.4723125
"37075",13.1,13.5410291666667
"37077",13.6,13.5430916666667
"37079",15.9,16.4184916666666
"37081",12.2,11.2556958333333
"37083",19.4,18.5281125
"37085",11.8,11.9959833333333
"37087",12.4,12.708775
"37089",12.5,12.2315708333333
"37091",18.9,18.3052375
"37093",13.3,13.4461541666667
"37095",17,17.0925541666666
"37097",10.7,11.2450083333334
"37099",12.1,12.5668666666667
"37101",11.6,11.8391875
"37103",17,16.1856083333333
"37105",13.5,13.160125
"37107",17.8,17.6318208333333
"37109",11.5,11.7175
"37111",13,12.6910541666667
"37113",14.2,14.4465541666667
"37115",11.6,12.38825
"37117",17.8,17.7964875
"37119",10.1,11.1719166666667
"37121",12.8,12.6535125
"37123",15.1,14.035325
"37125",11.5,11.7303583333333
"37127",15,14.5353625
"37129",10.6,10.9905291666666
"37131",20.3,17.9791
"37133",8.6,10.5152291666666
"37135",9.3,9.67487499999999
"37137",15.2,13.3142416666667
"37139",13,12.4905458333333
"37141",11.8,12.47065
"37143",15.3,15.1329958333333
"37145",14.9,15.2331041666667
"37147",12,12.0642458333333
"37149",14.1,12.5846041666667
"37151",13.2,13.0473291666667
"37153",16.4,16.5335541666667
"37155",18.4,18.1426916666666
"37157",14.5,14.650825
"37159",12.7,12.8854583333334
"37161",14.4,13.5891916666667
"37163",15.6,16.7446833333333
"37165",17.4,18.3569291666666
"37167",12.7,12.58935
"37169",13.2,12.6892666666667
"37171",13.7,13.3361875
"37173",15.2,13.9690541666667
"37175",12.9,12.4977666666667
"37177",17.5,17.4235833333333
"37179",10.5,10.4860041666667
"37181",16.8,17.2189666666667
"37183",9.5,9.27901666666663
"37185",20,18.5309375
"37187",20.6,18.1858083333333
"37189",9.8,11.2793666666667
"37191",14.2,14.0354041666667
"37193",13.9,13.5839875
"37195",16.8,16.3760083333333
"37197",13.3,12.6987166666667
"37199",13.7,12.7712875
"38001",14.1,12.7503875
"38003",11.5,10.8624666666667
"38005",15.4,13.9967041666667
"38007",12.1,12.342975
"38009",11.9,11.9073375
"38011",11.4,11.6765291666667
"38013",11.1,11.1593458333333
"38015",9.3,9.37655416666667
"38017",7.9,8.31218333333331
"38019",11.8,11.772625
"38021",11.2,10.6730791666667
"38023",12.6,11.9330916666667
"38025",11.5,10.9938083333334
"38027",13.5,11.9852666666667
"38029",13.5,12.0842041666667
"38031",11.8,11.3814583333333
"38033",13.7,12.8275333333333
"38035",9.1,8.73622083333333
"38037",15.2,12.2404583333333
"38039",12.3,11.9433333333333
"38041",11.7,12.1146833333333
"38043",12.8,11.9261208333333
"38045",12.5,12.06445
"38047",13.2,11.9013625
"38049",11.9,11.4672166666667
"38051",14.4,12.6729041666667
"38053",9.6,10.3869333333333
"38055",12.1,11.9248708333333
"38057",12.2,11.5429916666667
"38059",9.6,9.64482916666666
"38061",12.8,11.4599083333333
"38063",12.4,11.7157416666667
"38065",11.7,11.7006791666667
"38067",12.8,12.1126541666667
"38069",12.1,11.7155208333333
"38071",12.3,11.1912541666666
"38073",12.1,10.9712375
"38075",11.1,11.0685916666667
"38077",10.5,10.8154833333333
"38079",17.9,16.8711125
"38081",11.8,10.6843791666667
"38083",13.9,12.1135625
"38085",20.2,18.1352416666667
"38087",14.6,11.6832916666667
"38089",9.5,9.00553333333334
"38091",12.7,11.683825
"38093",10.9,10.5906708333333
"38095",15,12.0784041666667
"38097",10.5,10.7249458333333
"38099",12.4,11.5417625
"38101",8.8,8.69394583333333
"38103",13.8,12.2742125
"38105",8.9,8.77330833333332
"39001",15.7,14.1058625
"39003",14.5,13.132625
"39005",13.9,13.052825
"39007",16.2,14.5536041666667
"39009",11.5,11.82355
"39011",12.2,11.9888
"39013",14.5,14.076175
"39015",14.5,13.4889166666667
"39017",12.5,11.3329208333334
"39019",14.9,13.8066416666667
"39021",12.7,12.3765458333333
"39023",15,13.5771625
"39025",12.6,11.5634375
"39027",13.5,12.9401541666667
"39029",15.2,14.3378916666667
"39031",15.3,14.6307958333333
"39033",14.6,13.4047666666667
"39035",13.4,12.5775541666667
"39037",14.3,12.8566083333333
"39039",13.3,12.3413
"39041",10.1,10.2803666666667
"39043",14.4,12.8500041666667
"39045",12.2,11.546875
"39047",14.3,13.7786541666666
"39049",11.8,10.9032291666667
"39051",13.3,12.4027875
"39053",15.3,14.2019166666667
"39055",12.4,11.5091791666667
"39057",11.2,11.526775
"39059",14.8,14.5659125
"39061",13.2,12.0915958333334
"39063",12.5,12.0793208333334
"39065",12.9,12.6869958333333
"39067",15.6,14.8815166666667
"39069",13.1,12.62095
"39071",14.7,13.5534958333333
"39073",15.7,14.6032583333333
"39075",12.7,12.3554541666667
"39077",13.5,12.7584291666667
"39079",14.9,13.9087625
"39081",15.1,13.75105
"39083",12.6,12.5370416666667
"39085",12.9,11.7971416666667
"39087",15.1,13.5553666666667
"39089",12.9,12.03265
"39091",14,12.701825
"39093",14.2,12.5714125
"39095",14,12.5075875
"39097",12.4,12.2482916666667
"39099",14.8,13.2273416666667
"39101",14.8,13.9607583333334
"39103",11.9,10.8528666666667
"39105",17.3,16.0270541666666
"39107",12.1,11.4600916666667
"39109",12.7,12.083375
"39111",16.1,15.854975
"39113",14.5,12.932625
"39115",16,14.3704458333334
"39117",13.8,12.9804666666667
"39119",14.4,13.6306458333333
"39121",18,14.7258458333334
"39123",13.8,12.8366958333333
"39125",14.1,12.8290708333333
"39127",14.3,14.1859041666667
"39129",12.6,12.2897541666667
"39131",16.2,13.995
"39133",11.8,11.8678541666667
"39135",13.4,12.656675
"39137",12.3,11.4597833333334
"39139",14.5,13.8326208333334
"39141",15,13.3670291666667
"39143",14.4,13.1963875
"39145",15.3,13.7973541666667
"39147",13.2,12.5960208333333
"39149",13.3,12.3137458333333
"39151",13.7,12.8778333333333
"39153",13.7,12.3161875
"39155",15.5,14.3712916666667
"39157",13.6,13.48455
"39159",10.2,9.60635833333333
"39161",13.2,12.5127208333333
"39163",15.4,14.629625
"39165",11,10.5492875
"39167",13.8,13.9156625
"39169",12.9,12.4259125
"39171",14.4,12.8115083333333
"39173",10.7,10.1167625
"39175",13,12.5372583333334
"40001",17.5,16.7805
"40003",13.5,13.1702416666667
"40005",14.6,15.26205
"40007",13.9,13.369325
"40009",13.3,13.691825
"40011",14.3,14.1979291666667
"40013",13.4,14.2672916666667
"40015",14.9,14.1595083333333
"40017",10.4,10.5353625
"40019",13.7,13.1373708333333
"40021",14.3,14.5862083333333
"40023",17.2,15.5701666666667
"40025",13.7,12.5042208333333
"40027",10.9,10.6124041666667
"40029",17.2,16.351975
"40031",12.8,12.1834416666667
"40033",15.4,14.1838875
"40035",15.9,15.43915
"40037",13.4,13.49065
"40039",11.8,11.6554583333333
"40041",16.7,15.7162791666667
"40043",13.5,13.2972833333334
"40045",14.1,13.2836541666667
"40047",12.6,12.1773791666667
"40049",14.1,13.647725
"40051",12,12.2881125
"40053",13.5,13.1640625
"40055",13,13.5239666666667
"40057",17,15.8953791666667
"40059",14,13.4980791666667
"40061",15.4,15.4577458333333
"40063",15.1,15.2926958333333
"40065",13.2,12.3690875
"40067",16.3,15.8251458333334
"40069",15.3,14.672375
"40071",14.1,13.9511708333333
"40073",11.9,12.3145958333333
"40075",16.6,15.1101958333334
"40077",17,15.9801916666667
"40079",15.1,15.5536666666667
"40081",14.1,14.0739666666666
"40083",12,12.0253958333333
"40085",14.4,14.1037583333334
"40087",11.3,11.1505708333333
"40089",15.5,15.9126666666667
"40091",17.7,16.8437041666666
"40093",13.3,13.1055291666667
"40095",15.7,14.5924958333334
"40097",14.6,14.6211833333333
"40099",14.3,13.0332791666667
"40101",15.2,14.4594166666667
"40103",13.3,12.9394833333333
"40105",15.2,14.7501875
"40107",17.3,15.6870416666667
"40109",12.6,12.2793375000001
"40111",15.4,14.40765
"40113",14.4,13.6127958333333
"40115",15.2,15.3649583333333
"40117",14.3,14.1110958333333
"40119",9.8,10.7848
"40121",14.3,14.2865458333333
"40123",12.3,12.3255333333333
"40125",13,12.9236416666667
"40127",17.7,16.6063416666666
"40129",14.6,13.35255
"40131",12.4,12.6614875
"40133",16.1,15.83735
"40135",16.6,15.3055583333333
"40137",14.2,14.3365416666667
"40139",13.7,13.7761708333333
"40141",16.2,15.0394791666667
"40143",11.7,11.75635
"40145",11.9,12.6852458333333
"40147",13.2,12.8423916666667
"40149",13.4,13.095675
"40151",11.1,12.3520708333333
"40153",12.1,12.2057333333333
"41001",13.6,11.9011208333333
"41003",9.3,8.70020000000001
"41005",10.5,9.36549166666667
"41007",12.6,11.2401083333333
"41009",12.1,11.35255
"41011",14.2,13.1445458333333
"41013",12.5,12.443525
"41015",15.7,13.6271208333333
"41017",10.2,9.34539583333333
"41019",14.3,13.0383333333333
"41021",14.8,13.0535375
"41023",14.6,13.4466708333333
"41025",15,13.6136
"41027",11.3,9.75935416666666
"41029",12.7,10.5496041666667
"41031",13.4,11.7323
"41033",14.8,13.0058625
"41035",14.1,12.8647666666667
"41037",14.7,13.3331541666667
"41039",10.8,9.71249583333333
"41041",14.9,12.3339583333333
"41043",12,11.3290208333333
"41045",13.9,12.4652875
"41047",12.5,10.62225
"41049",14.5,12.6071208333333
"41051",9.5,8.3567875
"41053",10.9,9.77153749999998
"41055",14.2,13.1713916666667
"41057",13.5,12.5456333333333
"41059",12.5,11.2770583333333
"41061",12.2,11.0714583333333
"41063",12.6,11.3256166666667
"41065",13.3,11.6942416666667
"41067",9.9,8.26532500000001
"41069",16.5,13.1551291666667
"41071",11.2,10.0265791666667
"42001",NA,11.7559041666667
"42003",NA,10.5264708333333
"42005",NA,12.4170625
"42007",NA,11.0503416666667
"42009",NA,13.3237458333333
"42011",NA,11.523525
"42013",NA,11.4302
"42015",NA,12.3594791666667
"42017",NA,9.52382500000001
"42019",NA,10.1221916666667
"42021",NA,12.5081833333333
"42023",NA,13.9398958333334
"42025",NA,11.9309583333333
"42027",NA,9.76517500000003
"42029",NA,8.97994583333333
"42031",NA,11.8250875
"42033",NA,11.948475
"42035",NA,11.692975
"42037",NA,11.1887
"42039",NA,12.0061291666666
"42041",NA,10.6694083333334
"42043",NA,11.1312083333333
"42045",NA,10.4936958333333
"42047",NA,12.2811958333333
"42049",NA,11.6563375
"42051",NA,12.712825
"42053",NA,13.3017166666667
"42055",NA,11.0703083333333
"42057",NA,12.9104958333333
"42059",NA,12.4978666666666
"42061",NA,11.8247958333333
"42063",NA,11.3844958333333
"42065",NA,12.0234416666666
"42067",NA,11.4596
"42069",NA,11.3761166666667
"42071",NA,10.4830958333333
"42073",NA,12.295525
"42075",NA,11.1169166666667
"42077",NA,11.44235
"42079",NA,11.7703083333333
"42081",NA,11.264025
"42083",NA,11.7221333333333
"42085",NA,12.4925791666667
"42087",NA,12.3419208333333
"42089",NA,11.5608291666667
"42091",NA,9.258
"42093",NA,10.6174958333333
"42095",NA,10.9118666666667
"42097",NA,11.8755041666667
"42099",NA,11.3374333333333
"42101",NA,12.64865
"42103",NA,11.8632625
"42105",NA,12.7009625
"42107",NA,11.8649416666667
"42109",NA,11.3960458333333
"42111",NA,13.084325
"42113",NA,12.4688958333334
"42115",NA,12.083775
"42117",NA,12.2269416666667
"42119",NA,10.54665
"42121",NA,12.4585625
"42123",NA,12.3152708333333
"42125",NA,10.8302458333333
"42127",NA,12.2458541666667
"42129",NA,10.9077708333334
"42131",NA,11.7380458333333
"42133",NA,10.81305
"44001",9.8,8.66254166666666
"44003",11.8,9.89375
"44005",10.3,9.21913750000001
"44007",11.6,10.9174791666667
"44009",9,8.77477916666667
"45001",16.9,15.2382458333333
"45003",13.9,13.1800208333333
"45005",21.6,19.5954833333333
"45007",13.3,12.8014208333333
"45009",19.5,17.7157708333333
"45011",19.4,18.2889666666667
"45013",12.7,11.4433375
"45015",12.9,12.1805083333333
"45017",17.3,15.8208666666667
"45019",11.4,11.5361708333333
"45021",15,14.4561625
"45023",16.9,15.9729666666667
"45025",18.1,16.1014166666667
"45027",19.6,16.703675
"45029",17.3,16.7872041666667
"45031",17.6,16.3269458333334
"45033",20.3,18.9218749999999
"45035",12.8,12.2334125
"45037",16.2,15.4601166666667
"45039",20.5,17.0417708333333
"45041",15.5,14.9665208333333
"45043",16.9,13.2415333333334
"45045",12.2,12.2405041666667
"45047",15.4,14.5261
"45049",20.2,18.5450875
"45051",14.9,13.5082291666667
"45053",17,16.1575708333333
"45055",14.8,13.0641166666667
"45057",14.1,12.1068125
"45059",15.6,15.5349333333333
"45061",20.1,19.0033833333333
"45063",12.3,11.5500708333334
"45065",20.6,16.721175
"45067",22,18.7407416666666
"45069",20.5,19.0902083333333
"45071",16.1,14.9634208333333
"45073",15.3,12.8523708333333
"45075",19,19.2294291666666
"45077",12.1,11.8602041666667
"45079",13,12.6449083333334
"45081",16.8,16.3664041666667
"45083",13.5,13.2765958333333
"45085",15.8,14.6230625
"45087",19.1,17.1100791666667
"45089",20.4,18.2244583333333
"45091",11.8,11.1860833333333
"46003",12.2,11.0289875
"46005",13.4,11.9131916666667
"46007",18.7,17.311925
"46009",12.8,11.5028583333333
"46011",8.5,8.67778749999999
"46013",11.2,10.1532333333333
"46015",13.2,10.8585291666667
"46017",17.5,17.3875208333333
"46019",12.5,11.9666
"46021",13.8,11.4407708333333
"46023",15.3,14.0489083333333
"46025",13.1,11.53105
"46027",8.1,8.9432375
"46029",12.1,10.839075
"46031",19.9,15.815625
"46033",13.9,12.7080041666667
"46035",12.2,10.9221666666667
"46037",14.7,11.8341916666667
"46039",11.9,10.7306666666666
"46041",18,16.8224166666667
"46043",13.6,12.8650333333333
"46045",12.4,10.7006333333333
"46047",16.4,13.8213916666667
"46049",14.4,13.2984
"46051",12.8,10.8298833333333
"46053",14.1,12.56975
"46055",13.5,12.9945333333333
"46057",10.1,9.74879999999997
"46059",11.9,11.4273416666667
"46061",12.1,9.99107083333333
"46063",11.2,10.7456916666667
"46065",10.8,10.517725
"46067",12.1,11.0347583333333
"46069",13.6,11.9710291666667
"46071",18.6,18.3197208333333
"46073",13.8,12.0153958333333
"46075",14.7,12.7651125
"46077",12.1,10.967425
"46079",12,10.6361708333333
"46081",11.4,10.9893666666667
"46083",8.8,8.11768750000001
"46085",15.8,14.4953041666667
"46087",11,9.80593333333335
"46089",14.8,12.0322833333333
"46091",12.7,10.6724125
"46093",9.5,9.84577916666669
"46095",21.1,18.013125
"46097",13.3,11.6496875
"46099",10.6,9.02618333333329
"46101",12.1,10.40645
"46102",21.1,19.373825
"46103",12.1,10.688
"46105",14.3,12.2039875
"46107",13.1,11.560743452381
"46109",16.3,14.1417125
"46111",12.6,11.122625
"46115",12.9,11.3425916666667
"46117",11.1,10.6498458333333
"46119",12.5,11.5117
"46121",20.7,17.7552208333333
"46123",15.3,13.6465958333333
"46125",11.8,10.76295
"46127",10.6,9.7374625
"46129",13.4,11.9740333333333
"46135",11.8,10.8218541666667
"46137",18.7,17.9080833333333
"47001",14.1,13.1117958333333
"47003",13.5,12.4232958333333
"47005",16.9,15.5696541666666
"47007",17.3,15.4535291666667
"47009",13.4,12.9874833333333
"47011",13.4,12.600575
"47013",15.7,15.1405875
"47015",14.5,14.1298708333333
"47017",15.2,14.0765291666667
"47019",15.9,13.3224083333333
"47021",12.4,12.5147208333333
"47023",13.9,13.9414333333333
"47025",15,14.488825
"47027",17.8,16.6263208333334
"47029",17.2,15.2007875
"47031",13.9,13.1024666666667
"47033",15.5,14.1985291666667
"47035",17.3,15.3668791666666
"47037",11.2,10.8826916666667
"47039",17.8,15.451725
"47041",15.9,13.8266958333333
"47043",12.7,12.6764041666667
"47045",14.9,14.5069125
"47047",15.9,14.0708291666667
"47049",17.1,15.9697666666667
"47051",13.9,13.2372375
"47053",14.7,13.742275
"47055",15.4,14.090525
"47057",15.7,14.8830625
"47059",15.4,13.4723541666667
"47061",16.5,15.0446208333334
"47063",15.2,13.5894625
"47065",12.7,12.4966
"47067",20.3,16.5464833333333
"47069",17.2,16.334725
"47071",17.1,15.5564041666667
"47073",16,14.0186625
"47075",20.7,16.7123916666667
"47077",15.4,14.4662125
"47079",16.9,14.6680625
"47081",14.1,13.7460958333333
"47083",14.7,13.8778958333334
"47085",15,13.7850583333333
"47087",17,16.5119875
"47089",13.6,13.2652041666667
"47091",17.5,14.4430375
"47093",12,12.0532291666667
"47095",19,16.1263208333333
"47097",17.2,15.8575375
"47099",14.9,13.787625
"47101",14.9,14.4978083333333
"47103",14.8,13.2918875
"47105",15.1,13.65155
"47107",15.4,13.6227958333333
"47109",16.2,14.4540625
"47111",14.6,13.0853208333333
"47113",16.2,14.7205708333334
"47115",16.2,14.4528416666667
"47117",13.6,13.065525
"47119",12.6,12.2918041666667
"47121",15.9,14.2957208333333
"47123",15.9,13.9190041666667
"47125",10.8,10.3707208333333
"47127",14.7,12.9143208333333
"47129",14.8,14.6775666666667
"47131",16.2,14.2859958333333
"47133",15.7,14.7365583333334
"47135",16.4,15.3703958333334
"47137",19.1,16.1585041666666
"47139",15.1,14.3669083333333
"47141",12.4,12.0673208333333
"47143",15.7,13.9198541666667
"47145",14.7,13.6659458333333
"47147",12.7,11.9389333333334
"47149",10.9,10.388625
"47151",16.6,15.5401208333333
"47153",16.7,14.6622333333334
"47155",14.4,13.3272833333333
"47157",15.9,15.2129
"47159",13.5,12.924125
"47161",14,13.6429291666667
"47163",15.2,12.4689375000001
"47165",12.2,11.4319541666666
"47167",14.2,13.1838583333333
"47169",11.7,11.3673958333333
"47171",16.5,12.6913333333333
"47173",14.6,14.6364958333333
"47175",16,15.1285458333333
"47177",15.5,13.6657833333333
"47179",12.8,11.9998125
"47181",15.4,14.8395666666667
"47183",13.9,13.5080291666666
"47185",15.6,14.1544875
"47187",10,9.91852499999999
"47189",11.3,11.2161083333333
"48001",13.9,13.9140041666666
"48003",12.7,12.5281166666666
"48005",14.9,13.8026708333333
"48007",15.9,13.9774458333333
"48009",12.7,12.2463041666667
"48011",12.6,12.0729166666667
"48013",15.4,14.6380416666667
"48015",14.7,14.1605
"48017",15.5,14.6745708333333
"48019",15.7,13.7154708333333
"48021",13.4,12.7468416666667
"48023",14.9,13.4992291666667
"48025",13.9,14.2599166666667
"48027",12.6,11.5366083333333
"48029",13.9,12.5698958333333
"48031",13.1,13.1650916666666
"48033",13.2,11.6404416666667
"48035",14.3,13.2607833333333
"48037",13.8,13.6288166666667
"48039",12,11.3162833333333
"48041",9.7,9.69685833333334
"48043",12.8,13.8153791666667
"48045",17.5,14.4091666666667
"48047",19.8,19.5554916666667
"48049",14,14.0488958333334
"48051",14,14.0676083333333
"48053",13.5,12.7981666666666
"48055",14.6,14.0661541666667
"48057",14.7,13.7814375
"48059",13.2,13.0485666666667
"48061",18.3,15.091525
"48063",16.1,15.6133
"48065",11.7,12.1712083333333
"48067",15.7,14.2025625
"48069",15.5,14.4517041666667
"48071",10.8,11.6419583333333
"48073",14.7,14.6270833333333
"48075",12,13.6832166666667
"48077",13.2,12.4604375
"48079",18.6,17.275975
"48081",15.9,13.6578291666667
"48083",15.4,15.4337041666667
"48085",9.5,9.07999166666665
"48087",15.5,15.3229041666667
"48089",14.9,13.7876958333333
"48091",11.2,10.4696208333333
"48093",14.8,14.3035833333333
"48095",14.2,14.8508958333333
"48097",13,12.8486958333333
"48099",10.3,11.451275
"48101",18.8,15.9409875
"48103",15,14.0392416666667
"48105",16.5,14.0895333333333
"48107",17.1,16.6807833333334
"48109",19.3,15.55455
"48111",14.7,13.6946916666666
"48113",12.5,11.8265375
"48115",15.3,13.50685
"48117",16.4,14.3716583333333
"48119",13.7,13.474875
"48121",9.9,9.16620833333329
"48123",16,14.7666916666667
"48125",16.7,14.6554583333333
"48127",23.4,19.1064083333333
"48129",14,13.5478291666667
"48131",18.8,17.1096875
"48133",14.1,14.336325
"48135",12.8,12.9113083333333
"48137",19.3,14.9711458333333
"48139",11.6,11.1364291666667
"48141",15.4,13.7263041666666
"48143",10.8,11.2204958333333
"48145",16.1,15.2746875
"48147",13.2,13.029075
"48149",13.8,13.1262083333333
"48151",14.5,14.339525
"48153",17,15.81925
"48155",18.2,17.1954375
"48157",12,10.9107208333333
"48159",13,11.8087791666667
"48161",14.7,14.57365
"48163",15.3,14.5197333333333
"48165",11.8,13.1444583333333
"48167",12.3,12.2108208333333
"48169",14.9,13.20425
"48171",13.6,12.2471
"48173",10.9,12.11545
"48175",15.6,13.9116625
"48177",16,15.1987458333334
"48179",13.9,14.247175
"48181",12.5,11.7569458333333
"48183",13.5,13.4156041666667
"48185",14.4,14.3042208333333
"48187",12.8,11.8520708333333
"48189",15.6,14.7509083333333
"48191",17.5,16.5624291666667
"48193",14.6,13.6642666666667
"48195",13.6,12.0663458333333
"48197",15.2,16.2297166666667
"48199",12.4,13.4189416666667
"48201",13.2,11.4913458333333
"48203",13.8,13.729125
"48205",12,11.7626
"48207",14.9,14.0799083333334
"48209",10.2,10.42455
"48211",11.6,12.6883166666667
"48213",14.5,13.3392958333333
"48215",17.4,15.209075
"48217",14.2,13.7157333333334
"48219",14.1,14.0164083333333
"48221",12.5,11.6649958333333
"48223",13.4,12.786
"48225",16.8,15.0729708333333
"48227",13.7,12.9480291666667
"48229",14.3,15.3899291666667
"48231",12.3,12.7982708333333
"48233",12.9,13.0533291666667
"48235",13.4,12.95345
"48237",13.4,12.9073
"48239",14.7,15.0013208333334
"48241",16.3,16.2788958333333
"48243",21.2,17.8705875
"48245",15.6,14.525425
"48247",22.8,16.968075
"48249",18,16.02125
"48251",11.9,11.6065083333333
"48253",13,13.2388083333333
"48255",14,14.3562791666667
"48257",11.2,11.0562958333333
"48259",11.1,10.4975958333333
"48261",18.5,14.5453458333333
"48263",12.9,12.3323166666667
"48265",14.7,13.7488041666667
"48267",16.6,13.6772625
"48269",16.8,12.7332833333333
"48271",15.8,14.0475833333333
"48273",14,14.6537791666667
"48275",15.6,16.297775
"48277",14.3,14.17135
"48279",16.6,15.76355
"48281",14,13.2381625
"48283",15.5,15.2700541666667
"48285",14.6,13.5028
"48287",15.4,14.077925
"48289",15.3,14.4879375
"48291",13.9,13.5493125
"48293",16.1,14.3001
"48295",14.8,13.2086958333333
"48297",16.2,15.2571083333333
"48299",15.7,13.3104541666667
"48301",NA,15.4421125
"48303",11.4,11.6597041666667
"48305",15.2,12.648575
"48307",15.5,14.5677083333333
"48309",12.5,12.0007541666667
"48311",17.8,15.1940833333333
"48313",13.1,12.7913
"48315",18.1,16.0635375
"48317",12.1,12.2524958333333
"48319",14.4,12.1992083333333
"48321",16.4,14.5557125
"48323",17.8,14.8089125
"48325",14.4,13.2968375
"48327",17.6,15.3028833333333
"48329",10.8,11.2794708333333
"48331",14.9,14.3459125
"48333",14.1,12.6242583333333
"48335",13.3,13.7043416666667
"48337",13.4,12.9977291666667
"48339",11.4,11.4820916666667
"48341",14.9,14.1587375
"48343",15.9,15.0120708333333
"48345",14.7,13.1475666666667
"48347",13.2,13.0844083333333
"48349",15.3,14.7222541666667
"48351",18.6,16.4851666666667
"48353",16.5,15.0529583333333
"48355",15.8,13.8052666666667
"48357",14.1,14.0300916666667
"48359",13.3,12.8837
"48361",12.4,12.6850958333334
"48363",14.4,14.5068291666667
"48365",13.8,13.5802458333333
"48367",10.7,10.9188125
"48369",15,13.668425
"48371",16.5,15.714725
"48373",15.4,14.9390208333333
"48375",15.3,14.4503541666667
"48377",22.2,20.2855083333333
"48379",14.1,12.9328166666667
"48381",10.8,11.5936333333333
"48383",14.5,12.8952791666667
"48385",18.3,15.9819625
"48387",16.9,16.1493208333334
"48389",17.6,14.8424458333333
"48391",17.6,16.0754666666667
"48393",11.6,11.7203
"48395",15.4,14.4010166666667
"48397",9.4,9.17391666666662
"48399",14.7,13.7932666666667
"48401",13.9,13.6750583333333
"48403",16.6,15.1337041666667
"48405",20.9,18.02185
"48407",16.4,15.3574708333333
"48409",15.4,14.40125
"48411",14.2,15.2106708333333
"48413",14.8,13.1722458333333
"48415",13.6,13.4185208333334
"48417",12.3,11.9305875
"48419",16.4,15.9744
"48421",12.9,12.423875
"48423",13.2,12.3876583333333
"48425",12.3,12.0665375
"48427",20,19.0670374999999
"48429",13.8,14.180225
"48431",10.5,12.0608125
"48433",15.8,13.8725666666667
"48435",17.4,13.8814958333333
"48437",16.6,16.3779708333333
"48439",11.7,11.2363333333334
"48441",11.2,11.2371041666667
"48443",15,14.3759791666667
"48445",16.4,16.1780083333334
"48447",15.4,12.5503083333333
"48449",15.6,14.7061291666667
"48451",12.9,11.9692375
"48453",9,9.37084999999998
"48455",16.4,14.9774875
"48457",15.3,15.7278416666667
"48459",13.9,13.303725
"48461",16.6,14.5853625
"48463",15.7,14.8328416666667
"48465",15.6,13.786875
"48467",13.4,12.619525
"48469",14.5,14.5231416666667
"48471",13.3,12.5628791666666
"48473",11.1,11.3173416666666
"48475",14.4,13.751425
"48477",13.2,13.2171708333333
"48479",16.1,14.6823833333333
"48481",15,14.8101125
"48483",14.7,13.6262625
"48485",12.1,11.9349666666667
"48487",16.5,15.4272416666666
"48489",18.8,16.263925
"48491",9.8,9.58014583333332
"48493",13.1,12.7495166666667
"48495",14.1,13.6389916666667
"48497",11.9,11.5733208333333
"48499",14.6,13.0185125
"48501",13.5,13.3019083333333
"48503",13.4,13.2501875
"48505",20.8,18.8572666666666
"48507",22.6,17.4519458333333
"49001",9.8,11.5452666666667
"49003",9.3,9.40510416666665
"49005",7.8,7.942175
"49007",12.8,11.1235583333333
"49009",13.5,10.7081583333333
"49011",8.2,7.94585833333332
"49013",11,10.4125125
"49015",11.2,11.0277041666667
"49017",11.6,10.254
"49019",11.2,10.0573833333333
"49021",9.4,9.88284583333332
"49023",9,9.76812083333331
"49025",11.8,10.3559375
"49027",11.8,10.6994375
"49029",8.1,7.81918333333333
"49031",15.2,11.4886416666667
"49033",11.6,10.2581583333333
"49035",8.5,8.32199166666665
"49037",15.4,14.5300041666667
"49039",10.4,10.0228083333333
"49041",10.5,10.3862166666666
"49043",8.7,8.13500833333333
"49045",8.9,9.16218749999998
"49047",10.5,9.84899999999999
"49049",6.9,7.57602916666665
"49051",8.4,8.24844583333332
"49053",10.7,10.6010916666667
"49055",13.1,10.7838541666666
"49057",9,9.23197916666665
"50001",8.2,9.25721666666665
"50003",10,9.93066250000001
"50005",10.1,10.9843208333333
"50007",6.6,8.4885875
"50009",12.5,12.0425125
"50011",9.6,10.1980166666667
"50013",9.7,9.713975
"50015",8.3,9.04299999999998
"50017",9.7,9.90087500000001
"50019",10.7,10.9995833333333
"50021",10.3,11.1740083333333
"50023",8.9,9.16467916666664
"50025",9.8,9.75376250000001
"50027",9.5,9.52014999999999
"51001",18.2,15.9732541666667
"51003",10.2,10.1008125
"51005",15.1,13.5704541666667
"51007",16.6,14.0186875
"51009",15.1,12.8330083333333
"51011",14.8,13.4273166666667
"51013",8,8.11812083333334
"51015",13.2,12.5116833333333
"51017",18.4,16.3534041666667
"51019",13.5,11.3908333333333
"51021",13.8,13.9303083333333
"51023",13,11.9569041666667
"51025",18.2,16.4474416666666
"51027",17.4,16.0333583333334
"51029",16.6,15.9320458333333
"51031",14.2,12.1503375
"51033",14,12.8970666666667
"51035",15.9,14.52745
"51036",19.4,15.386125
"51037",18.6,14.6569625
"51041",12.4,10.9840458333333
"51043",12.2,11.3987041666667
"51045",14.3,15.3841375
"51047",12.8,11.6271541666667
"51049",16.1,13.6947125
"51051",16.9,15.6020333333333
"51053",14.7,13.6495708333333
"51057",18,17.0840125
"51059",10.7,9.16290833333332
"51061",11.6,10.3372125
"51063",13.5,12.7204
"51065",12.6,11.0102125
"51067",15.1,12.5945208333333
"51069",11.8,10.9603
"51071",13.8,12.6601583333333
"51073",12.8,11.0325458333333
"51075",12.2,11.0640708333333
"51077",17.5,14.6272375
"51079",12.7,11.4943416666667
"51081",17.1,15.7870375
"51083",19.3,15.9126625
"51085",11.6,10.3082541666667
"51087",12.3,11.5883875
"51089",18,14.9718458333333
"51091",15.2,12.4514
"51093",13.8,11.0607125
"51095",12.5,11.2769375
"51097",17,15.2030708333333
"51099",11.6,10.7427291666667
"51101",12.2,11.4853791666667
"51103",18.1,13.7984666666667
"51105",17.3,15.45205
"51107",9.5,8.65037083333333
"51109",14.1,12.1734
"51111",18.9,16.5332833333333
"51113",13.7,12.4399
"51115",15.2,12.7573
"51117",18.6,14.4982375
"51119",16.5,13.4825958333334
"51121",9.6,8.51011249999999
"51125",15.6,12.1500083333333
"51127",11.9,10.81885
"51131",18.5,14.9702416666666
"51133",16.8,14.0564958333333
"51135",16.7,15.6268375
"51137",12.9,11.4839375
"51139",14.1,13.8633541666667
"51141",16.4,13.7303416666667
"51143",17.5,15.1645416666667
"51145",12.1,10.5725291666667
"51147",13.5,12.8033625
"51149",11.5,12.0847791666667
"51153",11.4,10.1068791666666
"51155",14.1,13.2826625
"51157",14.7,12.7514916666667
"51159",15.1,14.0919083333333
"51161",12,10.2069708333333
"51163",14,12.08245
"51165",12.3,11.7898833333333
"51167",15.7,15.4728458333333
"51169",16.4,15.1260916666666
"51171",14.1,12.8108541666667
"51173",15.4,15.1436791666666
"51175",15.9,13.7907166666667
"51177",12.6,10.8472875
"51179",10.7,9.92236249999999
"51181",17.3,13.7838291666667
"51183",16.2,14.851125
"51185",15.9,16.1570458333333
"51187",12.7,11.7335416666667
"51191",13.8,12.7498958333333
"51193",18.3,15.2834875
"51195",15.1,14.6368833333333
"51197",14.3,14.4120791666667
"51199",11.1,9.9234208333333
"51510",9.9,9.13655
"51520",14.8,13.6541958333333
"51530",12.9,12.3854666666667
"51540",10.4,9.39221249999999
"51550",12.8,11.3862916666667
"51570",12.3,11.3796833333333
"51580",16.6,15.7133416666666
"51590",19.9,17.7378958333333
"51595",20,16.55495
"51600",11.1,9.40504583333334
"51610",8.9,8.37144166666668
"51620",18.1,13.5328958333333
"51630",10.2,9.91774166666664
"51640",16.3,14.9436291666667
"51650",15,13.4371083333333
"51660",10.2,9.62181666666666
"51670",17.7,16.2444625
"51678",7.8,9.44910416666668
"51680",11,10.4273583333333
"51683",12,11.1704916666667
"51685",13.8,11.437575
"51690",18.6,16.4248416666667
"51700",13.5,12.8592583333333
"51710",12.7,11.8532791666667
"51720",14.9,15.1215541666666
"51730",19.2,15.47685
"51735",11,10.0382833333333
"51740",15.8,13.4410541666667
"51750",9.2,8.88924999999997
"51760",12.9,11.9359291666667
"51770",15.1,12.4069208333333
"51775",12,11.1399625
"51790",12.9,11.0980916666667
"51800",13.7,12.166925
"51810",12.3,10.6976166666667
"51820",13.2,12.1424541666667
"51830",9.4,10.6027
"51840",14.2,11.4037708333334
"53001",13.3,12.3968583333333
"53003",12.6,11.7324541666667
"53005",10.4,9.45634583333333
"53007",10.7,10.3956083333333
"53009",12.1,10.9856833333333
"53011",9.6,9.36930416666666
"53013",12.2,11.5932458333333
"53015",11.4,11.2610875
"53017",11,11.0172666666666
"53019",15.1,13.314675
"53021",10.8,10.8034708333333
"53023",11.5,12.2211416666667
"53025",11.5,11.2990958333333
"53027",13.6,12.0470791666667
"53029",10.2,10.6952416666667
"53031",13.1,11.7073791666667
"53033",7.3,7.95122500000001
"53035",9.8,9.63031249999999
"53037",9.7,9.4317125
"53039",11.7,11.560275
"53041",12.1,11.8426583333333
"53043",11.7,12.0902916666667
"53045",12.2,12.1201916666666
"53047",13.3,13.0880916666667
"53049",14.9,12.8784583333333
"53051",13.3,12.7338958333333
"53053",10.6,9.50597083333333
"53055",10.9,11.0128458333333
"53057",10.8,10.6365625
"53059",11.2,11.2161666666667
"53061",9.1,8.95059166666669
"53063",10.2,9.63025833333334
"53065",12.6,12.3023041666667
"53067",10.3,9.58877083333334
"53069",14.7,13.36665
"53071",10.6,10.3154083333333
"53073",8.8,9.56695416666666
"53075",7.4,7.75657083333332
"53077",12.9,11.1766416666667
"54001",16.9,15.6090916666667
"54003",13.5,12.3158708333333
"54005",17.3,16.4783083333334
"54007",19.1,16.214975
"54009",15.5,13.5466875
"54011",14.9,13.9558833333334
"54013",21.1,16.6904458333334
"54015",18.8,17.81245
"54017",16.4,15.2665791666667
"54019",17.9,14.9566208333333
"54021",15.5,13.3262375
"54023",16.6,14.769425
"54025",17.3,15.1988291666666
"54027",16.9,14.7958166666667
"54029",16.6,14.530775
"54031",19,14.2574458333333
"54033",15.6,13.75385
"54035",17.2,14.930325
"54037",13.4,11.2785958333333
"54039",15.6,14.8064375
"54041",16.9,14.6166083333333
"54043",18.5,17.1734416666667
"54045",18.2,16.1194916666667
"54047",21.6,17.9002374999999
"54049",14.7,13.4690625
"54051",16.4,14.456725
"54053",17,15.4380375
"54055",17.2,14.995925
"54057",15.2,12.8563541666666
"54059",20.4,17.4201958333333
"54061",10.8,10.4746166666667
"54063",17.9,15.2188208333333
"54065",16.8,13.5193125
"54067",16.8,15.8194041666667
"54069",15,13.4241708333333
"54071",18.2,14.2086958333333
"54073",14.9,13.1686666666667
"54075",19.2,16.3734541666667
"54077",15.3,13.9444208333333
"54079",14.1,13.2609625
"54081",17.7,15.2771375
"54083",16,13.8342083333333
"54085",17.9,17.3364666666667
"54087",19.4,16.0177
"54089",19.4,16.2331958333333
"54091",15.9,14.5535875
"54093",16.9,14.2089125
"54095",17.6,15.4345458333334
"54097",16.5,14.477825
"54099",16.9,14.4812875
"54101",19.5,16.9451708333333
"54103",16.7,14.7271458333333
"54105",18.1,15.9283625
"54107",16.6,14.4904541666667
"54109",18.7,16.7460083333333
"55001",16.7,13.0330708333333
"55003",13.9,11.5838458333333
"55005",13.2,11.4828416666666
"55007",13.9,11.699975
"55009",10.5,8.97368749999999
"55011",12.8,10.9321791666667
"55013",15.5,12.9316083333333
"55015",10.3,8.60612500000001
"55017",11.7,10.0444
"55019",12.5,11.1039208333333
"55021",11.3,9.55445416666666
"55023",13.8,12.0855083333333
"55025",8.2,8.37908333333334
"55027",11.3,9.74075833333336
"55029",13,10.8369833333333
"55031",11.7,10.2432833333333
"55033",9.9,9.54707916666668
"55035",9.4,9.34475000000002
"55037",14.3,11.789325
"55039",11.5,9.65019166666669
"55041",16.7,12.9113
"55043",11.5,9.51812083333331
"55045",11.3,9.97918333333332
"55047",13.7,11.6454083333333
"55049",11.3,9.91852083333333
"55051",14.8,12.0240166666667
"55053",13.4,11.6873875
"55055",10.7,8.78936666666664
"55057",14.2,12.0586
"55059",11.4,10.132625
"55061",12.1,10.5527291666667
"55063",10.1,8.97210833333335
"55065",12.5,11.4063
"55067",14.1,11.80855
"55069",13.1,11.2433583333333
"55071",12.2,10.5215375
"55073",10.9,9.52802916666668
"55075",13.9,11.1005708333333
"55077",14.6,12.2331041666667
"55078",18.2,13.4806125
"55079",13.1,10.6110875
"55081",12.8,10.4577166666666
"55083",12.9,10.780425
"55085",13.8,11.2357625
"55087",10.3,8.65859583333333
"55089",10.1,8.92728333333335
"55091",12.4,11.3836083333333
"55093",9.8,8.85697083333333
"55095",12.4,10.6471791666667
"55097",9.6,8.77195
"55099",14.8,12.9367375
"55101",12.5,10.2409708333333
"55103",13.6,11.6886375
"55105",12.3,9.73199166666666
"55107",14.9,12.6995958333333
"55109",9.6,8.68851249999999
"55111",12.3,9.98814583333333
"55113",15.2,12.5881
"55115",12.9,11.5514458333334
"55117",11.5,9.07210833333333
"55119",12.8,11.0042666666667
"55121",12.3,10.2862166666667
"55123",12.9,10.5682666666667
"55125",13.8,12.09965
"55127",11.2,9.92627916666666
"55129",14.4,12.0267
"55131",10.5,8.58337500000001
"55133",10.5,8.71899583333336
"55135",13.1,10.5916041666667
"55137",14.4,11.7624166666667
"55139",11.2,8.77037916666666
"55141",12.6,10.1929916666666
"56001",7.5,7.06418749999999
"56003",12.6,11.4135041666666
"56005",9.9,9.46572083333334
"56007",12.9,11.1809458333333
"56009",11.5,10.7523541666667
"56011",11.5,11.4745166666667
"56013",12.4,11.5119666666667
"56015",12.3,12.0341208333333
"56017",14.5,12.14875
"56019",13.1,11.649775
"56021",10.5,9.07375416666669
"56023",11.4,10.1216625
"56025",11.1,9.52846250000001
"56027",13,12.3888541666667
"56029",11.7,10.0962875
"56031",13.5,12.8711208333333
"56033",10.9,10.39855
"56035",11.2,10.1820708333333
"56037",11.1,10.0431166666666
"56039",8.4,8.52840833333334
"56041",11,10.2322916666666
"56043",13.7,10.9732666666667
"56045",12.6,12.2618166666667
