"county_fips","per_depres","pred_outcome"
"01001",25.1,22.260325
"01003",22.5,22.3421791666667
"01005",22.1,21.1318375
"01007",24.4,22.6492375
"01009",24.8,24.42615
"01011",21.1,19.6451375
"01013",22.5,20.9336208333334
"01015",24.6,22.5064458333333
"01017",22.7,21.2997583333333
"01019",25,23.6354125
"01021",24.5,23.1662458333333
"01023",23.3,21.2830666666667
"01025",22.6,20.5931083333334
"01027",24.4,23.7896500000001
"01029",25.5,23.6185583333333
"01031",24.3,22.8920958333333
"01033",24.5,23.7282916666667
"01035",22.3,20.7092166666667
"01037",22.2,21.2655375
"01039",24.3,22.6817541666667
"01041",23.8,22.1934666666667
"01043",25.4,25.0197416666667
"01045",24.8,22.5731625
"01047",20.3,20.22565
"01049",26.3,25.5358541666667
"01051",23,22.055325
"01053",24,22.2752500000001
"01055",24.9,23.5454333333334
"01057",25.7,23.9035625
"01059",25.1,23.537325
"01061",25.7,23.1897541666667
"01063",20.4,19.8019333333334
"01065",21.2,20.3898291666667
"01067",23,21.9051333333334
"01069",24.9,22.6362916666667
"01071",26.7,26.9852416666667
"01073",22.7,21.4826041666666
"01075",24.7,24.2523583333333
"01077",24.2,23.7862541666666
"01079",24.9,23.6113625
"01081",23.6,21.5801541666667
"01083",23.7,23.4515125
"01085",20.9,19.7949833333334
"01087",20.7,19.9099041666667
"01089",21.6,22.7435875
"01091",22.3,20.3744708333334
"01093",25.7,24.2734916666666
"01095",25.4,23.6002541666667
"01097",22.1,22.1327875
"01099",22.7,21.433975
"01101",21,19.580675
"01103",24,23.4949416666667
"01105",22.1,20.3679958333334
"01107",22.3,21.3737625
"01109",24.7,21.3295875
"01111",24.4,22.2323375
"01113",23.9,21.1375375
"01115",25,23.4961333333333
"01117",21.6,21.2542875
"01119",21.5,20.7807791666666
"01121",22.7,22.1919291666666
"01123",23.5,22.10945
"01125",25,22.1123041666666
"01127",26.6,24.1967083333333
"01129",24.1,22.04005
"01131",21.4,20.2418041666667
"01133",26.2,24.3619333333333
"04001",20.4,20.0138458333333
"04003",19.9,19.3064791666667
"04005",22.5,20.4817166666667
"04007",20.7,19.0345416666667
"04009",20.3,19.5577875
"04011",19.2,18.7854541666667
"04012",17.9,18.9092749999999
"04013",18.6,18.5434375
"04015",19.2,19.5151375
"04017",22.2,20.0425541666667
"04019",22.8,19.4743375
"04021",19.8,18.65775
"04023",16,19.7552833333334
"04025",19.3,20.2745958333333
"04027",17.9,18.8065
"05001",23.4,24.2835
"05003",25.6,24.2771916666666
"05005",25.7,25.457
"05007",23.7,23.5521583333333
"05009",25.4,25.4842708333334
"05011",23.2,24.5117708333333
"05013",23,24.4653583333333
"05015",24.2,24.5566
"05017",21.5,21.9236541666667
"05019",26,25.0602458333333
"05021",26.8,26.9019291666667
"05023",24.8,25.1573875
"05025",24.6,24.5966625
"05027",23.7,24.5490625
"05029",24.9,25.4527083333334
"05031",26.5,25.5093375
"05033",26.1,26.0079083333334
"05035",23.9,23.3058833333333
"05037",25.3,24.5317333333334
"05039",21.7,22.7628833333333
"05041",23.2,23.1726416666666
"05043",24.1,24.8397541666666
"05045",26.4,25.9304625
"05047",27,25.7290833333334
"05049",26.2,24.5974458333333
"05051",24.1,24.3654500000001
"05053",24.9,25.430675
"05055",27.8,26.7962958333333
"05057",22.1,23.9937041666666
"05059",23.9,24.4946166666667
"05061",24.3,24.6930333333333
"05063",26.1,26.3809916666667
"05065",25.6,25.1966583333333
"05067",26.3,26.5320208333333
"05069",21.5,22.2236541666667
"05071",25.4,25.9650458333334
"05073",23.9,24.6180375
"05075",27.3,26.5563333333333
"05077",21.3,22.5108333333334
"05079",22,22.8692083333334
"05081",24.5,24.3471
"05083",25.8,25.6182791666667
"05085",25.8,26.0643125
"05087",25.6,24.7733625
"05089",24.8,25.8383625
"05091",24.6,24.3633666666666
"05093",24.8,25.1044541666667
"05095",22.9,23.459075
"05097",25.2,25.6627708333334
"05099",24.1,24.5547083333333
"05101",24.7,25.2400999999999
"05103",23.2,23.5032125
"05105",25.1,25.304375
"05107",22.6,22.4244916666666
"05109",25.7,24.6940541666667
"05111",26.8,26.9052708333334
"05113",25,25.5717083333334
"05115",24.6,26.1896916666667
"05117",23.8,24.7090541666667
"05119",23.1,22.5281666666667
"05121",26.8,26.6803333333333
"05123",21.7,22.7572000000001
"05125",24.7,23.7923166666667
"05127",25.1,25.0219375
"05129",26,26.6090958333333
"05131",24.9,25.2653958333333
"05133",24.1,24.6827958333333
"05135",26.1,26.2213541666667
"05137",25.3,26.19535
"05139",23.6,24.5694458333333
"05141",24.8,25.7731875
"05143",24.6,24.5258875
"05145",26.3,26.105175
"05147",24.4,24.4863125
"05149",25.1,24.9330333333333
"06001",18.6,14.9888208333333
"06003",21.7,18.2332791666667
"06005",21.7,19.0717666666666
"06007",25.6,20.5913875
"06009",23.2,19.71095
"06011",21.6,18.9705125
"06013",19.1,15.8363958333333
"06015",23.5,20.2865541666667
"06017",22.3,19.2244583333333
"06019",21.4,17.3611833333333
"06021",22.6,19.7006958333333
"06023",26.1,21.0118208333333
"06025",19.9,18.461375
"06027",22.2,18.4669458333333
"06029",22.8,17.3284333333333
"06031",21.1,18.2084708333333
"06033",24,20.5678833333333
"06035",22.9,19.8391208333333
"06037",19,15.7861083333334
"06039",21.8,18.8423541666666
"06041",20.6,16.369725
"06043",22.6,19.3722416666666
"06045",23,20.0348666666667
"06047",21.5,17.9963416666667
"06049",23.9,21.3408791666666
"06051",22.8,19.3464791666666
"06053",19.2,17.8049541666667
"06055",20.8,17.8904041666666
"06057",23,19.5211916666667
"06059",19,15.922225
"06061",21.3,16.4292791666667
"06063",23.4,19.507825
"06065",21.7,16.4603166666667
"06067",22.5,17.113275
"06069",20.2,17.6327
"06071",19.6,16.8714458333333
"06073",21.1,16.3394
"06075",19.4,15.0378791666667
"06077",19.6,17.2676291666667
"06079",22.8,18.4196541666666
"06081",18.1,14.1143875
"06083",21.7,18.0459541666667
"06085",17.8,14.1398791666667
"06087",22.8,17.4298625
"06089",24.3,21.0481416666667
"06091",23.2,20.536
"06093",24,20.8734458333333
"06095",19.4,17.100775
"06097",22.9,18.0537541666667
"06099",20.9,17.0463333333333
"06101",21.5,17.8396625
"06103",24.1,20.4188125
"06105",24.8,21.7429708333333
"06107",22.3,18.0495833333333
"06109",23.6,19.2645208333333
"06111",20.6,17.0042833333333
"06113",23.6,17.21255
"06115",23.7,19.5303583333333
"08001",20.7,21.340825
"08003",22.6,20.2706041666667
"08005",21.7,20.2796791666667
"08007",21.2,20.2775125
"08009",24.2,20.929525
"08011",22,20.4902708333333
"08013",23.3,22.1938875
"08014",21.4,20.8811041666667
"08015",21.6,20.3532125
"08017",22.8,19.2495333333333
"08019",21.3,20.4356666666667
"08021",20.5,19.6624041666667
"08023",19.5,19.0792583333333
"08025",20.5,21.0908375
"08027",22,20.3786458333333
"08029",23.6,20.8448
"08031",22.7,22.1307666666667
"08033",22.7,20.3685291666666
"08035",21.1,20.04155
"08037",20.4,20.4802583333333
"08039",21.7,20.4127291666667
"08041",25.4,21.5323250000001
"08043",23.2,21.1281875
"08045",21.1,22.1123833333333
"08047",21.9,20.670225
"08049",22.6,20.7691
"08051",23.3,21.4110708333333
"08053",20.2,19.8452291666667
"08055",20.6,19.1025125
"08057",23,20.5458333333333
"08059",23.1,20.4853333333334
"08061",23.2,20.3580208333333
"08063",23.3,19.0814583333334
"08065",21.6,20.524975
"08067",21.9,20.5631791666667
"08069",24.8,21.7231833333333
"08071",21.7,20.3069375
"08073",21.6,21.0412416666667
"08075",23.6,18.7643125
"08077",23.4,21.8708416666667
"08079",21.5,20.1395333333333
"08081",24.1,21.5110916666666
"08083",23.6,21.0655125
"08085",22.4,21.0453
"08087",21.7,21.1273666666667
"08089",22.5,21.2365750000001
"08091",21.1,20.0349125
"08093",21.1,20.4230416666667
"08095",22.7,18.3600416666667
"08097",20.4,19.9560375
"08099",22.4,21.4847958333334
"08101",22.6,21.3258
"08103",23.6,21.5188208333333
"08105",21,20.5981875
"08107",21.8,20.2003125
"08109",21,20.5529458333333
"08111",21.5,20.6009416666667
"08113",21.9,20.2731625
"08115",21.9,18.324475
"08117",22.1,20.4269666666666
"08119",22,20.3128916666667
"08121",22.6,19.1375791666667
"08123",22.1,21.0123458333333
"08125",22.3,20.7950541666667
"10001",22.5,19.9211375
"10003",21,19.2036875
"10005",20.4,18.4372458333334
"11001",21.6,19.4075541666667
"12001",20.1,20.7035208333333
"12003",19.6,21.7294541666667
"12005",20.8,21.8516666666667
"12007",20.3,21.4380583333333
"12009",18.6,19.1736708333333
"12011",15.6,19.4280749999999
"12013",19.9,22.1029458333333
"12015",16.2,20.1888958333333
"12017",18.4,21.4647166666667
"12019",18.9,20.4298541666667
"12021",15.1,19.6844166666666
"12023",20.1,21.3659666666667
"12027",18.6,21.046625
"12029",20,21.8805708333333
"12031",19.6,19.6325874999999
"12033",20.5,22.9215583333333
"12035",18.3,19.529525
"12037",18.3,21.5618625
"12039",16.6,19.643475
"12041",20.6,21.9103625
"12043",17.6,20.9828833333333
"12045",19.5,21.4644375
"12047",19.1,21.242925
"12049",18,21.2517708333333
"12051",16.6,20.4127791666667
"12053",19.7,21.211925
"12055",16.9,20.3541458333333
"12057",16.6,20.0586916666666
"12059",20.8,22.9225375
"12061",16.6,19.0451083333333
"12063",19.3,21.3799666666667
"12065",17.5,20.9298291666667
"12067",19.3,21.4437541666667
"12069",17.1,20.0119375
"12071",16.9,19.9839625
"12073",18.2,21.4491291666667
"12075",19,21.7238416666666
"12077",19,21.7964
"12079",18.6,20.5828333333333
"12081",17.4,20.8589916666666
"12083",19,20.6460166666667
"12085",17.1,19.9465375
"12086",13.5,19.4700541666666
"12087",16.1,19.9765041666666
"12089",18.3,20.6698333333333
"12091",19.1,21.8633666666667
"12093",19.4,21.2586625
"12095",16.6,19.6016916666666
"12097",17.2,19.81285
"12099",15.3,19.81305
"12101",19.1,20.987925
"12103",19.3,20.9246125
"12105",19.2,20.4153208333333
"12107",19.6,21.6365041666666
"12109",17.4,19.7093125
"12111",17,19.9651541666666
"12113",19.3,22.2472875
"12115",17.9,21.0256
"12117",16.4,20.0631375
"12119",14.1,20.5310458333333
"12121",19.3,21.532575
"12123",19.3,21.4126791666667
"12125",20.2,21.1529833333333
"12127",19.1,20.1502166666666
"12129",18,21.6623583333333
"12131",18.7,22.1046125
"12133",20.4,22.9876291666667
"13001",22,22.1681499999999
"13003",22,22.2515083333333
"13005",22.1,22.5355666666666
"13007",19.3,20.1890083333333
"13009",20.4,20.377475
"13011",22.8,21.9911541666667
"13013",19.7,20.8977625
"13015",21.2,21.6940625
"13017",20.9,21.8510916666667
"13019",22.9,22.8742875
"13021",19.5,18.968525
"13023",21.8,21.4876166666667
"13025",24,22.9708125
"13027",20.2,21.4164833333333
"13029",20.5,20.4497875
"13031",21.4,21.1050208333334
"13033",20.4,20.0912375
"13035",20.4,21.0780958333333
"13037",17.3,19.168225
"13039",20.9,21.2873833333334
"13043",21.2,21.541825
"13045",21.3,21.1251416666667
"13047",21.3,23.6956958333333
"13049",20.1,21.0330916666667
"13051",18.9,19.4571
"13053",21,21.1825791666667
"13055",23.1,25.0847375
"13057",20.2,19.7515625
"13059",22.2,19.466075
"13061",18.3,19.5557375
"13063",17,17.0671291666666
"13065",21.8,22.2263333333333
"13067",18.2,17.7230624999999
"13069",21.7,21.9336083333333
"13071",21.7,21.9404041666667
"13073",19.4,20.1770250000001
"13075",22.2,21.8488416666667
"13077",19.3,20.0798583333333
"13079",20.6,21.0376541666667
"13081",20.5,20.3510125
"13083",22.6,23.9274916666666
"13085",21,21.1078666666667
"13087",20.3,20.9523625
"13089",16.9,17.9519166666666
"13091",20.6,21.4682041666666
"13093",17.8,19.2685958333333
"13095",18.6,19.348125
"13097",18.2,18.6553958333334
"13099",19.8,20.1821083333333
"13101",20.6,21.7940125
"13103",20.5,20.4465333333334
"13105",20.4,21.5251208333334
"13107",20.8,22.0223791666666
"13109",20.8,20.6889833333333
"13111",20.7,22.0364041666666
"13113",17.6,18.0955833333333
"13115",22.3,22.5077708333333
"13117",17.4,17.8655749999999
"13119",22.6,22.4762541666667
"13121",16.9,17.5111583333333
"13123",20.7,22.2021833333333
"13125",22.5,21.7842875
"13127",19.3,20.2302458333333
"13129",22.5,22.5328291666667
"13131",20.3,21.7770041666666
"13133",17.5,18.9626083333333
"13135",15.7,17.1203541666666
"13137",21.5,22.1811125
"13139",20.2,20.6573541666666
"13141",17.5,18.7385208333333
"13143",23.8,23.0436708333334
"13145",18.8,19.4650375
"13147",20.4,21.2847958333333
"13149",22.6,23.4296916666667
"13151",17.6,18.7679291666667
"13153",20.5,20.2101666666666
"13155",21.5,21.8474541666667
"13157",20.5,20.71185
"13159",21.7,20.9361833333333
"13161",22.2,22.4426166666667
"13163",19.9,20.25275
"13165",20.5,20.5979666666666
"13167",20.2,20.8382125
"13169",20.8,21.2711166666667
"13171",20.9,20.9440291666667
"13173",22,21.9261041666667
"13175",20.3,21.5852625
"13177",20.2,20.8332958333333
"13179",19.7,20.3203749999999
"13181",20.3,20.3479041666667
"13183",21.3,20.5743875
"13185",20.5,20.7552125
"13187",22.5,22.6795916666667
"13189",20.4,20.19215
"13191",20.3,20.1980041666666
"13193",18.1,19.0477000000001
"13195",22.3,22.0983208333333
"13197",20.4,21.1056083333333
"13199",20.4,21.417475
"13201",21.1,20.9318666666666
"13205",20,20.7653375
"13207",20,20.177175
"13209",21.1,20.9269166666666
"13211",19.6,20.0871208333333
"13213",22.4,23.2271208333333
"13215",19.6,19.7055791666667
"13217",18.8,19.3677875
"13219",19.5,19.2273208333334
"13221",20.8,21.1055541666666
"13223",20.4,20.0041375
"13225",19.5,19.7889541666666
"13227",21.8,21.8867291666667
"13229",22.5,21.6840333333333
"13231",21.7,21.3486833333333
"13233",22.5,22.5081333333333
"13235",21.8,21.2007791666667
"13237",19.8,19.8884166666667
"13239",18.6,20.2293208333333
"13241",20.5,22.3142375
"13243",19.6,19.7314083333333
"13245",20.4,20.3025874999999
"13247",17.6,18.3619833333333
"13249",20.8,21.0922208333333
"13251",20,20.1911166666666
"13253",19.5,21.1241125
"13255",20,20.9270416666667
"13257",22.1,22.01795
"13259",17.3,18.6394958333333
"13261",19.2,19.5277541666667
"13263",18.5,19.4781125
"13265",17.5,18.8882291666666
"13267",20.2,21.3753875
"13269",21,20.9841458333333
"13271",19.8,20.1552791666667
"13273",19.4,20.1353833333334
"13275",19.7,21.5976125
"13277",21,21.4761916666667
"13279",20.8,21.3194291666667
"13281",20.3,21.400325
"13283",21.8,21.5180333333333
"13285",20.7,21.3065333333333
"13287",20.8,20.7805833333333
"13289",19.1,19.5594291666667
"13291",20.5,21.1472
"13293",21.2,21.7361625
"13295",21.6,23.3446666666667
"13297",20.4,20.8424666666667
"13299",21.9,21.8810541666667
"13301",18.9,19.5847333333333
"13303",19.4,19.8297416666667
"13305",21.6,22.1812874999999
"13307",19.3,20.3475916666667
"13309",19,20.9667083333334
"13311",21.1,21.7811625
"13313",20.2,21.6505166666666
"13315",19.2,20.5835458333334
"13317",19.2,19.9051916666667
"13319",20.1,20.3285791666667
"13321",21.7,21.715475
"16001",25,24.794225
"16003",21.5,21.2432208333333
"16005",25,23.4703041666666
"16007",22.2,21.7156875
"16009",22.4,22.2468833333333
"16011",23,23.0686875
"16013",18.9,21.0773458333333
"16015",21.4,21.3921208333334
"16017",21.3,22.5159541666667
"16019",25.3,23.6654208333333
"16021",21.8,22.4591708333333
"16023",23.8,22.6046333333334
"16025",21,21.5837833333334
"16027",23.1,22.9464166666667
"16029",22,21.9404125
"16031",22.1,22.322425
"16033",20.4,20.9915875
"16035",20.8,21.0133083333333
"16037",20.6,20.7643291666667
"16039",22.8,22.4858
"16041",22.8,21.1482708333333
"16043",22.1,20.6013625
"16045",21.8,21.9338208333333
"16047",20.9,22.1838416666666
"16049",20.9,20.6278666666667
"16051",22.5,21.997875
"16053",21.6,21.8122125
"16055",23.7,23.5255583333334
"16057",23.4,25.1316958333333
"16059",21.9,21.7800833333333
"16061",21.9,22.0399
"16063",21.7,21.5344833333333
"16065",27.9,25.5474666666667
"16067",20.8,22.0001
"16069",23.9,24.4206666666667
"16071",22,21.5656916666667
"16073",22.2,21.840475
"16075",22.5,24.6933333333333
"16077",21.2,21.6739666666667
"16079",22.9,22.1529041666667
"16081",20.7,20.2188125
"16083",23.7,23.2654875
"16085",21.2,20.5667375
"16087",21.8,23.415175
"17001",22.4,20.5233666666667
"17003",21.2,23.3022791666667
"17005",22.8,20.86635
"17007",21.5,20.5027666666667
"17009",20.5,19.5004208333333
"17011",22.5,20.3584125
"17013",21.2,20.6061416666667
"17015",21.3,20.5753416666667
"17017",21.6,21.1616666666667
"17019",22.6,20.6255375000001
"17021",22.4,20.8457541666666
"17023",22.5,21.860725
"17025",23.6,21.7948208333333
"17027",21.7,21.3561958333333
"17029",24.1,21.604425
"17031",18.7,18.2103041666667
"17033",22.3,21.2187541666666
"17035",22.9,21.5810291666667
"17037",23,20.7123875000001
"17039",22.5,20.50775
"17041",22.6,21.6280625
"17043",17.4,17.1441208333334
"17045",22.8,21.1928875
"17047",23.6,23.2208375
"17049",22.5,21.2061916666667
"17051",22.4,21.5784583333333
"17053",22.9,21.3035875
"17055",23.7,22.395825
"17057",23.1,20.2843666666667
"17059",23,22.6061708333333
"17061",23.2,21.0100875
"17063",22,20.297325
"17065",23.3,22.6809916666666
"17067",22,20.1578916666667
"17069",22.4,21.6200875
"17071",21.4,19.4169166666667
"17073",21.8,19.9503458333333
"17075",22.8,23.2703375
"17077",23,22.7695791666667
"17079",22.6,21.7175166666667
"17081",22.7,21.7919375
"17083",22.8,20.8374958333333
"17085",20.6,20.0171875
"17087",21.5,23.1412958333333
"17089",18.6,17.3015541666667
"17091",21.4,20.746425
"17093",19.4,18.8659583333333
"17095",21.9,20.2138083333334
"17097",18.1,17.0982791666668
"17099",22.3,20.4528875
"17101",22,23.2484666666666
"17103",21.2,19.7264958333333
"17105",22,20.5543833333333
"17107",22.2,20.6987625
"17109",23.8,20.5902625
"17111",21.7,18.9740249999999
"17113",22.3,20.6343125
"17115",21.7,20.5676166666667
"17117",22.9,21.1415333333333
"17119",22.2,20.5808
"17121",23.5,21.7788791666666
"17123",22.5,20.0545375
"17125",22.6,20.6780416666667
"17127",22.8,26.24745
"17129",22.5,20.5153875
"17131",22.4,19.2064375
"17133",21.3,20.3048
"17135",22.3,21.650725
"17137",22.5,20.7649291666667
"17139",23.7,21.4886375
"17141",21.8,20.326525
"17143",22.1,20.6209416666667
"17145",22.3,21.1995916666667
"17147",21.7,20.2151666666667
"17149",23.2,21.390675
"17151",21.3,22.374775
"17153",21.9,22.9016958333334
"17155",21.1,19.8659291666666
"17157",21.9,20.8164249999999
"17159",23,21.2911750000001
"17161",20.4,20.0714208333334
"17163",20.9,19.935975
"17165",23.3,21.9494791666666
"17167",21.1,20.4899208333333
"17169",21.9,20.7516625
"17171",22.7,20.6622791666667
"17173",22.4,21.3125208333333
"17175",22.3,20.0117208333334
"17177",22.4,19.8994708333333
"17179",23,20.4166041666667
"17181",22.8,22.3372958333333
"17183",22.9,21.1026833333333
"17185",22.9,21.38505
"17187",22.4,19.6766833333334
"17189",22.2,20.4520666666667
"17191",23.3,22.0914666666666
"17193",23.5,21.9597291666666
"17195",21.5,19.9888416666667
"17197",18.9,17.4426791666667
"17199",22.9,21.2945708333333
"17201",22.5,20.4218583333334
"17203",22,20.0673041666667
"18001",27,25.264375
"18003",26.1,23.4892
"18005",24.9,23.3402708333333
"18007",26.5,24.9402166666666
"18009",26.5,25.6663875
"18011",21.5,22.1412833333332
"18013",24.1,23.9852458333333
"18015",25,25.0488624999999
"18017",24.8,23.7189791666666
"18019",25.9,24.5257
"18021",26.5,23.823675
"18023",24.6,24.133175
"18025",27.1,27.9741249999999
"18027",27.2,24.958
"18029",25.1,24.0197541666667
"18031",26,24.292775
"18033",26.5,24.2180708333334
"18035",29.3,25.3161083333333
"18037",23.4,24.2213208333334
"18039",25.2,23.7466875
"18041",27.1,24.735625
"18043",25.2,24.8194166666666
"18045",26,25.4159333333333
"18047",25.3,24.5197958333333
"18049",25.5,24.7450708333333
"18051",26.5,24.1343666666667
"18053",27.7,25.3883458333333
"18055",26.3,25.1601916666667
"18057",22.5,22.1387374999999
"18059",24.4,22.4086333333333
"18061",24.8,24.7159041666667
"18063",21.3,22.1531749999999
"18065",26.8,24.9999749999999
"18067",25.3,24.3381833333333
"18069",25.8,23.9439
"18071",25.5,24.343775
"18073",24.8,21.2287125
"18075",26.5,25.2945791666667
"18077",26.4,25.1117875
"18079",27,26.6809541666667
"18081",25.3,23.2724208333333
"18083",25.7,23.4714166666667
"18085",25.2,23.7456333333334
"18087",27.2,25.5177875
"18089",20.3,22.0191750000001
"18091",24.5,22.9638125
"18093",24.8,23.9561208333333
"18095",26.8,24.2447041666666
"18097",25.5,24.2315875
"18099",25.8,24.8390708333333
"18101",25.7,25.4524041666667
"18103",26.1,25.00225
"18105",27.1,24.0039083333333
"18107",26,24.9015583333333
"18109",25.4,24.1012
"18111",24.8,24.1831125
"18113",24.5,25.0994
"18115",25,24.2369125
"18117",26.9,24.8203958333333
"18119",26.5,24.722025
"18121",27.2,25.7874333333333
"18123",25.2,23.6628874999999
"18125",25.4,22.4172416666666
"18127",23.6,21.6925541666666
"18129",24.8,21.5680916666667
"18131",25.5,24.7971541666667
"18133",25.9,22.3787708333333
"18135",25.8,25.4026
"18137",24.9,24.3847875
"18139",26.6,25.3404166666666
"18141",27.2,22.5864583333333
"18143",27.3,26.9621083333333
"18145",26.9,24.9838541666666
"18147",25.8,22.657075
"18149",26.4,24.8721166666666
"18151",25.4,23.5894
"18153",25.3,23.3918374999999
"18155",26.8,26.5920083333333
"18157",24.3,21.8192666666667
"18159",25,24.7169875
"18161",25.4,24.3884625
"18163",27.1,25.3070791666667
"18165",26.3,23.0034375
"18167",26.5,24.83065
"18169",24.6,24.7978041666667
"18171",25.6,22.2487125
"18173",24.8,23.2252875
"18175",27.4,26.3927125
"18177",27.1,25.0157541666667
"18179",25.7,23.9971708333334
"18181",25.3,24.4495125
"18183",24.6,24.073975
"19001",20.2,17.5427291666667
"19003",20.1,17.6296833333333
"19005",20.1,20.4185208333333
"19007",21.8,21.8404041666667
"19009",19.8,19.5977875
"19011",20,17.9182375
"19013",21.3,19.0535791666666
"19015",20.2,17.6727458333333
"19017",19.5,17.9035916666667
"19019",20.2,18.383825
"19021",18,16.053675
"19023",20.3,18.0175666666667
"19025",19.7,17.3189666666667
"19027",19.8,17.293225
"19029",21.1,18.2308
"19031",20.7,18.9660916666667
"19033",21.3,19.8955041666667
"19035",20.2,19.3774041666667
"19037",19,19.5000291666667
"19039",20.6,18.8375666666667
"19041",19.9,17.5368625
"19043",19.5,19.2565708333333
"19045",20.4,20.0708208333334
"19047",18.9,16.31475
"19049",19.2,18.1078166666667
"19051",21.5,20.0975791666667
"19053",21.3,19.8814541666667
"19055",19.7,18.2604833333333
"19057",21.1,20.0933375000001
"19059",18.5,17.6079666666667
"19061",19.5,19.2921958333334
"19063",19.7,20.9506833333333
"19065",20,18.8717291666667
"19067",20.4,19.5492666666667
"19069",20.3,19.0160083333333
"19071",20.1,17.1224625
"19073",20.4,17.2486125
"19075",19.6,17.3845958333333
"19077",19.2,17.2131333333333
"19079",19.5,18.1584791666667
"19081",20.2,18.2179583333334
"19083",20.1,18.0316083333334
"19085",20.2,16.1797333333333
"19087",20.1,18.5983208333333
"19089",20.4,19.8940083333333
"19091",20.1,19.6756041666667
"19093",20.1,16.7014125
"19095",20.2,17.6615208333333
"19097",20.6,19.9790916666667
"19099",20.4,17.7646958333333
"19101",19,19.8208875
"19103",21,19.670175
"19105",19.8,19.3686708333333
"19107",21.1,18.194325
"19109",19.8,18.8912708333334
"19111",20.2,20.08205
"19113",23.1,19.1025666666667
"19115",19.6,17.9854833333334
"19117",21.1,20.1350958333334
"19119",21,16.5583125
"19121",20.3,17.6737958333333
"19123",21.1,18.0763583333334
"19125",21,17.6172833333333
"19127",19.4,19.4213250000001
"19129",19.7,16.8444708333333
"19131",19.4,18.5764083333333
"19133",20.6,17.9114375
"19135",20.5,18.0893666666667
"19137",20.5,18.0792666666667
"19139",19.4,19.0003333333334
"19141",21,19.9318833333333
"19143",20.1,20.1859791666667
"19145",20.1,18.1338375
"19147",20,19.6617375
"19149",18.9,15.65765
"19151",19.6,17.9921416666667
"19153",21.6,18.765475
"19155",21.9,17.2654083333333
"19157",21.6,17.8296666666667
"19159",20.5,18.5453666666667
"19161",19.8,16.8552916666667
"19163",20.5,18.809225
"19165",19.9,17.2021125
"19167",20.3,16.4506208333333
"19169",21.5,19.3328916666667
"19171",20.2,19.0870208333334
"19173",20.6,17.54455
"19175",20.6,18.5576291666667
"19177",21.2,19.8270541666666
"19179",20.4,19.9888291666667
"19181",20.5,17.6315458333333
"19183",20.7,18.2097625
"19185",20.7,23.6047916666666
"19187",20.5,18.6447125
"19189",20.3,19.4741
"19191",19.2,18.8614041666667
"19193",20,16.5276041666667
"19195",20,19.61665
"19197",19.5,18.9713791666667
"20001",22.6,20.9917291666667
"20003",21.5,22.4370166666667
"20005",21.7,21.56095
"20007",20.6,19.7828541666667
"20009",20.4,20.5548
"20011",21.7,21.9198875
"20013",21,22.3640041666666
"20015",21.2,20.8598958333333
"20017",20.3,20.3165375
"20019",21.1,21.9982291666667
"20021",22.5,21.3813083333333
"20023",20.9,18.8297625
"20025",19.8,19.6416
"20027",21.5,19.2177291666667
"20029",21.9,19.3927
"20031",20.8,19.9140041666667
"20033",20.8,19.0933958333333
"20035",21.5,21.8985875
"20037",22.6,22.7050541666667
"20039",19.4,19.0094583333333
"20041",20.7,19.6938
"20043",21.3,20.4270708333333
"20045",24.5,22.1884333333333
"20047",19.8,20.4893583333333
"20049",21.1,21.0646833333333
"20051",20.7,19.9090416666666
"20053",18.5,19.1107875
"20055",18.2,18.8885916666666
"20057",17.9,19.495525
"20059",21.3,21.3309125
"20061",21.8,20.9951125
"20063",19.7,18.68365
"20065",19.6,18.6972
"20067",17.3,19.8042125
"20069",21,19.820675
"20071",19.5,19.0794339285715
"20073",21,20.1937541666667
"20075",18.6,21.1919083333333
"20077",21.7,21.5990458333333
"20079",20.3,20.7502291666667
"20081",20,20.4419375
"20083",19,18.9733083333333
"20085",20.8,20.1413208333334
"20087",20.7,19.5635625
"20089",20.5,18.7420166666666
"20091",18.4,19.4549791666667
"20093",19,20.505225
"20095",21.3,19.61375
"20097",20.6,19.6253666666667
"20099",20.9,21.4425291666666
"20101",20.4,19.2614541666667
"20103",20.9,21.0757
"20105",20.6,18.9078458333333
"20107",20.2,19.8380916666666
"20109",21.2,19.2895958333333
"20111",21.5,21.5427583333333
"20113",21.1,19.1172333333333
"20115",20.8,19.4458666666667
"20117",21.2,17.7529375
"20119",20.3,19.9582208333333
"20121",20.9,20.7796541666667
"20123",20.8,19.3871541666667
"20125",21.6,22.4537625
"20127",19.7,19.2844833333333
"20129",19.7,21.6718666666667
"20131",20.6,19.015975
"20133",20.7,21.2453041666666
"20135",19.9,19.3280125
"20137",20.5,19.0304208333333
"20139",21.1,19.4073166666667
"20141",20.1,18.8449583333333
"20143",20.7,19.4287541666667
"20145",19.3,19.8233208333333
"20147",20.6,18.7377166666667
"20149",19.9,20.2219291666667
"20151",20.7,20.3982416666667
"20153",20.5,18.9583625
"20155",22.1,21.7825
"20157",20.3,18.722975
"20159",20.3,20.2875041666667
"20161",23.2,21.3113416666666
"20163",21.3,18.6102666666667
"20165",20.7,18.8275541666667
"20167",20.7,19.0800958333333
"20169",20.7,20.9810125000001
"20171",19.1,19.0085958333333
"20173",22.6,21.4744583333334
"20175",17.8,19.2532583333333
"20177",23,22.0214166666667
"20179",20,18.9756
"20181",20.2,18.9271666666667
"20183",19.2,19.1755875
"20185",20.4,20.0484125
"20187",19.1,21.5702958333333
"20189",19.9,21.1699375
"20191",21.3,20.8500083333333
"20193",20.9,19.2482958333333
"20195",19.5,18.3356916666666
"20197",20.1,19.2533708333333
"20199",20.4,19.3569166666667
"20201",19.6,19.0717708333333
"20203",19,20.2674041666667
"20205",21.3,19.8341416666667
"20207",20.7,19.7200291666666
"20209",17.7,22.0965541666666
"21001",NA,27.8156541666666
"21003",NA,27.47185
"21005",NA,25.7117291666667
"21007",NA,21.6831041666667
"21009",NA,27.6567166666667
"21011",NA,27.9286083333333
"21013",NA,29.1473875
"21015",NA,23.0151166666667
"21017",NA,25.7112083333334
"21019",NA,27.3994041666666
"21021",NA,26.2070500000001
"21023",NA,27.11225
"21025",NA,29.5449291666667
"21027",NA,27.7272958333333
"21029",NA,25.4010666666667
"21031",NA,27.7476041666666
"21033",NA,26.6010041666666
"21035",NA,26.5737166666667
"21037",NA,22.9722375
"21039",NA,26.7189208333334
"21041",NA,27.0039291666667
"21043",NA,25.7792291666667
"21045",NA,28.5284125
"21047",NA,27.5253458333333
"21049",NA,25.8723166666667
"21051",NA,29.0791791666667
"21053",NA,28.298225
"21055",NA,27.152025
"21057",NA,28.26365
"21059",NA,25.3047416666666
"21061",NA,27.4057333333333
"21063",NA,27.9824
"21065",NA,28.5557375
"21067",NA,24.1539583333334
"21069",NA,27.6148125
"21071",NA,29.5322416666667
"21073",NA,25.4564708333334
"21075",NA,25.5702
"21077",NA,26.8762416666666
"21079",NA,26.9815083333333
"21081",NA,26.2886458333333
"21083",NA,27.2854833333334
"21085",NA,27.76115
"21087",NA,28.1465916666666
"21089",NA,25.8856125
"21091",NA,26.5974791666666
"21093",NA,25.4425708333334
"21095",NA,29.2199458333334
"21097",NA,26.7945375
"21099",NA,28.0309083333333
"21101",NA,23.6935416666667
"21103",NA,26.7172208333333
"21105",NA,25.5700791666667
"21107",NA,26.9403666666667
"21109",NA,28.6381166666667
"21111",NA,24.3725999999999
"21113",NA,25.3554875
"21115",NA,28.4992416666666
"21117",NA,22.2384625000001
"21119",NA,29.1596041666666
"21121",NA,29.7720500000001
"21123",NA,27.6370916666666
"21125",NA,28.5372625
"21127",NA,27.5556458333333
"21129",NA,29.6001833333334
"21131",NA,29.7235125
"21133",NA,29.27835
"21135",NA,27.3249208333333
"21137",NA,27.854625
"21139",NA,25.2917333333333
"21141",NA,26.8574916666666
"21143",NA,22.06695
"21145",NA,24.0005041666667
"21147",NA,29.5178083333334
"21149",NA,23.5334916666666
"21151",NA,25.4609083333334
"21153",NA,29.4758791666667
"21155",NA,27.5045083333333
"21157",NA,24.4068666666667
"21159",NA,28.8174125
"21161",NA,26.750875
"21163",NA,27.016325
"21165",NA,28.3145083333333
"21167",NA,26.2717333333333
"21169",NA,28.3669208333333
"21171",NA,27.7428416666666
"21173",NA,26.6531625
"21175",NA,26.7371083333333
"21177",NA,27.2623
"21179",NA,25.4514166666667
"21181",NA,27.8666416666666
"21183",NA,26.7650541666666
"21185",NA,23.8993958333333
"21187",NA,26.4917708333333
"21189",NA,27.2451916666667
"21191",NA,26.4063375
"21193",NA,29.0906583333333
"21195",NA,29.0295125
"21197",NA,27.9443166666666
"21199",NA,28.0433541666666
"21201",NA,28.1168083333333
"21203",NA,28.9483291666667
"21205",NA,29.0226958333333
"21207",NA,27.9421125000001
"21209",NA,25.0152833333333
"21211",NA,25.2032958333333
"21213",NA,27.1953333333333
"21215",NA,25.633875
"21217",NA,26.6708791666667
"21219",NA,27.7376
"21221",NA,27.3119541666667
"21223",NA,26.2311375
"21225",NA,25.7564083333333
"21227",NA,26.4815541666667
"21229",NA,26.2418375
"21231",NA,28.1293541666667
"21233",NA,26.6689166666667
"21235",NA,28.7760166666667
"21237",NA,30.4081833333334
"21239",NA,24.5877375
"22001",30.6,27.0828124999999
"22003",27.4,25.8103916666666
"22005",26.9,24.42395
"22007",27.1,24.9744583333333
"22009",28,26.5436166666666
"22011",28.9,26.6660791666667
"22013",26.9,24.7764666666667
"22015",26.8,24.4185375
"22017",26.6,23.8565208333333
"22019",27.5,25.2695666666667
"22021",29.2,25.8605583333333
"22023",28.1,25.6653833333333
"22025",26.9,24.59285
"22027",25.1,24.0736833333333
"22029",27.4,23.9925708333333
"22031",27.1,24.6236125
"22033",25.9,24.1898083333333
"22035",24.9,23.9504958333333
"22037",24.5,22.0134375
"22039",28.3,25.9980166666667
"22041",28.1,23.9038625
"22043",26.9,25.8862458333333
"22045",27.9,25.0833833333334
"22047",25.2,23.5295958333333
"22049",26.5,25.46635
"22051",24.3,23.1284375
"22053",28.4,25.7401083333334
"22055",25.9,25.3971583333333
"22057",30,24.9908458333333
"22059",27,25.9174333333333
"22061",28,25.0547916666666
"22063",29.6,25.9879375
"22065",26.3,24.5544250000001
"22067",26.7,23.5807333333333
"22069",27.9,24.2870208333333
"22071",26.7,23.6513666666667
"22073",25.7,24.2114208333334
"22075",26,24.4164291666667
"22077",26.1,25.0110458333334
"22079",27.3,25.7005791666667
"22081",26.6,25.3774833333333
"22083",27.4,24.72485
"22085",28,24.9547791666666
"22087",27.9,25.2037416666667
"22089",25.5,24.1805291666667
"22091",25.7,23.31685
"22093",24.5,23.7784
"22095",24,23.6829416666667
"22097",26.6,24.4730958333333
"22099",28.5,25.3049375
"22101",27.3,25.2133708333333
"22103",25.2,23.8148
"22105",26.4,24.3503458333333
"22107",24.6,22.4645041666667
"22109",27.3,25.2428833333333
"22111",27,24.7644833333333
"22113",28.7,26.3555291666667
"22115",27.5,25.8065541666667
"22117",27.2,24.2048458333333
"22119",27.4,25.3994791666667
"22121",25.5,23.8278416666667
"22123",27.7,24.0323125
"22125",21.8,21.8858208333334
"22127",26.4,24.936225
"23001",29.7,24.1296083333333
"23003",25.6,24.1273
"23005",25.6,21.6491541666667
"23007",28.3,24.6973791666667
"23009",25.5,24.6603666666667
"23011",28.2,24.2620458333333
"23013",25.4,22.8277916666666
"23015",26.5,22.8278416666667
"23017",26.3,24.3022916666667
"23019",28.8,24.2066916666667
"23021",26.2,23.7941333333333
"23023",27.1,24.3084375
"23025",28.8,24.0444583333333
"23027",28.2,24.4331458333334
"23029",26.7,24.1890791666666
"23031",25.4,23.078425
"24001",25.7,23.2699458333334
"24003",19.9,18.7565916666667
"24005",20.7,19.4510416666666
"24009",19.7,19.40805
"24011",24.2,21.4996625
"24013",22.5,19.5995500000001
"24015",23.2,21.5796583333333
"24017",17.5,17.6574125
"24019",20.2,20.2643750000001
"24021",20.5,19.0863375
"24023",21,23.3208916666667
"24025",21.6,19.9343625
"24027",17.7,17.0313208333333
"24029",22.1,18.528775
"24031",17,17.9703291666666
"24033",14.8,16.7512583333334
"24035",22.4,19.6086125
"24037",21.2,19.6035791666666
"24039",20.9,20.1852125
"24041",20.5,18.4516583333333
"24043",22.9,21.7701041666667
"24045",21.7,19.8256541666667
"24047",20.4,18.8954583333333
"24510",23.5,19.6747083333333
"25001",22.5,21.1246375
"25003",25.1,22.4007458333333
"25005",23.8,22.2483083333333
"25007",23.4,20.1928041666667
"25009",22.3,21.0377541666667
"25011",25.4,22.7105666666667
"25013",26.8,21.8111375
"25015",27.4,22.6352666666666
"25017",23.7,19.3664708333333
"25019",22,18.7454875
"25021",21.9,18.5968958333333
"25023",23.8,20.6989291666667
"25025",23.2,20.1790875000001
"25027",25.6,21.572325
"26001",25.3,23.0195208333333
"26003",24.7,22.2538958333333
"26005",25.8,23.21235
"26007",27.9,23.8858708333333
"26009",25.2,22.6691291666667
"26011",27.1,23.7519375
"26013",26.5,22.7321833333333
"26015",26.2,23.2515625
"26017",26.9,24.1547416666667
"26019",25.7,22.7305458333334
"26021",25.7,22.7748833333333
"26023",27.5,24.2650208333334
"26025",26.9,23.6614166666667
"26027",26.9,23.7838333333334
"26029",24.7,22.7125208333334
"26031",26.7,23.003925
"26033",26.8,23.4290833333334
"26035",28.1,25.2264083333333
"26037",27,23.4756
"26039",27.5,23.2351625
"26041",28.1,23.4580083333333
"26043",27.5,22.3389458333333
"26045",26.8,23.3168958333333
"26047",25.3,22.6899083333333
"26049",27.2,23.7382125
"26051",26.9,23.89255
"26053",26.2,21.2499708333333
"26055",25.5,22.6946625
"26057",26.9,24.021
"26059",29.3,24.0553041666667
"26061",26.3,24.298825
"26063",26.5,23.2417666666667
"26065",27.2,24.4093
"26067",26.8,23.13865
"26069",27,23.5561791666666
"26071",25.6,22.44345
"26073",30.5,25.6292958333333
"26075",27,23.2308
"26077",28.9,24.6039541666667
"26079",27.8,23.7758833333334
"26081",27.5,24.0206791666667
"26083",24.4,20.741675
"26085",26.4,24.4620583333334
"26087",26.2,23.1319041666667
"26089",23.6,20.5039916666667
"26091",27.7,23.3039208333334
"26093",25.3,22.5598958333334
"26095",24.6,22.5837375000001
"26097",25.9,22.6563833333334
"26099",26,22.3325125
"26101",26.2,22.6810583333333
"26103",27.8,23.3365208333333
"26105",26.5,23.5225333333333
"26107",28.9,24.1651458333334
"26109",27.3,22.021175
"26111",25.9,23.4004833333333
"26113",27.6,23.2938875
"26115",26.7,21.7637375
"26117",27.2,24.2420458333333
"26119",26.4,23.241125
"26121",27.6,23.3679708333333
"26123",26.9,23.95485
"26125",20.8,20.9256125
"26127",26.4,23.5607083333334
"26129",27.5,23.8011125
"26131",25.2,21.2405583333333
"26133",27.6,24.0815375000001
"26135",27.2,24.3280791666667
"26137",27.3,22.8433541666667
"26139",26.5,23.0297708333333
"26141",26.3,22.9922666666666
"26143",26,23.2240041666666
"26145",26.5,23.4203791666666
"26147",27.5,23.4289708333333
"26149",27.5,24.3879166666667
"26151",27.6,24.0733708333333
"26153",26.6,23.4290875
"26155",28.3,23.4898541666666
"26157",27.4,23.7803708333333
"26159",27.4,23.7942291666667
"26161",26.7,23.1998791666667
"26163",24.3,22.8546083333334
"26165",27.9,23.4112833333333
"27001",23.2,21.4701916666666
"27003",24.6,21.079475
"27005",23.9,21.692525
"27007",26.9,22.8344416666667
"27009",25.7,22.396525
"27011",22.2,20.9588958333333
"27013",26.6,23.2514625
"27015",23.6,20.3994625
"27017",26.5,22.1692916666666
"27019",22.9,20.3362666666666
"27021",23,20.5892666666666
"27023",24,20.8995
"27025",24.1,21.715825
"27027",26,22.6232541666667
"27029",24.8,21.5169083333333
"27031",22.4,20.5604083333333
"27033",23.4,20.8118291666667
"27035",22.8,21.8128708333333
"27037",22.9,21.4444708333333
"27039",24.1,21.73095
"27041",24.4,21.5681833333333
"27043",23.7,20.8906375
"27045",23.7,20.6490708333333
"27047",22.6,20.4497791666667
"27049",23.1,21.0115791666667
"27051",24.7,21.3673583333333
"27053",25.5,22.8096791666668
"27055",22.6,20.1804625
"27057",22,21.0274083333333
"27059",24.5,21.6102083333333
"27061",23.8,21.2796791666667
"27063",22.6,19.7745708333334
"27065",25.1,21.8114041666667
"27067",23.2,20.393275
"27069",23.1,17.9571791666667
"27071",23.4,21.5070916666667
"27073",22.3,19.3346958333333
"27075",22.9,20.5677041666667
"27077",22.8,19.9817708333333
"27079",23.5,21.07835
"27081",23.1,17.3788458333333
"27083",22.8,19.961275
"27085",23.3,21.5081083333334
"27087",26.6,22.5267583333333
"27089",23.3,20.139375
"27091",23,18.8246875
"27093",23.8,21.5143541666667
"27095",24.8,22.0575875
"27097",24.2,21.8954791666667
"27099",24.3,20.5736625
"27101",23.7,20.1820583333333
"27103",24.8,21.8731041666667
"27105",21.4,18.6043
"27107",23.9,20.2831541666666
"27109",24.1,21.5644708333334
"27111",23.2,21.0379208333333
"27113",24.9,22.0421541666666
"27115",24.9,22.0342666666666
"27117",24.2,20.4194416666667
"27119",24.5,20.5052333333333
"27121",23.5,20.5206291666666
"27123",25.7,23.3095250000001
"27125",23.9,19.290925
"27127",23.7,20.8539083333333
"27129",23.2,21.515425
"27131",23,21.0751791666666
"27133",24.1,17.4918875
"27135",23.1,21.4357166666667
"27137",25,22.675325
"27139",22.3,20.9671583333333
"27141",24.1,21.1746166666666
"27143",23.4,21.5040041666666
"27145",25.1,21.8758166666667
"27147",23.1,20.9364458333333
"27149",24.6,19.2572958333333
"27151",24.7,19.6427875
"27153",24.1,21.7817208333333
"27155",23.2,20.8329291666666
"27157",22.4,20.1590833333333
"27159",25.3,22.09155
"27161",24.6,21.0207041666667
"27163",22.8,21.229375
"27165",22.3,19.7189749999999
"27167",24.7,19.1342416666667
"27169",25,22.0235041666667
"27171",24.4,21.3045916666666
"27173",24.4,21.33975
"28001",17.4,22.0907666666666
"28003",21.9,24.13445
"28005",19,23.131125
"28007",18.8,20.8460375
"28009",19.4,22.4426416666667
"28011",18.9,19.9027208333333
"28013",20,21.7005
"28015",18.6,21.5113708333333
"28017",19.1,21.149475
"28019",19.2,21.5788125
"28021",17.5,19.1389666666667
"28023",20.2,21.6745666666667
"28025",18.1,20.3967625
"28027",17.9,19.8991291666667
"28029",18.9,20.7104958333334
"28031",19.2,22.2256875
"28033",19.7,22.6197166666667
"28035",20.8,21.6843666666667
"28037",19.6,23.1862916666667
"28039",21.6,23.4334124999999
"28041",19.8,22.8906375
"28043",19.2,20.3576291666666
"28045",19.7,23.7739333333333
"28047",21.1,22.3682416666666
"28049",17.3,19.5326875
"28051",17.9,20.9059791666667
"28053",18.6,19.8772083333334
"28055",16.8,21.192925
"28057",21.1,24.161725
"28059",19.7,22.5371958333333
"28061",18.1,21.060375
"28063",16.5,21.6078083333333
"28065",17.8,20.4454916666667
"28067",19.9,22.3351708333333
"28069",17.3,19.9258333333333
"28071",20.5,22.517325
"28073",21.3,22.3513999999999
"28075",18.8,20.4842
"28077",20.6,21.9515416666667
"28079",19.2,20.4155666666667
"28081",20.1,21.2647375
"28083",17.6,19.6961791666667
"28085",19.8,22.2764125
"28087",19,20.6686125
"28089",17.7,19.8646583333333
"28091",20.4,22.0013083333333
"28093",19.4,21.2045833333333
"28095",19.8,21.9150291666666
"28097",18.7,20.779175
"28099",21.3,21.1876125
"28101",20.3,21.8203875
"28103",17.9,20.5597666666667
"28105",20.1,20.7593958333333
"28107",20.1,20.9494416666667
"28109",21.1,22.9862375
"28111",21.1,23.131775
"28113",19.3,21.1903875
"28115",20.9,23.2387541666666
"28117",21.6,23.7510708333333
"28119",18.5,20.1736541666667
"28121",19.3,21.5803666666666
"28123",20,21.1518291666666
"28125",17.6,20.1423166666667
"28127",19.7,22.1722125
"28129",20.9,21.943875
"28131",20.9,23.7993375
"28133",17.1,20.2127875
"28135",18.5,20.6100166666667
"28137",20,21.7823291666667
"28139",21.3,23.6121125
"28141",22.2,26.6179125
"28143",18.6,19.9749958333333
"28145",21.4,23.3815916666667
"28147",19.2,22.033975
"28149",18.3,21.5922333333334
"28151",16.9,19.8326625
"28153",19.7,21.5204625
"28155",20.2,22.7256833333333
"28157",17,21.732
"28159",18.7,20.311075
"28161",19.5,21.0253458333333
"28163",18.6,20.5329916666666
"29001",27.6,23.8758041666667
"29003",23.6,18.7975541666667
"29005",24.7,22.218125
"29007",25.9,24.7228749999999
"29009",24.5,24.3085416666667
"29011",25.6,23.73365
"29013",26.2,24.0695083333334
"29015",24.1,23.4521333333333
"29017",25.9,25.6255291666667
"29019",24.1,24.5157041666666
"29021",24.8,23.2078625
"29023",27.4,25.3295083333333
"29025",24.9,23.6108
"29027",24.7,23.4316833333334
"29029",23,22.79065
"29031",24.5,23.3182166666667
"29033",24.9,21.8730333333334
"29035",26.6,25.5116458333333
"29037",23.9,22.0976458333333
"29039",25.2,24.27765
"29041",23.7,21.8181458333334
"29043",24.7,23.7424999999999
"29045",25.4,20.8466041666667
"29047",23.4,22.0927125
"29049",24.9,21.6835625
"29051",23.2,22.3238291666666
"29053",24,23.1707041666667
"29055",25.7,23.6763083333333
"29057",25.3,23.7687583333333
"29059",26,24.697
"29061",25.7,23.8549666666667
"29063",23.3,20.4547041666667
"29065",24.4,24.0293333333333
"29067",25.3,24.5984541666667
"29069",26.6,25.06355
"29071",25.6,23.0689625
"29073",24.6,23.3752791666666
"29075",25,23.5386416666667
"29077",24.5,24.3240583333333
"29079",25.3,23.9127166666667
"29081",24.9,20.64565
"29083",25.1,24.1908791666667
"29085",24.9,23.3138166666667
"29087",23.8,22.7145083333333
"29089",25,22.8939458333334
"29091",26.7,25.5991916666667
"29093",26.3,24.2690125
"29095",25.4,21.8524208333333
"29097",25.8,23.8079333333333
"29099",23.9,22.975925
"29101",26.8,23.4800875
"29103",25.2,23.9515833333333
"29105",25.9,24.5626541666667
"29107",24.6,22.2554541666667
"29109",25.7,24.6262458333333
"29111",25.8,24.103225
"29113",24.9,23.9558208333333
"29115",25.1,22.4010875
"29117",26.1,24.0918916666666
"29119",26.5,24.9000208333334
"29121",23.7,21.6015291666667
"29123",25.4,24.5934791666667
"29125",25.2,23.3234458333333
"29127",25,22.5687916666667
"29129",25.4,23.7626291666667
"29131",25.8,23.5103208333333
"29133",25.1,24.9956625
"29135",24.8,24.2683791666666
"29137",24.9,23.2950833333333
"29139",25.1,23.5462375
"29141",26.1,23.9103291666666
"29143",25.7,25.4353583333333
"29145",25,22.9748958333333
"29147",26.2,20.2925833333334
"29149",25.9,25.6623541666667
"29151",24.2,22.6755625
"29153",25.5,24.6285083333333
"29155",25.7,24.2616458333333
"29157",24.4,22.3551583333333
"29159",24.6,23.5205708333333
"29161",25.9,23.5568083333333
"29163",24.1,22.7832541666666
"29165",22.8,21.4467625
"29167",26.1,24.699375
"29169",24.6,23.888125
"29171",24.3,22.0531583333334
"29173",24.8,20.661725
"29175",25.5,24.6891041666667
"29177",25,23.8870791666667
"29179",25.4,24.7586416666667
"29181",27.1,25.2027375
"29183",22.8,21.2477625
"29185",25.2,23.7745625
"29186",24.4,21.7612375
"29187",25.9,24.3321333333333
"29189",22.7,20.5608666666667
"29195",24.6,23.0012708333334
"29197",24.3,20.5245791666667
"29199",25.1,20.0346958333333
"29201",24.6,25.1032833333333
"29203",24.9,24.7228666666666
"29205",25.2,23.8525125
"29207",26.1,25.6612791666667
"29209",23.5,23.711225
"29211",24,21.8693541666667
"29213",24.3,24.3346458333333
"29215",25.5,24.3386541666667
"29217",26.6,24.3178625
"29219",24.9,23.4797041666666
"29221",26.4,24.2973416666667
"29223",25.8,25.664475
"29225",26.1,24.4247875
"29227",24.5,22.5245625
"29229",26.6,24.6614875
"29510",23.9,24.5814375
"30001",24.3,22.01685
"30003",25.2,22.918125
"30005",24.3,22.8038041666667
"30007",23.1,20.89975
"30009",22.8,20.7733416666667
"30011",23.2,16.7376625
"30013",27.1,23.0571833333333
"30015",23.8,21.2691958333334
"30017",24,21.4973541666667
"30019",22.5,18.8970875
"30021",23.2,17.407425
"30023",24.2,22.3533375
"30025",23.8,18.7351625
"30027",23.1,21.1416416666667
"30029",23.7,22.0240625
"30031",22.8,22.3321666666667
"30033",24.2,21.1753166666667
"30035",25.8,22.6061375
"30037",23,21.3176875
"30039",22.1,20.8976708333334
"30041",26.2,22.4095125
"30043",22.7,21.0859708333333
"30045",23.3,21.2082416666667
"30047",24.9,22.0882083333333
"30049",25.8,22.5436208333333
"30051",24.9,22.684725
"30053",24.5,22.3202083333333
"30055",22.1,18.080475
"30057",21.6,20.3658166666667
"30059",22.4,20.6927291666667
"30061",23.4,20.9571875
"30063",26.6,24.3228291666666
"30065",23.3,21.4966416666667
"30067",22.5,21.4792583333333
"30069",21.4,20.4086916666667
"30071",23.9,20.3242416666667
"30073",25,22.47475
"30075",21.7,17.8662666666667
"30077",22.2,21.0321625
"30079",22.2,19.3745833333333
"30081",22.3,21.3595333333334
"30083",22.9,18.3405166666667
"30085",26.9,22.5980333333333
"30087",24.6,22.5947041666667
"30089",23,21.46325
"30091",23.5,18.2364083333333
"30093",25.1,23.791125
"30095",22.6,20.553225
"30097",22.7,20.6720791666667
"30099",23.5,22.44015
"30101",23.2,21.3207
"30103",21.6,20.2922208333334
"30105",23.2,21.6048583333334
"30107",24.6,22.6429
"30109",23.6,19.448725
"30111",27.3,24.3442458333334
"31001",19.7,17.5947208333333
"31003",16.6,15.621725
"31005",17.5,16.7335
"31007",16.3,16.4761041666667
"31009",17.4,15.5754416666667
"31011",16.8,15.7031333333333
"31013",16.8,16.735925
"31015",16,15.5290416666667
"31017",17,15.9049708333333
"31019",18.1,17.3450708333334
"31021",17.2,16.212575
"31023",16.3,15.6415708333333
"31025",18.2,16.8822166666667
"31027",15.9,15.2534583333333
"31029",16.3,18.2628458333333
"31031",17.1,15.9068208333333
"31033",17.1,17.3304458333333
"31035",16.9,17.3988416666667
"31037",14.1,15.6951541666667
"31039",16.7,15.0407625
"31041",16.6,15.646325
"31043",15.9,17.444075
"31045",18.2,17.1699083333333
"31047",15.4,16.3796708333334
"31049",16.9,17.6156666666667
"31051",15.8,15.3399833333333
"31053",16.6,16.0296375
"31055",18.9,18.2923708333334
"31057",16.7,16.8316958333333
"31059",16.6,15.8315125
"31061",17.8,18.2009916666667
"31063",16.6,18.9708
"31065",17.1,18.050325
"31067",17.6,18.2842541666667
"31069",16.9,16.9382041666667
"31071",16.2,15.7807208333333
"31073",16.4,16.9751458333333
"31075",17,16.547075
"31077",16.5,16.1093958333333
"31079",16.4,16.4641791666667
"31081",16.9,16.0648916666667
"31083",16.6,18.9168916666667
"31085",16.5,18.5333333333333
"31087",17.2,18.0796791666666
"31089",16,15.5967166666667
"31091",16.9,16.7526958333333
"31093",16.8,15.6021916666667
"31095",17.7,17.56435
"31097",15.7,17.4984708333333
"31099",16.8,16.5151
"31101",15.6,18.113025
"31103",16,15.6059208333333
"31105",17.3,17.8881375
"31107",16.8,16.6420708333333
"31109",20.5,18.6081041666667
"31111",18.9,18.4205625
"31113",16.2,15.9232916666666
"31115",15.9,15.9116541666667
"31117",16.7,15.8269416666667
"31119",16.2,17.0044666666666
"31121",17.8,15.7568625
"31123",17.1,17.20585
"31125",17.9,17.0623333333333
"31127",18.4,18.8381291666667
"31129",16.9,18.2101625
"31131",17.7,17.03785
"31133",16.9,20.145825
"31135",17,18.4899375
"31137",17.9,17.5131041666667
"31139",17.1,15.4374166666666
"31141",15.8,15.7611958333333
"31143",16.5,15.8781958333333
"31145",19.4,18.787275
"31147",17.7,18.1129708333333
"31149",16.6,15.6115541666667
"31151",16.9,17.3084708333333
"31153",17.5,17.4134458333333
"31155",16.5,15.8912125
"31157",17.5,16.5817916666667
"31159",18.4,15.4808125
"31161",16.4,15.9615791666666
"31163",16.7,15.6505333333333
"31165",17.2,16.1258791666667
"31167",16.4,15.2239916666666
"31169",17.4,17.152975
"31171",16.6,15.8767916666667
"31173",18.2,17.4501291666666
"31175",16.6,15.3856416666667
"31177",17.7,16.1041666666667
"31179",18.2,16.2636125
"31181",17.6,18.609325
"31183",15.8,15.4374625
"31185",17.3,16.6161041666667
"32001",22,19.6603333333333
"32003",20.3,18.2200791666667
"32005",18.9,19.254275
"32007",21.5,21.6216875
"32009",20.2,19.9111375
"32011",23.5,21.2018875
"32013",21.7,20.6834291666667
"32015",22.8,19.9850083333333
"32017",21.2,20.3683666666667
"32019",21.4,20.2703666666667
"32021",22.3,19.6488625
"32023",21,20.1837291666667
"32027",19.6,19.4990916666667
"32029",19.7,19.0837416666667
"32031",21.1,18.8150333333333
"32033",21.5,19.7311625
"32510",21.4,19.3033458333333
"33001",23.1,22.8022125
"33003",21.5,22.9724458333333
"33005",23.6,22.9579833333333
"33007",22.6,24.2828083333334
"33009",23.7,23.2027708333333
"33011",21.5,20.8741416666667
"33013",23.6,23.2421791666667
"33015",21.7,21.989025
"33017",26.3,22.5812458333333
"33019",24.1,23.79175
"34001",16.3,19.8425541666667
"34003",14,16.9447083333333
"34005",15.7,18.8545833333333
"34007",17.6,18.4207958333333
"34009",17.6,19.6733791666667
"34011",16.1,20.0350875
"34013",15.4,16.6700666666667
"34015",18.6,19.8303916666667
"34017",14.2,16.3059208333334
"34019",16.5,20.3112
"34021",14.8,17.5942
"34023",12.7,16.8964
"34025",14.3,18.4501583333333
"34027",14.9,17.4966541666667
"34029",16.1,19.743775
"34031",15.4,17.5277416666667
"34033",18.6,20.8019625
"34035",13.9,16.7087916666666
"34037",18.2,20.6772666666667
"34039",14.3,16.4400625
"34041",17.8,20.774175
"35001",24.6,20.1826333333334
"35003",21.8,19.4808333333333
"35005",23.7,20.6236625
"35006",23.4,20.0414708333333
"35007",21.1,19.2462416666666
"35009",24.6,20.7714333333333
"35011",22.5,19.1657125
"35013",22,20.7991
"35015",22.8,20.5805458333334
"35017",21.2,19.1922708333333
"35019",19.2,19.0883958333333
"35021",20.4,19.1059833333333
"35023",21.6,19.0658041666667
"35025",21.7,21.1500041666667
"35027",22.4,19.9227125
"35028",20.5,17.7968958333333
"35029",22.6,19.5333083333333
"35031",24.8,19.7831583333333
"35033",17.7,18.07285
"35035",24,19.8696583333334
"35037",22.3,20.2399041666666
"35039",20.2,19.4296333333333
"35041",24.2,21.2818
"35043",23.1,19.415925
"35045",23.4,20.3079291666667
"35047",19.5,19.2975791666667
"35049",21.9,18.7663291666667
"35051",22,19.1965458333334
"35053",21.7,19.3819375
"35055",20.5,19.0563333333333
"35057",24.4,19.289725
"35059",22.2,19.8528166666667
"35061",21.8,19.2951708333333
"36001",21.1,21.0367875
"36003",21.2,23.0623625
"36005",15.8,19.335425
"36007",20.7,23.2372375
"36009",21.6,23.5975666666666
"36011",20.8,22.6346291666666
"36013",20.6,22.8606833333333
"36015",21.4,22.8161666666666
"36017",21.1,22.330025
"36019",22.7,23.6426833333333
"36021",19.3,22.5201625
"36023",23,23.327175
"36025",20.5,22.2824708333333
"36027",18.9,20.0904333333333
"36029",20.6,24.8973458333333
"36031",20.4,23.3490291666667
"36033",21.9,23.4686166666667
"36035",21.7,23.3293166666667
"36037",21.1,23.3908416666667
"36039",20.3,21.8654583333333
"36041",19.4,22.1025791666667
"36043",20.4,23.1448125
"36045",20.5,23.4639875
"36047",16.1,18.01425
"36049",20.9,22.6425458333333
"36051",20.8,23.2273791666667
"36053",21.1,23.3132833333333
"36055",21.9,24.9681833333333
"36057",21.2,22.8125625
"36059",13.4,17.4001125
"36061",18.5,19.273025
"36063",21.1,23.0309416666666
"36065",20.4,23.8544208333333
"36067",22,25.0599
"36069",20.3,23.0702916666666
"36071",17.8,20.2776958333333
"36073",20.6,23.3518375
"36075",21.9,24.4620958333333
"36077",20.9,23.0117291666667
"36079",17.6,20.5184708333333
"36081",13.7,17.1389958333333
"36083",20,22.1595833333333
"36085",15.3,17.8119416666667
"36087",17.9,17.8959541666666
"36089",23.6,23.72875
"36091",20.2,21.8161666666667
"36093",19.3,21.5036166666667
"36095",20,21.9164875
"36097",20.8,22.7047708333333
"36099",21.2,22.4735041666667
"36101",21.7,22.8113291666667
"36103",16,16.9437583333333
"36105",19.3,20.7951833333333
"36107",21,22.8963916666666
"36109",22.5,23.9353833333333
"36111",19.4,22.5087958333333
"36113",21,22.3988416666667
"36115",20.4,22.9252291666667
"36117",20.9,22.6299708333333
"36119",15.5,17.5080208333333
"36121",20.7,21.3324833333333
"36123",20.8,23.1098166666666
"37001",24,22.5680208333334
"37003",25.8,23.0281041666667
"37005",25.3,23.8044458333333
"37007",23.4,20.7463958333334
"37009",25.2,23.3271458333334
"37011",25.2,22.870375
"37013",23.9,21.5656291666666
"37015",21.7,20.3008875
"37017",24.2,21.2840583333333
"37019",23.4,21.162825
"37021",24.7,22.6479833333333
"37023",26.1,23.6193958333334
"37025",23.4,21.3295375000001
"37027",26.3,23.5322625
"37029",24.6,20.8502
"37031",24.1,21.4185
"37033",23.5,21.7348791666667
"37035",25.7,23.3658083333333
"37037",22.1,21.074375
"37039",25.4,22.1789375
"37041",23.5,21.2482041666667
"37043",24.7,22.0528291666666
"37045",25.9,22.3337458333333
"37047",24.4,22.093975
"37049",24.3,22.0355833333334
"37051",25,22.7227625
"37053",24.7,20.9485625
"37055",24.1,20.9336166666666
"37057",25.6,22.9656333333333
"37059",24.8,22.3721625
"37061",23.4,22.2579958333334
"37063",22.9,20.5102333333333
"37065",22.7,20.9600583333334
"37067",23.4,22.5063666666667
"37069",24.5,21.7393708333334
"37071",25.3,22.6763958333333
"37073",24.2,21.3594083333334
"37075",25.4,22.7352166666666
"37077",23.4,22.0224583333334
"37079",23.4,21.7707791666667
"37081",24.2,22.2343666666667
"37083",22.5,20.8111083333333
"37085",26,22.7768
"37087",26.4,22.6786833333333
"37089",23.8,21.9399541666666
"37091",22.6,20.5571291666666
"37093",24.7,22.4378875
"37095",23.2,21.5587541666666
"37097",24.4,21.7265833333334
"37099",27.2,24.1186333333334
"37101",24.3,22.8789708333334
"37103",24.7,21.7055541666667
"37105",24.4,23.1704625
"37107",24.2,21.6893291666667
"37109",25.1,22.2722541666667
"37111",26.1,23.6975625
"37113",25.4,22.0979708333333
"37115",25.8,24.2848791666667
"37117",23.8,21.3362875
"37119",22.7,20.4248291666666
"37121",25.6,23.2915291666667
"37123",24.5,22.6329291666667
"37125",23.5,21.2589041666667
"37127",22.8,21.7790791666667
"37129",25,22.0515000000001
"37131",21.9,20.3364791666667
"37133",24.4,23.1399083333333
"37135",24.4,21.2688541666666
"37137",23,21.4833166666667
"37139",23.7,21.2081
"37141",24.8,22.029825
"37143",23.7,21.1102625
"37145",24.8,22.2690375000001
"37147",25.2,21.8422666666667
"37149",23.8,22.2387625
"37151",26.5,23.45315
"37153",25.9,21.5301375
"37155",22.9,22.0343625
"37157",25.2,23.2380875
"37159",24.7,22.7794791666667
"37161",26.7,22.9632333333333
"37163",24.5,22.2395625
"37165",24.3,20.6449541666667
"37167",25.7,22.3907833333333
"37169",26.3,22.9994166666667
"37171",27,24.1928833333334
"37173",26.7,23.9230958333333
"37175",24.2,22.4574166666667
"37177",22.9,21.374925
"37179",24.1,21.3063833333334
"37181",23.1,21.0034708333333
"37183",23.1,19.1102499999999
"37185",22.2,20.2616625
"37187",23.4,20.9398166666667
"37189",28.5,24.5977541666667
"37191",24.2,22.3633208333334
"37193",26.8,23.8371708333334
"37195",23.8,21.8927041666667
"37197",26.3,23.3235041666667
"37199",26.1,23.4671041666667
"38001",19.1,17.1013125
"38003",20,18.7762708333334
"38005",21.5,20.4764
"38007",18.6,19.6293708333333
"38009",19.2,17.4813166666667
"38011",19.2,17.8316125
"38013",19.3,18.1238083333333
"38015",19.1,18.2285666666667
"38017",23.8,19.5238875
"38019",19,17.4450958333333
"38021",20.3,17.8537708333333
"38023",19.3,17.4906333333333
"38025",19.7,17.9256458333333
"38027",20.4,17.650375
"38029",19,17.1807166666667
"38031",19.8,17.5467958333333
"38033",19.9,19.0515291666667
"38035",23,20.3189083333333
"38037",19.6,17.1179166666667
"38039",18.1,17.345925
"38041",20,16.721225
"38043",19.7,17.2491
"38045",18.8,17.3677
"38047",19.7,17.1893791666666
"38049",19.8,17.5079625
"38051",19.1,17.1604541666667
"38053",20.8,19.0052541666667
"38055",19.8,16.834625
"38057",19.9,17.9179
"38059",21,17.7969583333333
"38061",20.5,19.6136
"38063",19.4,18.1919958333333
"38065",19,16.8423791666666
"38067",19.7,17.6536083333333
"38069",20.2,18.0128208333333
"38071",20.5,18.94055
"38073",19.9,18.5591
"38075",19.7,17.6610833333333
"38077",21.6,20.7446
"38079",22,21.1302291666667
"38081",19.5,17.3190166666667
"38083",18.9,17.2272625
"38085",23.9,19.6116375
"38087",18.6,16.5927916666666
"38089",19.7,18.9542125
"38091",19.5,17.5111416666667
"38093",20.6,18.7349916666667
"38095",20,18.2306
"38097",19.5,18.1257
"38099",19.4,20.3435041666666
"38101",20.5,18.4985416666666
"38103",19.2,17.4604125
"38105",21.2,18.4543166666667
"39001",26.6,25.4219083333333
"39003",27.2,23.513775
"39005",26,23.3726541666667
"39007",27.7,23.8863416666666
"39009",30.5,26.6700041666667
"39011",24.8,20.9991625
"39013",26,23.5366125
"39015",27.3,26.095275
"39017",25.7,23.1941375
"39019",25.5,23.1297541666667
"39021",25.5,22.4605791666667
"39023",26.7,23.8135375
"39025",25.7,23.4387208333334
"39027",26.2,23.9294916666667
"39029",25.1,23.2935291666667
"39031",27.7,24.1620541666666
"39033",26.9,23.286025
"39035",23.9,22.5275333333333
"39037",26.6,23.0391958333334
"39039",25,24.56325
"39041",21,19.9323166666667
"39043",24.5,22.7185749999999
"39045",25.3,22.6830375
"39047",26.8,24.6107041666667
"39049",25.8,22.9683958333333
"39051",24.7,22.9298916666667
"39053",28.3,24.3393416666667
"39055",23.3,22.061975
"39057",24.2,21.7468208333334
"39059",27.3,23.4555791666667
"39061",25.4,21.5503291666668
"39063",25.1,21.6417833333333
"39065",27.1,24.6067416666667
"39067",26.8,23.4532083333333
"39069",24.8,22.2646125
"39071",27.4,24.8469958333333
"39073",27.1,25.3123333333333
"39075",29.3,25.2673041666667
"39077",25.7,22.9988708333334
"39079",28.9,25.5458666666667
"39081",27.8,23.9355875
"39083",25.7,23.1548375
"39085",24.6,20.9749958333334
"39087",27.4,26.4841541666667
"39089",25.8,22.6287291666667
"39091",25.4,23.0449625
"39093",25.2,22.5399875
"39095",26.2,23.1750583333333
"39097",24.7,22.8197041666667
"39099",24.5,23.2567833333333
"39101",27.3,23.3571041666666
"39103",23.9,21.1265833333334
"39105",27.7,25.9969875000001
"39107",24.9,20.6449499999999
"39109",25.3,22.5680208333333
"39111",26.6,25.0076708333333
"39113",25.9,23.3693083333334
"39115",26.5,23.3879416666667
"39117",25.4,22.9701708333334
"39119",27.8,23.3374583333333
"39121",23.4,21.7780291666668
"39123",23.6,21.9478875
"39125",25.7,22.4322791666666
"39127",27,23.9843458333334
"39129",26.9,23.1568458333334
"39131",29.2,25.5652000000001
"39133",24.6,21.8160541666667
"39135",26,23.3570583333334
"39137",24.2,20.6904166666667
"39139",26.2,23.543725
"39141",27.9,25.2916208333333
"39143",25,23.4013375
"39145",29.3,26.3143875
"39147",25.4,22.3268791666667
"39149",25.6,22.7809666666666
"39151",25.1,22.4208375
"39153",25.8,23.0435625
"39155",25.6,23.6393958333333
"39157",24.9,23.1909291666667
"39159",24.2,19.8802875
"39161",25.7,22.2265583333333
"39163",28.1,25.99795
"39165",22.7,20.2735375
"39167",25.8,23.5795666666667
"39169",25.4,23.0577166666667
"39171",25.8,23.2455666666667
"39173",27.6,22.2161833333334
"39175",24.6,20.8646375
"40001",26.3,25.5992666666666
"40003",22.6,22.2531541666666
"40005",24.8,24.5084875
"40007",22.9,20.8283333333333
"40009",24.3,23.6174291666667
"40011",24.6,23.475825
"40013",27,24.9329833333333
"40015",24.2,24.0562125000001
"40017",24.8,23.3827166666667
"40019",25.5,24.6420166666667
"40021",25.3,25.75985
"40023",25.3,24.9206708333333
"40025",21.5,20.8452
"40027",25.5,24.3339291666666
"40029",27.5,25.1229875
"40031",25.1,24.2687291666667
"40033",25.6,23.6405833333333
"40035",26,24.7586833333334
"40037",24.9,23.9398666666667
"40039",25.9,23.9451125
"40041",25.4,24.1342375
"40043",24.8,22.9813416666667
"40045",24.2,22.8496041666667
"40047",22.9,22.991575
"40049",25.9,24.1936125000001
"40051",23.9,22.9195166666667
"40053",24.2,22.1664375
"40055",23.9,23.3951708333334
"40057",23.2,23.0612166666666
"40059",23.3,22.6183375
"40061",25.4,25.0453708333333
"40063",25.3,25.1605249999999
"40065",24.6,23.0559166666666
"40067",25.4,24.6808916666666
"40069",26.9,25.0815208333333
"40071",26.5,22.8206166666667
"40073",23.6,22.862725
"40075",25.4,23.6555041666667
"40077",26.2,25.3123333333333
"40079",25.9,25.1020791666666
"40081",25.5,23.4059458333333
"40083",24.5,23.4604208333333
"40085",24.8,24.3889125
"40087",25.2,23.4523333333333
"40089",25.5,25.2862291666666
"40091",26.1,24.8321791666666
"40093",24.2,22.5929166666667
"40095",24.6,24.1441958333333
"40097",25.1,24.5827166666667
"40099",24.5,23.8297291666667
"40101",26.1,25.8252291666666
"40103",25.3,21.6106083333333
"40105",25.7,24.5126458333334
"40107",25.7,25.1801916666666
"40109",25,24.5846166666667
"40111",25.7,24.6627333333333
"40113",24,22.297375
"40115",27,25.6494291666666
"40117",26,24.1738166666667
"40119",26,25.8108208333333
"40121",25,24.4122875
"40123",25.3,24.5645083333333
"40125",25.9,24.6063250000001
"40127",27,25.4870624999999
"40129",24.6,22.7079416666666
"40131",24.6,23.8827458333333
"40133",27.6,25.9183833333332
"40135",26.8,25.1418708333333
"40137",25.4,24.395575
"40139",22.2,20.8918083333333
"40141",23.4,23.8708166666667
"40143",27.2,24.3945
"40145",24.5,24.1566666666667
"40147",26.5,23.0970708333333
"40149",24.9,23.0466375
"40151",26,22.0365166666667
"40153",24.1,22.0111791666667
"41001",25.7,24.8630791666667
"41003",26.7,24.4515666666667
"41005",27.5,24.4352958333333
"41007",26.4,24.5837875
"41009",27.3,24.9845416666667
"41011",26.4,23.7111791666667
"41013",26.7,24.967225
"41015",25.3,22.6211416666667
"41017",24.8,23.9089125
"41019",27.2,25.0860958333333
"41021",26.2,24.8542916666667
"41023",25.7,24.5699
"41025",27.1,24.6103125
"41027",23.9,23.7762208333333
"41029",26.3,22.2692708333333
"41031",25.5,24.8361791666667
"41033",27,24.5857625
"41035",27.3,22.6357208333333
"41037",26.2,22.5995208333334
"41039",27.4,24.4736
"41041",26.5,24.5051375
"41043",30.5,25.9810333333333
"41045",24.8,24.1267666666667
"41047",27.2,25.4331583333333
"41049",25.9,25.0070875
"41051",29.9,24.8366666666667
"41053",27,25.5888458333333
"41055",26.4,25.0102416666666
"41057",25.4,24.3469791666667
"41059",23.5,25.88405
"41061",27.3,25.6972875
"41063",25.6,23.952675
"41065",26.4,25.3736041666667
"41067",24.9,23.0780625
"41069",25.3,24.7491625
"41071",24.8,25.2707958333333
"42001",NA,22.3243541666667
"42003",NA,21.0391583333333
"42005",NA,22.1279333333333
"42007",NA,20.8268
"42009",NA,24.8305875
"42011",NA,20.4079125
"42013",NA,22.5163875
"42015",NA,22.7980333333332
"42017",NA,19.9928208333333
"42019",NA,20.4632625
"42021",NA,22.880275
"42023",NA,22.5446958333333
"42025",NA,21.8336583333333
"42027",NA,21.8895416666666
"42029",NA,19.2298041666667
"42031",NA,23.0209208333333
"42033",NA,21.9610791666667
"42035",NA,23.0173416666666
"42037",NA,23.122925
"42039",NA,23.028725
"42041",NA,20.5563916666667
"42043",NA,19.8626041666667
"42045",NA,19.1675333333333
"42047",NA,22.0513791666667
"42049",NA,21.7278875
"42051",NA,23.8165916666667
"42053",NA,21.4578416666666
"42055",NA,22.2622458333333
"42057",NA,24.1210458333333
"42059",NA,23.0767541666667
"42061",NA,21.5073916666666
"42063",NA,22.3823125
"42065",NA,22.9551958333333
"42067",NA,22.3836333333334
"42069",NA,21.6437333333333
"42071",NA,20.3032708333334
"42073",NA,22.1147791666667
"42075",NA,21.5786916666667
"42077",NA,19.76875
"42079",NA,21.0147625
"42081",NA,21.94645
"42083",NA,22.7081291666667
"42085",NA,22.7030208333333
"42087",NA,23.0120625
"42089",NA,20.6412041666666
"42091",NA,18.9042125
"42093",NA,20.9875291666667
"42095",NA,20.1687708333333
"42097",NA,22.119875
"42099",NA,22.4363458333333
"42101",NA,18.4846958333333
"42103",NA,21.1089208333333
"42105",NA,22.2387375
"42107",NA,21.9189583333333
"42109",NA,22.499275
"42111",NA,22.7429333333333
"42113",NA,21.622075
"42115",NA,21.9630583333333
"42117",NA,22.3940125
"42119",NA,21.4229
"42121",NA,22.3305333333333
"42123",NA,21.6152708333333
"42125",NA,20.9294083333333
"42127",NA,21.428075
"42129",NA,20.9645625
"42131",NA,22.1342916666667
"42133",NA,21.7290208333334
"44001",23.4,21.413925
"44003",24.7,21.9071625
"44005",22.4,21.0187666666667
"44007",23.1,21.8504375
"44009",22.1,22.1787958333333
"45001",23.2,21.1649291666667
"45003",22.7,20.5504916666666
"45005",19.6,18.9987041666667
"45007",25.9,22.4552625
"45009",20.1,19.5343875
"45011",22.4,20.1053666666666
"45013",18,18.5842875
"45015",22.4,19.7068833333334
"45017",21.2,19.7114666666666
"45019",21.3,19.6548375
"45021",24.1,22.4342833333333
"45023",23,20.8996458333334
"45025",23.1,21.228075
"45027",22,19.5902125
"45029",22.6,20.7204333333333
"45031",22.9,20.3465041666666
"45033",22.8,21.3318416666666
"45035",21.7,20.0426541666667
"45037",20.6,19.5156541666666
"45039",20.6,19.9672208333333
"45041",22.7,20.2381708333334
"45043",19.8,19.8430041666666
"45045",21.8,21.279125
"45047",23.6,20.5854208333334
"45049",21.1,19.346925
"45051",21.5,21.178675
"45053",20.6,19.321675
"45055",21.9,21.1535583333333
"45057",22.1,21.4680083333333
"45059",23.4,22.1265541666667
"45061",21.1,18.9991208333333
"45063",24.4,20.8466208333334
"45065",18.8,18.0590875
"45067",21.6,20.2574625
"45069",21.8,20.3548416666667
"45071",22.1,20.4710541666667
"45073",25,23.3931041666667
"45075",21.4,19.268575
"45077",25.4,23.8351416666667
"45079",22.3,19.842425
"45081",21.4,19.9272916666667
"45083",24.1,22.3550125
"45085",21,20.1511666666667
"45087",23.4,22.0563375
"45089",20,19.3328416666667
"45091",21.9,21.0210208333334
"46003",20.1,15.8516583333333
"46005",20.4,17.792075
"46007",22.4,17.8450166666666
"46009",19.6,16.217225
"46011",23.5,18.826825
"46013",20.2,16.5707458333334
"46015",20.3,16.0605166666667
"46017",22.6,18.4132708333334
"46019",21.3,17.8160291666666
"46021",18.4,17.3009041666667
"46023",20.9,17.2868291666667
"46025",19.9,18.4741
"46027",24.3,17.4373625
"46029",21.3,18.4254916666667
"46031",23.8,18.0323458333334
"46033",18.8,15.9952583333334
"46035",20.4,17.556475
"46037",19.7,17.3046375
"46039",20.1,15.9805875
"46041",22.1,18.5204291666667
"46043",20.5,16.6830458333334
"46045",19.8,16.3895333333333
"46047",20,16.4344333333333
"46049",21.1,18.1543916666667
"46051",19.4,16.74215
"46053",20.1,15.9936666666667
"46055",19.9,16.2849
"46057",20.1,16.6571333333333
"46059",19.6,15.4764083333333
"46061",21.8,16.544825
"46063",19.7,16.7249916666666
"46065",20.3,16.1962458333333
"46067",20.3,16.7677375
"46069",20.6,15.9314708333333
"46071",22.3,18.1131999999999
"46073",18.7,16.456675
"46075",19.6,16.0252083333333
"46077",20.1,15.8155416666667
"46079",19.4,17.6758625
"46081",20.4,17.6043166666666
"46083",19.7,17.4537541666666
"46085",20.8,17.0341541666666
"46087",20.5,15.7569708333333
"46089",19.3,17.0418666666666
"46091",19.1,17.3830375
"46093",22.6,17.456575
"46095",22.8,18.1631708333333
"46097",19.9,17.3978291666667
"46099",22.3,17.7832875000001
"46101",19.3,15.9673791666667
"46102",24.3,18.5859375000001
"46103",21,16.8310166666667
"46105",20.2,17.8426916666667
"46107",19.1,15.7644958333333
"46109",20.5,17.2397541666666
"46111",20.2,17.1066083333333
"46115",20.2,15.8663708333333
"46117",20,15.1739708333333
"46119",18.8,15.4550875
"46121",24.2,17.6866
"46123",20.6,16.8037
"46125",20.4,15.8685875
"46127",19.9,15.8833041666667
"46129",19.8,16.3915666666666
"46135",20.2,16.3382125
"46137",23.1,18.4429833333333
"47001",30.2,26.7502791666667
"47003",29.6,25.7012666666666
"47005",29.4,28.1558041666667
"47007",29,26.4644583333333
"47009",29.3,25.4581
"47011",28.7,25.2709541666667
"47013",31,28.142675
"47015",30.3,28.4414291666667
"47017",29.7,27.1994375
"47019",31.5,24.5974625
"47021",28.7,26.8910416666666
"47023",30.8,26.9969291666666
"47025",30.9,27.7495916666667
"47027",30.2,27.8805875
"47029",31.1,26.9529874999999
"47031",29.8,25.7912624999999
"47033",27.9,24.7376708333333
"47035",29.1,25.7975041666667
"47037",28.2,24.9546041666668
"47039",30.4,27.8071208333333
"47041",30.1,27.6496875
"47043",29.4,26.8633791666667
"47045",30.8,26.3972583333333
"47047",25.8,23.3351083333334
"47049",30.4,28.0022291666666
"47051",30.1,25.1279666666666
"47053",28.5,26.1790708333333
"47055",29.1,26.3295333333333
"47057",29.9,27.1312458333333
"47059",29.3,24.6003583333333
"47061",31.2,28.27785
"47063",30.1,25.9379083333333
"47065",26.6,24.5681666666667
"47067",33.1,28.8879291666666
"47069",25.8,24.6095416666667
"47071",30.2,28.0276833333333
"47073",30.7,27.1081208333333
"47075",26.7,24.5397583333333
"47077",29,27.4382416666667
"47079",30.4,27.327075
"47081",29.7,27.3001625
"47083",30.1,27.5397041666666
"47085",30.1,27.2842041666666
"47087",30.6,27.77185
"47089",30.1,26.3553458333334
"47091",30.1,24.451725
"47093",30.7,26.5758958333334
"47095",29.2,25.2007625
"47097",27.9,25.0919625
"47099",32,26.9558458333333
"47101",30.2,28.1765291666667
"47103",28.3,25.9040333333333
"47105",26.7,25.1983208333333
"47107",29.2,26.3228583333334
"47109",30.2,27.2210625
"47111",30.7,27.5122958333333
"47113",26.9,24.4436416666666
"47115",30.4,28.1155625000001
"47117",30.1,26.9958291666666
"47119",27.9,25.3754833333333
"47121",30.2,26.7433833333333
"47123",30.8,24.8876916666667
"47125",28.6,27.0427416666667
"47127",28.8,25.9411083333333
"47129",30,27.7430208333334
"47131",30.2,26.9767083333333
"47133",30.6,27.9280541666666
"47135",30.2,27.8947291666667
"47137",29.9,28.2233791666666
"47139",30.5,25.9673875
"47141",28.9,26.9410625
"47143",30.2,27.0566375
"47145",29.6,25.4238375000001
"47147",28.3,26.8935
"47149",26.8,25.6531875000001
"47151",32.7,28.9444541666667
"47153",31.3,26.9946375
"47155",29.4,24.0801541666667
"47157",24.9,21.6227708333333
"47159",30,27.2166083333333
"47161",29,26.6425458333333
"47163",30.6,25.2059416666667
"47165",29.3,26.3171791666666
"47167",28.7,25.5572166666667
"47169",29.2,26.7138375
"47171",29.9,24.3131291666667
"47173",29.9,27.6634916666667
"47175",29.5,26.6031416666667
"47177",29.7,27.204375
"47179",30.9,24.9675791666667
"47181",29,27.1436875
"47183",30.1,28.2356125000001
"47185",31.4,27.4777708333334
"47187",24.7,22.6683416666666
"47189",27,26.2833041666667
"48001",22,22.7764041666667
"48003",22.1,21.2815083333333
"48005",24.3,23.3348958333334
"48007",22.4,21.5619375
"48009",23.8,22.9398083333333
"48011",23,21.7860083333333
"48013",20.7,20.6970875
"48015",22.1,21.8791708333333
"48017",21.2,21.9686041666667
"48019",22.7,21.9025958333333
"48021",21.9,21.2696125
"48023",23.9,22.29495
"48025",19.6,20.7957958333334
"48027",24.7,22.0394083333333
"48029",22.2,21.9447416666667
"48031",21.5,21.3049833333333
"48033",21.7,21.592875
"48035",22.9,22.5722375
"48037",23.6,23.5613791666666
"48039",19.9,19.4949166666666
"48041",24.2,23.1535791666667
"48043",20.1,20.3615
"48045",22.8,21.8621416666667
"48047",19.3,20.3531541666667
"48049",23.5,22.58095
"48051",22.1,22.8927958333334
"48053",22.2,21.2601625
"48055",21.4,21.4771791666667
"48057",20.1,21.1364666666667
"48059",23.9,22.8351041666667
"48061",18.9,20.1955916666667
"48063",23.5,24.6787125
"48065",23.2,21.7996833333333
"48067",24,23.3822458333334
"48069",20.1,21.7240291666667
"48071",23.4,21.7635208333333
"48073",23.6,22.8363291666667
"48075",21.9,23.1981958333334
"48077",23.6,23.17375
"48079",22.9,22.5836166666667
"48081",22.9,22.2737
"48083",23.3,22.42875
"48085",20,20.0901749999999
"48087",23.4,22.3819833333333
"48089",21.1,21.70765
"48091",20.3,20.94815
"48093",22.5,22.6356208333333
"48095",20,21.6711166666667
"48097",23.7,23.6524083333333
"48099",24,22.3058625
"48101",22.6,22.7331875
"48103",20.4,20.812625
"48105",20.3,20.8603958333334
"48107",21.6,22.235875
"48109",19.9,21.1619916666667
"48111",22.3,22.0328458333333
"48113",19.3,21.8503958333333
"48115",21.1,21.1010791666667
"48117",20.9,21.0029291666667
"48119",24.4,23.484125
"48121",20.8,20.5318208333333
"48123",21.5,21.5311625
"48125",21.9,22.486325
"48127",20.9,21.1357916666667
"48129",23.6,22.5622125
"48131",19.4,20.4279666666667
"48133",24.1,22.8110291666666
"48135",21.2,20.98955
"48137",20.1,21.742375
"48139",22.6,22.12275
"48141",19.9,21.6576708333333
"48143",24.9,23.1180916666667
"48145",23.1,22.7276041666666
"48147",24.5,23.2969166666667
"48149",21.3,21.3616208333333
"48151",21.6,22.3074833333334
"48153",21,22.3344833333333
"48155",23.8,22.6872333333334
"48157",17.5,18.37725
"48159",22.9,22.6926958333333
"48161",22.7,22.3112583333333
"48163",19.5,20.5286583333333
"48165",23.8,22.2435
"48167",21.7,20.8034041666667
"48169",20.9,21.2088625
"48171",21,21.1621166666666
"48173",21.2,21.7169375
"48175",21.5,21.4428625
"48177",21.8,21.8575083333333
"48179",23.2,22.8475708333334
"48181",24.3,23.3310875
"48183",23.7,23.3660333333333
"48185",22.6,21.9475333333333
"48187",22.1,20.8528166666666
"48189",21.3,21.9068
"48191",22.1,22.6668041666667
"48193",23.2,23.0595666666666
"48195",22,21.1357833333333
"48197",23.1,22.7502833333333
"48199",24.8,22.6380291666667
"48201",19.7,19.7314374999999
"48203",23.5,23.3419166666667
"48205",20.7,20.5363291666666
"48207",22.9,22.80915
"48209",21.9,21.5004416666666
"48211",21.5,20.7783375
"48213",24.2,23.3165541666667
"48215",20.2,20.0025708333333
"48217",23.5,23.1238666666667
"48219",22,21.8546333333333
"48221",22.6,22.2677916666667
"48223",24.1,23.3310875
"48225",22.7,22.3861125
"48227",22,21.526075
"48229",20.5,21.5677458333333
"48231",23.3,23.1758708333334
"48233",23.4,21.1413583333333
"48235",22.5,21.5609083333334
"48237",24,23.4913
"48239",22.4,21.7760708333333
"48241",24.5,24.0459958333334
"48243",21,21.1422458333333
"48245",21.1,20.8029999999999
"48247",19.7,20.4944958333333
"48249",20,21.1454916666667
"48251",23.2,23.0068875
"48253",21.4,21.2869583333333
"48255",20.4,21.1453291666667
"48257",22.2,22.5620125
"48259",20.4,21.0080666666667
"48261",19.3,20.5436791666667
"48263",21.6,22.0173541666667
"48265",21.4,21.27825
"48267",22.5,21.9515583333333
"48269",22.8,22.6039041666666
"48271",19.4,20.8374875
"48273",21,20.3018041666667
"48275",22.6,22.766625
"48277",24.6,23.7155583333333
"48279",21.4,21.8395625
"48281",23.6,22.313125
"48283",19.5,20.1225958333333
"48285",22.8,21.6094083333333
"48287",22.9,22.035725
"48289",23.2,23.1795583333333
"48291",23.7,23.1022125
"48293",22.8,22.7421416666667
"48295",22,22.21495
"48297",21.4,21.6901958333333
"48299",21.5,21.2415875
"48301",NA,19.7560458333333
"48303",22.7,23.2907833333333
"48305",22.9,22.1129333333333
"48307",22.7,22.6851708333334
"48309",23.6,22.9570208333333
"48311",21.3,21.6831583333333
"48313",22,21.9586458333334
"48315",23.1,22.8977833333334
"48317",22.2,21.7130458333334
"48319",20.9,21.0276541666667
"48321",22,21.5112
"48323",19.7,20.66075
"48325",20.6,20.9844833333333
"48327",20.9,21.358475
"48329",21.4,20.9852041666667
"48331",22.7,22.4741666666667
"48333",21.9,21.2870708333333
"48335",21,21.1310916666667
"48337",24.4,23.3333041666667
"48339",21.5,21.2029083333333
"48341",21.3,20.89185
"48343",23.4,23.8637166666667
"48345",22.4,22.0631708333334
"48347",24.4,22.9849875
"48349",23.3,23.0149291666667
"48351",25,23.9228333333334
"48353",23.1,22.2990541666667
"48355",20,20.3639041666667
"48357",22.1,21.6264166666666
"48359",24.3,20.9804333333333
"48361",25,23.6531666666667
"48363",24,23.35695
"48365",23.5,22.9851458333333
"48367",24,22.5652958333333
"48369",20.1,21.4242416666667
"48371",19.6,21.0378375
"48373",24.8,23.1775208333333
"48375",23,21.2299125
"48377",18.7,21.233225
"48379",23.3,22.9285291666667
"48381",23.6,22.7989541666667
"48383",19.6,20.6714541666667
"48385",22.7,21.2531916666667
"48387",23.7,24.6963875
"48389",19.6,20.6973166666666
"48391",21,21.6741916666667
"48393",22.8,20.1668208333334
"48395",22.2,22.3377541666666
"48397",21.8,20.6143125
"48399",21.9,22.2935916666667
"48401",22.7,22.8062958333333
"48403",23.1,23.4641791666667
"48405",24.3,23.8183208333334
"48407",23.9,23.1359333333333
"48409",20.7,21.4128541666667
"48411",21.9,22.0864083333333
"48413",20.2,20.6404458333333
"48415",22.1,21.8807208333333
"48417",23.2,22.7984166666667
"48419",23.9,23.7773041666667
"48421",21,20.3664
"48423",23.3,22.6440125
"48425",23.1,22.4476958333333
"48427",21.2,20.7452708333333
"48429",22.8,22.58475
"48431",21.4,21.5056708333334
"48433",22.1,22.0989625
"48435",20.1,20.6672333333333
"48437",21.9,22.6644666666667
"48439",22.7,21.7482958333333
"48441",23.4,22.6970666666667
"48443",17.9,20.43315
"48445",21.9,22.3503666666667
"48447",22.9,22.5296208333333
"48449",22.5,23.6609666666667
"48451",23,22.4268
"48453",22.1,20.7176374999999
"48455",23.7,23.0798291666667
"48457",24.3,23.6216125
"48459",24.9,23.117325
"48461",21.9,21.2124500000001
"48463",20.6,21.2998875
"48465",19.5,20.9367583333333
"48467",24.7,23.4698583333334
"48469",21.6,21.6777291666667
"48471",22.8,22.0576916666667
"48473",21.6,20.925575
"48475",21.3,21.1733416666667
"48477",21.7,21.3625666666666
"48479",19.1,20.9972583333333
"48481",21.5,21.7572875
"48483",23.4,21.6912625
"48485",23.9,23.7821916666666
"48487",23.7,23.897375
"48489",19.5,20.7274833333333
"48491",20.4,21.7707583333334
"48493",20.9,21.56535
"48495",20.5,21.1563791666667
"48497",23.5,23.1327875
"48499",23.2,22.9300416666666
"48501",20.9,21.4195541666667
"48503",23.4,23.14715
"48505",20.4,20.7444541666666
"48507",20.8,20.5527375
"49001",25.3,22.4529458333333
"49003",26.5,23.1212708333333
"49005",27.7,25.4698666666666
"49007",28.5,23.34015
"49009",24.2,21.3336583333333
"49011",28.9,24.4702541666666
"49013",25.6,22.8873166666666
"49015",27.1,22.1021875
"49017",24.7,21.7517875
"49019",25.3,21.7763125
"49021",27.5,23.177075
"49023",26.4,22.7394125
"49025",25,21.26255
"49027",25.4,22.5371333333333
"49029",24.7,21.4691708333333
"49031",26,21.0172666666667
"49033",26.1,21.8025041666667
"49035",27.8,24.6142875
"49037",26.4,20.7375083333334
"49039",26.8,23.0775166666666
"49041",27.5,22.5430083333333
"49043",22.7,19.878425
"49045",27.8,24.4626624999999
"49047",27.2,21.9809291666667
"49049",26.4,24.259975
"49051",22.4,21.0062708333333
"49053",25.4,22.087375
"49055",25.6,22.40945
"49057",28.2,23.8726625
"50001",24.7,23.1888
"50003",29.2,23.8743375
"50005",26.7,24.1321
"50007",27,23.5446375
"50009",26.2,23.8477458333334
"50011",25.4,24.0943416666667
"50013",25.1,22.7457166666666
"50015",27.5,22.9436291666666
"50017",26.2,23.8024833333333
"50019",24.8,24.1949208333333
"50021",25.3,23.7934416666667
"50023",27.6,23.1474375
"50025",26.1,23.52255
"50027",26.6,23.5212
"51001",21.7,20.8782166666667
"51003",20.9,20.4933166666667
"51005",24.5,23.1624583333333
"51007",23.4,21.8308
"51009",23.3,22.6866333333333
"51011",23.5,22.3978666666667
"51013",21.2,18.5683875
"51015",24.7,22.1906333333333
"51017",24.8,25.9064541666667
"51019",23.3,22.0895875
"51021",23.6,23.8522625
"51023",23.6,21.9851416666667
"51025",20.8,20.2537083333333
"51027",26.6,27.2560291666667
"51029",22.8,21.4292083333333
"51031",23.1,22.1725583333333
"51033",22.8,21.5154541666667
"51035",25.8,24.5137875
"51036",21,20.5980166666667
"51037",24,22.5102875
"51041",21.2,19.7266083333333
"51043",23.3,21.0427041666667
"51045",24.2,24.0865625
"51047",22.5,21.4164208333334
"51049",22.7,21.5649458333333
"51051",26.4,27.2375791666666
"51053",22.7,21.4963291666667
"51057",22.8,20.9708208333333
"51059",18.4,16.7621499999999
"51061",22.1,20.6683958333333
"51063",23.7,22.8478791666667
"51065",23.5,21.7071125
"51067",24,22.5039333333334
"51069",22.3,21.7865541666667
"51071",24.9,22.7990375
"51073",24.1,21.0687083333333
"51075",21,19.7669458333333
"51077",24.9,24.3524541666667
"51079",23.8,22.5152791666667
"51081",19.4,19.4085958333334
"51083",22.4,21.08205
"51085",21.7,20.2905875
"51087",20.8,18.9810833333333
"51089",23.7,22.8940791666667
"51091",21.6,21.9653958333333
"51093",22.2,20.6214416666667
"51095",21.4,19.6518958333333
"51097",22.7,20.9361875
"51099",23.1,20.2984875
"51101",23.9,22.0635875
"51103",20.7,19.9383791666667
"51105",25.8,26.3178083333333
"51107",18.4,16.9044833333333
"51109",23,21.7190625
"51111",22.8,20.9195
"51113",23.4,22.1363125
"51115",23.1,20.1320458333333
"51117",22.7,20.8783666666667
"51119",21.8,19.928225
"51121",25.3,24.8951333333333
"51125",22.5,22.1154833333334
"51127",22.5,20.4931916666667
"51131",20.8,20.0140625
"51133",20.1,19.4312833333333
"51135",22.1,21.0681374999999
"51137",23.4,21.9238541666667
"51139",25.1,23.9521375
"51141",23.7,23.196075
"51143",22.9,22.5399333333334
"51145",22.4,21.2646124999999
"51147",25.6,21.8636750000001
"51149",22.2,20.9116833333334
"51153",20,17.4378708333333
"51155",24.1,24.0100875
"51157",22.9,21.8864583333333
"51159",21.9,21.0462041666667
"51161",24.6,22.525525
"51163",23.3,21.91855
"51165",23.9,22.0684958333333
"51167",26.3,27.5627208333333
"51169",26.7,27.7151208333333
"51171",23.6,23.3948125
"51173",26,26.28025
"51175",21.5,20.6972833333334
"51177",22.7,19.9053541666666
"51179",22.1,17.9079875
"51181",21.1,20.9965833333334
"51183",20.2,19.963175
"51185",26.9,26.960575
"51187",24.4,22.5589208333334
"51191",24.3,23.9904833333333
"51193",23,21.0098916666667
"51195",26.3,27.8037541666666
"51197",25.1,25.621575
"51199",21.2,19.5506833333333
"51510",20.9,17.64555
"51520",25.6,24.6995791666666
"51530",26.9,24.3310791666667
"51540",24.4,21.8186
"51550",21.6,20.1270666666667
"51570",22.9,21.5105375
"51580",25.6,24.9628166666667
"51590",22.1,21.748275
"51595",21.1,20.9426541666667
"51600",19.5,18.1081875
"51610",20.4,19.3603041666666
"51620",22.4,21.0728666666667
"51630",24.8,20.9137833333334
"51640",26.5,24.7372958333333
"51650",21,20.8237375
"51660",26.9,23.2565833333333
"51670",24.1,21.1450916666667
"51678",25.9,23.2673958333333
"51680",24.9,23.1200458333334
"51683",20,18.5253041666667
"51685",20.4,18.3922291666667
"51690",23.2,22.2900916666667
"51700",22.2,20.7579916666667
"51710",21.8,20.5027791666666
"51720",27.1,28.119875
"51730",20.9,20.7113208333334
"51735",23.1,20.880925
"51740",22.7,20.8056333333334
"51750",30,26.7885708333334
"51760",22.8,20.6933875
"51770",23.5,23.1144875
"51775",24.9,22.5113166666667
"51790",24.5,22.9135666666667
"51800",21.2,20.8912
"51810",23.3,20.0923625
"51820",24.2,22.6099791666667
"51830",24.8,20.5427291666667
"51840",24.2,21.8025833333333
"53001",22.3,23.2357833333333
"53003",25.4,26.2291499999999
"53005",24,24.9812208333333
"53007",24.5,23.9917
"53009",24.5,24.6602875
"53011",26.9,24.8304833333334
"53013",25.5,24.1375166666667
"53015",27.5,26.1731958333333
"53017",22.6,23.8802041666667
"53019",25,24.9471083333333
"53021",21.2,24.1164416666667
"53023",23.4,24.6674291666667
"53025",23.7,24.1892541666666
"53027",26.9,25.8037916666667
"53029",23.2,24.1843083333333
"53031",23.7,24.577025
"53033",23.5,23.1591333333334
"53035",25.1,24.9490291666667
"53037",26.4,25.9588208333333
"53039",24,24.6791541666666
"53041",26.5,25.3730958333334
"53043",23,25.5985416666667
"53045",25.4,25.2391208333333
"53047",24.6,23.3223166666666
"53049",25.2,24.342525
"53051",24.6,24.4435291666667
"53053",26.5,24.9914
"53055",22.5,24.2115
"53057",25.5,25.1564666666667
"53059",25.2,24.767375
"53061",25,25.1112416666666
"53063",26.5,25.7184
"53065",24.3,25.5581166666667
"53067",27.2,25.0781166666667
"53069",25.4,24.2292083333334
"53071",24.8,25.0644541666666
"53073",29.5,26.0019875
"53075",28.5,27.8013375
"53077",22.6,23.8262625
"54001",31.9,26.0497625000001
"54003",29.5,23.5102208333333
"54005",31,27.1145125
"54007",30.2,26.0284625
"54009",28.8,23.2841833333333
"54011",32.4,27.4974708333334
"54013",30.9,26.959475
"54015",31.5,27.9195416666667
"54017",29.2,24.5026291666667
"54019",31.2,25.5390958333334
"54021",28.4,23.7917291666667
"54023",28.8,24.5452
"54025",29.4,25.5768875
"54027",29.6,24.6982833333333
"54029",29.5,23.8008125
"54031",29.8,24.4066333333333
"54033",29.6,24.8708791666667
"54035",30.5,26.3141083333334
"54037",27.8,20.9999666666667
"54039",30.2,26.7146416666667
"54041",31,25.1762666666667
"54043",32.5,28.6660624999999
"54045",34.3,27.5224
"54047",31.1,28.0039874999999
"54049",30.3,25.0479958333333
"54051",29.9,24.0975958333333
"54053",31.7,26.4720625
"54055",31.1,26.1605708333333
"54057",30.4,24.3640666666666
"54059",34,29.1969
"54061",29.4,25.9607833333333
"54063",30.3,24.9745375000001
"54065",29.1,24.5767541666667
"54067",30.8,26.2929
"54069",29.5,24.3637208333333
"54071",28.7,24.2095083333333
"54073",30.7,23.6306333333334
"54075",29.4,26.1711583333333
"54077",30.5,24.5863541666667
"54079",30.1,26.2460875
"54081",30.6,26.4763583333333
"54083",30.7,24.0295416666666
"54085",30.5,26.5563083333333
"54087",31.5,26.6538375
"54089",30.5,25.5391916666667
"54091",30.2,24.9865041666666
"54093",29.3,24.2931291666667
"54095",29.8,25.1175708333333
"54097",30.3,25.3400250000001
"54099",31.3,26.8927291666667
"54101",31.4,27.3750166666667
"54103",30.7,24.742
"54105",30.3,26.6619666666667
"54107",32,25.1909208333333
"54109",31.6,27.871675
"55001",22.6,20.5218083333334
"55003",25.2,22.988575
"55005",23.7,21.3871
"55007",23,20.672775
"55009",23.2,21.68345
"55011",23.4,20.8409166666667
"55013",22.1,20.8003541666666
"55015",23.4,20.4110708333333
"55017",24.1,21.6852166666667
"55019",22.6,21.9736083333332
"55021",23.3,21.1412208333333
"55023",23.2,20.3596958333333
"55025",24.3,20.9194375
"55027",22.8,21.2243833333333
"55029",20.7,21.4489875
"55031",23.9,22.1911041666667
"55033",25,22.3534375
"55035",26,22.9547
"55037",22.4,21.3854166666667
"55039",24.4,21.6904375
"55041",25.4,22.5839666666667
"55043",24.4,22.1074583333333
"55045",23,20.5699416666667
"55047",23.6,21.5517083333333
"55049",23.5,20.0130166666667
"55051",21.3,21.052175
"55053",23.5,21.2110083333333
"55055",22.8,21.1189833333333
"55057",24.2,21.5835666666667
"55059",24.1,21.7158291666667
"55061",22.6,21.2576083333334
"55063",25.1,21.7425
"55065",24,21.1307
"55067",21.8,21.6488333333334
"55069",23.9,22.2634625
"55071",21.6,21.7286041666666
"55073",24,21.8162916666666
"55075",23.2,21.8542041666667
"55077",23.3,20.905875
"55078",23.3,22.2982958333333
"55079",23.6,20.2597583333334
"55081",25.2,22.2443749999999
"55083",23.2,21.8554291666667
"55085",23.5,20.7179041666667
"55087",23.7,20.8484416666666
"55089",21.8,19.779425
"55091",22.6,20.8844041666666
"55093",23.5,22.3952458333333
"55095",22.6,21.2885958333333
"55097",24.6,21.9323958333333
"55099",22,21.0204916666667
"55101",22.4,21.3439291666667
"55103",22.5,20.943525
"55105",23.3,21.0688083333333
"55107",22.7,21.1769375
"55109",22.6,21.4690291666666
"55111",24.2,21.2764
"55113",22.7,20.36105
"55115",22,22.06745
"55117",22,20.9602541666666
"55119",21.6,22.0391583333333
"55121",23.2,21.7488041666666
"55123",22.9,21.7070125
"55125",22.4,20.6798291666667
"55127",21.9,20.8451625
"55129",21.6,21.2952708333333
"55131",22.3,20.20195
"55133",20.2,19.1688625
"55135",22.9,21.9125499999999
"55137",22.1,20.8839416666667
"55139",23.4,21.7495583333333
"55141",22.7,21.3886791666666
"56001",23.7,22.1069125000001
"56003",21.6,19.7373541666667
"56005",22.8,19.9708
"56007",19.8,19.2170583333333
"56009",21,19.4261416666667
"56011",20.1,16.4691375
"56013",20.6,19.2816958333333
"56015",20.9,18.7845958333334
"56017",20.7,19.2562666666667
"56019",19.6,18.5869166666667
"56021",21.1,20.6130958333333
"56023",19.9,19.6622166666667
"56025",23.2,21.6612041666667
"56027",22.3,18.0264125
"56029",20.9,20.5012875
"56031",19.8,18.8443291666667
"56033",23.1,18.537975
"56035",20.2,20.2409916666667
"56037",23.6,21.4249625
"56039",18,19.569525
"56041",20.8,21.9066166666667
"56043",20.3,18.8275791666667
"56045",19.5,18.5026041666666
