"county_fips","per_highCh","pred_outcome"
"01001",35.9,36.3942541666666
"01003",38.9,39.3270749999999
"01005",39.4,41.2443875
"01007",38.6,39.4587125
"01009",40,40.2551333333334
"01011",37.9,39.0986375000001
"01013",39.8,41.4259291666666
"01015",37.4,39.0685249999999
"01017",39.5,41.1557791666667
"01019",40.9,41.7500208333333
"01021",38.3,40.0028166666667
"01023",41.7,40.893775
"01025",38.8,39.9236791666667
"01027",40.6,41.9298
"01029",40.1,40.4279708333334
"01031",34.7,38.1403416666666
"01033",38.7,40.3274208333334
"01035",40.5,41.5727916666667
"01037",41.3,41.0728041666668
"01039",38.8,40.7570833333333
"01041",39.7,40.8391041666669
"01043",39.2,39.9657458333333
"01045",38.4,38.8326291666667
"01047",38.3,39.2295375
"01049",40,40.6257208333333
"01051",35.2,36.9013375
"01053",37.1,39.2709958333334
"01055",39.1,39.6019083333333
"01057",41.1,41.0544541666667
"01059",38.5,38.874275
"01061",41.3,42.2293416666666
"01063",41.1,40.7627958333332
"01065",38.9,39.5327708333333
"01067",40.5,39.9532416666667
"01069",36.7,38.4211958333333
"01071",40.7,41.3920374999999
"01073",35.4,36.9587708333334
"01075",40.1,41.4998666666667
"01077",38.7,39.2219166666667
"01079",39.2,39.704325
"01081",32.4,34.1384708333333
"01083",36.9,36.9935791666667
"01085",38.3,39.7916416666666
"01087",36.1,39.5785541666666
"01089",35.1,35.6750666666666
"01091",39.7,39.4795375000001
"01093",40.5,41.6375333333334
"01095",37.9,39.3913541666667
"01097",37.8,38.2272708333333
"01099",40.5,40.975575
"01101",34.9,35.8421958333334
"01103",39.6,39.3121208333333
"01105",40.1,40.4083624999999
"01107",38.4,39.41295
"01109",33.6,36.2021
"01111",39.1,41.1942166666666
"01113",36.6,37.7170416666667
"01115",38.4,39.907375
"01117",35.5,37.4738499999999
"01119",37.3,39.8147791666666
"01121",39.5,39.8449416666667
"01123",41.4,41.6069583333333
"01125",34.3,35.6251833333333
"01127",39.7,40.1418291666666
"01129",40.6,39.598575
"01131",39.6,40.6906541666666
"01133",40.5,41.9570833333333
"04001",33.6,35.1109083333334
"04003",36.9,37.7074416666666
"04005",27.3,32.1025041666666
"04007",34.5,37.3217000000001
"04009",32.8,34.3793041666666
"04011",29.7,33.8497458333333
"04012",41,39.7480000000001
"04013",33.3,35.1237291666667
"04015",37.2,39.6092416666668
"04017",34.8,36.0225583333334
"04019",34.1,36.2968916666667
"04021",36.9,36.8329083333334
"04023",35.3,35.8985666666667
"04025",39.2,39.4264666666668
"04027",35,36.9470625000001
"05001",36.6,38.2030249999999
"05003",37.3,39.86675
"05005",43.6,42.94015
"05007",33.3,35.2074666666667
"05009",40.5,41.1269666666666
"05011",39.5,40.2040375
"05013",37,39.4780333333333
"05015",39.2,40.4857291666666
"05017",39,40.1616541666667
"05019",32.4,35.1022333333334
"05021",39.1,40.22505
"05023",42.2,43.2523958333333
"05025",39.8,39.4771833333333
"05027",34.9,38.6699041666667
"05029",40.6,40.5974583333333
"05031",35.4,36.4028583333333
"05033",40.2,40.3057916666666
"05035",36.6,37.4996583333333
"05037",38.6,39.2471875
"05039",39.5,40.8443999999999
"05041",37.9,39.3631041666666
"05043",37.2,38.4586874999999
"05045",32.9,34.7198958333334
"05047",40,40.9588499999999
"05049",44.9,42.8480958333332
"05051",39.9,38.7663041666666
"05053",38.1,39.4794291666666
"05055",37.3,38.4177
"05057",37.7,39.8364791666667
"05059",39.1,40.5390375000001
"05061",37.7,39.7971791666667
"05063",38.6,39.6654708333334
"05065",41.5,42.6972624999999
"05067",38.4,40.0845583333334
"05069",37.8,38.6357958333333
"05071",38.2,40.1649416666667
"05073",42.1,41.827375
"05075",37.8,39.8005791666667
"05077",39.2,39.8474166666667
"05079",35.3,37.0853791666668
"05081",39.2,39.8170708333334
"05083",39.3,40.6436458333333
"05085",35.7,37.4320208333334
"05087",39.9,40.7136499999999
"05089",43.4,43.5979708333333
"05091",37.3,39.0055375
"05093",37.6,38.1314125000001
"05095",42.1,42.2664375000001
"05097",43,42.9257749999999
"05099",39.6,39.7717666666667
"05101",41.4,43.1431208333332
"05103",37.1,39.3916875
"05105",39,40.6527291666668
"05107",40,40.2996083333333
"05109",39.5,40.54855
"05111",39.6,40.544325
"05113",40.7,41.6610291666667
"05115",37.5,38.8402166666667
"05117",40.1,40.9391041666667
"05119",34,35.3105375000001
"05121",39.2,39.8935875
"05123",37.5,39.893025
"05125",36.9,37.7589499999999
"05127",40.1,41.0007583333333
"05129",42.7,42.7711999999999
"05131",36.5,37.5695
"05133",36.5,38.1008958333332
"05135",42.4,42.9193041666666
"05137",42.3,43.0027916666666
"05139",37.6,39.0623541666667
"05141",43.3,43.5982374999998
"05143",32.3,34.7170624999999
"05145",39.9,39.4468541666667
"05147",41.3,41.3092916666667
"05149",38.2,39.6809250000001
"06001",33.4,34.4318166666667
"06003",36.3,38.36265
"06005",38.2,39.2387875
"06007",33.8,36.0930166666666
"06009",39.4,40.4609958333334
"06011",35.1,36.3534833333333
"06013",30.9,34.4698041666666
"06015",36.8,36.2043583333333
"06017",37.3,38.4759333333333
"06019",33,34.8469291666666
"06021",34.9,36.9670958333333
"06023",36.3,36.9726333333334
"06025",34.1,35.3773958333334
"06027",36.8,38.4620583333333
"06029",33.4,34.8894416666666
"06031",32.2,34.2308333333332
"06033",37.5,38.2347583333333
"06035",33.4,35.6617041666667
"06037",35.6,35.5641916666667
"06039",34.5,36.3848666666667
"06041",34.9,36.5297249999999
"06043",40,40.0333291666667
"06045",38.1,38.2832249999999
"06047",33.5,35.1588666666666
"06049",40.2,39.3880875
"06051",34.3,36.1560625
"06053",34.5,35.7708291666667
"06055",36,36.3390749999999
"06057",39,39.34145
"06059",35,34.5634874999999
"06061",34.8,35.7644875
"06063",39.6,40.9496833333335
"06065",33.8,35.5085375
"06067",31.5,34.3069416666667
"06069",31.9,35.0312041666666
"06071",33.1,35.1126416666666
"06073",32.8,34.1435166666666
"06075",32.9,35.006275
"06077",34.6,35.2515375
"06079",33.4,36.4850666666667
"06081",34.4,35.2325125
"06083",32.5,34.8482874999999
"06085",33.3,34.5819166666667
"06087",34.1,34.8582
"06089",34.9,36.9904874999999
"06091",40.4,41.5776833333334
"06093",39.3,39.6494416666667
"06095",33.1,34.9233624999999
"06097",33.6,35.6910208333333
"06099",33.6,35.566425
"06101",36.6,35.643025
"06103",37.2,37.9586374999999
"06105",40.8,41.0292916666667
"06107",34.1,34.9184833333333
"06109",37.2,39.5673958333334
"06111",34.8,35.3652166666666
"06113",31.5,33.0667791666667
"06115",32.4,34.8669375
"08001",26.4,30.0915041666666
"08003",31.1,33.6461333333333
"08005",31.1,31.3267333333335
"08007",37.6,38.2313333333334
"08009",36.7,39.422075
"08011",34.1,34.5405708333334
"08013",29.2,30.9273750000001
"08014",28.3,30.2316625
"08015",35.6,36.504975
"08017",34.7,40.1744916666666
"08019",33.1,34.5711041666666
"08021",35.3,37.1181041666666
"08023",37.9,39.0854791666667
"08025",31,33.5634250000001
"08027",38.7,38.290075
"08029",38.6,37.8293666666667
"08031",28.9,29.6299791666668
"08033",34.5,38.2646375
"08035",30.8,30.8977375
"08037",29.7,30.6199458333333
"08039",32.7,34.1526625
"08041",30.9,31.7478500000001
"08043",32.4,35.5428374999999
"08045",31.1,32.0781958333333
"08047",33.2,33.2345833333333
"08049",32.6,35.0133374999999
"08051",27.7,31.7278916666667
"08053",37.4,38.3855541666667
"08055",38.6,39.1698291666666
"08057",36.3,37.5827458333333
"08059",32,31.8733041666667
"08061",36.4,38.7911291666667
"08063",33.7,38.0814
"08065",29.4,32.2280666666667
"08067",31.7,35.3238458333333
"08069",28.7,31.9251416666667
"08071",37.2,38.5009500000001
"08073",32.1,34.2150791666667
"08075",31.5,35.2199250000001
"08077",32,34.6781458333333
"08079",36.2,36.2344166666667
"08081",33.4,32.8254291666666
"08083",35.6,37.7797166666667
"08085",34.8,37.067275
"08087",31.3,32.4867291666668
"08089",34.5,35.8811083333334
"08091",37,36.8584916666667
"08093",35.5,36.7828333333333
"08095",36.6,36.0399875
"08097",30.9,33.3242416666667
"08099",33.7,35.0115291666667
"08101",34,34.8379458333334
"08103",33,34.4914458333333
"08105",34.7,37.2063333333333
"08107",33.2,32.914975
"08109",37,38.5309583333333
"08111",34.5,37.7686291666667
"08113",31.6,33.5083125
"08115",37.5,39.2898291666667
"08117",29,30.9278
"08119",35.2,36.7748125
"08121",33.1,37.4412541666667
"08123",30.1,31.4366458333333
"08125",33.6,34.9604833333334
"10001",35.5,36.7770458333333
"10003",35.3,35.7840041666667
"10005",41.4,41.6230208333332
"11001",29.1,33.4793999999999
"12001",NA,37.1745083333334
"12003",NA,39.4852416666667
"12005",NA,37.5783083333333
"12007",NA,40.4911333333333
"12009",NA,36.2336833333335
"12011",NA,36.4311666666668
"12013",NA,40.5543916666666
"12015",NA,36.5411708333335
"12017",NA,37.6963
"12019",NA,36.3907708333334
"12021",NA,36.5706125000001
"12023",NA,40.5209833333333
"12027",NA,40.9506541666667
"12029",NA,41.79925
"12031",NA,36.4648833333335
"12033",NA,37.864725
"12035",NA,36.6214708333335
"12037",NA,39.9435833333333
"12039",NA,39.8383375000001
"12041",NA,41.0633583333334
"12043",NA,41.0329666666666
"12045",NA,38.4513458333334
"12047",NA,40.7727166666667
"12049",NA,40.556075
"12051",NA,38.8726125
"12053",NA,37.3408041666667
"12055",NA,36.6064291666668
"12057",NA,36.6011458333334
"12059",NA,41.3982916666666
"12061",NA,36.3022625000001
"12063",NA,41.4049333333333
"12065",NA,40.4373541666667
"12067",NA,41.1240458333333
"12069",NA,36.5859750000001
"12071",NA,36.6128875000001
"12073",NA,35.4509666666667
"12075",NA,42.2481041666666
"12077",NA,39.448475
"12079",NA,42.2426875
"12081",NA,37.532925
"12083",NA,37.5009375000001
"12085",NA,36.5526208333335
"12086",NA,36.4404458333334
"12087",NA,36.8699833333335
"12089",NA,36.8773791666668
"12091",NA,36.8360125
"12093",NA,40.2305916666666
"12095",NA,35.1428666666668
"12097",NA,36.0097750000001
"12099",NA,36.8801875000001
"12101",NA,37.1621458333334
"12103",NA,37.7911083333334
"12105",NA,36.8283208333334
"12107",NA,41.7609791666667
"12109",NA,35.9730166666668
"12111",NA,36.4626375000001
"12113",NA,37.8764
"12115",NA,37.8834583333334
"12117",NA,36.5637000000001
"12119",NA,36.8670125000001
"12121",NA,41.2392
"12123",NA,41.3116125
"12125",NA,40.2944583333333
"12127",NA,36.5948291666668
"12129",NA,37.0729375
"12131",NA,38.4390041666666
"12133",NA,39.7527708333333
"13001",39.6,41.1762499999999
"13003",38.4,39.2735416666667
"13005",40.1,41.1801624999999
"13007",42.6,40.8588791666666
"13009",35.8,37.9333708333333
"13011",39.5,40.6160833333333
"13013",36.1,37.6171416666667
"13015",35.1,37.73605
"13017",39,40.5357625
"13019",39.6,40.9876749999999
"13021",36.1,37.6877208333333
"13023",37.7,37.85965
"13025",40.4,41.3477958333333
"13027",40.6,41.3506333333333
"13029",34,35.2752333333335
"13031",32.8,35.1161041666668
"13033",37.6,39.5299375
"13035",37,39.6783791666667
"13037",37,39.5229625
"13039",34.4,36.4438916666668
"13043",39.9,40.4865708333333
"13045",35.8,36.8696749999999
"13047",38.6,39.4256125000001
"13049",36.7,40.0292416666666
"13051",36.7,36.4282541666668
"13053",24.4,28.5085083333333
"13055",40.1,40.8989
"13057",38.1,38.3536083333334
"13059",31.9,33.6445583333332
"13061",42.4,43.1853041666666
"13063",34,34.9531458333333
"13065",40.2,40.4257833333333
"13067",33.1,34.6357708333334
"13069",37.9,39.1809875
"13071",36.4,38.6070333333332
"13073",35.7,36.9228041666667
"13075",39.3,40.054875
"13077",36.7,37.6215833333334
"13079",41.8,42.2227583333334
"13081",39.7,41.0236625
"13083",39.7,41.1000916666666
"13085",38.8,39.7695000000001
"13087",37.4,39.4371791666666
"13089",35.1,35.3314833333333
"13091",39.7,40.9584499999999
"13093",40,41.8930083333333
"13095",36.4,36.9182458333334
"13097",35.2,36.1094291666667
"13099",39.9,41.1482375000001
"13101",36.8,37.9922291666667
"13103",33.5,35.0198458333335
"13105",40.4,40.2376499999999
"13107",38.1,39.9043583333333
"13109",38.7,40.18445
"13111",43.3,43.8266041666666
"13113",39.6,39.8367041666668
"13115",38.1,38.7576791666666
"13117",35.3,36.7569666666666
"13119",39.4,40.4282625
"13121",30,33.4882666666666
"13123",43.3,43.5847333333333
"13125",39.4,40.4829291666667
"13127",37.1,37.4067916666668
"13129",37.4,38.7757791666667
"13131",39.8,40.8797791666666
"13133",43,42.4008333333334
"13135",32.2,34.0910666666666
"13137",37.9,38.9443583333333
"13139",37.9,38.5985625000001
"13141",40.4,42.3279041666667
"13143",37.6,39.2184458333334
"13145",38.1,39.0585583333334
"13147",41.1,41.5542208333334
"13149",39.3,41.0346291666667
"13151",34.6,36.0284291666666
"13153",36.7,36.0695125
"13155",39.3,40.3568791666666
"13157",35.1,37.3891666666666
"13159",39.8,39.2551208333333
"13161",38.7,39.6943541666667
"13163",38.7,40.2695750000001
"13165",37.5,40.9211291666666
"13167",39.8,41.0586291666666
"13169",36.7,38.351325
"13171",36.8,38.0966291666666
"13173",37.9,38.2330750000001
"13175",39.1,39.7047916666667
"13177",34.9,34.4911833333333
"13179",29.2,33.6171708333334
"13181",42.1,42.96235
"13183",34.1,36.9798041666667
"13185",33.4,35.8084125
"13187",37.6,38.7916166666667
"13189",38,38.902175
"13191",42.9,41.8119916666666
"13193",39.4,41.1680208333333
"13195",38.8,39.91365
"13197",42.1,42.6294916666667
"13199",39.8,42.7248125
"13201",40.8,40.4420708333334
"13205",38.8,40.4648208333333
"13207",38.3,39.480775
"13209",38.8,39.0423875
"13211",37.2,39.1708875000001
"13213",38.7,40.1330083333333
"13215",34.7,36.419775
"13217",35.5,36.7058333333333
"13219",36.5,37.8542833333333
"13221",39.6,40.1106583333333
"13223",34.5,35.8662625
"13225",37.4,37.9297166666667
"13227",39.9,42.1769083333334
"13229",40.5,41.1301166666667
"13231",36.3,38.3979416666666
"13233",37.7,39.0483541666667
"13235",39.8,42.0723499999999
"13237",42.6,43.0148666666667
"13239",44.3,43.0892624999999
"13241",42.6,41.849775
"13243",43,42.1798625
"13245",34.1,36.0157500000001
"13247",35.5,37.0345625
"13249",39.1,37.978
"13251",39.8,41.27655
"13253",41.9,42.5336041666666
"13255",37.4,39.1335499999999
"13257",40.5,41.0428666666667
"13259",33.9,36.2369500000001
"13261",37,37.8559791666668
"13263",42.8,42.7204625
"13265",42.8,42.9596
"13267",37.7,39.0141583333333
"13269",41.9,42.0113583333333
"13271",39,40.7311708333334
"13273",40.6,41.5351874999999
"13275",37.8,38.6038791666668
"13277",38.4,38.0981125000001
"13279",38.6,40.2655208333334
"13281",44.9,43.2339666666666
"13283",39.3,40.9069375
"13285",37.4,37.96655
"13287",40.4,41.2474874999999
"13289",41.2,42.828525
"13291",43.9,43.6644166666666
"13293",40.3,40.2833791666666
"13295",38.3,39.8131958333334
"13297",37.7,38.1459416666667
"13299",40.6,40.6542041666667
"13301",41.2,42.6328541666667
"13303",38.9,39.3512458333333
"13305",39.5,40.4966583333333
"13307",41.8,41.5698666666666
"13309",36.2,39.1063541666666
"13311",40.5,42.6523791666666
"13313",38.5,38.0475916666667
"13315",39.8,41.2976958333333
"13317",41.4,42.4930041666667
"13319",40.6,42.2052333333333
"13321",40.1,41.6797666666666
"16001",30.3,31.2537458333334
"16003",38.2,38.8348583333333
"16005",32.6,33.3826166666667
"16007",34.3,35.3543541666666
"16009",36,37.1723958333333
"16011",30.8,32.6209833333334
"16013",31.7,32.8097916666667
"16015",36.7,37.3887041666667
"16017",35.1,37.3101708333333
"16019",32.8,33.3178
"16021",36.3,37.5159749999999
"16023",37.3,36.538425
"16025",37.5,33.9331083333334
"16027",35.2,34.6386333333334
"16029",31.8,33.9934083333333
"16031",31.4,33.0101416666667
"16033",33.5,34.8954916666667
"16035",36.1,38.077325
"16037",37.8,38.0368958333333
"16039",32.4,33.8096083333334
"16041",32.1,33.5899041666666
"16043",32.9,34.4348791666667
"16045",34.6,36.7310708333333
"16047",32.4,34.9135625
"16049",36.4,38.0978666666666
"16051",31.4,33.0528541666667
"16053",33.6,34.1302041666666
"16055",34.6,34.4851833333333
"16057",28.2,31.1126833333333
"16059",37.4,37.6065166666667
"16061",36.3,37.9794125
"16063",32.5,34.56795
"16065",21.8,28.4611791666666
"16067",34,34.6037708333333
"16069",33,34.1321541666667
"16071",34.3,35.8246625
"16073",33.9,35.8260333333333
"16075",36.8,34.9401125
"16077",33.9,34.396725
"16079",35,36.5850166666666
"16081",29.9,32.120075
"16083",30.8,33.6965208333333
"16085",36.5,35.150375
"16087",36.9,36.9590541666667
"17001",34.6,35.5440499999999
"17003",38.1,41.2152458333333
"17005",34.1,35.8683666666667
"17007",33.6,35.0543458333334
"17009",32.3,33.2904416666667
"17011",36.2,36.9977666666666
"17013",36.9,38.0105916666666
"17015",36.7,38.5413291666667
"17017",34.8,35.5057416666666
"17019",28.9,32.0874291666667
"17021",36,36.8511875
"17023",35.2,36.826575
"17025",36.4,37.6650125000001
"17027",34.7,36.0855083333333
"17029",33.3,35.4415916666666
"17031",30.4,31.9674166666667
"17033",35,36.4668458333333
"17035",35.3,37.5156583333333
"17037",30.2,32.3134166666667
"17039",35.6,36.1859666666667
"17041",34.2,35.67415
"17043",31.2,34.4358499999999
"17045",37.3,37.639525
"17047",37,38.8065166666667
"17049",34.4,36.0530625
"17051",35.3,36.3909791666666
"17053",34.1,36.8842958333333
"17055",36.8,37.86125
"17057",35.5,37.063125
"17059",37.1,39.4524541666667
"17061",35.9,36.9414541666666
"17063",32.8,34.0204250000001
"17065",36.1,37.7244624999999
"17067",36.7,37.1530083333333
"17069",38.4,39.6917791666667
"17071",37.7,37.9123916666668
"17073",34.9,36.245725
"17075",36,37.5105791666667
"17077",32,33.3419333333334
"17079",35.7,37.0864458333333
"17081",35.2,36.8319833333333
"17083",35.1,36.0218124999999
"17085",39,38.4386958333334
"17087",35,38.2741083333334
"17089",34.2,32.99975
"17091",34.5,36.0360541666666
"17093",30.8,31.8764583333333
"17095",36,36.4924708333334
"17097",32,32.8007124999999
"17099",34.6,36.2181583333334
"17101",34.7,36.3746124999999
"17103",34.9,36.7840583333334
"17105",35.8,36.5042416666667
"17107",33.9,35.5220791666666
"17109",32.4,34.6828833333333
"17111",32.2,33.1053458333332
"17113",30.4,31.92955
"17115",34.4,35.6672041666666
"17117",35.5,36.8704333333332
"17119",35.2,35.2680125
"17121",36,36.9550041666667
"17123",36.3,37.4439500000001
"17125",37.3,37.6325083333335
"17127",37.7,39.4320458333333
"17129",34.7,35.7993541666666
"17131",36.7,37.5618333333334
"17133",33.7,35.0885791666667
"17135",35.9,37.2993583333333
"17137",35.5,35.957625
"17139",35.3,35.9993333333333
"17141",35,36.517375
"17143",32.7,33.8673
"17145",35.6,36.7122250000001
"17147",34.5,35.7902833333333
"17149",35.6,37.7666958333333
"17151",40.3,39.746925
"17153",37,40.2977458333333
"17155",36.9,37.1453708333334
"17157",35.5,36.8325500000001
"17159",35.8,37.2791083333333
"17161",33.6,35.0105791666666
"17163",32.3,34.1268708333333
"17165",36.1,37.8539458333333
"17167",33.3,34.3313125
"17169",37.3,38.3445416666667
"17171",35.8,37.2486458333333
"17173",36.3,37.2809375
"17175",36.9,37.7304125000001
"17177",36.2,37.5878416666667
"17179",34.3,35.405725
"17181",37,38.7535416666666
"17183",35.9,37.2305958333333
"17185",36,37.6491166666667
"17187",33.9,36.42235
"17189",35.8,36.8194333333333
"17191",36.4,37.8561375
"17193",37.4,38.5512041666667
"17195",37,37.033325
"17197",32.8,32.187975
"17199",35,36.4360041666666
"17201",32.8,35.4231125
"17203",34.2,34.6206416666666
"18001",35.5,36.7127333333333
"18003",33.6,34.1674583333333
"18005",33.9,35.5224833333332
"18007",36.8,38.1539375
"18009",38.4,38.0500374999999
"18011",33.4,35.0463166666665
"18013",38.3,38.7080291666668
"18015",36.8,38.4107166666667
"18017",37.5,38.1007208333333
"18019",33.8,35.6708125
"18021",36.3,37.0464666666667
"18023",35.7,36.9599583333333
"18025",39.9,40.1365833333332
"18027",36.6,36.9500666666667
"18029",35.6,37.2065750000001
"18031",35.6,37.0836416666667
"18033",34.1,36.3883583333333
"18035",35.4,37.2709583333333
"18037",36.3,36.7504708333333
"18039",33.5,35.2665958333332
"18041",39.5,38.2175791666667
"18043",34.5,36.0499541666667
"18045",37.7,39.3335249999999
"18047",35.7,37.6188333333334
"18049",36.7,38.5368666666666
"18051",36.1,36.9355208333334
"18053",35.4,37.3649375
"18055",37.4,38.2884833333333
"18057",32.3,33.9620958333332
"18059",35.2,35.9461874999999
"18061",35.8,37.660275
"18063",33.8,34.6142749999999
"18065",34.7,37.0161624999999
"18067",36.2,37.4526708333333
"18069",37.3,37.9338375
"18071",36.4,36.698
"18073",35.7,37.2122125000001
"18075",37,38.1473166666667
"18077",35.8,37.7173499999999
"18079",35.9,37.906925
"18081",34.7,35.5828291666666
"18083",35.9,37.2896916666667
"18085",33.3,36.9299833333333
"18087",34.4,36.6778124999999
"18089",35.2,36.3200416666666
"18091",37.3,37.6208749999999
"18093",36.9,37.5903416666667
"18095",37.8,37.761375
"18097",32.9,34.3159249999998
"18099",35.8,38.0015041666667
"18101",38.2,39.4253625
"18103",37.2,38.1502208333333
"18105",29.6,33.8334291666665
"18107",36.9,37.5735041666666
"18109",34.9,37.1721208333333
"18111",36.9,39.1247249999999
"18113",37.1,37.2505708333333
"18115",38,38.7157541666667
"18117",37.6,38.8961958333334
"18119",38.3,38.7698291666667
"18121",37.3,39.0385125
"18123",35.9,37.0687833333333
"18125",37.6,38.6989
"18127",33.9,35.5766833333333
"18129",35.4,37.051375
"18131",39.1,38.8351166666666
"18133",36.3,36.3498041666666
"18135",37.3,37.9165708333334
"18137",37.4,37.8917750000001
"18139",36.3,37.9393916666667
"18141",32.3,34.2558958333333
"18143",36.1,38.1501
"18145",36.8,37.5242541666666
"18147",37.2,37.7327166666667
"18149",36.8,39.1361541666666
"18151",35.5,37.797875
"18153",36.7,37.8103166666666
"18155",38,38.7146583333333
"18157",29.5,31.5324916666668
"18159",37,38.3792666666667
"18161",36.8,37.9880916666667
"18163",35.6,37.3898875000001
"18165",38.8,37.9697875
"18167",36.4,36.2302416666666
"18169",36.4,37.4067458333333
"18171",38.1,38.3811541666667
"18173",35.1,35.9411208333333
"18175",36,38.357375
"18177",38,37.9099375000001
"18179",35.3,36.9444458333334
"18181",36.7,38.3571333333333
"18183",35.1,37.7457541666667
"19001",36.5,38.2476750000001
"19003",38,38.7971916666667
"19005",38.5,39.8709750000001
"19007",38.2,39.5593916666666
"19009",38.1,38.9213791666666
"19011",35.7,36.7899166666667
"19013",34.1,34.5568291666667
"19015",35.4,36.5470125
"19017",32.6,34.7029166666667
"19019",35.5,37.6204541666666
"19021",38.7,35.3291333333334
"19023",37.3,38.1086375
"19025",36.3,37.3660416666667
"19027",36.1,37.7789708333333
"19029",36.6,38.1659125000001
"19031",36.3,37.1151333333334
"19033",37.6,37.0548833333334
"19035",37.2,37.7127166666667
"19037",37.2,38.8041
"19039",36.1,38.1158625
"19041",36.8,37.6213083333333
"19043",39.2,39.8152583333334
"19045",35.8,36.658225
"19047",36.4,37.2046250000001
"19049",31.4,31.5581041666667
"19051",37.6,38.9873583333334
"19053",35.6,37.514775
"19055",36.7,37.6759333333334
"19057",35.3,35.8287416666667
"19059",37.3,36.2669374999999
"19061",34.3,35.5108749999999
"19063",37.1,36.8142625000001
"19065",37,38.5259083333334
"19067",34.3,38.116625
"19069",35.9,36.2549333333333
"19071",38,38.4627708333334
"19073",37.9,38.4686625000001
"19075",35,36.1038374999999
"19077",36.8,38.3159875
"19079",35.8,37.4059291666667
"19081",37.8,38.1112791666667
"19083",37.6,37.9952125000001
"19085",37.2,37.3868208333333
"19087",35.5,36.4364375
"19089",35.3,37.4283041666667
"19091",37.6,37.2527541666667
"19093",36.9,38.2765875
"19095",35,36.9980875
"19097",36.8,37.8259958333334
"19099",36.2,37.1147166666667
"19101",36.2,36.6255
"19103",26.6,32.2820416666666
"19105",36.3,37.1529916666667
"19107",36.3,38.1030541666667
"19109",37.6,38.1803916666667
"19111",37.3,37.0211125
"19113",33.5,34.8921083333333
"19115",36.3,37.3073333333333
"19117",37.4,39.0688458333333
"19119",33.7,35.7402833333334
"19121",33.5,36.4596083333333
"19123",34.8,36.6205708333334
"19125",36,36.6461666666667
"19127",36.7,37.0323833333334
"19129",36.6,36.5015541666667
"19131",36.8,37.5825666666666
"19133",37.3,38.7710083333333
"19135",35.3,36.7146125000001
"19137",37.3,38.3897375
"19139",32.9,34.9166749999999
"19141",35.9,36.7535958333333
"19143",36.8,36.3991000000001
"19145",38.6,38.6648333333334
"19147",36.9,36.8893500000001
"19149",36.5,36.0014124999999
"19151",39,38.2011958333333
"19153",33.7,35.2365749999999
"19155",35.1,36.6007791666667
"19157",34.9,36.7844291666667
"19159",37.6,38.7482958333333
"19161",37.1,38.3133458333333
"19163",34.5,33.7507833333333
"19165",36.8,38.5885291666667
"19167",31.8,34.1517541666666
"19169",27.4,31.3756541666667
"19171",37,37.5946624999999
"19173",36.2,38.5369375000001
"19175",35.4,37.286525
"19177",37.7,39.5089458333334
"19179",36.1,37.6920166666667
"19181",33.7,34.805175
"19183",35.4,36.3693833333333
"19185",37.4,39.7188375
"19187",33.8,36.0977375
"19189",35.6,35.8581125
"19191",34.4,35.4159166666667
"19193",37.4,36.6082083333333
"19195",36.9,37.4653916666667
"19197",36.3,36.1717166666667
"20001",40.3,40.8696083333333
"20003",40.8,40.587875
"20005",37.2,38.9709708333334
"20007",40.4,41.4767958333334
"20009",38.7,39.7641583333334
"20011",37.7,39.133475
"20013",40.5,40.9342083333333
"20015",40.3,39.8211583333334
"20017",40.2,41.6078624999999
"20019",42.2,42.2019583333333
"20021",40.5,40.5907166666666
"20023",40.6,39.6951125
"20025",38.7,40.3067
"20027",41.2,40.6297625
"20029",37.6,39.6951833333333
"20031",38.4,40.3802
"20033",39.7,41.6387625
"20035",38.3,39.6569124999999
"20037",36.4,37.1630916666666
"20039",40.4,41.8032208333334
"20041",35.5,39.8429458333333
"20043",39.9,40.286475
"20045",32.3,34.8032583333333
"20047",40.4,40.62815
"20049",44.1,42.6152708333333
"20051",33.2,35.5209791666668
"20053",40.9,40.5505166666667
"20055",33.1,35.6841208333334
"20057",35.6,35.8723458333334
"20059",37.9,39.5976916666667
"20061",29.2,31.2038000000001
"20063",40,41.2967208333333
"20065",43.1,42.7727458333332
"20067",35.5,36.9555500000001
"20069",36,37.8714625
"20071",38.2,38.9636208333333
"20073",41.3,42.3825791666667
"20075",36.3,37.9161125
"20077",40.9,40.8850625
"20079",38,39.2760833333333
"20081",36.4,38.4612416666667
"20083",39.5,41.1272124999999
"20085",40.4,40.1834625
"20087",39.3,39.9952875000001
"20089",42.9,41.2650125
"20091",37.8,36.7713166666668
"20093",37.1,37.6754833333333
"20095",40.2,40.1633708333333
"20097",39.6,40.7795541666666
"20099",39.9,39.5610291666667
"20101",40.9,40.5928958333333
"20103",36.2,36.5100875000001
"20105",39.9,42.1642875
"20107",39.6,41.0080333333333
"20109",39.8,40.8331291666666
"20111",37,38.412025
"20113",37.9,39.1088125
"20115",40.7,41.0934500000001
"20117",39.5,39.8638875000001
"20119",39.5,38.4370125
"20121",39.7,39.6608583333334
"20123",38.7,39.9265375
"20125",38.4,39.525425
"20127",38,41.7172708333333
"20129",41.3,39.9083875
"20131",37.2,37.8138958333334
"20133",38.6,40.0520249999999
"20135",41.7,41.055675
"20137",37,39.76365
"20139",40.1,40.90375
"20141",41.7,41.9297875
"20143",40,40.46785
"20145",40.2,40.1374708333333
"20147",39.8,40.9725333333334
"20149",33.1,36.1009
"20151",36.8,39.7608583333332
"20153",41.4,41.5064
"20155",40.1,40.7864041666667
"20157",41.6,41.2559166666667
"20159",38.5,39.528525
"20161",26.6,28.9991
"20163",40,41.0761666666667
"20165",42.5,41.7685833333333
"20167",39.2,41.2294791666667
"20169",39.2,39.3345499999999
"20171",39.3,39.8390083333333
"20173",37.2,37.0250874999999
"20175",34.4,35.9802
"20177",40.5,38.7229416666667
"20179",40.9,40.9814958333333
"20181",38.3,39.3268333333333
"20183",42.2,42.4436583333333
"20185",40.5,40.7869083333333
"20187",38.8,38.7814375
"20189",37.3,37.6247291666667
"20191",37,39.8133958333333
"20193",34.2,37.3806958333334
"20195",40.8,42.1070625
"20197",39.4,40.6473708333334
"20199",39,38.8873916666667
"20201",41.5,40.4322541666667
"20203",39.4,39.2633416666667
"20205",39.7,41.2974791666666
"20207",41.8,42.0108250000001
"20209",37.4,37.3629708333332
"21001",38.8,39.2300166666666
"21003",37.8,39.2029666666666
"21005",35.2,36.4068666666667
"21007",39.6,39.8289583333333
"21009",39.8,39.0933666666666
"21011",38.2,39.7411916666666
"21013",41.1,41.4447916666668
"21015",34.1,35.4233458333333
"21017",37.5,36.9505666666667
"21019",38.3,40.2475791666667
"21021",36.3,36.6861416666666
"21023",37.5,38.5486541666667
"21025",40.8,41.0734458333334
"21027",40.1,39.9658958333333
"21029",36.9,37.0213958333334
"21031",37.8,40.4672333333333
"21033",38.8,39.7263583333333
"21035",36.3,37.6535916666666
"21037",34.4,35.30265
"21039",39.8,40.060025
"21041",39.2,39.0009749999999
"21043",39.6,41.1806625
"21045",39.9,41.3959625
"21047",32.8,33.6688749999999
"21049",37.5,37.5169833333333
"21051",39.7,40.4921083333334
"21053",38.7,40.9547
"21055",41.2,40.5321208333333
"21057",41.1,42.6036458333333
"21059",37.9,37.3289041666667
"21061",38.9,39.9759499999999
"21063",40.6,41.9612666666666
"21065",40.2,40.9007166666667
"21067",31.1,34.2138833333333
"21069",37.7,39.0304125
"21071",41.2,42.3944333333333
"21073",34.7,36.338125
"21075",38.9,39.7621500000001
"21077",36.5,37.9577833333333
"21079",38.6,38.0964041666667
"21081",35.8,37.173375
"21083",39.2,39.4037583333335
"21085",40.9,39.5667124999999
"21087",41.2,40.8292583333333
"21089",38,39.0328625000001
"21091",37.4,38.1394541666666
"21093",35.3,35.743075
"21095",40.3,41.8706041666668
"21097",38,38.2696291666667
"21099",39.8,40.1487708333333
"21101",37.7,37.84355
"21103",38.4,38.5577791666667
"21105",41.7,40.2343875
"21107",38.7,38.6008041666666
"21109",41,40.4858333333333
"21111",36.8,36.8049791666666
"21113",35.6,35.7210125
"21115",39.8,39.9629291666666
"21117",36.6,35.5361833333332
"21119",40.8,42.5591708333333
"21121",40.6,40.8398875
"21123",37.4,38.7076916666667
"21125",40.4,39.753
"21127",39.8,41.4873166666667
"21129",40.1,41.3430624999999
"21131",41.1,42.4259583333333
"21133",42.6,42.8919333333334
"21135",41.1,41.5142333333333
"21137",38.7,39.2249875
"21139",40.8,40.0432958333332
"21141",38.5,39.4294958333333
"21143",39.4,39.3816041666667
"21145",38.4,37.661475
"21147",40.1,41.1602583333334
"21149",38.2,38.0624041666667
"21151",34,35.8104375
"21153",41.8,42.4571291666666
"21155",37.7,39.6748041666666
"21157",39.2,39.5882
"21159",37.4,40.8789625
"21161",38.4,37.4403666666667
"21163",35.7,36.7263958333334
"21165",40.7,41.7291583333334
"21167",38.2,37.29115
"21169",39.2,40.4619791666667
"21171",39.2,40.0998958333333
"21173",37.8,38.4615458333334
"21175",36.4,38.5260125
"21177",38.2,39.4851208333333
"21179",35.7,36.4563541666667
"21181",38.8,39.0553
"21183",37.6,38.6493
"21185",33.8,33.9352583333333
"21187",39.1,38.5205708333333
"21189",41.9,42.8637208333334
"21191",38,38.7115702380953
"21193",39.2,40.1004458333334
"21195",42.3,42.9542166666667
"21197",37,38.5368125000001
"21199",40.9,39.6123291666666
"21201",41.9,39.8564625
"21203",39.5,40.8170208333333
"21205",33.6,35.1849833333334
"21207",40.2,41.3590125
"21209",35.1,35.3154416666666
"21211",34.8,35.794125
"21213",36.7,37.6330333333332
"21215",37.2,36.6703416666668
"21217",36.9,37.0162541666667
"21219",37.9,38.7242583333334
"21221",41.3,40.7872125
"21223",38.8,38.1481291666667
"21225",38.4,37.8097583333333
"21227",33.6,34.8613958333333
"21229",38.9,37.9844166666667
"21231",40.5,42.0388041666667
"21233",38.4,39.0292083333333
"21235",36.6,39.0047708333333
"21237",41.7,42.1458333333333
"21239",37.3,36.1892083333334
"22001",38.6,39.3055458333333
"22003",36.8,38.9399416666667
"22005",35.5,36.2282041666667
"22007",40.6,40.3313958333333
"22009",39.2,40.4532833333333
"22011",37.1,38.3378708333333
"22013",40.8,40.992575
"22015",34.1,37.2005166666667
"22017",39.9,39.1405083333334
"22019",36,37.5710208333333
"22021",38.8,40.075625
"22023",39.6,39.8338083333333
"22025",39,38.9108958333333
"22027",40.6,40.5304333333334
"22029",39.2,39.0506291666666
"22031",39.5,39.898275
"22033",35.4,37.5316
"22035",38.6,38.6307
"22037",37.8,39.4610875
"22039",39.2,40.1474625
"22041",39.4,39.8864291666667
"22043",37.7,38.8359666666667
"22045",38.1,39.3639583333334
"22047",37.1,38.7113291666666
"22049",38.8,40.3161583333333
"22051",38.9,38.7876166666666
"22053",38.2,39.2454916666667
"22055",34.9,36.1328708333333
"22057",39.5,38.6790166666666
"22059",36.4,37.9463958333333
"22061",33.2,35.0025583333334
"22063",35.6,36.2673416666667
"22065",38.6,38.4359958333333
"22067",40.6,39.9055666666667
"22069",35.7,37.8952
"22071",35.1,37.914475
"22073",37.3,37.0840833333334
"22075",36.1,37.3332291666667
"22077",40.1,40.33385
"22079",37.9,38.199975
"22081",40.2,41.3565874999999
"22083",38.6,39.9089958333333
"22085",40.6,41.4392958333333
"22087",37.1,37.8700791666667
"22089",36.1,36.9399166666668
"22091",39.6,40.6434208333333
"22093",38.8,38.7035833333334
"22095",36.7,37.9547958333334
"22097",38.7,39.6850791666667
"22099",36.9,39.2144458333334
"22101",39.4,40.0326541666667
"22103",37.7,38.6781750000001
"22105",34.8,37.676475
"22107",43.4,41.0596833333334
"22109",38,38.8019875
"22111",39.7,40.3083166666666
"22113",40.3,38.4059583333333
"22115",33.6,35.2283208333333
"22117",40.1,40.2116541666667
"22119",40.8,40.1909125000001
"22121",34.2,36.732225
"22123",40.2,40.0157833333333
"22125",36.6,37.9554666666667
"22127",38.2,39.5139083333334
"23001",39.1,38.4278583333334
"23003",41.4,39.9522291666666
"23005",38.1,35.7217375
"23007",39.6,38.982775
"23009",39.6,39.8908041666666
"23011",37.8,35.5162291666667
"23013",41.7,38.9181749999999
"23015",39.6,39.5798458333332
"23017",38.2,38.8840166666668
"23019",39.4,38.1920916666667
"23021",45.1,40.1882625
"23023",40,37.7790625000001
"23025",42.3,40.3987416666666
"23027",37.6,39.7686999999999
"23029",42.5,42.6838458333333
"23031",35.5,35.1807458333334
"24001",37.5,37.8859166666667
"24003",35.7,36.5986833333334
"24005",34.4,35.4977166666666
"24009",36.2,36.9448999999999
"24011",38.1,38.4992625000001
"24013",36.8,37.2544249999999
"24015",37.2,37.3545708333332
"24017",34.6,36.2235875
"24019",40.2,41.0311250000001
"24021",35.8,36.9870916666667
"24023",40.5,41.2494999999999
"24025",35.4,36.010175
"24027",36.7,37.7107458333333
"24029",38.8,39.9352874999999
"24031",38.4,37.7679625000001
"24033",35.5,36.5637833333333
"24035",35.6,36.7803708333332
"24037",36.6,37.1053874999999
"24039",36.2,37.4027416666667
"24041",39.3,39.7860541666665
"24043",39.7,38.0568249999999
"24045",35,36.2829666666666
"24047",40.8,40.6923416666665
"24510",32,33.3795583333334
"25001",41.8,39.8787291666667
"25003",35.4,35.3554875
"25005",36.8,35.7576958333333
"25007",37.2,38.2240416666667
"25009",35.7,35.7298333333333
"25011",35.2,35.3542916666666
"25013",34.9,34.9445958333334
"25015",32.5,35.3943375
"25017",33.1,34.1175708333334
"25019",33.6,35.1563208333334
"25021",35.6,35.7246916666667
"25023",35.4,35.8315
"25025",29.6,31.8902750000001
"25027",33.1,35.1145416666666
"26001",43.6,41.6265
"26003",38.6,40.2117000000001
"26005",37.4,37.1087708333333
"26007",38.5,40.8427666666666
"26009",40.6,40.7158749999999
"26011",40.2,41.2582916666667
"26013",38.2,40.1378875000001
"26015",37,37.895975
"26017",37.1,38.8652458333334
"26019",38.6,40.7608916666666
"26021",35.5,36.3853166666666
"26023",39.7,39.0875041666666
"26025",36.2,37.2703083333334
"26027",36.7,38.5491291666666
"26029",39.8,40.3835583333334
"26031",40.2,41.0788000000001
"26033",34.5,36.3988625000001
"26035",40,41.5368166666666
"26037",34.3,36.3273666666667
"26039",39.6,40.5815875000001
"26041",38.8,39.8704458333333
"26043",36.7,38.9474333333333
"26045",35.8,36.4577125
"26047",37.3,39.9886583333333
"26049",38.6,37.3238208333334
"26051",40.7,41.5636249999999
"26053",39.9,41.8433333333334
"26055",32.9,38.5599041666667
"26057",33.7,37.1399249999999
"26059",38.5,38.9962458333333
"26061",32.2,35.5603416666667
"26063",39,41.2989958333333
"26065",32.2,32.9937166666667
"26067",33.7,35.9282541666666
"26069",42,41.5966291666666
"26071",41.8,42.6477458333333
"26073",29.7,33.2486083333334
"26075",34.5,37.3586166666667
"26077",31.6,33.8110666666667
"26079",38.4,39.9860208333334
"26081",34.4,34.5007000000001
"26083",41.3,42.0465291666668
"26085",40.8,43.5458375000002
"26087",36.5,37.5556958333333
"26089",39.1,40.5659208333334
"26091",35.7,37.7986791666666
"26093",36.8,36.4037375000001
"26095",40.7,40.5305625
"26097",39.7,41.2167500000001
"26099",36.7,36.7933125000001
"26101",37.6,39.7051041666666
"26103",33.3,37.4980166666666
"26105",38.9,39.9223541666667
"26107",35.5,37.7953333333334
"26109",41,41.5961125
"26111",36,36.5718
"26113",38.3,39.8594458333334
"26115",34,37.2963708333334
"26117",37,38.6303374999999
"26119",43.7,43.3990166666666
"26121",37.2,37.7875125
"26123",36.5,39.0201208333333
"26125",32.3,34.4709
"26127",38.5,39.3512958333334
"26129",41.4,41.8541166666666
"26131",43.9,41.9147625000001
"26133",38.6,40.0475875
"26135",42.6,42.1466708333333
"26137",38.4,39.5072458333334
"26139",30.5,33.5717791666666
"26141",43,42.26505
"26143",43.5,42.2103166666666
"26145",34.7,36.6613625
"26147",37.7,37.5856625
"26149",36,38.41805
"26151",38.3,40.4356625
"26153",41,41.3347166666667
"26155",37,38.1277125
"26157",37.1,39.5532291666666
"26159",37.3,38.348875
"26161",28.4,31.2603625000001
"26163",35,36.27515
"26165",36.3,39.117475
"27001",38.7,39.6589125000001
"27003",31.6,31.5426083333333
"27005",33.9,36.1433833333333
"27007",31.2,33.196775
"27009",28.1,31.0781708333333
"27011",36.3,36.7974833333333
"27013",26.9,29.9162291666667
"27015",30.9,35.3139958333333
"27017",31.7,34.180025
"27019",30.2,31.4830458333334
"27021",35.3,38.4542458333333
"27023",34.6,35.7868291666667
"27025",31,33.0956333333333
"27027",29.2,31.0434916666667
"27029",33.5,36.1815958333334
"27031",36,39.8575750000001
"27033",33.7,36.0116125000001
"27035",32.9,36.7130125
"27037",29.3,31.6060958333334
"27039",30.5,32.1030374999999
"27041",32.9,35.6420458333334
"27043",34.9,35.8814958333334
"27045",34.6,38.1721583333334
"27047",36.3,36.6869708333334
"27049",33.1,34.0529416666667
"27051",34.8,36.4413083333334
"27053",29.5,31.5704541666668
"27055",31.4,34.5876416666667
"27057",38.2,37.47475
"27059",32.4,34.2408583333334
"27061",35.4,38.6970041666667
"27063",33,36.3771916666667
"27065",34,36.1924041666667
"27067",32.5,34.1327208333334
"27069",34.6,38.813725
"27071",38.5,38.6619000000001
"27073",34.9,36.788525
"27075",34.5,37.6351458333334
"27077",36.6,38.0510916666666
"27079",33.3,33.5891208333333
"27081",34.4,36.8601541666666
"27083",31.4,33.1239875000001
"27085",32.8,35.15055
"27087",32.7,34.9534666666666
"27089",34.7,36.1981791666666
"27091",34.5,37.1093833333334
"27093",33.8,35.57525
"27095",32.1,34.5857625000001
"27097",34.3,35.7108125000001
"27099",30.4,34.7296
"27101",35.8,36.3001583333333
"27103",31.1,31.559075
"27105",32.4,35.4540333333333
"27107",33.8,36.5793708333333
"27109",29.1,31.4182708333334
"27111",36.2,37.8133791666667
"27113",31.9,34.9152416666667
"27115",35.3,36.9273875
"27117",34.4,35.7976000000001
"27119",35.6,35.9688166666666
"27121",35.3,37.1170166666667
"27123",30.7,31.9136208333334
"27125",35.1,36.4553291666667
"27127",34.2,35.5643250000001
"27129",34.5,36.3700708333334
"27131",28.7,31.3625916666666
"27133",32.4,35.6907833333333
"27135",33.5,35.81285
"27137",30.5,34.305425
"27139",29.4,30.7244041666667
"27141",29.3,31.0067249999999
"27143",31.8,34.2252625
"27145",31.8,31.956725
"27147",32.5,32.6458291666667
"27149",31.2,33.1562125
"27151",34.1,36.2286416666667
"27153",35.9,36.8952374999999
"27155",35.8,37.063825
"27157",33.4,35.0588416666667
"27159",35.2,36.1514291666667
"27161",32.5,34.0443708333334
"27163",32.1,31.76815
"27165",33.1,35.8920333333333
"27167",34.7,36.0856458333333
"27169",29.9,33.7310583333333
"27171",29.2,30.7781249999999
"27173",34,35.9662458333334
"28001",38,38.7854791666667
"28003",36.4,38.9095333333334
"28005",41.4,41.669775
"28007",38.4,39.0828208333333
"28009",38.5,40.3314458333333
"28011",37.4,37.9992666666667
"28013",37.8,39.1658375
"28015",39.2,40.4536833333332
"28017",36.5,39.01145
"28019",40.4,40.3195166666666
"28021",35.3,39.7313791666668
"28023",37.5,39.9161333333334
"28025",37.4,38.8668624999999
"28027",37.3,38.2250208333333
"28029",37.4,38.2530083333333
"28031",37.9,39.3768958333333
"28033",35,35.7772791666666
"28035",32.5,35.2739916666667
"28037",39.8,39.6847875
"28039",36,37.8982249999999
"28041",35.5,36.9007833333334
"28043",37.9,38.5838166666666
"28045",39,39.4735499999999
"28047",36.1,38.6955666666666
"28049",34,35.8472125
"28051",36.7,37.6795
"28053",38.2,39.1921750000001
"28055",33.4,39.4853291666667
"28057",36.9,39.4538499999999
"28059",38.7,39.11515
"28061",38.1,39.2472083333333
"28063",36.1,38.3992958333334
"28065",38.1,40.6944541666667
"28067",35.4,38.625225
"28069",35.8,39.1481291666667
"28071",31.4,33.8281791666667
"28073",34,35.6533166666667
"28075",36.3,39.1272458333333
"28077",36.5,39.2259625
"28079",36.7,38.7301375
"28081",34,36.2659125
"28083",37.3,37.7326416666667
"28085",36,38.0238291666666
"28087",36.7,36.351175
"28089",35.6,35.0818500000001
"28091",36.8,39.1219083333334
"28093",36.9,38.9541458333333
"28095",37.7,38.9772041666666
"28097",39.8,40.3871249999999
"28099",36.5,37.8409958333332
"28101",36.4,38.6226666666667
"28103",37.1,38.7827458333333
"28105",26.8,30.4773499999999
"28107",36.2,38.2277875000001
"28109",36.6,38.8702416666667
"28111",37.7,39.4080625
"28113",37.9,38.9750625
"28115",35.6,37.6560541666666
"28117",35.5,39.3557083333334
"28119",38.5,39.2910166666667
"28121",32.6,34.6594041666668
"28123",37.8,38.2770999999999
"28125",38.9,40.8486291666668
"28127",37.7,39.1730458333334
"28129",38.7,39.0728083333333
"28131",36.7,38.8024291666666
"28133",35.8,37.5300083333334
"28135",36.7,38.5339916666667
"28137",34.3,37.8191291666667
"28139",36.6,38.3512958333334
"28141",39,42.0763625
"28143",34.4,36.5955666666668
"28145",36.6,38.4160291666666
"28147",38.9,39.4058666666667
"28149",38.8,37.4043833333333
"28151",35.7,38.4326208333333
"28153",37.9,38.622625
"28155",37.5,38.6174166666667
"28157",36.6,39.3985625
"28159",38.1,40.0359708333332
"28161",36.9,39.6406625
"28163",36.1,37.3714416666667
"29001",32.1,34.672975
"29003",36.7,37.9361791666666
"29005",38.9,40.1944041666667
"29007",38.4,39.2797375
"29009",38.9,40.4397416666667
"29011",39.3,40.9286874999999
"29013",39.2,40.7050666666667
"29015",45.4,42.8049791666667
"29017",40.4,40.6355916666667
"29019",32.6,33.4556541666665
"29021",35.3,37.9758625
"29023",38.8,40.7828791666666
"29025",36.6,39.6796125
"29027",35.6,37.0602458333333
"29029",40.5,40.6961458333333
"29031",31.4,33.735725
"29033",38,39.7342083333333
"29035",39.6,41.2175125
"29037",37,38.5828708333334
"29039",41.3,41.3893375
"29041",39.9,40.2320083333333
"29043",36,36.4971041666667
"29045",40.2,40.4678625
"29047",37.2,37.4011041666667
"29049",38.2,39.7781916666667
"29051",37,35.6365791666667
"29053",36.1,38.0916291666667
"29055",39.5,40.6209625
"29057",40.6,41.5572041666667
"29059",40.6,41.6347708333333
"29061",40.8,40.6721166666667
"29063",35.9,38.4435
"29065",41.6,40.8092291666667
"29067",41.5,42.7901875
"29069",40,41.649225
"29071",37.6,37.8096833333334
"29073",40.2,40.3415416666667
"29075",39.8,40.2936666666667
"29077",33.2,35.8277916666667
"29079",39.2,39.7489416666667
"29081",40.1,39.6453791666667
"29083",39.7,40.5035541666667
"29085",43.6,44.1193708333334
"29087",38.1,39.9951125000001
"29089",36.2,37.8745666666667
"29091",40.3,41.2812791666666
"29093",38.2,39.8279041666667
"29095",34.4,36.0958625000001
"29097",35.5,36.7150041666668
"29099",36.3,36.3149416666666
"29101",32.2,35.7276
"29103",39.7,40.6720083333333
"29105",37.9,38.6434875
"29107",39.9,39.0354666666667
"29109",36.9,38.5931291666667
"29111",37.2,39.0383874999999
"29113",36,37.4719083333333
"29115",38.6,40.0132416666666
"29117",37.4,38.7309291666666
"29119",38.2,39.2785958333333
"29121",37.2,38.9580291666667
"29123",38.4,40.6911750000001
"29125",38.7,41.1559916666667
"29127",36.5,36.1724833333333
"29129",41.3,40.3446625
"29131",39.2,40.3945541666667
"29133",38.6,39.8216375000001
"29135",35.9,38.0225708333333
"29137",40.2,40.0289708333333
"29139",38.4,39.8023166666666
"29141",41.3,41.7697666666667
"29143",41.1,41.1343583333334
"29145",36.1,39.3455
"29147",34.3,36.7045125
"29149",41,42.9725708333334
"29151",36,37.1460499999999
"29153",43.8,43.6671333333333
"29155",40.5,41.1467583333334
"29157",38,38.1619125
"29159",37.3,38.3960333333333
"29161",35,36.5707375000001
"29163",36.6,38.1827041666666
"29165",37.2,37.147825
"29167",37.5,38.6434375
"29169",27.9,31.6514833333332
"29171",38,40.1626666666667
"29173",39.4,39.3849166666667
"29175",37.1,38.7667791666667
"29177",37.4,39.6270208333334
"29179",42.8,42.5155000000001
"29181",41.4,41.4119875
"29183",34.1,34.6626875
"29185",39.2,42.2328041666666
"29186",37.2,37.9783333333333
"29187",38.3,39.9547583333334
"29189",32.6,33.8726541666665
"29195",35.6,37.4316208333334
"29197",40.1,40.003575
"29199",38.8,39.3324291666667
"29201",37.7,39.2314416666667
"29203",39.7,42.3526875
"29205",39.5,40.6825791666666
"29207",38.3,40.9815
"29209",44,43.2903916666666
"29211",39.6,39.6831708333333
"29213",38.9,39.2094916666667
"29215",38.8,40.3835958333334
"29217",38.7,40.6055791666667
"29219",36.6,37.9704708333334
"29221",40.1,40.6794666666668
"29223",41.6,43.2484208333333
"29225",36,38.0834125
"29227",39.5,39.3109041666667
"29229",40.2,41.2830125
"29510",31.6,33.3339499999998
"30001",31.2,33.205075
"30003",32,33.7394500000001
"30005",31.6,32.7621083333334
"30007",33.7,36.5067166666667
"30009",32.9,34.7390375
"30011",36.8,39.0693833333333
"30013",32.2,32.6984500000001
"30015",31.4,35.1611625
"30017",30.6,34.2473666666666
"30019",34.8,38.0353208333334
"30021",33.5,35.6131875
"30023",34.4,36.4596416666667
"30025",31.2,36.7292583333334
"30027",33.7,36.8269708333333
"30029",31.6,33.2357791666666
"30031",25.2,29.7212041666666
"30033",33.5,36.9358041666667
"30035",31.7,33.2699166666666
"30037",36.1,36.8767833333333
"30039",35.5,35.82355
"30041",29.5,32.3835
"30043",32.7,34.6275166666667
"30045",34.3,36.6556958333333
"30047",33.4,35.1433000000001
"30049",30.2,31.4175166666666
"30051",36.9,35.9133083333333
"30053",36.3,38.2367
"30055",34.3,37.4044291666667
"30057",34.2,34.9327041666668
"30059",36.2,34.1994208333333
"30061",36.2,36.9733541666667
"30063",28.8,31.1341208333333
"30065",35.7,36.8126333333333
"30067",32.1,33.33565
"30069",36.2,36.1620583333333
"30071",35,34.9995541666667
"30073",32,34.5765208333334
"30075",36.9,38.585425
"30077",32.5,35.0973666666667
"30079",37.9,38.1347375
"30081",33.4,36.8486666666667
"30083",31.8,35.15025
"30085",29.6,31.9047041666667
"30087",33.2,33.7880125000001
"30089",37.1,38.6011166666666
"30091",33.9,37.7953208333334
"30093",30.2,32.8651666666667
"30095",35.1,35.3321208333333
"30097",34.2,35.7734791666667
"30099",33,35.9399458333333
"30101",33.3,34.0677041666667
"30103",35.7,35.748675
"30105",34.4,35.6654125000001
"30107",35,37.0343041666667
"30109",34.9,37.5671791666666
"30111",29.9,31.9783083333334
"31001",34.6,36.2078
"31003",38.5,39.1091875
"31005",35.2,39.3750708333333
"31007",36.8,40.0454666666667
"31009",36.4,38.8602875000001
"31011",38.2,38.4640666666667
"31013",35.5,36.0628875
"31015",40.3,39.8373333333333
"31017",36.1,38.9588791666667
"31019",31.7,34.826975
"31021",37.8,38.3407291666667
"31023",34.1,37.3260416666667
"31025",37.7,36.3094958333334
"31027",34.2,37.445375
"31029",37,39.5334041666667
"31031",36.7,38.06135
"31033",37,38.1693583333333
"31035",37.1,37.2408666666667
"31037",34.2,35.432275
"31039",37.6,38.2116208333333
"31041",37.7,38.8800791666667
"31043",34.4,35.2933166666667
"31045",32.9,35.5870541666667
"31047",34,35.8648541666667
"31049",38.7,39.7754166666667
"31051",39.3,37.6428708333333
"31053",37.8,37.2945875
"31055",33.2,33.9733625000001
"31057",39.9,39.2319333333333
"31059",37.5,38.2907041666667
"31061",37.7,41.6193541666667
"31063",35.1,40.4698041666667
"31065",36.9,39.7568666666667
"31067",38.7,39.7589875000001
"31069",39.8,40.4393374999999
"31071",37.6,37.4785916666667
"31073",37.3,38.81405
"31075",37.7,38.54125
"31077",37.7,38.8531791666667
"31079",34.7,35.5795958333334
"31081",36.6,37.4390208333334
"31083",39,41.820575
"31085",39.7,39.4096041666667
"31087",40.4,39.45665
"31089",36.7,38.7734166666667
"31091",37.6,38.2978333333333
"31093",35.2,37.9344208333333
"31095",38.2,39.2796541666667
"31097",35.9,38.2032500000001
"31099",35.7,36.4547625
"31101",37.8,38.8324666666666
"31103",40.6,37.2770208333333
"31105",38.3,38.3170416666666
"31107",37.4,38.9255083333333
"31109",32.6,33.4337125
"31111",35.4,37.4571625
"31113",35.5,37.5898291666666
"31115",39.9,38.8858416666667
"31117",37.9,39.2800458333334
"31119",36.9,37.209325
"31121",34.2,37.0199916666666
"31123",36.7,38.1744583333333
"31125",37.9,38.1662291666667
"31127",33.4,36.4766958333333
"31129",38.3,39.2665
"31131",37.3,38.0728375
"31133",39.5,40.6125125
"31135",35.7,39.5757916666667
"31137",38.3,37.2012625
"31139",34.7,37.0441541666667
"31141",34.9,36.1459166666667
"31143",34.9,38.3573
"31145",35.2,37.8913416666666
"31147",37.2,39.3533208333334
"31149",38.8,39.2723208333334
"31151",34.6,36.0263916666667
"31153",33,33.1765124999999
"31155",32.7,35.5588791666667
"31157",32.6,35.8096041666667
"31159",32.9,35.0580750000001
"31161",38.8,39.7660708333333
"31163",37.5,39.2239708333334
"31165",39.7,39.1717875
"31167",35.1,37.1027708333333
"31169",38.2,38.9033166666667
"31171",38.7,39.6672666666667
"31173",30,34.5425999999999
"31175",36.2,38.3292083333333
"31177",37.4,35.4037791666667
"31179",29.3,33.1448625
"31181",35.5,39.308275
"31183",38.8,39.4571375
"31185",34.5,37.362925
"32001",36.9,37.7005125
"32003",36.1,36.0182124999999
"32005",36.9,39.0375624999999
"32007",34.8,35.0108541666667
"32009",42.3,40.3951166666667
"32011",38.5,39.0813125
"32013",35.3,34.9344041666666
"32015",36.7,36.0987083333333
"32017",38.8,38.5756583333333
"32019",36.7,38.206125
"32021",39.9,40.6693041666666
"32023",40.9,40.8095166666666
"32027",35,36.6936833333334
"32029",41.9,40.7654875000001
"32031",35.6,36.5717333333334
"32033",36.4,37.4391458333333
"32510",36.4,37.4680583333333
"33001",34.6,36.5212291666667
"33003",38.4,38.5086916666666
"33005",30.5,34.4085333333333
"33007",38,39.5573375
"33009",31.9,35.2695958333333
"33011",31.8,34.9238
"33013",34.2,34.99065
"33015",34,35.1695875000001
"33017",33.5,34.637775
"33019",33.9,36.0166958333334
"34001",37.9,37.0770458333333
"34003",35.1,36.7469375
"34005",37.2,36.3808375
"34007",36,36.1291875
"34009",40,39.5704874999999
"34011",36.4,36.5800499999999
"34013",34.3,34.9910250000001
"34015",35.6,36.4891666666667
"34017",34.1,35.0023500000001
"34019",37.1,36.0150458333333
"34021",35.2,36.0847458333333
"34023",36.2,36.7046375
"34025",37.8,36.2066208333333
"34027",34.6,36.050375
"34029",36.8,36.5044291666667
"34031",35.1,35.86465
"34033",36.5,37.4525958333333
"34035",36.3,36.2401791666667
"34037",36.2,35.8849291666667
"34039",34.1,36.0329416666666
"34041",38,36.1710416666667
"35001",34.7,35.3620625000001
"35003",44.3,41.0308625
"35005",37.1,35.2273958333334
"35006",31.9,34.7973291666667
"35007",36.9,39.0271125000001
"35009",31.1,35.0172374999999
"35011",38.8,38.6443541666667
"35013",33.1,34.2728416666666
"35015",33.9,35.3679166666666
"35017",38.1,37.5147208333334
"35019",35.5,36.5792166666667
"35021",43.1,39.5005708333333
"35023",36.4,38.501925
"35025",31.8,34.3494499999999
"35027",38.1,38.6901291666666
"35028",32.6,33.8035666666668
"35029",38.5,37.2176541666667
"35031",29.8,32.2973708333333
"35033",40,39.5483458333333
"35035",32.6,35.0152083333333
"35037",38.5,38.0892083333334
"35039",34.8,36.381925
"35041",32.2,35.9422041666667
"35043",33.5,36.1493625
"35045",32.3,34.3760416666667
"35047",37.3,37.2344541666666
"35049",36.1,37.3920583333334
"35051",42.5,40.6207208333333
"35053",35.9,37.8416875
"35055",36.8,38.5381958333333
"35057",38.1,38.2737375000001
"35059",36.7,39.3205833333333
"35061",35.8,35.8512375
"36001",32.9,34.1765041666666
"36003",36.3,35.9726583333334
"36005",32.3,32.5265
"36007",35.4,34.7053791666667
"36009",38.3,37.844375
"36011",36.6,36.8220708333334
"36013",37.2,36.7476791666666
"36015",35.7,35.8395333333333
"36017",36.7,37.9488666666667
"36019",34.7,36.2835166666667
"36021",36.1,36.4351291666667
"36023",33.7,34.6997999999999
"36025",37.3,37.2630000000001
"36027",35.5,35.5274166666667
"36029",36,36.5287208333332
"36031",38,37.5028916666666
"36033",35.9,36.5362791666667
"36035",38.8,37.3699458333334
"36037",35.1,36.1805083333334
"36039",35.5,36.8561750000001
"36041",39.7,38.2657
"36043",36.7,37.5931875
"36045",32.1,33.9435208333334
"36047",34.7,35.2265958333333
"36049",38.1,37.9552166666666
"36051",31.2,35.2027416666667
"36053",36.1,35.3445791666667
"36055",32,35.3425416666665
"36057",34.8,37.1576
"36059",36.3,36.1811458333333
"36061",34.6,35.4629208333334
"36063",36.2,36.3879416666665
"36065",36.2,35.6065958333333
"36067",33.4,35.3052124999999
"36069",33.6,35.1916458333332
"36071",33,34.4719125
"36073",37.1,37.3714291666667
"36075",32.6,34.4341583333333
"36077",32,35.0650249999999
"36079",33.4,35.2481541666667
"36081",36,35.8898666666667
"36083",35.2,35.4797
"36085",34.9,35.3396583333333
"36087",33.8,35.2194791666667
"36089",33.9,36.4623458333334
"36091",32.2,33.6341874999999
"36093",33.2,35.0867083333333
"36095",35.5,37.4031625
"36097",34.9,36.5775333333334
"36099",36,37.2422666666667
"36101",34.5,35.4044666666667
"36103",36.7,36.5680666666667
"36105",35.2,36.3498333333334
"36107",34.5,35.5446083333334
"36109",26.6,32.8072791666667
"36111",33.9,35.7845125
"36113",35.8,36.1955166666667
"36115",38.3,37.8917041666666
"36117",36.7,36.2138291666668
"36119",35.8,36.7723125000001
"36121",35.8,37.2091416666667
"36123",36.3,36.1492375
"37001",36,37.0501374999999
"37003",38.2,39.1966541666666
"37005",42.6,42.5873125
"37007",38.2,39.3466625
"37009",41.5,42.3844083333334
"37011",38,39.7434374999999
"37013",39.7,40.8648958333333
"37015",39.4,40.2795958333333
"37017",39,40.0686333333334
"37019",40.8,40.1380708333333
"37021",36.2,37.9424458333334
"37023",39.4,39.5042
"37025",34.5,35.3464666666666
"37027",39.8,39.646525
"37029",35.4,38.2365166666666
"37031",39.3,40.1817541666667
"37033",38.7,42.3581375000001
"37035",36.7,38.1752000000001
"37037",38,38.4113375
"37039",42.6,43.9921583333333
"37041",39.8,40.0356791666666
"37043",43.2,43.3291708333333
"37045",38.2,38.4300791666667
"37047",38.3,39.4404375
"37049",37.9,38.1725000000001
"37051",32.4,33.1851041666667
"37053",36.4,37.9719791666666
"37055",38.9,39.3874583333333
"37057",37.3,38.1920583333334
"37059",39,39.6069458333334
"37061",39.9,38.8396250000001
"37063",30.8,32.6888333333333
"37065",37.5,39.0801166666667
"37067",38.2,37.2387666666667
"37069",36.2,37.6852
"37071",36.8,38.2718041666667
"37073",38.6,40.2738583333333
"37075",39.4,41.3931333333334
"37077",37.3,37.7929041666668
"37079",36.9,38.2346291666666
"37081",32.5,35.6190333333333
"37083",39.1,39.568275
"37085",31.4,32.8675708333333
"37087",38.8,40.8103
"37089",37.8,38.5589333333334
"37091",37,38.8063791666667
"37093",32.8,33.9516833333332
"37095",38.1,40.7421458333334
"37097",36.9,36.9607791666667
"37099",36,40.5457666666667
"37101",33.4,33.7730458333334
"37103",40,40.5920375
"37105",37.7,37.4323416666666
"37107",38.1,39.0804000000001
"37109",37.6,38.3117791666667
"37111",37.2,39.8153125
"37113",41.3,42.7850166666667
"37115",38.2,39.8339375000001
"37117",39.3,40.9248374999999
"37119",32,33.6048708333334
"37121",39.8,40.88725
"37123",39.7,39.4992958333333
"37125",35.4,37.9580041666667
"37127",36.3,37.4715
"37129",36.8,37.1504958333333
"37131",41,41.9565041666667
"37133",28.2,31.2390833333334
"37135",32.6,35.0140583333334
"37137",42.4,40.3680416666667
"37139",34.9,37.3676499999999
"37141",36.9,38.2362708333334
"37143",41,42.125125
"37145",38.9,40.1037625000001
"37147",32.2,35.3063458333334
"37149",42.9,41.1937208333334
"37151",37.4,38.3550375000001
"37153",38.7,38.8784625
"37155",38.5,39.7683666666666
"37157",39,40.8261083333334
"37159",37,38.0887624999999
"37161",39.7,40.2471583333334
"37163",37.4,38.52965
"37165",38,39.2476874999999
"37167",37.1,38.2700083333334
"37169",39.7,41.540675
"37171",39.7,40.3778041666667
"37173",37.1,38.0868916666668
"37175",41.1,41.1771541666667
"37177",40.2,40.6821916666667
"37179",36.2,35.7117041666666
"37181",37.3,38.6110333333334
"37183",33.3,33.0426000000001
"37185",39.7,40.9154625
"37187",41,41.1922708333333
"37189",31.9,36.4432958333334
"37191",35.4,37.292525
"37193",39.3,40.5831833333333
"37195",36.9,38.0622375000001
"37197",39,39.8376708333333
"37199",40.7,41.8201916666667
"38001",37.5,39.1505791666666
"38003",34.1,36.1439916666666
"38005",34,35.1683208333334
"38007",35.3,38.6676833333333
"38009",36.3,38.3480041666666
"38011",35.8,37.4022
"38013",36.1,37.4906208333333
"38015",34.2,34.8864916666667
"38017",29.2,31.1192125000001
"38019",37.3,38.4763583333333
"38021",34.7,37.0396208333333
"38023",37.7,37.8046416666667
"38025",34.8,35.0590833333333
"38027",36.5,38.6063333333333
"38029",37.1,38.3582791666666
"38031",35.6,38.220275
"38033",36.7,37.8204583333333
"38035",29.5,31.6317750000001
"38037",36.3,38.4828875
"38039",37.9,38.7951375
"38041",35.8,38.6138
"38043",37.9,38.3485291666667
"38045",37.8,38.9390916666666
"38047",37.9,38.9717125
"38049",34.5,37.089075
"38051",40.6,39.2554083333333
"38053",30.7,30.7189125
"38055",38.7,38.2610625
"38057",37.3,38.0297166666667
"38059",33.7,35.3494875000001
"38061",32,32.9225666666666
"38063",35.4,38.1873041666667
"38065",37,38.5784208333333
"38067",34.9,38.3486583333333
"38069",33.6,36.46835
"38071",35.7,35.9336
"38073",36.3,36.633875
"38075",36.7,37.4076166666667
"38077",32.3,35.9863791666666
"38079",32.9,33.9585333333333
"38081",33.9,36.83425
"38083",38.2,39.8174
"38085",30.6,32.6326916666666
"38087",36.9,37.8970875
"38089",31.8,33.3101916666666
"38091",36.5,38.913325
"38093",33.9,36.1164458333333
"38095",38.6,37.0219791666667
"38097",34.7,36.2877583333333
"38099",35.4,36.0582541666667
"38101",31.2,33.2534791666667
"38103",38.8,38.4444416666667
"38105",26.8,30.6516624999999
"39001",38.1,39.2375625
"39003",35.8,36.7481458333334
"39005",36.1,37.5032458333333
"39007",38.6,38.1614958333333
"39009",33.8,35.2453958333332
"39011",34.3,36.8193666666666
"39013",36.4,38.5561374999999
"39015",36.3,38.1608124999999
"39017",34.6,35.8867833333333
"39019",38.5,39.7606583333333
"39021",36.6,37.3200166666666
"39023",34.6,36.4799166666668
"39025",34,36.0514875000001
"39027",35,36.912825
"39029",34.4,37.8388583333333
"39031",37.3,38.993375
"39033",37.6,37.7925041666666
"39035",34.6,35.8256958333334
"39037",37.7,38.1998833333334
"39039",37.6,38.085475
"39041",33.2,34.4120875
"39043",36.4,37.4708458333334
"39045",33.9,35.2574041666667
"39047",35.5,37.4770458333333
"39049",31.2,32.9531791666667
"39051",35,37.635375
"39053",39.2,40.4879875
"39055",37.8,37.5554208333334
"39057",34.4,35.2870874999999
"39059",37.6,39.0376375
"39061",32.7,34.0340874999999
"39063",33.7,35.796025
"39065",34.1,36.1585125
"39067",37.1,40.9775125
"39069",35.2,38.0502541666667
"39071",38,37.9469208333333
"39073",35.2,38.82215
"39075",34.9,37.35345
"39077",33.2,36.8930583333333
"39079",38.1,38.5229291666667
"39081",36.9,38.740225
"39083",33.5,36.3105874999999
"39085",35.1,36.3036333333334
"39087",35.3,38.73815
"39089",35,35.2712875
"39091",36.9,37.1328
"39093",35.6,36.3835791666666
"39095",34.6,36.0155666666667
"39097",34.7,35.8982999999999
"39099",34.9,36.7912583333333
"39101",34.9,37.1653791666666
"39103",33.7,35.2556833333334
"39105",39.1,41.5900000000001
"39107",36.1,37.2479333333333
"39109",37.4,37.0917791666666
"39111",38.8,41.3801416666667
"39113",34.4,35.8591000000001
"39115",39.3,40.8928458333334
"39117",35.7,37.25655
"39119",37,37.215075
"39121",41.9,41.6227958333334
"39123",38.7,37.8690833333333
"39125",36.6,37.6654541666667
"39127",37.7,38.4207208333333
"39129",35.2,36.0775541666666
"39131",36.4,39.1483791666667
"39133",33.8,36.1279541666666
"39135",36.6,37.7304083333333
"39137",36.2,36.5167666666666
"39139",34,36.0047833333333
"39141",35.5,37.3422250000001
"39143",36,37.2918958333334
"39145",38.8,38.9762916666667
"39147",36.3,37.2046833333333
"39149",34.9,37.0316916666667
"39151",35.6,36.3404416666666
"39153",35.7,36.0028375
"39155",39.5,38.6248583333334
"39157",36.4,37.4066333333333
"39159",30.2,33.1323
"39161",36.8,37.2392958333333
"39163",40.5,40.5754333333334
"39165",33.9,35.2784791666666
"39167",38.6,39.7484833333332
"39169",35.4,36.5083375
"39171",35.7,38.2996583333333
"39173",32.1,33.8813166666667
"39175",36.4,37.9489125
"40001",37,38.9955
"40003",37.2,39.1781
"40005",37.3,39.5581749999999
"40007",38.9,39.9859791666667
"40009",37.7,38.2596958333333
"40011",39,39.3782666666667
"40013",38.4,39.0642833333334
"40015",36.3,38.128075
"40017",34.4,34.3593874999999
"40019",37.4,38.3800291666667
"40021",35.3,37.8258916666666
"40023",40.1,40.1694708333333
"40025",39.9,40.5670625
"40027",31.1,33.2615041666667
"40029",39.5,40.2072958333334
"40031",36.2,35.8054875
"40033",39.4,39.7259
"40035",38.9,39.6520583333333
"40037",37.2,38.8000333333334
"40039",33.2,35.6000416666667
"40041",41.4,42.1565708333333
"40043",39,40.2265708333333
"40045",41.4,41.0750125
"40047",34.4,36.5955416666667
"40049",38.6,39.3713625
"40051",36.4,37.4559
"40053",39.3,40.8729291666666
"40055",37.4,38.5244458333333
"40057",40.4,41.6898333333334
"40059",39.2,39.7280833333333
"40061",40.1,40.4725208333332
"40063",37.2,39.0170499999999
"40065",34.9,35.6019875000001
"40067",40.3,40.6310416666667
"40069",38,39.3707583333333
"40071",39.9,39.6718124999999
"40073",36.3,37.3829625
"40075",41,40.7217916666666
"40077",39,39.8259208333332
"40079",39.3,39.9140541666665
"40081",39.7,39.8374999999999
"40083",36.9,37.2335541666666
"40085",37.9,39.2673375
"40087",34.3,35.8461416666666
"40089",39.1,39.9902333333332
"40091",43,42.6198416666666
"40093",39.8,40.0833833333333
"40095",39.4,40.0907916666666
"40097",37.3,38.7862958333333
"40099",39,39.6985583333334
"40101",39,38.9978958333333
"40103",38.2,39.4499666666666
"40105",39.5,39.5089
"40107",39.4,39.4947124999999
"40109",38,36.5699666666667
"40111",36.5,38.3014999999999
"40113",38.2,39.3427375
"40115",39,38.84065
"40117",38.6,39.5638375
"40119",30.9,34.0785208333334
"40121",38.8,39.5250666666667
"40123",38.6,38.5512541666667
"40125",36.2,37.326825
"40127",40.2,41.499225
"40129",40.4,40.2167541666667
"40131",33.7,36.9647541666667
"40133",39.4,40.0245916666666
"40135",40,39.9798541666665
"40137",39.9,40.2292833333334
"40139",36,36.4478916666668
"40141",39.8,40.2331541666667
"40143",35.6,36.6709125
"40145",36.1,37.1122916666667
"40147",37.7,38.5067041666666
"40149",38.5,39.7228791666667
"40151",35,38.3958458333333
"40153",37.3,37.8471375
"41001",36.3,37.1763958333333
"41003",28.3,31.0270916666667
"41005",31.2,32.8404666666667
"41007",32.1,36.3108291666666
"41009",32.1,34.473325
"41011",33.8,37.8443499999999
"41013",36,37.5080333333333
"41015",38.4,38.5282541666667
"41017",32.2,32.6123958333334
"41019",35.3,36.617025
"41021",37.2,39.3219958333333
"41023",37,38.4157458333333
"41025",35.1,37.8697625
"41027",31.9,32.998025
"41029",33.5,35.21895
"41031",32.3,34.4257208333333
"41033",35.7,36.88055
"41035",33.7,35.4670041666667
"41037",35.1,37.9709333333334
"41039",32.2,33.5064333333333
"41041",36.2,37.8473541666667
"41043",30.5,33.7747666666667
"41045",32.6,33.8280666666667
"41047",32.3,33.9792208333333
"41049",33.3,33.6301333333333
"41051",29.7,31.8018166666666
"41053",31.6,33.9200833333333
"41055",35.3,38.0601083333333
"41057",37,38.8208625
"41059",31.9,33.5652708333333
"41061",32.6,34.6146625
"41063",35.6,36.6217708333333
"41065",32.3,35.17955
"41067",29.2,31.5067833333334
"41069",39.2,39.2228291666666
"41071",31.3,34.1482291666666
"42001",36.7,38.0344166666667
"42003",33.4,34.4404791666667
"42005",36.5,39.3700666666667
"42007",36.8,36.5114916666667
"42009",36.3,40.1774916666667
"42011",32.6,34.8135958333333
"42013",34.6,36.0223208333333
"42015",36.4,37.8425458333333
"42017",33.6,35.3543583333333
"42019",33.6,35.072175
"42021",37.6,38.68935
"42023",41,40.2048166666668
"42025",35.6,37.610775
"42027",29.9,33.6892375000001
"42029",35,35.5774125
"42031",35.6,36.6801625
"42033",36.1,36.9541125000001
"42035",33.7,36.3583458333333
"42037",33.4,35.3707000000001
"42039",36.3,37.5439916666668
"42041",32.4,34.8064125
"42043",34,34.5889583333334
"42045",33.1,35.2910625
"42047",36.6,38.3944291666667
"42049",36.1,36.5069791666667
"42051",35.5,38.1757333333334
"42053",35.1,39.0268291666667
"42055",35.5,36.6404958333333
"42057",36.3,39.4937666666666
"42059",35.5,37.8557291666666
"42061",35.6,37.334
"42063",35.2,36.3062833333334
"42065",37.2,37.4957875
"42067",36.9,37.2857916666666
"42069",33.6,35.0187375
"42071",35.1,35.0677625
"42073",35.3,37.9119958333334
"42075",35.3,35.964825
"42077",32.9,35.1196958333333
"42079",33.5,35.0185708333334
"42081",34,35.3454541666667
"42083",36.8,36.9285541666667
"42085",34.3,36.6910375
"42087",36.5,37.7839833333332
"42089",35.6,35.7282875000001
"42091",32.1,34.7744499999999
"42093",35.1,36.6736791666667
"42095",34,35.0809583333333
"42097",36.4,37.1879666666667
"42099",35.8,37.0344541666666
"42101",30.6,33.4713
"42103",37.7,36.9808333333334
"42105",38.4,39.1188416666667
"42107",36.1,36.8231875
"42109",36.3,37.2579083333333
"42111",37.8,40.3308875
"42113",40.2,39.4029250000001
"42115",38.3,38.0934458333333
"42117",37,37.6631125
"42119",32.6,34.6420500000001
"42121",36.6,38.9067375000001
"42123",36.2,38.3638916666667
"42125",33.6,35.6286541666667
"42127",37.1,37.9864124999999
"42129",35.3,36.6650166666666
"42131",36.9,37.8044125
"42133",34.1,34.7484083333334
"44001",34.3,35.2164583333334
"44003",34.8,35.353475
"44005",36.2,37.1470916666668
"44007",32.1,34.1343333333334
"44009",34.1,35.6646166666667
"45001",37.9,41.3223791666667
"45003",39,39.3859874999999
"45005",37.9,40.6524833333334
"45007",36.4,38.1942541666667
"45009",38.6,41.0054374999999
"45011",37.8,40.1632708333334
"45013",34.4,35.9713291666668
"45015",33.1,36.054075
"45017",39.6,41.1266166666667
"45019",32.3,35.8176916666667
"45021",38.6,39.3394833333334
"45023",37.3,39.1200666666667
"45025",36.8,38.5875083333333
"45027",40.8,40.6697416666666
"45029",41.3,41.1172041666667
"45031",37.1,38.7124124999999
"45033",40.5,41.0819291666668
"45035",35.9,36.50055
"45037",36.6,39.0307291666666
"45039",40.4,40.4983583333333
"45041",35.5,37.9506249999999
"45043",39.9,40.7458666666668
"45045",35,37.1113083333334
"45047",34.7,37.8349166666666
"45049",36.6,39.5302791666667
"45051",40.6,40.3464333333335
"45053",38.8,39.2051166666667
"45055",37.3,38.6790374999999
"45057",38.7,39.3210416666667
"45059",40.2,39.7362416666666
"45061",39.8,40.3179166666666
"45063",36.2,37.4285125
"45065",42.3,43.2784166666668
"45067",37,40.0572
"45069",37.3,39.2566833333332
"45071",36.5,39.6551291666667
"45073",42.8,41.8771249999999
"45075",39.9,40.6788416666667
"45077",33.5,35.7691125000001
"45079",33,34.3283250000001
"45081",38.6,39.9545
"45083",38.4,38.1700874999999
"45085",37.6,37.9877666666666
"45087",39.8,41.0756416666667
"45089",39,40.51435
"45091",36,36.073675
"46003",35.8,36.4136416666666
"46005",35.8,35.584875
"46007",32.1,35.487975
"46009",34,36.9353666666667
"46011",29.6,32.13885
"46013",35.7,35.2687125
"46015",36.4,36.9479416666667
"46017",31.8,32.8613333333334
"46019",37.1,36.9684208333334
"46021",39.5,38.6036333333333
"46023",37.6,36.6811583333334
"46025",37.2,36.8909791666666
"46027",27.6,31.2246583333334
"46029",33.3,35.4111708333333
"46031",34.2,34.6187208333332
"46033",41,39.9358874999999
"46035",36.5,36.7867958333334
"46037",39.1,39.1531541666666
"46039",36.6,36.8991458333333
"46041",33.4,34.3629958333333
"46043",37.2,38.7586583333334
"46045",36.5,37.2949875
"46047",40.7,39.3629708333333
"46049",38.6,39.20415
"46051",37.8,37.1221625
"46053",38.2,38.6872208333334
"46055",36.9,39.230925
"46057",35,35.0314
"46059",36.8,38.0297541666667
"46061",35.4,35.2916749999999
"46063",35.8,36.4333625000001
"46065",34.5,35.5347
"46067",36.5,37.371125
"46069",36,38.2401583333333
"46071",37.5,33.841425
"46073",38.8,39.3450833333333
"46075",38,37.6589125
"46077",37.7,37.2290291666667
"46079",37.4,36.8411458333333
"46081",36.7,37.2789
"46083",31.8,32.3128874999999
"46085",36.3,36.9689750000001
"46087",34.9,35.8184541666666
"46089",39.3,39.4106583333333
"46091",36.5,37.1710833333334
"46093",31.5,34.4040291666667
"46095",35,33.9923791666666
"46097",37.6,38.007825
"46099",31.9,33.0010166666665
"46101",35.3,36.1577291666666
"46103",36.4,36.5270624999999
"46105",38.3,38.5461916666666
"46107",37.5,38.4511
"46109",38.1,38.3906624999998
"46111",36.7,36.9976958333332
"46115",37.4,37.2538916666666
"46117",34.9,37.4175041666667
"46119",37.7,38.3529833333333
"46121",30.7,31.9824124999999
"46123",38.3,38.65115
"46125",37.5,36.8916416666666
"46127",34.8,35.1680624999999
"46129",36.8,37.7504583333334
"46135",35.5,36.1137749999999
"46137",31.4,33.0451666666666
"47001",39.6,40.5749
"47003",36.9,38.0475874999999
"47005",43.3,43.1283333333333
"47007",40.4,40.8885583333333
"47009",38.4,41.0698541666667
"47011",37.8,39.2112416666667
"47013",40.1,42.3215791666666
"47015",38.7,40.33515
"47017",40.2,40.6098124999999
"47019",41.3,41.6855833333333
"47021",37.7,38.7102374999999
"47023",37.8,39.4579416666667
"47025",40.2,40.4979458333334
"47027",43.2,43.1964083333334
"47029",41.7,42.7664375
"47031",37.6,39.6106041666666
"47033",39.2,39.8535416666667
"47035",45.6,44.5235208333334
"47037",30.9,32.5588416666665
"47039",42.7,43.1350666666666
"47041",40.3,40.4388291666666
"47043",36.3,38.0907083333332
"47045",37.9,39.2306791666667
"47047",39.7,39.8394999999999
"47049",42.6,43.4909833333334
"47051",39,40.9067333333332
"47053",38.9,39.0947666666667
"47055",40.6,40.8396791666666
"47057",41,43.0138958333334
"47059",39.9,41.3348958333333
"47061",39.5,41.595325
"47063",37.9,39.6405541666667
"47065",35.2,36.7644041666668
"47067",42.8,43.2339083333334
"47069",38.7,39.7069791666668
"47071",43.2,43.3302458333333
"47073",41.3,42.0251916666667
"47075",40.7,41.0697
"47077",39.8,40.7164666666667
"47079",42.6,41.2624416666667
"47081",37.3,39.5620416666666
"47083",39.6,41.0151458333333
"47085",39.1,40.9464416666666
"47087",42,43.2191083333333
"47089",37.9,41.0724791666667
"47091",41.8,41.3596166666667
"47093",36.4,37.4559
"47095",37.6,39.1656708333335
"47097",37.1,38.2597541666668
"47099",40,40.7946
"47101",40.7,41.5752583333333
"47103",40.9,40.3844458333332
"47105",42.1,42.2991249999999
"47107",38.1,40.19845
"47109",40.7,41.3773125
"47111",38.5,39.9531666666667
"47113",37.2,37.9841208333334
"47115",40.5,41.4484999999999
"47117",37.2,38.6372499999999
"47119",38.4,38.3589541666667
"47121",40.8,41.9794875
"47123",42.8,42.0310625
"47125",32.6,33.3558041666667
"47127",40.5,41.1047874999999
"47129",39.7,41.0583125
"47131",41,39.9606583333333
"47133",41,41.5417458333333
"47135",41,41.6956083333333
"47137",43.8,43.9413166666667
"47139",40,42.318475
"47141",36.7,38.4499958333332
"47143",39.3,40.3370625
"47145",41.4,42.1561250000001
"47147",36.1,37.7457749999999
"47149",33.7,34.0054166666667
"47151",40.5,40.8772458333333
"47153",42.5,42.1221708333333
"47155",39.8,40.3719541666667
"47157",33.2,35.4931375000001
"47159",38.9,39.875475
"47161",40.4,40.7030083333333
"47163",40.5,40.4603875
"47165",36.3,36.4406874999999
"47167",36.7,37.9082250000001
"47169",34,35.6512625000001
"47171",41.9,42.02425
"47173",40,40.935225
"47175",43.3,43.447575
"47177",38.9,40.1700875
"47179",36.1,37.2273791666667
"47181",39.5,40.7034583333334
"47183",38,39.7238791666666
"47185",40.7,41.7678125
"47187",33.6,35.0459208333333
"47189",36.4,37.3974249999999
"48001",36.5,37.6573041666667
"48003",34.7,35.4850583333333
"48005",39.8,38.6727166666666
"48007",42.4,40.80965
"48009",39,40.5578666666667
"48011",39.4,41.3152375
"48013",36.8,39.3724916666667
"48015",37.7,39.6414875000001
"48017",36.6,37.878075
"48019",42.6,42.2782375
"48021",37.3,37.8951291666666
"48023",40.8,41.7703875
"48025",34.9,36.6399583333333
"48027",32.4,34.9836125
"48029",35.3,35.6618166666667
"48031",41.3,41.7226541666666
"48033",40,41.1618583333333
"48035",41.1,42.2889708333333
"48037",37.5,39.034125
"48039",36.1,35.8283374999999
"48041",28.7,32.0714333333334
"48043",39.5,41.2896375000001
"48045",42.6,43.0506249999999
"48047",39.5,41.7842083333332
"48049",38.9,40.894325
"48051",38.9,40.5779208333334
"48053",38.7,41.05875
"48055",35.8,38.3821125
"48057",38.5,40.0067541666667
"48059",38.3,40.8108625000001
"48061",36.4,37.0318833333332
"48063",39.2,39.7807
"48065",38.4,40.5859875000001
"48067",41.2,42.0282125
"48069",37.4,38.4989375
"48071",34.2,36.0601791666667
"48073",38.1,39.7721291666666
"48075",34.8,37.2745458333333
"48077",40.5,41.3924208333333
"48079",39.3,40.93145
"48081",41.8,42.1947541666666
"48083",42,43.6099083333333
"48085",33.8,35.5870083333333
"48087",39.8,41.2660958333333
"48089",39.9,40.6804583333334
"48091",38.3,39.0244791666667
"48093",40.9,40.9945416666666
"48095",41.8,41.2571541666667
"48097",38.4,39.241425
"48099",30.1,34.2106708333334
"48101",42.6,42.5658458333333
"48103",35.4,36.2610875000001
"48105",38.3,41.3614916666667
"48107",38.8,41.0778791666666
"48109",41.8,39.4215333333333
"48111",36.8,37.4718125
"48113",33.5,35.2324833333332
"48115",36.4,37.4737333333333
"48117",36.3,37.1449625
"48119",39.4,40.8168125
"48121",34.5,35.5073291666666
"48123",40.2,40.2709000000001
"48125",42.7,42.3927125
"48127",40.2,40.032425
"48129",39.2,41.6789333333333
"48131",38.6,38.8663333333333
"48133",40.7,41.4899333333333
"48135",33.2,35.5448999999999
"48137",44.7,42.8961291666666
"48139",35,35.8007374999998
"48141",33.6,35.4073499999999
"48143",34.6,36.2684458333334
"48145",38.4,39.8999208333334
"48147",37.4,39.3139458333333
"48149",41.7,41.731425
"48151",40.5,41.8577708333333
"48153",38.7,40.6811125
"48155",43.2,43.4639666666667
"48157",35.2,35.7016958333334
"48159",38.5,39.2357583333334
"48161",39,39.6577416666667
"48163",35.1,36.2754666666666
"48165",34.3,36.9886625000001
"48167",33.9,36.6680791666667
"48169",33.4,39.2316583333333
"48171",41.1,42.1712833333334
"48173",36.6,37.5426958333333
"48175",40.3,41.7030916666667
"48177",38.9,40.2476541666668
"48179",38,38.9591416666667
"48181",37.1,38.4574416666666
"48183",36.2,38.5697
"48185",38.8,40.0337333333334
"48187",34.7,35.8454166666667
"48189",36,37.9623041666667
"48191",41,42.3558958333333
"48193",42,41.8918791666666
"48195",38.3,36.7746041666667
"48197",39.3,41.6771166666668
"48199",39.6,39.9817708333333
"48201",33.9,34.4275625
"48203",37.1,38.9703416666667
"48205",35.4,38.7048
"48207",39.7,41.5550166666667
"48209",33.7,34.7550125
"48211",36.9,38.1896833333333
"48213",40.7,40.9003708333333
"48215",36.5,36.9647333333332
"48217",39.3,40.5598041666667
"48219",36.7,37.7963291666667
"48221",40.1,39.9819166666667
"48223",38.3,39.4044708333334
"48225",39.9,41.4293625
"48227",36.6,37.2919375000001
"48229",34.8,38.6696208333332
"48231",38.2,38.9559041666667
"48233",38.1,38.6323291666666
"48235",39.6,40.9315
"48237",37.6,39.4299874999999
"48239",39,40.7399083333334
"48241",41.6,42.5124999999999
"48243",46.9,42.9911541666666
"48245",35.1,37.03255
"48247",40.9,37.2092791666666
"48249",38.5,39.9093166666666
"48251",35.8,36.5714291666667
"48253",35.2,37.5482833333333
"48255",35.6,37.8024208333333
"48257",33.4,35.2968624999999
"48259",38,39.2946083333333
"48261",41.5,41.7130625
"48263",40.5,41.9907875
"48265",42.2,42.4592208333334
"48267",43.4,42.9222541666667
"48269",42.2,38.6499708333333
"48271",39.7,41.2206208333334
"48273",34.2,36.6866166666666
"48275",39.9,41.6930041666667
"48277",38.6,39.2420666666667
"48279",38.7,40.3414791666667
"48281",38.6,40.1683
"48283",33.5,37.808325
"48285",41.1,41.6197416666667
"48287",39.7,40.5664208333335
"48289",42,42.4015333333334
"48291",36.7,37.4850791666667
"48293",39.6,40.5037791666667
"48295",38.7,38.8546791666667
"48297",39.1,41.8519333333334
"48299",43.2,42.0924
"48301",33.5,41.5412458333333
"48303",35.2,36.1708625
"48305",39.5,39.5143041666666
"48307",40.8,41.09555
"48309",35.3,36.7626499999999
"48311",41.6,42.2671791666666
"48313",34.7,36.5003375000001
"48315",42.8,43.1416666666667
"48317",35.3,37.5327166666667
"48319",41.4,41.7061041666666
"48321",38.5,39.0420541666666
"48323",36.2,37.0543125
"48325",36.4,39.0354083333333
"48327",44.4,44.3181083333333
"48329",33,35.3522666666667
"48331",39.8,40.5422333333334
"48333",41.4,41.7893374999999
"48335",35.2,37.8873791666666
"48337",39.9,41.0226041666667
"48339",34.8,36.2591041666667
"48341",36,37.17755
"48343",39.2,40.9618708333334
"48345",42.4,42.4472499999999
"48347",35.2,36.9997708333333
"48349",38.3,39.4182541666666
"48351",42.3,42.5741874999999
"48353",39.3,40.5163541666667
"48355",35.8,37.9929333333333
"48357",36.2,36.8578458333334
"48359",37.1,38.8588124999999
"48361",38.8,39.8357375
"48363",39.5,40.6708083333334
"48365",39,40.4988791666667
"48367",37.9,38.830675
"48369",37.8,38.5614499999999
"48371",36.2,38.1795958333333
"48373",39.8,40.887075
"48375",38.1,36.7589083333333
"48377",43.4,41.866325
"48379",41.7,41.6546
"48381",35.6,37.6071458333333
"48383",34.4,35.9873583333334
"48385",44.7,45.0529958333332
"48387",42,42.6684333333334
"48389",35.9,36.9571625
"48391",40.8,41.8739458333332
"48393",38.8,38.8516041666667
"48395",39.6,40.4785541666667
"48397",35.1,35.6161916666666
"48399",39.5,40.8510375
"48401",36.7,38.8678791666667
"48403",44.9,43.0070375
"48405",43,43.6583916666666
"48407",41.1,42.0811000000001
"48409",36.4,38.9272333333333
"48411",39,42.2625416666666
"48413",38.4,42.564825
"48415",36.5,37.351
"48417",38.9,40.142625
"48419",39.2,40.6793833333335
"48421",37.7,39.7340666666666
"48423",37.7,38.8181333333332
"48425",38.9,39.5402541666667
"48427",36.5,37.9598875
"48429",38.3,40.6207291666667
"48431",35.7,37.46255
"48433",41.6,41.8293083333333
"48435",39.8,37.6231708333333
"48437",37.8,39.8412375
"48439",36.6,35.9912208333332
"48441",33.7,35.5207166666667
"48443",44.7,43.4533041666667
"48445",38.3,38.2564791666666
"48447",42.2,42.4554791666666
"48449",38,38.5457374999999
"48451",35.4,35.9389083333334
"48453",32,33.2055750000001
"48455",42.4,42.4803458333334
"48457",40.1,41.9484333333333
"48459",38.3,40.2643708333333
"48461",37,39.2081041666666
"48463",37,38.445025
"48465",35.7,36.8869083333333
"48467",40.5,41.4759958333333
"48469",37.8,39.5638541666666
"48471",34.2,36.4774333333333
"48473",32,35.3601375
"48475",36.9,36.6076833333333
"48477",37.6,39.4628416666667
"48479",36,36.9496416666666
"48481",38.2,40.1078208333333
"48483",40.4,41.7802166666667
"48485",36.2,36.6813583333334
"48487",39,38.7274083333334
"48489",37.8,39.68775
"48491",34.4,34.9789166666667
"48493",37.3,38.9023333333333
"48495",36.2,37.1866416666667
"48497",37.8,38.6193875
"48499",41.8,41.7716375
"48501",35.4,37.2794208333333
"48503",38.9,40.6150958333333
"48505",37.2,37.8421
"48507",39,39.2178166666667
"49001",33.3,35.2096458333333
"49003",33.3,33.6855208333333
"49005",28,31.0234083333334
"49007",38,35.9862166666666
"49009",38.3,35.9944625
"49011",31.3,31.6891125
"49013",30.8,32.9378999999999
"49015",34.9,36.5088708333333
"49017",36.4,38.1220333333333
"49019",34.9,35.5241375
"49021",31.9,33.340275
"49023",31.6,33.9919874999999
"49025",37.1,37.0234
"49027",34.8,36.478875
"49029",31.8,33.1981208333334
"49031",39.2,39.4036208333333
"49033",34.9,34.859075
"49035",30.1,32.0295208333334
"49037",30.2,34.953025
"49039",31.5,33.0940083333332
"49041",36.5,36.663825
"49043",32.2,32.5994625
"49045",28.5,30.9722874999999
"49047",29.3,32.1047958333333
"49049",26.9,29.5422333333334
"49051",29.6,32.271925
"49053",35.4,36.4447791666666
"49055",35.7,37.9141541666667
"49057",31.4,32.9792541666667
"50001",31.7,34.0619333333333
"50003",34.3,35.1124791666666
"50005",31.6,35.4140833333334
"50007",26.7,32.8946166666667
"50009",35.8,38.2039291666666
"50011",32.4,35.5591291666667
"50013",31.8,34.3917
"50015",29.2,33.3504875
"50017",33.6,34.9675041666667
"50019",32.6,37.2073208333333
"50021",32.6,36.3123416666667
"50023",33.8,34.6223583333334
"50025",30.4,34.8270958333333
"50027",34.6,35.8722958333333
"51001",41.3,42.7118916666666
"51003",36.7,37.7534541666667
"51005",42.4,43.2398500000001
"51007",41.1,40.44095
"51009",39.5,40.7702750000001
"51011",39.5,40.416125
"51013",33,34.8337125
"51015",38.2,40.6993791666667
"51017",44.3,43.6502291666666
"51019",39.8,41.2838625000001
"51021",41.5,42.5087999999999
"51023",41.6,42.1628708333334
"51025",39.1,41.0478291666667
"51027",43.5,44.0299541666666
"51029",39.6,40.6101875
"51031",41.6,40.1348791666667
"51033",36.8,38.7276333333334
"51035",41.1,43.2826666666667
"51036",42.2,41.8090333333334
"51037",41.4,42.0182166666667
"51041",36.7,38.2213583333333
"51043",40,39.490075
"51045",41.7,42.1992833333333
"51047",38.2,39.0394124999999
"51049",41,42.0117833333333
"51051",43.5,43.8498916666666
"51053",40.1,39.8758708333334
"51057",42.8,42.7866541666666
"51059",36.8,37.94085
"51061",36.3,37.6445166666667
"51063",40.5,42.8929708333334
"51065",38.4,38.9218875
"51067",41.8,42.6354041666666
"51069",37.1,37.8725083333334
"51071",39.9,41.7989625000001
"51073",38.1,39.0411416666666
"51075",38.7,39.7948708333333
"51077",41.4,42.5842708333333
"51079",39.2,38.9872833333334
"51081",37.3,37.8950666666667
"51083",43.9,42.8024875
"51085",36.9,37.9519666666666
"51087",39.8,38.7179208333333
"51089",43.3,43.2602375
"51091",45.9,44.1468375
"51093",38.4,39.3121708333333
"51095",37.4,38.6473416666666
"51097",40.5,40.9316791666667
"51099",35.2,37.7743458333333
"51101",37.7,38.9354958333333
"51103",46,42.9373708333334
"51105",44.1,43.558825
"51107",36.2,36.5244958333333
"51109",39,39.7711208333333
"51111",40.3,41.5292666666667
"51113",40.8,42.0405749999999
"51115",42.5,44.6958666666666
"51117",41.9,41.1057416666666
"51119",45.6,43.5537708333333
"51121",30.6,31.9547708333335
"51125",42.7,43.2505333333333
"51127",37.6,38.9755333333333
"51131",42.8,42.91225
"51133",44.9,43.3852000000001
"51135",38.6,39.2047666666667
"51137",38.3,38.8078833333334
"51139",40.2,40.8676875
"51141",44.8,43.0347041666667
"51143",41.3,42.7048041666667
"51145",39,39.4658666666665
"51147",33.2,35.8876999999999
"51149",34.3,37.3661625
"51153",33.8,35.1701791666667
"51155",40.6,41.3208791666667
"51157",41.4,42.4066541666666
"51159",38,39.0108208333334
"51161",38,37.5748708333334
"51163",40.8,43.1414625
"51165",38.6,39.4505916666668
"51167",41.8,43.4504958333333
"51169",42.2,42.9656333333334
"51171",39.4,40.3465166666666
"51173",42.5,43.0067958333334
"51175",40,40.0487291666667
"51177",38.2,37.7667833333333
"51179",35.3,35.8342541666667
"51181",41.9,41.4291625
"51183",36.3,38.7097458333334
"51185",41.2,42.4818583333333
"51187",38.4,39.1853541666665
"51191",43.4,41.9154916666667
"51193",41.4,42.7896208333333
"51195",38,41.0573333333333
"51197",41.5,42.2926791666667
"51199",35.8,37.2113458333333
"51510",31.9,34.6221458333333
"51520",39.6,40.6992416666667
"51530",37.2,39.1744041666667
"51540",32.2,32.9556874999999
"51550",34.4,37.4851083333333
"51570",38.2,38.2660541666666
"51580",39.9,40.5958041666667
"51590",40.4,40.4020166666666
"51595",39.8,39.1205958333333
"51600",35.8,36.1055875
"51610",35.8,36.2940583333333
"51620",38.6,37.4550166666667
"51630",29.7,32.616725
"51640",39.5,40.064075
"51650",35.3,36.6903124999999
"51660",31.3,33.3312083333332
"51670",37.5,37.6566333333334
"51678",29.7,32.2947208333334
"51680",31.8,34.2161541666666
"51683",34,34.5816999999999
"51685",33.4,34.9749916666666
"51690",39.9,39.3511416666667
"51700",35.3,35.6377083333333
"51710",30.6,33.7822166666666
"51720",39.3,41.9936333333333
"51730",37.1,38.1155666666666
"51735",37.2,37.9581166666666
"51740",33.7,36.1976666666667
"51750",28,30.8641333333335
"51760",31.6,35.4926499999999
"51770",38.2,38.8297333333333
"51775",40,38.7402791666668
"51790",37.5,38.7337375
"51800",36.7,37.1758166666667
"51810",38,37.6498208333333
"51820",38.1,38.8794041666665
"51830",31.7,36.1887374999999
"51840",36.8,36.7733416666666
"53001",31.6,32.0995958333333
"53003",36.4,36.4939
"53005",35.9,34.6789208333333
"53007",34,34.7883916666666
"53009",38.5,38.0609
"53011",31.3,33.6641083333334
"53013",37.6,37.5161375
"53015",35,34.5847
"53017",33.4,34.3047333333333
"53019",39.2,38.6093625
"53021",30.3,32.5242333333333
"53023",39.7,37.8714416666667
"53025",33.4,34.1050291666666
"53027",39.1,37.60265
"53029",36.2,37.9075125
"53031",40.2,39.7730083333334
"53033",32.1,31.3853833333334
"53035",32.8,34.4177958333333
"53037",30.7,33.4900125000001
"53039",34.6,37.2915125
"53041",36.6,37.4760583333333
"53043",35.6,38.1847791666666
"53045",35.7,37.7129166666666
"53047",37.1,37.7232833333333
"53049",39.8,39.4409458333333
"53051",37.4,38.3115333333334
"53053",32.7,34.8515249999999
"53055",37.3,38.9905958333334
"53057",34,36.4612083333333
"53059",35.3,38.1371041666666
"53061",34,34.5056083333334
"53063",33.8,34.7151958333334
"53065",36.1,37.5003625
"53067",33.5,33.9900125
"53069",42.7,39.5552458333333
"53071",32,34.6108
"53073",32.3,33.3300083333333
"53075",25.5,27.7538166666667
"53077",33.1,34.1199166666666
"54001",40.4,41.0115916666667
"54003",36.1,38.0843083333333
"54005",43.5,44.1064875
"54007",43,43.8290083333333
"54009",40.3,38.3743666666667
"54011",36,40.2884750000001
"54013",44.9,43.6689750000001
"54015",44.4,44.2932125
"54017",40,41.3300625
"54019",41.9,41.9117291666666
"54021",38.5,39.3741083333333
"54023",42.4,42.7754791666667
"54025",40.6,41.8155750000001
"54027",41.1,42.9697499999999
"54029",39.7,39.61305
"54031",40.6,42.7877374999999
"54033",42,39.3169708333334
"54035",43.2,41.9508208333333
"54037",35.3,37.4898208333333
"54039",42.7,41.8245250000001
"54041",41.7,41.3135166666666
"54043",43.2,44.4014333333333
"54045",43.1,43.6677833333333
"54047",45.1,44.4407083333335
"54049",36.4,38.6016416666667
"54051",40.7,39.6528333333333
"54053",42.9,41.37815
"54055",39.4,41.6224166666668
"54057",38.2,38.6861541666666
"54059",44.1,44.4948250000001
"54061",31.1,34.4537791666668
"54063",43.7,43.3683458333333
"54065",41.5,42.0076208333333
"54067",39.7,42.2549416666667
"54069",39.1,38.2048583333333
"54071",45.4,44.1591541666666
"54073",40,39.2968958333333
"54075",43.3,44.8999458333332
"54077",38.4,40.1417416666667
"54079",39.8,39.8582208333333
"54081",42.6,41.592775
"54083",39.3,41.2405666666667
"54085",42.5,43.2934750000001
"54087",43.4,42.3689833333334
"54089",42.6,42.4623000000001
"54091",41.7,42.2194666666666
"54093",42.4,44.1448208333333
"54095",42.9,41.5653
"54097",39.1,40.8884583333334
"54099",42.6,41.3910291666667
"54101",44.1,44.4867416666666
"54103",40.4,41.7102249999999
"54105",43,42.4421916666667
"54107",40.1,40.6821625
"54109",43.9,44.2052708333333
"55001",42.8,42.9180208333332
"55003",38.5,39.2427625
"55005",37.2,39.9604791666666
"55007",40.5,40.9476208333333
"55009",34.6,36.0533583333334
"55011",38.4,39.4972208333334
"55013",41,41.2927874999999
"55015",36,36.3328166666666
"55017",37.9,37.1291333333333
"55019",37,38.8524041666666
"55021",34.1,37.6362833333333
"55023",39.3,40.2752666666668
"55025",30.4,33.1691458333333
"55027",36.7,38.1370916666666
"55029",40.3,40.6713
"55031",35.7,35.4132166666667
"55033",32.6,33.6423625
"55035",33.9,33.2121833333333
"55037",41.5,41.6450583333334
"55039",36.4,37.7596624999999
"55041",39.4,41.3707958333334
"55043",33.3,36.2088208333333
"55045",37.3,36.7704875
"55047",39.5,39.672625
"55049",36.2,37.4138208333333
"55051",42.1,41.6437541666667
"55053",36.9,39.5178958333333
"55055",34,36.1960666666666
"55057",37.5,40.5653249999999
"55059",34.1,35.3168458333334
"55061",37.2,39.9480625
"55063",31.3,33.7563583333334
"55065",36.3,39.1420875
"55067",37.7,40.9454000000001
"55069",37.6,39.4678833333333
"55071",38.2,38.7595791666667
"55073",36.3,37.3001541666667
"55075",39.2,40.9155708333334
"55077",38.8,40.93715
"55078",34.4,36.9963208333334
"55079",33,34.1335750000001
"55081",36.2,38.2826958333333
"55083",39,40.0970333333333
"55085",40.9,41.7226749999999
"55087",34,35.6170041666666
"55089",36.2,37.3980291666666
"55091",37.6,39.0081333333334
"55093",32.8,33.3515916666666
"55095",38,38.9791416666667
"55097",34.4,36.2230624999999
"55099",40.9,42.2015375
"55101",37.6,37.1687374999999
"55103",38.1,40.1659041666668
"55105",32.8,35.746775
"55107",40.9,41.4966958333334
"55109",33.5,32.8316916666667
"55111",36.8,37.4921458333333
"55113",38.4,41.1130666666666
"55115",37.7,39.8356
"55117",34.2,36.6443416666665
"55119",38.9,39.9439
"55121",37.4,38.9422791666667
"55123",37.7,38.8017041666667
"55125",41.2,41.684875
"55127",36.1,36.6101291666666
"55129",41,41.7743208333333
"55131",36.1,37.3141708333333
"55133",37.6,36.8237583333332
"55135",38.4,40.0093083333333
"55137",41.2,41.7664083333334
"55139",34.7,36.2301458333333
"55141",36.2,38.2351541666667
"56001",27,29.8529083333334
"56003",35,36.6661208333333
"56005",29.7,33.1326583333333
"56007",34.7,36.1079083333334
"56009",32.4,36.1152458333333
"56011",35.2,37.1910458333333
"56013",34.7,36.4044500000001
"56015",35.3,36.7441916666667
"56017",37.5,38.0016166666665
"56019",37.3,38.1878624999999
"56021",30.5,32.6019541666667
"56023",35.1,35.7100583333334
"56025",32.4,33.2632083333334
"56027",35.4,38.1052791666667
"56029",34.8,35.3015875
"56031",36.4,38.6314875
"56033",33.5,35.7735791666666
"56035",34.9,35.3625416666667
"56037",32.2,33.2712958333334
"56039",30.6,31.858425
"56041",33.2,34.2190916666666
"56043",35.7,36.2417458333333
"56045",34,37.0907
