county_fips,per_asthma,pred_outcome
17127,10.6,10.449594497680664
27017,10.1,10.093971252441406
37181,11.1,11.286925315856934
47079,12.0,10.65503454208374
06021,10.8,10.486363887786865
17093,9.3,9.467464923858643
19095,9.3,9.32470178604126
22003,10.5,10.142974376678467
18055,11.5,10.36182165145874
33001,11.6,10.78823184967041
46065,9.3,9.344259262084961
55027,10.7,9.630702018737793
28125,12.0,11.681537628173828
18103,11.1,10.502774715423584
20189,10.5,10.200818538665771
47047,11.3,10.456017971038818
01017,11.4,10.796454906463623
18127,10.9,9.876008987426758
25011,10.8,10.813133239746094
30051,12.6,10.517865180969238
48273,9.5,10.138139724731445
12007,10.6,10.15068244934082
17057,10.5,9.866222858428955
27065,10.3,10.08875322341919
20067,10.2,9.619436740875244
46035,9.9,9.474494934082031
48011,9.7,9.123265266418457
51740,11.3,11.511064529418945
31147,10.1,9.492978572845459
26037,10.6,10.044379711151123
27159,10.5,10.070229530334473
48171,9.5,8.931145668029785
13137,10.7,10.131141185760498
19155,10.2,9.521449565887451
25019,10.5,9.258848190307617
27027,10.4,9.70421838760376
31177,8.9,9.151038646697998
47165,10.8,10.099070072174072
20031,11.2,9.963541030883789
21211,10.4,10.153847217559814
28111,10.9,10.442535877227783
17053,10.3,10.04893970489502
40127,12.9,11.41584825515747
40105,12.9,11.576380729675293
48209,9.4,9.585498332977295
55063,10.7,9.752138614654541
29039,11.2,10.173239707946777
19189,9.2,9.136109352111816
48369,9.9,9.651958465576172
48329,9.1,9.268738269805908
17201,10.9,10.675886154174805
26151,11.9,10.819247722625732
31127,9.5,9.524826526641846
40059,11.1,10.293484687805176
13123,9.8,9.64303207397461
18005,10.6,9.88803243637085
18131,11.2,10.43942928314209
26107,11.8,11.075318336486816
28145,10.1,10.432988166809082
36093,10.7,10.590315818786621
48189,9.9,9.613572120666504
54041,12.4,10.978141784667969
13201,11.3,10.701904773712158
40099,12.0,10.792267322540283
36051,10.9,10.643151760101318
28129,10.4,10.497034549713135
01089,9.9,9.456127643585205
18163,11.2,10.588932514190674
26053,11.6,10.382028102874756
37157,10.7,10.88497543334961
51520,11.0,10.541370868682861
12117,9.3,9.814733982086182
18045,11.1,10.423435688018799
21167,11.0,10.626172065734863
28019,10.0,10.389659881591797
29059,11.1,10.439072132110596
48395,10.0,10.282115459442139
48221,9.4,9.147427558898926
56005,10.5,9.609123706817627
31093,9.0,8.629467010498047
36037,11.0,10.712904453277588
38037,10.7,9.104630470275879
47169,11.0,10.04685640335083
49053,10.8,9.789898872375488
01075,10.4,10.424965381622314
24047,10.7,9.723969459533691
40053,12.3,9.838593482971191
46033,9.1,8.799960136413574
08001,11.3,9.979753494262695
13003,11.2,11.263678073883057
18145,11.5,10.206982135772705
19141,9.7,9.775022983551025
27161,10.1,9.79177713394165
29063,10.0,9.339179515838623
48437,9.8,10.062439918518066
53063,12.5,10.674935340881348
13023,10.8,10.325525283813477
29123,10.5,10.013397216796875
19063,9.8,9.692635536193848
38073,10.1,9.07489824295044
48315,10.4,10.287037372589111
01061,10.5,10.658196926116943
19159,10.0,9.231894969940186
27091,10.1,9.814647197723389
31045,9.8,9.392284393310547
36009,11.5,10.916767597198486
05011,11.5,10.568015575408936
13113,9.5,9.25730562210083
19081,9.7,9.573814868927002
27039,9.7,9.458742618560791
46069,9.9,9.11032772064209
48063,10.5,11.19939374923706
48335,9.3,9.004441261291504
05059,10.8,10.314850330352783
31157,9.3,9.69339370727539
37137,9.8,10.152812957763672
20065,10.3,9.723040103912354
48045,10.6,9.74218463897705
08023,10.9,10.738874435424805
22067,12.0,11.445915222167969
37175,9.2,9.422144889831543
39153,11.0,10.821128845214844
04013,10.2,9.64995813369751
17165,10.9,10.808075904846191
26025,11.8,10.73497200012207
18113,10.8,10.29907751083374
35051,11.1,10.604914665222168
48373,10.0,10.175987243652344
01033,10.4,10.660265922546387
19115,10.4,9.627050399780273
26065,11.7,10.598256587982178
39171,11.2,10.272676467895508
27025,9.6,9.309760570526123
56011,10.2,9.243900775909424
48103,9.4,9.057865619659424
33019,11.9,10.57916784286499
42117,11.1,10.743348121643066
42119,10.6,10.164964199066162
48069,9.3,9.335091590881348
21063,11.4,11.591021537780762
35003,11.2,10.205048561096191
22081,11.4,10.858463764190674
17117,10.3,10.426090240478516
47069,11.7,10.52859878540039
24025,10.5,9.827462196350098
31117,9.7,8.960665225982666
51595,12.4,11.880680084228516
19109,9.7,9.252110004425049
46021,8.9,9.10473346710205
19099,9.6,9.339675903320312
19117,10.3,9.866353034973145
55015,10.4,9.705551147460938
18091,10.9,10.620493412017822
19193,10.0,9.847932815551758
26067,11.1,10.522184371948242
48123,9.6,10.155941486358643
37037,9.5,9.2518630027771
48325,9.2,9.32920789718628
21165,11.8,11.932299613952637
55055,10.4,9.864824771881104
26117,11.2,10.65183687210083
26123,11.4,10.90880012512207
26149,12.3,10.582159519195557
48079,10.7,10.214857578277588
26023,11.6,10.460742473602295
37147,10.4,10.580491542816162
37151,10.6,10.146878719329834
20011,11.4,10.197938442230225
48075,9.6,9.400424003601074
48105,9.3,9.952596664428711
37069,10.2,10.4459810256958
20115,10.3,9.56475019454956
17061,10.6,10.105113983154297
48131,9.2,9.85809850692749
21025,12.1,12.2260160446167
46125,9.3,8.895537853240967
47005,11.6,10.828441143035889
45011,11.1,10.968114376068115
48013,9.2,9.709716796875
48017,9.1,9.312142372131348
42021,10.7,10.642040729522705
47067,13.1,11.79019021987915
47073,11.7,10.77185583114624
45039,11.5,10.657390117645264
51760,11.3,10.971120357513428
27079,10.2,9.318289756774902
48255,9.2,9.690002918243408
31003,9.0,9.062214374542236
29007,11.6,10.34867238998413
48035,10.4,9.863633632659912
48047,9.3,9.937396049499512
55107,11.0,9.955210208892822
51065,10.8,9.927493572235107
55131,10.8,9.612927913665771
27103,9.8,9.944218635559082
27117,10.1,9.918025493621826
27129,10.4,9.454705715179443
51111,11.0,10.944661617279053
51115,9.8,9.634169578552246
01057,11.1,10.64579153060913
42055,10.4,10.055076122283936
28049,11.7,10.986233234405518
18095,11.6,10.782269477844238
48177,9.9,10.10901689529419
16067,10.8,10.22336196899414
42085,11.2,10.405267715454102
29113,10.4,9.806787014007568
26093,10.6,10.000197410583496
26143,11.3,10.887479782104492
36005,12.0,11.84291934967041
39021,11.3,10.120556354522705
26161,10.8,10.005311012268066
31135,9.5,8.707175254821777
27151,10.0,9.824971199035645
38063,10.1,8.581815719604492
35047,10.2,10.824013233184814
29181,11.5,10.905813694000244
20173,10.3,10.546360492706299
13001,10.8,10.940447807312012
19021,9.3,9.736488819122314
17137,10.4,9.953320503234863
29229,11.2,11.05092477798462
17075,10.1,10.179550647735596
48271,9.0,9.177041053771973
17095,10.4,10.165106296539307
20041,10.6,9.860447406768799
13237,10.7,10.00864553451538
13165,11.6,11.513073444366455
48507,9.9,9.848839282989502
39041,9.3,9.426880836486816
13255,11.1,10.634668350219727
13005,11.6,10.430296897888184
16003,10.8,9.900305271148682
48413,9.6,9.76837682723999
29147,11.0,10.096699237823486
31001,9.4,9.72573709487915
31005,9.4,9.023695468902588
48279,10.1,10.210001468658447
48275,9.9,10.138962745666504
48345,9.3,9.102067470550537
29115,11.0,9.926906108856201
13085,9.5,9.627293586730957
05037,11.4,10.692492008209229
55113,11.1,10.386090278625488
55129,11.1,10.083575248718262
42019,10.0,10.242043018341064
36013,11.0,10.806126594543457
29079,10.9,10.100526332855225
48281,10.1,9.58155870437622
48057,8.9,9.421662330627441
16065,12.2,11.160866737365723
19069,9.7,9.82535982131958
16007,10.9,10.139299392700195
19079,9.4,9.133878707885742
01101,11.4,10.55389928817749
13043,11.5,11.2832670211792
13051,10.4,9.92290735244751
19137,10.0,10.099985599517822
48385,10.5,9.785056114196777
08115,11.7,10.370890617370605
19161,9.6,9.022304058074951
48399,9.7,9.728132724761963
13119,11.1,10.343538284301758
12049,10.3,10.675946235656738
13147,10.2,10.007927894592285
39033,11.8,10.72074556350708
13199,11.6,10.903687477111816
34033,10.1,10.573723316192627
38083,10.1,9.580064296722412
05063,11.1,10.26258373260498
31043,9.4,10.04084587097168
51590,12.3,12.13562536239624
51640,11.6,10.695874214172363
51660,11.0,11.15440320968628
18049,11.5,10.626316547393799
39105,11.9,11.498159408569336
54045,13.1,11.556274890899658
54013,12.6,11.931345462799072
28053,12.3,11.809728622436523
29025,10.7,10.243544101715088
37133,9.7,9.481738567352295
54091,12.6,11.101805686950684
12121,10.5,10.468323707580566
53045,11.9,10.409518718719482
50003,12.0,10.778388500213623
54093,11.8,10.1491379737854
32027,10.1,9.75571346282959
32510,11.1,10.04344367980957
19131,9.7,9.206710815429688
13229,10.7,10.381216049194336
37061,10.5,10.700806140899658
37127,10.6,10.385746479034424
13211,10.0,9.63451099395752
18035,12.3,10.950592994689941
20185,10.6,9.761935710906982
26035,11.8,10.848522186279297
08017,10.6,9.944642066955566
26007,11.4,10.683979988098145
26011,11.9,10.536406517028809
20051,10.7,9.836254596710205
20165,10.7,9.33073616027832
26157,11.9,10.701313018798828
18009,11.3,10.691777229309082
46101,9.3,9.677551746368408
01071,10.9,10.556049346923828
18011,10.2,9.45228624343872
18133,10.9,10.309216976165771
18159,10.6,10.094717502593994
40021,13.5,11.456466674804688
46029,9.2,9.562337398529053
27087,12.7,10.887047290802002
20171,10.8,9.138286590576172
55025,10.2,9.687771320343018
13197,11.4,10.29666805267334
26095,11.5,10.745194911956787
29013,10.6,10.215385437011719
55121,10.5,9.859582901000977
51650,10.9,11.099950790405273
48301,7.7,9.834068298339844
40015,12.4,11.70576286315918
08019,10.2,9.642191886901855
08027,10.8,10.010376453399658
08005,10.6,9.56948709487915
48431,9.3,8.994444370269775
48485,10.0,10.036377906799316
48261,11.3,9.266470909118652
48263,9.5,9.390421867370605
48259,8.8,9.098101139068604
37113,9.5,9.584733486175537
40049,12.3,10.762560367584229
48449,10.2,10.890052318572998
31067,9.6,9.609740734100342
40109,12.4,10.542599201202393
36001,10.3,10.919447422027588
40005,12.5,11.321142673492432
40019,12.3,10.828870296478271
48287,10.3,10.102410316467285
51079,10.3,10.181538105010986
28061,10.5,10.800164699554443
28085,10.5,10.60591173171997
28041,9.6,9.819260120391846
54109,12.9,12.053527355194092
38023,10.3,8.723658561706543
21153,12.3,12.6515474319458
48375,10.4,10.081143379211426
13053,10.0,10.07666540145874
19053,10.3,10.00018310546875
31095,9.4,9.347568035125732
51179,10.0,9.230550765991211
37117,11.2,10.881225109100342
22007,11.2,10.571049213409424
31167,9.1,8.963881015777588
29141,10.9,10.432185173034668
48401,9.9,9.937668323516846
04003,10.3,10.011823177337646
29137,10.5,10.068006038665771
21213,11.2,10.736114501953125
05121,11.4,10.661291599273682
28003,10.2,10.47209358215332
48421,9.6,9.918187618255615
18179,11.1,10.04719066619873
18125,11.1,10.27612590789795
26165,11.4,10.702026844024658
31183,9.1,8.922440528869629
48475,9.8,9.668485164642334
51840,10.4,10.261948108673096
35028,9.3,9.494560241699219
18061,11.0,10.193341255187988
27009,10.0,9.9796724319458
31137,9.0,9.34985876083374
40111,13.1,11.256064414978027
05061,10.9,10.677689552307129
31163,9.4,8.741422176361084
19005,9.7,10.008575439453125
13143,10.4,10.234853744506836
24015,11.5,10.505065441131592
31105,9.6,9.81046438217163
05019,11.6,10.140367984771729
13177,10.2,9.65812063217163
18183,10.7,10.325109958648682
28037,10.4,10.550474166870117
46107,9.1,8.648561954498291
48493,9.4,9.363382816314697
51600,9.0,9.004653930664062
28091,11.0,10.935115337371826
05111,12.1,10.631746292114258
12091,9.6,9.891120910644531
13007,11.2,10.620938301086426
40119,12.6,10.22763967514038
48087,10.3,10.247366428375244
48099,10.6,9.634009838104248
17037,10.1,10.22702407836914
48149,9.2,9.561432838439941
42015,10.7,10.506426811218262
46061,9.7,9.133267402648926
46073,9.3,8.793375968933105
47101,12.4,10.79055643081665
51049,10.9,10.403749465942383
48307,10.0,9.608113765716553
20071,9.9,9.319375038146973
38013,9.9,8.66756534576416
47171,11.8,10.555055618286133
12119,8.5,9.682667255401611
19147,9.7,9.186671733856201
27041,10.2,8.971250057220459
20055,10.9,10.011478424072266
48467,10.8,9.811279773712158
51820,10.5,10.421024799346924
29175,10.5,10.025632381439209
18105,11.0,10.507357597351074
19107,9.8,9.448158740997314
28127,10.7,10.650185585021973
12005,10.1,10.162919998168945
34023,8.2,9.31105375289917
01013,11.2,11.127587795257568
18081,10.9,9.790956497192383
29055,11.1,10.527915477752686
40073,11.8,10.26588773727417
48225,10.2,10.531953811645508
17045,10.3,9.911532402038574
51117,11.2,10.619584560394287
05133,10.9,11.46110725402832
26163,12.5,11.22613525390625
48071,9.9,9.70811653137207
05083,11.4,10.228561878204346
20081,10.6,9.96251392364502
17155,9.5,9.036946296691895
42113,11.3,10.487658977508545
48251,10.1,9.564910888671875
42013,11.2,10.904385089874268
46089,9.1,9.2170090675354
13191,11.0,10.37928056716919
20005,11.0,10.317634582519531
46027,10.5,9.570604801177979
48205,8.8,9.285057067871094
08035,10.3,9.42702865600586
19025,9.8,9.453299522399902
31069,9.6,8.753462791442871
20157,10.4,9.057847499847412
55087,10.8,9.910353183746338
31081,9.3,8.658992290496826
18137,11.2,10.344026565551758
13285,10.9,10.83424425125122
21191,11.3,11.17813491821289
46007,11.9,12.563519477844238
31153,8.6,9.10866117477417
35031,15.2,12.473346710205078
17151,9.9,10.237517356872559
17177,10.5,9.791903495788574
18085,10.5,10.232813358306885
21175,11.6,11.507473945617676
37125,9.4,9.476795673370361
37159,10.0,10.12595796585083
13157,10.2,9.900572299957275
51007,10.7,10.148730754852295
39103,10.5,9.346957206726074
13283,11.4,11.284775733947754
27145,10.5,10.169522762298584
13209,11.2,10.299795150756836
41071,11.1,10.528859615325928
39125,11.5,10.236429214477539
20141,10.4,9.833661556243896
17089,9.1,9.396300792694092
19031,9.6,9.177068710327148
20027,10.6,9.068650245666504
55001,10.6,9.826262474060059
20179,9.8,9.300077438354492
51830,10.9,10.393725395202637
40011,12.3,10.477840900421143
48151,9.8,9.604769229888916
48253,9.6,9.673783302307129
48173,8.7,9.181092262268066
40001,14.3,11.983896732330322
48231,10.2,10.219709396362305
48471,10.2,10.086545467376709
40147,12.4,10.643699645996094
55137,10.7,10.214142799377441
08003,11.5,10.670618057250977
13253,11.1,10.60285472869873
01133,10.1,10.3964262008667
48219,10.0,9.568390846252441
31129,8.9,9.294694423675537
13081,11.3,11.07515287399292
31047,9.2,9.630512714385986
06091,10.5,10.025474548339844
28075,10.5,10.7839937210083
47085,12.2,10.460639953613281
51800,10.4,10.121060371398926
29199,10.9,10.096645832061768
48235,9.7,9.579524517059326
17129,10.2,9.367773056030273
13045,10.2,10.255095958709717
19181,9.9,9.008830547332764
17199,10.2,10.045530796051025
13171,11.1,10.236563682556152
51510,9.1,8.977758407592773
31053,9.2,9.000165939331055
05097,11.0,10.02016305923462
19001,9.6,9.365452289581299
29129,10.7,9.806080341339111
31099,9.5,9.224425315856934
28051,12.1,12.411641597747803
51580,11.1,10.994847297668457
13173,11.5,11.026524543762207
13075,11.4,10.724231243133545
47051,11.8,10.230824947357178
48181,10.6,10.161863803863525
55133,10.0,9.339459896087646
29053,10.4,10.07440710067749
51159,10.9,10.527681350708008
17077,10.7,10.840642929077148
29125,11.2,9.988368034362793
22111,10.9,10.846762657165527
31119,9.6,9.596467018127441
26073,12.2,11.165836334228516
39075,12.3,10.463915348052979
20191,10.6,10.259418964385986
19033,9.7,9.507760047912598
20079,10.5,9.493245601654053
40047,11.9,10.152238368988037
25003,11.5,10.380523681640625
27107,10.0,9.017422676086426
31169,9.5,9.266424655914307
37021,9.4,9.418245792388916
12055,9.8,10.082361221313477
48081,10.4,9.567772388458252
31145,9.3,9.511177062988281
37169,10.2,10.040840148925781
54019,12.5,11.210786819458008
37145,10.8,10.635809421539307
39063,10.3,10.46218729019165
22093,10.8,10.283443927764893
46003,9.1,8.757224082946777
20131,10.1,9.495308876037598
48199,10.2,9.882313251495361
27011,10.3,9.377567291259766
20083,9.9,9.275856018066406
31097,8.4,9.438464641571045
16021,11.0,10.403536796569824
27023,10.0,9.53720474243164
47137,12.2,11.260653495788574
48153,10.1,9.748744487762451
47147,11.6,10.348337173461914
56031,10.7,9.49650239944458
51103,10.1,9.930604934692383
29077,10.5,9.918725967407227
39007,11.8,10.79555892944336
37197,10.3,10.370176792144775
08063,10.9,9.757432460784912
40097,13.1,11.280205249786377
39093,11.0,10.680713653564453
08075,11.2,10.286850452423096
20193,10.4,9.820550441741943
51685,9.7,9.875570297241211
39111,11.5,10.997166633605957
13047,10.1,9.665937423706055
12019,9.6,9.734675407409668
17187,10.4,10.19294548034668
18003,10.8,10.109394550323486
48267,9.8,9.368550777435303
48389,9.3,9.045005798339844
40029,13.3,11.504706859588623
47055,11.5,10.396307468414307
28005,10.7,11.091596126556396
48359,10.1,9.92863655090332
45087,11.4,10.82212781906128
26055,10.5,10.252768516540527
47033,12.0,10.106823444366455
21083,11.1,11.132515907287598
55065,10.7,10.01479434967041
55099,11.0,10.138846397399902
17005,10.8,10.294468402862549
18101,11.4,10.233956336975098
08047,10.8,9.768680095672607
26027,11.4,10.459470272064209
28137,10.2,10.40080976486206
20029,10.7,9.717592239379883
21197,11.5,11.439393520355225
19177,10.0,9.964579105377197
28163,10.6,10.786930561065674
48425,9.2,9.652273654937744
20125,11.3,10.9390549659729
30107,11.2,10.342014789581299
55017,10.6,9.845875263214111
06005,10.5,9.854677677154541
48341,10.1,9.62792682647705
47003,11.5,10.291364669799805
18107,11.3,10.387808322906494
13261,11.5,11.131563663482666
29185,10.9,9.908401489257812
28039,10.4,10.194730758666992
55105,11.3,10.054715156555176
21215,11.0,10.177546977996826
39003,11.6,10.47017526626587
20129,10.4,9.693435192108154
28031,10.9,10.86599063873291
39107,10.8,9.800355911254883
27131,9.7,9.60410451889038
48283,9.4,9.406915664672852
20045,10.8,9.867621421813965
48393,9.5,9.356957912445068
13189,11.2,10.370390892028809
29075,10.8,10.096195697784424
47071,11.3,10.593582153320312
31037,9.3,8.768943309783936
47159,11.7,10.622487545013428
05053,10.7,10.179360389709473
16075,11.3,10.183621406555176
17103,10.2,9.898366928100586
46071,12.3,12.658126831054688
47059,11.9,10.476035594940186
27099,10.2,9.759053707122803
31013,9.3,9.488199234008789
48139,9.9,9.466138362884521
08079,10.9,9.69462537765503
40043,11.9,10.077709197998047
48297,9.5,9.95970869064331
13309,10.8,10.478137969970703
19101,9.3,10.056243896484375
08125,11.4,10.563718318939209
29217,11.0,10.477060317993164
50013,11.5,10.07328176498413
17171,9.8,9.575340270996094
26135,11.8,10.54301404953003
20123,10.9,9.666114807128906
45063,9.5,9.73058032989502
48357,9.6,9.565897464752197
13187,10.2,9.92509126663208
31185,9.2,9.176042556762695
27147,9.7,9.573647022247314
18171,10.8,10.071340084075928
48303,10.1,10.432180404663086
20137,10.2,9.726981163024902
48371,8.9,9.320224285125732
51135,11.5,10.658977031707764
13057,9.9,9.085992336273193
37025,9.7,9.70801830291748
31057,9.5,8.585273265838623
19165,9.9,9.134862899780273
29510,11.6,10.825743198394775
20139,10.5,9.855080604553223
20003,11.2,10.262575626373291
39159,10.1,9.858918190002441
31085,9.5,9.533745288848877
21071,11.9,12.69594430923462
13297,10.8,9.79146957397461
46017,13.6,12.62642526626587
19065,10.0,9.603161811828613
39047,11.9,10.743151187896729
37081,10.5,10.00501012802124
54085,12.9,11.319201469421387
13299,11.4,10.728293418884277
26001,11.4,10.801044464111328
37033,10.5,10.836402893066406
48007,9.9,9.557066440582275
41055,11.7,10.583497047424316
05105,10.9,10.334488868713379
08089,11.8,10.569948196411133
13097,10.9,10.317749500274658
40125,12.9,11.070393562316895
28035,10.4,10.84892988204956
37071,10.5,9.803804874420166
08087,10.9,10.062982082366943
42123,10.7,10.378179550170898
48143,10.2,9.970211029052734
17157,10.0,10.084030628204346
27073,10.1,8.990118980407715
48111,9.7,9.986782550811768
21163,10.9,10.787890911102295
51139,10.5,10.285470485687256
51125,10.3,10.042800426483154
31075,8.8,8.960980892181396
48175,9.5,9.687727928161621
40081,12.3,10.677186965942383
13301,11.4,11.137473583221436
28161,10.7,10.795455932617188
17059,10.6,11.071932315826416
08103,11.2,10.181889533996582
28079,11.0,10.86746072769165
18023,10.6,10.264081001281738
27085,10.3,9.360729217529297
19027,9.8,9.176257133483887
21121,12.2,12.291786193847656
13055,11.1,10.580610275268555
18029,10.2,10.174160480499268
22123,11.0,10.591075420379639
34041,9.5,10.331713199615479
36007,10.9,11.143165111541748
38077,10.6,9.140578746795654
38005,13.1,10.947029113769531
08109,11.3,10.041401863098145
13235,11.7,10.858876705169678
18117,11.4,11.01366138458252
19197,9.8,9.44041633605957
20087,10.2,9.207276821136475
21001,11.1,11.12191390991211
27149,9.8,10.016202926635742
28101,10.9,10.69635009765625
26057,10.8,10.824915409088135
31101,9.0,9.695419311523438
21019,11.0,11.182865142822266
39137,10.4,9.861871242523193
45041,10.4,10.22106122970581
48407,10.2,10.16491413116455
54049,11.9,10.83263635635376
53051,12.0,10.458394527435303
31133,9.7,9.791696071624756
19163,9.8,9.812861919403076
21079,11.6,11.003180980682373
13265,11.1,11.072066307067871
48211,9.4,9.18824815750122
27089,9.8,9.072859764099121
51121,10.4,10.294526100158691
16081,10.2,9.64017105102539
17013,9.3,9.419587135314941
20035,11.1,10.302179336547852
23023,11.4,10.867077827453613
28047,9.9,10.367423057556152
28139,10.4,10.606629371643066
51113,10.4,9.806369304656982
51107,8.7,8.805371284484863
56009,10.6,9.792133808135986
21017,11.2,10.89499568939209
21007,11.5,10.430617332458496
18059,11.0,9.711504459381104
13213,10.6,10.420356273651123
39011,10.5,9.85834550857544
28025,11.2,11.224428176879883
18093,11.6,10.271320343017578
20057,10.7,9.861947059631348
21209,10.6,10.128105163574219
22059,10.1,9.941938400268555
28089,9.8,9.727006435394287
31077,9.1,9.038299560546875
36053,10.9,10.50985336303711
21139,10.9,10.925743579864502
40055,11.7,10.47599458694458
46055,9.4,9.36116886138916
48293,10.7,11.028945922851562
51775,10.0,10.460882663726807
50007,11.9,10.914581298828125
55125,10.8,9.770613670349121
31181,9.5,9.08353042602539
31011,9.3,8.575162887573242
32009,11.1,10.114219188690186
20161,11.0,10.267152309417725
13271,10.4,10.84745168685913
48331,9.9,10.21372652053833
51155,10.6,10.058269023895264
16031,10.6,10.183342456817627
17033,10.2,10.112600326538086
49007,12.3,9.909578800201416
08113,10.3,9.780375003814697
13149,11.0,10.33664321899414
18077,11.7,10.536760330200195
20199,10.1,9.690603256225586
26031,11.5,10.508586883544922
28141,10.1,10.43299388885498
29031,10.6,10.175946235656738
36117,10.9,10.728277683258057
40071,11.8,10.758657455444336
39015,11.6,10.969681739807129
54095,12.1,10.86406660079956
01109,10.7,10.768133640289307
05001,11.5,10.308430671691895
08015,10.9,9.748251914978027
37051,10.0,10.230625629425049
34031,9.6,10.222009658813477
17189,9.5,9.374548435211182
18069,10.9,10.378995895385742
26039,11.9,10.588804721832275
27001,9.9,9.802380084991455
31151,9.4,9.788735389709473
20101,10.6,9.373210906982422
46095,12.3,12.904580116271973
47187,9.8,9.791117191314697
51143,11.2,11.015534400939941
51187,10.5,10.230181694030762
13009,11.2,10.407567024230957
29163,10.4,10.190032958984375
36057,11.8,11.09421443939209
37101,10.1,9.919452667236328
20069,10.5,9.72121524810791
39091,11.1,10.375653743743896
56021,10.9,9.922176837921143
21091,10.8,10.720755100250244
27157,9.7,9.264249324798584
27163,9.4,9.107563972473145
30011,10.8,9.709745407104492
36011,11.7,10.631500244140625
45083,9.9,9.828526496887207
39087,12.0,11.499113082885742
55037,11.4,9.60765266418457
13091,10.7,10.696297645568848
17167,10.3,10.149559497833252
19077,9.5,9.126874923706055
21217,11.2,10.959927558898926
22039,11.6,11.478602886199951
31035,9.4,9.319214820861816
35019,9.8,10.271829605102539
51710,10.9,10.597208499908447
48459,11.0,10.560962200164795
48441,10.2,9.765100479125977
53001,11.7,11.374128818511963
53043,11.9,10.413086891174316
55013,11.0,9.63442325592041
56015,10.4,9.360382556915283
53015,12.8,10.448719024658203
17139,10.2,9.903177261352539
35059,11.0,10.254382133483887
37129,9.6,9.647072792053223
13011,11.1,10.292468547821045
54059,13.0,12.325936317443848
48355,9.6,9.522474765777588
05081,10.9,10.244205951690674
19173,9.7,9.362947940826416
20187,10.6,9.825453281402588
24013,10.2,9.504920482635498
28109,9.9,10.205965518951416
29197,10.3,10.095086574554443
30041,11.9,11.06958532333374
12123,10.3,10.553887844085693
37095,10.6,10.699902534484863
01055,10.9,10.197979927062988
05141,11.3,10.137685775756836
08101,11.1,10.448073863983154
18065,11.5,10.456682205200195
21169,11.5,11.633135318756104
24510,12.3,11.405569553375244
23019,13.5,10.969704627990723
28043,10.8,10.615575313568115
28107,11.2,10.948418140411377
37027,10.2,10.141525745391846
47023,12.3,10.292162418365479
48091,9.4,9.075050830841064
51145,9.8,9.475102424621582
40057,11.5,10.990443229675293
42105,10.5,10.469408988952637
05149,11.0,10.204441547393799
05137,11.2,10.220577239990234
34013,10.1,9.97935676574707
18031,11.0,10.156123161315918
20047,10.5,9.740235328674316
27005,9.6,9.74392032623291
29219,10.5,10.421993255615234
29223,10.7,10.575000286102295
18129,10.5,9.763235569000244
19185,10.5,10.046985626220703
24005,11.3,9.816606044769287
27045,10.4,10.111862659454346
30057,10.5,9.384024620056152
47115,11.7,10.669169902801514
56033,10.1,9.423646450042725
06103,11.0,10.911064624786377
12111,10.1,9.70028018951416
13223,11.1,9.763099193572998
20169,10.5,9.619642734527588
20203,9.9,9.620809078216553
21187,11.2,10.80426549911499
30101,10.8,9.68445873260498
31089,9.1,8.533722400665283
40153,11.7,9.54109239578247
47037,11.4,10.147145748138428
48187,9.3,9.404021263122559
51157,10.2,9.276337623596191
54083,11.7,10.772529602050781
53073,12.1,10.630830764770508
29085,11.3,9.876068592071533
41031,11.5,10.616967678070068
48179,10.0,9.88171100616455
49033,11.0,9.83301067352295
49001,10.9,9.702197551727295
51735,9.4,9.187854290008545
55073,10.3,9.599476337432861
28099,11.2,11.030173778533936
35006,12.6,11.877911567687988
08021,11.0,10.472637176513672
20113,10.3,9.417535305023193
27119,10.0,9.640456676483154
38075,10.3,8.78736400604248
46137,12.9,12.814019680023193
47121,11.4,10.745216846466064
51610,8.9,9.047632694244385
01023,11.3,10.78026819229126
08095,11.4,10.024894714355469
35023,10.6,10.934883117675781
01111,10.8,10.617517948150635
12009,9.5,9.375789165496826
13181,10.6,10.32955551147461
20119,10.7,10.223783493041992
21147,12.2,12.221071243286133
28059,9.7,9.986494541168213
40025,10.7,9.415882587432861
38103,10.1,8.658653736114502
21051,12.2,12.054381370544434
37007,10.9,10.553304195404053
19007,9.9,10.146230697631836
21205,11.7,11.86424207687378
22017,10.6,10.859556674957275
21065,11.8,12.278820991516113
16045,10.8,10.075404167175293
19187,9.5,9.87548828125
13259,10.1,10.572935104370117
13245,11.6,10.682568073272705
21085,11.6,11.830254554748535
31015,8.9,8.977486610412598
04023,9.7,10.956261157989502
10005,10.4,9.976318359375
16041,10.9,10.149954795837402
20033,10.1,9.19774866104126
23027,11.8,10.364836692810059
26019,11.1,10.000139713287354
36047,10.2,11.12632131576538
41009,11.9,10.541316032409668
01031,10.0,10.201753616333008
48141,9.4,9.842005252838135
56045,10.1,9.643924236297607
01073,10.5,10.199705600738525
06085,8.5,8.439416885375977
16013,9.8,9.499374389648438
37059,10.0,9.812577247619629
21201,11.8,11.72476053237915
27143,9.8,9.35029935836792
31041,9.2,9.587739944458008
28083,12.3,11.812204837799072
35001,10.4,10.538092136383057
39059,11.6,10.777800559997559
42121,10.8,10.535210132598877
47179,12.1,10.222704887390137
55085,10.4,9.661808967590332
51045,10.7,9.802416324615479
51033,11.0,10.339691638946533
53067,11.6,10.12448501586914
42107,10.9,10.17560863494873
19153,10.1,9.474002838134766
26085,11.8,10.878434181213379
37017,10.6,10.623848915100098
12023,10.9,10.637262344360352
13103,10.3,9.712635040283203
21231,12.0,11.418671607971191
21069,11.7,10.914978981018066
47095,11.8,10.847739219665527
47153,12.1,10.7221999168396
47053,12.0,10.480270385742188
19045,10.2,9.974925518035889
48119,10.0,9.94413948059082
48129,10.5,9.6809401512146
48239,10.0,9.92303466796875
26109,11.5,10.250036239624023
38069,10.3,9.74796438217163
30075,11.2,9.709897994995117
13321,10.9,10.705116271972656
42071,10.6,9.986856460571289
29069,11.3,10.966761112213135
01051,10.3,10.172734260559082
13319,11.2,10.87822961807251
05123,12.0,11.090214729309082
13025,11.0,10.337670803070068
19029,10.4,9.779950618743896
27047,10.2,9.830905437469482
27141,10.0,9.10010576248169
06059,9.0,8.79280948638916
13251,11.6,10.358735084533691
13083,9.8,9.955692768096924
26121,11.9,10.629191875457764
39079,12.0,11.145809173583984
48117,10.4,9.508104801177979
48433,9.9,9.514283180236816
36065,11.0,11.04004716873169
37043,10.0,9.170115947723389
36041,11.3,10.47733211517334
36033,11.5,11.364140510559082
51031,10.7,10.262660026550293
40095,12.3,10.89757490158081
40079,13.2,11.581984043121338
45007,10.2,9.924017429351807
46057,8.9,9.059984683990479
45037,10.8,10.024745464324951
56023,10.1,10.025901317596436
41003,11.2,10.511077880859375
21151,11.1,10.77557373046875
42131,11.0,10.395101070404053
17191,10.3,10.223858833312988
51191,10.5,9.969210147857666
38043,10.3,9.1640043258667
54011,13.0,11.092244625091553
54073,12.0,10.137324810028076
49029,10.8,9.518118858337402
27057,10.0,9.856686115264893
17007,10.2,10.228923320770264
18057,9.7,9.393371105194092
48403,10.4,9.857733726501465
05117,11.4,10.236847877502441
08041,11.0,10.110740184783936
17091,10.3,10.400157928466797
21045,12.4,11.429121017456055
32029,10.4,9.78740644454956
39143,10.9,10.323827266693115
47117,11.9,10.647833824157715
48213,10.5,10.080219268798828
34037,9.8,9.577806949615479
05041,12.7,11.502767562866211
12073,11.0,10.584951877593994
12113,9.6,10.303246974945068
53061,11.0,9.901420593261719
39145,11.9,11.730353832244873
18015,11.0,10.081101894378662
29151,10.0,9.595144748687744
29011,11.4,10.378602027893066
35029,11.4,10.811094284057617
35041,11.0,10.77687120437622
12061,9.5,9.49844217300415
48503,10.1,9.558087825775146
39081,11.3,10.886595726013184
31155,9.2,8.78092336654663
06057,10.9,10.298891067504883
29015,10.7,9.897681713104248
08031,10.8,9.816197395324707
29133,11.9,11.059624195098877
31031,10.0,9.267133235931396
26009,10.7,9.689589500427246
28095,10.4,10.5155029296875
29221,11.1,10.642463207244873
18079,11.1,10.56329870223999
12089,9.1,9.754813194274902
55049,10.5,9.635756015777588
51101,10.7,10.305294036865234
12099,9.3,9.906223773956299
31109,9.2,9.751099109649658
28155,10.2,10.345792293548584
51540,10.9,10.386483669281006
13127,10.2,9.85330581665039
01121,11.4,10.710176467895508
21155,11.6,11.551553726196289
51075,9.6,9.410277366638184
53011,11.5,10.148252010345459
56013,10.9,9.935393810272217
18173,10.2,9.824298858642578
20153,10.4,9.689064025878906
19129,9.6,9.141609191894531
13161,11.7,10.877882480621338
48197,10.3,9.695149898529053
42133,10.4,9.97314453125
48479,8.8,9.57744312286377
26159,12.2,10.42525053024292
51095,9.6,9.240421295166016
37105,10.6,9.932767868041992
41059,11.4,10.134458065032959
29093,11.0,10.473552703857422
28057,10.1,10.343382358551025
18007,11.5,10.501534938812256
21057,11.7,11.250185012817383
27031,9.7,9.980759143829346
35007,10.5,10.265619277954102
37055,9.1,8.99668836593628
01043,10.6,10.020028591156006
13273,11.9,12.020302772521973
56041,10.6,9.928487777709961
18143,12.1,11.02324104309082
31073,9.1,8.407701015472412
17009,9.8,9.515673160552979
36015,11.3,10.97233247756958
01035,11.0,10.877450466156006
20195,10.1,8.832990169525146
48337,9.9,9.861183643341064
05119,10.8,10.429354190826416
28143,12.3,11.4613618850708
50015,12.3,10.503026485443115
19127,9.6,9.786881446838379
38089,10.4,9.092979431152344
05113,10.9,10.014437198638916
18053,11.7,10.712074279785156
08077,11.0,9.847970485687256
01015,10.2,10.598667621612549
12125,9.9,10.230119705200195
21011,11.1,11.43205451965332
27121,10.3,9.127777576446533
18181,11.2,10.183991432189941
31019,9.9,8.99738883972168
46067,9.3,8.958578109741211
48125,9.8,9.886054992675781
55135,10.5,9.663877964019775
19135,9.6,9.553135395050049
21021,11.0,10.673264503479004
26087,11.7,10.253358840942383
31171,9.1,8.88053035736084
48067,10.8,10.331203937530518
51195,11.0,10.761980056762695
51023,10.3,10.09797716140747
49027,11.5,10.109378814697266
19083,10.2,9.378276824951172
39121,10.4,10.46241044998169
17149,10.1,10.060205459594727
39135,11.2,10.235092163085938
48443,8.1,8.873461246490479
17195,9.8,9.488114833831787
17015,9.4,10.0469388961792
19057,10.1,10.163087368011475
20117,10.8,9.423065185546875
48215,9.8,9.981411457061768
40031,12.2,10.249632358551025
34003,8.2,8.984713077545166
40143,11.5,10.374483585357666
39013,11.4,10.72020959854126
23021,12.3,11.001636028289795
54069,11.2,10.436656475067139
17003,11.3,10.818837642669678
51017,10.6,10.622488021850586
12017,9.6,10.299854755401611
18083,10.9,10.482240676879883
20021,11.0,10.228228092193604
28045,10.2,10.105177879333496
01019,10.0,10.22269582748413
18051,12.0,10.065626621246338
18167,11.2,10.917787075042725
39025,10.5,10.3173246383667
13195,10.7,10.3799467086792
51197,10.6,10.582781791687012
29161,10.6,10.191634178161621
51620,11.8,11.722577571868896
20013,10.6,10.43124771118164
01127,11.0,10.359688758850098
28159,10.8,11.142706871032715
30091,10.5,9.166443347930908
08069,10.4,10.166557312011719
54039,12.0,10.883430004119873
05093,12.1,10.779993057250977
17133,9.5,9.518712520599365
25015,12.0,11.163136005401611
36035,12.0,10.937963008880615
54015,13.1,12.243916988372803
51630,10.8,10.547993659973145
40039,12.0,10.434411525726318
48313,9.8,9.629173755645752
31125,9.4,9.296957015991211
28077,11.0,10.658910751342773
13069,11.0,10.609965801239014
20015,10.4,9.59737777709961
17029,10.7,10.94418716430664
26059,11.3,10.715373516082764
37099,10.3,10.178155422210693
47103,11.4,10.410212516784668
42125,11.1,10.045204162597656
01085,12.0,11.794312477111816
37067,10.1,9.958984851837158
17175,10.2,10.037684917449951
20205,10.6,10.188952445983887
21229,10.9,10.67408561706543
30105,11.0,9.621615409851074
39051,11.1,10.206899166107178
13065,12.1,11.558373928070068
55127,10.3,9.698295593261719
32019,11.2,10.020432949066162
28015,10.7,10.24323558807373
12063,10.8,10.36816930770874
13067,9.3,9.13082218170166
06003,10.3,9.481951713562012
19041,9.6,9.666723251342773
22089,10.4,9.87560749053955
46117,9.2,8.973761558532715
55101,11.6,9.84787368774414
31175,9.0,8.539366245269775
26101,10.9,10.185933589935303
39077,10.7,10.259599685668945
48051,10.1,9.875613689422607
18147,10.7,9.628722190856934
28103,11.5,11.991053581237793
36021,10.3,10.571410655975342
38035,10.9,9.381182670593262
13017,11.9,11.405485153198242
29095,10.6,10.329471111297607
35021,10.5,9.90016222000122
37187,11.3,11.141953468322754
47145,11.3,10.129735946655273
55041,11.5,10.645215511322021
51147,11.0,10.416377067565918
40115,13.3,11.635950088500977
26015,10.7,9.979623317718506
26113,11.6,10.450385570526123
25007,11.4,9.289502143859863
20209,10.9,10.87868070602417
38071,10.4,9.384260654449463
47035,11.2,10.283892631530762
51043,9.7,9.616998195648193
49055,11.3,9.57812213897705
30097,10.1,9.032880783081055
30043,10.9,9.768821716308594
39175,10.6,9.875144004821777
51077,11.0,10.430609703063965
13215,10.8,10.939469814300537
42083,10.7,10.823819637298584
21223,10.9,11.147572040557861
45075,11.3,10.838271141052246
21137,11.6,11.145286560058594
50023,12.2,10.818530082702637
08091,10.6,9.645260334014893
27095,10.7,10.372790336608887
48049,10.0,9.942108631134033
20109,10.8,9.591937065124512
20061,11.0,10.126588821411133
38099,10.5,9.395198822021484
13183,10.9,10.6549072265625
46091,9.0,8.780022621154785
47155,10.8,9.906620025634766
54075,11.9,11.06520938873291
39083,10.7,10.647013187408447
51183,10.7,10.281046867370605
51097,11.1,10.483320236206055
29057,11.2,10.21256160736084
50027,11.4,10.527101993560791
25005,12.3,11.056057929992676
29105,11.2,10.2288179397583
22117,11.0,11.006548881530762
31087,9.5,8.993619441986084
39085,10.9,9.93388557434082
48347,10.7,10.474210262298584
45065,9.6,10.074591636657715
46121,14.8,12.29733943939209
17019,9.9,10.381574153900146
30061,10.9,10.287312030792236
46031,12.4,11.995142459869385
21143,10.1,10.330697059631348
21093,11.0,10.898362636566162
31173,11.8,10.69677209854126
13305,11.2,10.474688053131104
48115,9.8,9.896195411682129
22031,10.9,10.575658321380615
24017,12.0,9.973609447479248
17131,9.9,9.45467472076416
19011,10.2,9.31724214553833
46041,13.0,12.49468183517456
47031,12.2,10.236993789672852
47189,10.6,10.195325374603271
32011,10.9,10.523353576660156
37199,9.8,9.63594675064087
42097,10.7,10.41453742980957
42109,10.4,10.342450141906738
29149,11.0,10.414988040924072
21189,11.7,12.382627964019775
17051,9.9,10.55885934829712
19183,9.8,9.403680801391602
51730,12.1,12.543945789337158
48391,9.5,10.108498096466064
18097,11.9,11.01537036895752
39071,11.7,10.911843299865723
21031,11.6,11.064952850341797
20107,10.8,10.057341575622559
55059,11.7,10.034292697906494
24011,12.0,10.836240291595459
17049,9.6,9.873246192932129
26155,11.8,10.36661672592163
13263,11.3,10.985629558563232
47001,11.1,10.250219345092773
01087,12.1,11.912959098815918
08085,10.9,9.958869934082031
48003,9.9,9.460495471954346
40133,13.2,11.862447261810303
35053,11.5,11.111666202545166
20059,10.5,9.679558277130127
21161,11.6,10.943041324615479
27043,10.0,9.683849811553955
21193,12.0,12.041301250457764
37153,10.7,10.694450855255127
33017,11.6,10.492515087127686
42057,10.4,10.307197093963623
26045,10.7,9.985081195831299
17067,9.8,9.723042011260986
46011,9.3,9.588963508605957
47163,11.4,10.230829238891602
45051,9.5,9.667971134185791
26021,11.3,10.905569076538086
13233,10.7,10.432320594787598
18149,11.2,11.055770874023438
38059,10.7,8.928624629974365
21037,10.4,10.361307144165039
21049,11.2,10.964649677276611
19145,9.6,9.403292655944824
51131,10.7,10.101658344268799
22083,11.2,10.968735694885254
48159,9.2,9.467566967010498
36113,11.2,10.381503105163574
06101,10.5,10.345619201660156
13061,11.1,11.526825428009033
39149,11.3,10.349775791168213
48191,9.9,9.986754894256592
29029,10.3,9.686087608337402
39039,11.1,10.305424213409424
48027,10.2,9.808734893798828
32021,11.8,10.60906457901001
05127,11.1,10.029557704925537
06087,10.2,9.811631202697754
39101,11.5,10.751091957092285
17099,10.1,9.936878204345703
12071,9.2,9.700306415557861
48321,10.3,10.575306415557861
05013,10.9,10.199101448059082
38105,10.6,9.291186809539795
38051,10.9,9.106799125671387
05039,11.3,10.374821662902832
01069,11.0,10.362257957458496
48505,10.4,10.168017864227295
41067,10.1,9.448511123657227
51141,10.8,10.387027740478516
40121,12.9,10.98991060256958
26017,10.8,10.541975021362305
29049,10.3,10.085309982299805
08011,10.6,10.289360523223877
55019,11.3,10.307698726654053
18155,10.8,10.896696090698242
51570,10.4,10.581648826599121
13315,10.2,10.212790966033936
17119,10.1,10.014661312103271
21173,11.8,11.05752420425415
23001,12.3,10.292377948760986
48249,9.4,9.669108867645264
18169,10.9,10.20025634765625
48207,10.0,10.042870998382568
51009,10.8,10.186596870422363
29087,10.9,9.802953720092773
27035,10.0,9.807283401489258
17153,11.2,11.220943450927734
33005,11.3,10.742527484893799
37119,9.9,9.435394763946533
29089,10.5,10.129644870758057
13307,11.3,11.143315315246582
06065,10.0,9.772488117218018
27167,10.3,9.353011131286621
45005,11.3,11.23110580444336
41053,11.6,11.009232521057129
13193,11.9,11.248454093933105
04011,10.0,10.126070022583008
06029,10.4,10.61732006072998
37019,9.8,9.409355640411377
13037,11.1,10.66241455078125
30077,10.5,9.836627960205078
35013,10.6,10.910604476928711
40123,13.0,10.62001895904541
01029,10.7,10.301231384277344
17001,10.0,9.919373989105225
05075,11.6,10.255370140075684
16029,10.5,9.906949996948242
35037,11.2,10.531220436096191
39045,11.3,10.018691062927246
47127,11.1,9.836380004882812
20019,11.0,10.554696559906006
32017,11.0,9.63347339630127
45029,10.9,10.46298360824585
39129,10.9,10.452341556549072
26147,11.6,10.427839279174805
05009,11.0,10.209020614624023
31131,9.4,9.26225757598877
17109,10.7,10.530861377716064
36099,10.9,10.10062313079834
53023,11.7,9.701872825622559
13039,10.7,10.04047966003418
46081,9.5,9.768100261688232
28071,10.2,10.420934677124023
48333,9.5,9.213059425354004
41049,11.6,10.544833183288574
55053,10.9,10.125444412231445
28001,10.6,11.051719665527344
51133,10.1,10.17764949798584
39043,10.6,10.502705097198486
30003,13.5,12.208159923553467
38033,10.6,8.70512056350708
48183,10.6,10.344308853149414
40087,12.0,10.509703636169434
40069,13.0,11.218815326690674
27111,10.6,9.281362056732178
51550,10.6,9.950308322906494
38019,10.0,8.882355213165283
38041,10.9,9.136750221252441
37149,8.9,9.377796649932861
46085,11.1,10.453542709350586
20039,10.3,9.870358943939209
06089,11.1,10.745667457580566
19049,9.2,8.667605876922607
13099,11.6,11.370741367340088
31007,9.0,8.682835578918457
22013,11.5,11.231163501739502
19191,9.0,9.466453075408936
38061,11.4,10.281001567840576
27033,10.2,9.813567161560059
17185,10.3,10.40779733657837
17047,10.2,10.183298110961914
24021,9.6,9.410882949829102
38015,10.2,9.494410037994385
27053,10.1,9.561835765838623
17023,9.8,9.897915363311768
47019,11.9,10.30394458770752
46087,9.2,8.893796920776367
27133,10.1,9.591394901275635
26137,11.7,10.23694658279419
33009,11.5,10.197875499725342
17169,9.9,10.160710334777832
22047,11.0,10.632778644561768
01083,10.1,10.266814708709717
35015,10.9,9.807677745819092
39165,9.9,9.306168556213379
22021,10.7,10.715698719024658
37073,10.4,10.48543930053711
55123,11.2,9.843754768371582
29067,10.6,10.525892734527588
29101,10.9,9.810034275054932
22071,10.9,11.309239387512207
48487,10.6,11.049886226654053
20063,10.4,9.350921630859375
20089,10.2,9.993360996246338
27173,10.1,9.932466506958008
38079,14.2,12.632761478424072
30103,10.4,9.744470596313477
55007,10.9,9.519171714782715
55043,10.9,10.253669738769531
05115,11.1,10.428784370422363
17025,10.7,10.853905200958252
21009,11.3,11.321834564208984
26111,10.7,10.227117538452148
30069,10.4,9.484829425811768
20149,10.0,9.09494161605835
05143,10.8,10.246783256530762
51137,10.4,9.977573871612549
55047,11.6,10.067406177520752
21117,10.6,10.315095901489258
47039,11.8,10.665318965911865
45035,9.9,9.922170162200928
47063,11.3,10.390320777893066
45025,10.5,10.46922779083252
45027,10.8,10.591194152832031
45033,12.4,11.632996082305908
42031,11.0,10.94443941116333
44001,11.6,10.154863834381104
27113,10.0,9.797520637512207
12031,10.0,9.922258853912354
12041,10.3,10.482842445373535
28007,10.9,10.893054485321045
29047,9.9,9.484667301177979
22035,12.0,11.20492172241211
22037,10.1,10.010582447052002
37029,9.8,10.054043769836426
55103,10.8,9.915339946746826
36027,10.9,10.196442604064941
51720,11.3,11.557989120483398
36079,10.0,10.042485237121582
36087,10.4,10.466401100158691
48317,9.8,10.064295291900635
51005,10.5,10.662931442260742
54101,12.5,11.738973140716553
54035,12.0,11.236075401306152
39095,11.5,11.374547481536865
12013,10.3,10.274543285369873
47093,11.1,9.662293434143066
42037,11.1,10.580412864685059
53039,11.9,10.907093524932861
27081,10.0,9.037103652954102
45049,11.0,10.80949592590332
49025,11.2,9.941327095031738
29001,10.7,10.451409816741943
29061,11.1,9.942502975463867
29165,10.4,9.54102087020874
30027,10.4,9.840338706970215
49023,11.3,9.78952407836914
48165,9.9,10.317169666290283
16053,10.9,10.548834323883057
20121,10.2,9.268293380737305
06055,10.0,9.383331775665283
08014,10.1,9.368142127990723
48033,8.5,9.082186698913574
36119,9.3,9.197471141815186
29065,11.3,10.277087688446045
48327,9.2,9.723505973815918
48353,10.2,10.067140102386475
29153,11.5,10.456446170806885
12045,10.0,10.195521831512451
12133,10.4,10.561460971832275
12107,10.7,10.511464595794678
13275,11.0,10.483512878417969
13287,11.9,11.236451625823975
20073,11.0,9.914656162261963
48109,9.7,9.814171314239502
17041,10.3,10.132036209106445
37155,12.3,11.473308086395264
55093,11.0,9.831962585449219
29009,10.6,10.569031715393066
55097,10.9,10.126197814941406
45057,9.8,9.785983085632324
47183,11.8,10.564412593841553
45067,11.8,11.699934959411621
56039,8.9,9.495609760284424
06081,8.6,8.585888385772705
12081,9.4,10.116693496704102
37131,10.9,11.1715407371521
01041,10.7,10.467939853668213
01045,10.7,10.53758430480957
17121,10.8,10.541998863220215
19089,9.8,9.763309001922607
40141,12.0,11.343328475952148
48461,10.0,10.238308906555176
08055,11.0,10.406110763549805
08061,11.7,10.033235549926758
37091,11.2,11.048965454101562
48319,9.3,9.093583106994629
48061,9.6,9.635456562042236
40083,12.0,10.52663516998291
46013,8.9,9.506745338439941
46083,8.8,9.323663234710693
21043,11.6,11.492100238800049
37087,9.5,9.708168029785156
42017,10.2,9.678840637207031
44003,11.8,10.42094087600708
55069,11.1,9.50912857055664
56001,10.8,10.263694286346436
56037,10.6,10.222250938415527
45081,10.0,10.505240440368652
45089,11.1,11.305719375610352
30023,10.8,10.622228622436523
29201,11.1,10.427701473236084
25013,12.9,11.30134391784668
51099,10.2,9.819427013397217
48055,9.8,9.718803405761719
08081,11.5,10.53306770324707
51051,11.0,11.710017681121826
19097,10.1,9.781927585601807
51073,10.3,10.123077392578125
51081,10.7,10.525987148284912
08105,10.5,10.365968227386475
08111,10.5,10.384881019592285
19149,9.6,9.18595838546753
13241,10.2,9.882116794586182
05015,10.4,10.26427412033081
05033,10.8,10.156410694122314
42127,10.7,10.472122192382812
42103,10.1,9.793074131011963
48499,9.8,9.73677110671997
31059,9.3,8.704071521759033
22095,11.3,10.637827396392822
30031,10.2,9.746258735656738
37139,10.3,10.128753662109375
47077,11.7,10.62006950378418
48059,9.9,9.495862483978271
55141,10.6,9.892057418823242
55091,10.8,9.453102111816406
53013,11.9,10.10865831375122
50021,13.0,10.655204772949219
29041,9.9,9.948273658752441
53071,12.2,10.357795238494873
42047,10.6,10.25712537765503
29051,10.1,9.730848789215088
27155,9.9,9.22063159942627
19071,9.6,9.236917495727539
48387,10.4,10.449888706207275
39141,11.7,10.76754379272461
08039,11.1,9.72768783569336
48083,10.0,9.770052433013916
48427,10.1,10.208275318145752
12021,8.9,9.728423118591309
08067,10.9,10.007013320922852
17069,10.3,10.443557262420654
22099,10.6,10.607659339904785
40117,12.0,11.081098556518555
48041,9.5,9.752230644226074
36107,10.3,10.483137607574463
40023,13.1,11.889325618743896
48339,9.9,8.99683141708374
25001,11.0,10.183271408081055
32007,10.7,10.11582612991333
37005,10.2,10.220030307769775
40113,12.3,11.289508819580078
45019,8.9,9.236507415771484
48157,8.6,8.979054927825928
13115,10.9,10.343841075897217
12083,9.9,10.021443367004395
17145,10.6,10.6228928565979
12001,9.8,10.136468410491943
29073,10.3,9.876771450042725
20147,10.6,9.762453556060791
42063,11.1,10.606382846832275
39163,12.1,11.281363010406494
13179,11.2,10.21041488647461
12057,9.9,10.305434226989746
36083,10.8,10.51769495010376
05057,11.6,10.762461185455322
36085,9.5,10.691044330596924
29209,10.4,9.946836948394775
29225,10.5,10.028459548950195
40061,13.2,11.514330387115479
39053,11.4,10.968463897705078
28013,11.0,10.632949352264404
28023,10.4,10.6938157081604
46049,9.5,10.095920085906982
46129,9.5,9.261810302734375
54067,12.1,11.206532955169678
18135,11.5,10.515910625457764
08097,9.8,9.298959255218506
18037,10.6,9.955862045288086
21239,10.2,9.99616289138794
30095,10.0,9.194774150848389
41047,12.1,10.26707124710083
42065,11.0,10.814218521118164
18161,11.5,10.007646560668945
29103,11.2,10.290384769439697
29119,11.6,11.18887710571289
19151,9.5,9.565361022949219
29127,10.5,10.396754264831543
51149,10.4,9.977294445037842
06011,10.6,9.986416816711426
38067,10.3,8.844329833984375
38091,10.0,8.539051532745361
37077,10.3,10.348915100097656
42003,10.5,10.226320743560791
37109,10.2,9.914862155914307
37115,9.9,9.86711072921753
35049,10.0,9.69852590560913
01007,10.7,10.406331539154053
01081,10.1,9.759135246276855
20023,10.5,9.909059524536133
26063,11.3,10.37062692642212
29023,11.1,10.867373943328857
40035,13.7,11.320894241333008
56019,10.0,9.414907455444336
45079,10.7,9.962457180023193
45085,10.3,10.398261547088623
54029,12.1,10.312056064605713
05139,10.8,10.354963779449463
13257,11.0,10.244141578674316
18033,10.8,10.311281204223633
19167,9.2,8.89255952835083
24033,10.7,10.33037805557251
34015,10.1,10.094022750854492
38017,10.6,9.243129253387451
34019,9.3,9.663053512573242
42043,11.0,10.229906558990479
05021,11.3,10.871842384338379
37009,9.9,9.750157356262207
51041,10.0,9.603745937347412
37075,10.5,10.02489948272705
01065,11.5,11.053033828735352
54099,12.9,11.274055004119873
08013,10.2,9.757876873016357
18013,10.8,10.053462505340576
20007,10.7,10.247799396514893
20155,11.0,9.833085536956787
48023,9.6,9.577157974243164
01053,11.2,10.895081043243408
16071,10.4,9.894216060638428
20175,10.2,10.268970489501953
37063,9.5,9.684948921203613
17115,10.4,10.364412784576416
37079,10.6,10.493293285369873
19179,10.2,10.435518264770508
17147,9.6,9.496570587158203
06099,10.6,10.244843482971191
47097,12.4,11.166606426239014
22009,11.7,11.117982387542725
35017,10.5,10.136631965637207
26041,11.2,10.250965118408203
39065,11.9,10.779058933258057
38095,11.1,9.768232345581055
51173,11.2,11.201374530792236
48155,10.6,10.163313388824463
24001,12.1,10.33356523513794
42051,11.3,10.880659103393555
54057,11.6,10.733973026275635
05043,11.3,10.575120449066162
28097,11.3,11.007240772247314
29081,10.6,10.185517311096191
29211,10.6,10.159542083740234
51015,9.8,9.78687047958374
28087,10.2,10.691840171813965
29227,10.4,9.789289474487305
36075,11.2,11.488063335418701
39173,11.2,10.061351776123047
55109,10.4,9.120650291442871
17135,9.8,10.154280662536621
18099,10.8,10.294042110443115
20151,10.4,9.550829887390137
22121,10.7,10.261654376983643
21171,11.2,11.405330181121826
04019,10.2,9.860670566558838
48295,9.9,9.882874011993408
40139,11.3,10.505795955657959
47129,11.8,11.150296211242676
46043,9.6,9.175609111785889
18165,11.6,10.637163162231445
46063,9.0,8.730030536651611
19123,9.8,9.777363300323486
36059,8.9,8.811689853668213
38003,10.3,8.910382270812988
34025,9.5,9.522114753723145
38045,9.7,9.16935110092163
17083,10.1,9.8475980758667
54047,13.4,12.46015214920044
54031,12.2,10.669110774993896
54097,12.4,10.86291217803955
48021,9.5,9.761297702789307
51127,9.7,9.730279922485352
12109,8.6,9.37982988357544
53055,10.8,10.012353420257568
55009,10.9,9.730592250823975
18017,11.3,10.412192821502686
28133,11.1,11.391529560089111
29027,10.7,10.026007652282715
42077,10.6,10.35046911239624
47043,11.5,10.265854358673096
40063,12.9,11.506507873535156
16083,10.8,10.154582977294922
44005,10.7,10.143694400787354
20201,10.2,9.438173770904541
38025,10.5,9.034880638122559
47013,11.8,11.01671028137207
18157,10.4,10.380023002624512
47027,11.5,11.238171100616455
21131,12.0,12.789981842041016
21133,11.6,12.74433422088623
21141,11.2,10.919826030731201
20197,10.2,9.112771987915039
06053,10.5,9.618587493896484
08029,11.1,10.58080530166626
13077,9.9,9.828736782073975
18039,10.8,10.295967102050781
18087,12.1,10.775760173797607
16001,10.0,9.719726085662842
37161,10.6,10.049551010131836
13313,10.4,10.106950283050537
54003,11.3,10.462370872497559
13101,10.3,10.77378797531128
50005,12.3,10.804455280303955
55021,10.7,9.390772342681885
55029,10.7,9.803966522216797
48491,9.0,8.726632595062256
28055,10.1,10.560401916503906
56007,10.2,9.869740009307861
08099,11.8,10.731271266937256
18019,11.3,10.186586380004883
31103,8.8,8.645687103271484
36003,10.9,11.101175785064697
39155,12.0,10.590736865997314
01115,9.9,10.029200553894043
21145,11.3,10.654409408569336
49057,11.4,10.027778148651123
21157,11.0,10.328892230987549
21159,12.3,11.36898946762085
37183,8.8,9.63846492767334
37193,10.6,10.15160608291626
46037,9.5,9.422388553619385
37093,11.0,10.545145034790039
20099,10.8,10.236731052398682
13141,11.5,10.829550743103027
08053,10.4,9.782810688018799
18111,11.2,10.580021858215332
18151,10.5,10.100310325622559
19055,9.4,9.512728691101074
39073,11.9,10.849610805511475
48501,10.1,9.033576965332031
39031,11.5,10.730335235595703
16005,11.1,10.35608196258545
12115,8.8,10.174408435821533
37047,11.3,10.7273588180542
41051,10.9,9.855019092559814
47141,11.7,10.540385246276855
47091,11.4,10.915346145629883
13227,10.2,10.008780002593994
13247,11.3,10.373351097106934
19035,9.6,9.232686042785645
21107,11.7,10.805293083190918
27013,11.2,10.30331563949585
40145,11.9,10.585588455200195
48163,9.2,9.09894323348999
48367,9.5,9.497366905212402
55031,10.8,9.62072467803955
21195,11.9,12.056434631347656
21219,11.8,10.689993381500244
47109,12.2,10.604411125183105
17173,10.4,9.72324800491333
26005,11.1,10.286060333251953
47111,11.8,10.830177783966064
24039,12.5,10.96621036529541
22019,10.6,10.208052158355713
39035,11.8,11.332190990447998
13117,8.6,8.913309097290039
19133,10.2,9.698414325714111
20043,11.0,9.95278024673462
48285,10.0,9.844634056091309
24035,10.8,9.686420440673828
05025,11.4,10.197834968566895
19017,9.4,9.368399620056152
37083,11.4,11.353155612945557
12003,10.1,10.156288146972656
22069,11.3,10.822303295135498
26013,11.4,10.037444114685059
38081,10.3,8.58657455444336
40149,12.0,10.438709735870361
41041,11.9,9.957300662994385
26051,11.5,10.924869060516357
28117,10.6,10.561163902282715
29083,10.7,10.15854024887085
17085,9.4,9.191215991973877
37141,10.0,10.05020809173584
13249,10.8,10.384172916412354
19125,9.4,9.10317611694336
21115,12.2,11.638746738433838
28105,10.5,10.339451789855957
19175,10.1,9.805317401885986
29203,11.4,10.551694869995117
24041,10.9,9.789557456970215
20001,11.3,10.433977127075195
20017,10.4,9.818024635314941
48093,10.1,9.50061559677124
48497,10.0,9.754112720489502
19059,9.6,8.8286714553833
26003,11.0,9.987197399139404
26043,10.6,9.707004070281982
19085,10.3,9.581121444702148
10001,11.9,10.441253662109375
19075,9.4,8.805031776428223
08107,10.5,9.67458724975586
05147,11.6,10.725324153900146
05073,12.0,10.771638870239258
06043,11.1,10.374048233032227
39067,11.6,10.596441745758057
32023,11.2,10.340862274169922
20105,10.6,9.44173002243042
01001,10.0,9.98914623260498
51810,9.5,9.528265953063965
13021,11.6,11.298801898956299
55039,10.9,9.491836071014404
56043,10.7,9.222434520721436
19111,10.2,10.026581287384033
39169,11.0,10.176848411560059
42069,10.4,10.744932651519775
48447,9.8,9.303984642028809
51109,10.4,10.228445053100586
31111,10.0,9.224658012390137
18139,11.0,10.464973449707031
37089,9.4,9.352616786956787
46053,10.1,9.486197471618652
48311,9.8,9.416115760803223
12011,9.7,9.978625774383545
21125,11.4,11.440034866333008
48121,8.8,9.239611148834229
26061,10.7,10.655203819274902
21237,13.1,12.369732856750488
37057,10.0,9.994658470153809
23005,11.7,10.048197269439697
27019,9.3,9.081026554107666
13291,10.3,9.425585746765137
06007,10.7,11.165560722351074
06023,11.6,10.782967567443848
37011,9.8,9.783706665039062
29097,10.8,10.286539554595947
13175,11.6,10.970624446868896
22057,10.7,10.177746295928955
31039,9.2,8.936842918395996
38011,10.8,9.147410869598389
20085,10.8,10.01298189163208
22091,11.2,11.139889240264893
22105,10.9,10.498384475708008
21041,11.5,11.192936420440674
19043,9.5,10.09550952911377
27049,9.8,9.484325885772705
40135,13.4,11.901439189910889
01047,11.7,11.895089626312256
08049,10.4,10.094545841217041
12069,10.1,9.796580791473389
25009,11.1,10.83288288116455
47131,11.7,10.6278715133667
25025,11.8,10.509493350982666
48005,11.0,9.955821514129639
46127,8.9,9.016377449035645
46039,9.5,8.32762098312378
45017,10.6,10.129286766052246
13063,11.5,11.698169231414795
13133,10.1,9.921259880065918
27093,9.6,9.351294040679932
55111,11.3,9.241879940032959
05095,11.9,11.04923677444458
34017,9.0,9.589262962341309
05017,11.7,11.081954002380371
19171,10.1,10.003475666046143
06109,10.5,10.070452690124512
38047,10.9,8.33672046661377
29019,9.8,10.472827911376953
37179,9.3,9.507514476776123
55115,10.7,10.055526733398438
21067,10.7,10.370508193969727
46115,9.4,8.591731548309326
06025,10.2,10.651435375213623
06097,10.2,9.926636219024658
23013,11.2,10.486151218414307
28121,9.7,9.885917663574219
08043,10.7,10.089247226715088
27165,9.9,9.728725910186768
01093,10.7,10.467037200927734
06015,11.6,10.701464176177979
26131,11.4,9.948673725128174
31107,9.6,9.253493785858154
48113,8.9,9.829075813293457
48019,9.4,9.325822353363037
51177,10.2,9.822467803955078
48167,9.7,9.336555480957031
13093,10.6,10.925913333892822
17107,10.4,9.829711437225342
18027,11.7,10.47529125213623
50001,11.1,10.344155311584473
51003,9.3,9.343619346618652
41017,10.6,10.169697284698486
41033,11.9,10.83507490158081
31055,9.1,9.06296157836914
34001,9.9,10.67315673828125
05109,10.9,10.0339674949646
54065,11.5,10.095876216888428
51750,11.6,11.463752746582031
41065,11.5,10.16658878326416
30083,10.9,9.31383991241455
37053,9.7,9.84595012664795
04007,11.3,10.56688117980957
21103,11.2,10.870567798614502
31143,9.2,8.755563735961914
28119,12.0,12.359622478485107
28081,10.2,10.008057117462158
28029,10.7,10.981196403503418
20037,11.0,10.250624179840088
25017,10.8,9.679294109344482
35025,11.2,9.889269351959229
36063,11.1,10.981786727905273
01027,11.0,10.642122745513916
12087,8.9,9.771283149719238
48323,9.7,9.580261707305908
22109,10.6,10.29817008972168
17035,10.2,9.974863052368164
53037,11.9,10.854787826538086
36029,10.9,11.290914058685303
35011,10.8,10.12084436416626
24019,12.1,10.651723861694336
13243,12.5,11.902866840362549
21023,11.4,11.224936485290527
40009,11.8,10.130441188812256
47173,11.7,11.059110641479492
05047,11.1,10.86809492111206
29117,10.7,10.531052112579346
36055,10.6,10.942523956298828
12075,10.3,10.568868637084961
21199,11.6,11.402077674865723
22049,11.0,10.714994430541992
30017,10.9,9.355400085449219
19105,9.3,9.164156436920166
37013,10.7,10.3921799659729
46093,9.3,9.08533000946045
48161,10.1,9.975697040557861
53033,9.3,9.508020877838135
12037,10.0,10.5932297706604
30021,11.0,9.254488945007324
47081,11.6,10.560360431671143
31065,9.5,9.211062908172607
48001,9.6,10.076823234558105
46103,9.2,9.52729320526123
51153,9.4,9.1417555809021
54023,12.2,10.372941493988037
04005,11.1,10.039844036102295
21221,11.5,10.38426923751831
25021,11.3,9.987221240997314
29173,10.5,10.060918807983398
46015,10.0,9.649092674255371
48383,8.8,9.336409568786621
51683,9.4,9.611614227294922
50009,12.4,10.36077356338501
51067,10.0,10.2548246383667
28073,9.8,10.053979396820068
33013,11.5,9.886316776275635
06033,10.8,10.86019229888916
06061,10.1,9.4938383102417
17087,9.6,10.003174304962158
18141,11.3,10.306037902832031
16073,10.9,10.306217193603516
06019,10.8,10.370507717132568
16087,11.2,10.279909133911133
24031,9.4,8.998908519744873
54103,12.6,11.059217929840088
53065,11.7,10.98881483078003
31017,9.4,8.574784755706787
29005,10.4,9.41611385345459
27071,10.4,9.871242046356201
21225,11.5,11.06680679321289
48465,9.2,9.634456157684326
49049,10.4,9.76468801498413
53031,11.2,10.453781604766846
30005,12.3,11.484315395355225
46105,8.9,8.7889084815979
17101,10.5,10.410980701446533
30007,10.9,9.635635375976562
06113,10.6,10.246631145477295
48241,10.9,10.694026947021484
30111,11.7,10.139735698699951
13121,9.5,9.317491054534912
39119,11.1,10.829517364501953
20163,10.3,9.27607774734497
29099,10.4,9.846515655517578
30089,11.0,10.288210391998291
54079,11.5,10.113824367523193
13087,11.3,10.946253776550293
22043,10.3,10.228397846221924
13217,11.4,10.50606632232666
30047,12.1,10.804521083831787
35005,10.9,10.624682903289795
42091,9.9,9.172866344451904
48237,9.7,9.834045886993408
41021,11.3,10.110795497894287
12103,9.7,10.093703269958496
16049,11.0,10.142302989959717
06013,9.5,8.624799251556396
12033,10.4,9.575078010559082
37189,9.9,10.780285358428955
01117,9.5,9.588124752044678
20077,11.3,10.347838878631592
37003,10.1,10.101015090942383
13135,9.5,9.460553646087646
13109,11.6,11.046139240264893
47061,11.6,10.711825370788574
51013,9.0,8.717114925384521
51193,11.0,10.560218811035156
51019,10.0,9.781414031982422
53021,12.0,10.207342147827148
13035,10.5,10.308253765106201
13277,11.0,10.703413009643555
46023,10.4,10.840759754180908
06111,9.8,9.376184463500977
13105,11.1,10.48795223236084
26141,11.2,10.368432998657227
29021,11.0,10.07208251953125
39089,11.1,9.991896152496338
21055,11.2,10.659749031066895
06001,8.9,8.74405574798584
41061,12.0,10.622353553771973
24003,10.4,9.301832675933838
45015,9.9,9.727022171020508
17143,10.3,10.358118057250977
49037,13.3,11.413169384002686
48039,9.1,9.199156761169434
55067,11.2,9.89527416229248
29145,10.4,10.48140811920166
16035,10.6,9.842538356781006
05107,12.8,11.568463325500488
39001,11.9,11.287796020507812
04001,15.1,12.515624523162842
18153,11.1,10.35320234298706
06017,9.8,9.636079788208008
38065,10.3,9.15806531906128
53053,12.3,10.396461486816406
35045,13.4,11.488268375396729
21059,10.9,10.744503498077393
54051,12.2,10.532103061676025
18177,11.9,10.602808475494385
42039,11.0,10.355398178100586
49019,11.3,9.551496505737305
48377,9.9,10.027921676635742
06105,10.8,10.51529598236084
36101,10.8,10.887805938720703
36043,10.8,10.657474040985107
42067,10.8,10.460448265075684
51163,10.1,10.085273265838623
16079,12.4,10.449420928955078
22115,10.3,10.218838214874268
28093,10.7,10.739025115966797
41029,11.9,11.059256076812744
44007,12.6,10.486021518707275
48015,9.9,9.667729377746582
49021,11.1,10.161561965942383
04027,9.8,10.447855472564697
22045,11.4,10.862395286560059
34021,9.4,9.435287475585938
39019,11.2,10.587391376495361
04009,10.8,10.567182540893555
17031,9.2,9.81950569152832
51161,9.8,9.706088066101074
12131,9.7,10.304491996765137
51035,10.8,10.40308141708374
35039,11.1,11.273520469665527
13049,10.3,10.396103382110596
16039,10.8,9.674039363861084
16051,10.9,10.182434558868408
17105,10.2,10.049080848693848
21179,10.7,10.249231338500977
29043,10.3,9.917574882507324
29195,10.5,10.151069164276123
38101,10.4,9.022048473358154
51185,10.4,10.800108909606934
04021,11.0,9.958396911621094
36069,10.9,9.908967018127441
19023,9.5,9.299500942230225
21207,12.5,11.238749027252197
22075,10.2,10.212424755096436
32031,10.9,9.748215675354004
47099,12.1,10.464282512664795
05045,10.5,9.995316505432129
06107,10.6,10.425434589385986
54055,12.5,10.791730403900146
29155,12.0,11.480526447296143
53047,12.2,10.711615562438965
42027,10.3,10.686131477355957
48455,10.1,10.230973720550537
54061,12.1,10.418179988861084
53005,11.9,10.283723831176758
22073,11.1,10.858581066131592
12129,9.8,10.259511470794678
38001,10.5,9.006051540374756
22001,10.9,10.685137271881104
31179,9.1,9.201924324035645
37167,10.0,9.82756519317627
48029,9.8,9.688364505767822
05103,11.5,10.494167804718018
53035,11.2,10.140717029571533
31061,9.5,9.758663177490234
21015,10.3,9.572281837463379
28151,11.1,11.599940776824951
42007,10.6,10.109838962554932
46109,10.8,10.879133224487305
51027,11.6,11.40590238571167
54021,11.2,9.995904445648193
51025,11.1,10.925756931304932
16059,10.8,9.865951538085938
38021,10.5,8.772890090942383
38085,15.8,12.635230541229248
46019,9.5,9.433012008666992
17161,10.0,10.457309246063232
23009,11.5,10.655021667480469
38057,10.6,9.061461925506592
13207,10.4,9.941005229949951
27037,9.7,9.394304275512695
53009,12.0,10.280559539794922
28017,10.9,10.963907241821289
46075,9.0,8.766877174377441
42081,10.4,10.412399291992188
06037,9.1,9.495843887329102
37085,10.4,10.080319881439209
06063,10.4,10.136754035949707
12093,10.4,10.18064832687378
21111,10.8,10.552961826324463
20143,10.5,9.494919300079346
26115,11.5,9.77065896987915
20097,10.0,9.796203136444092
40075,12.5,10.875334739685059
48363,10.0,10.102353572845459
53075,12.7,10.889298915863037
55075,11.3,10.235135555267334
29186,10.5,10.19967269897461
51181,11.0,10.47480297088623
36081,8.6,9.635851860046387
48201,9.1,9.689778327941895
54107,12.2,10.900289535522461
39113,11.1,11.066226482391357
49045,11.1,9.917874336242676
06041,9.3,9.293920993804932
30015,11.3,10.708069801330566
54027,12.3,11.026962757110596
53029,11.1,10.084562301635742
32013,11.2,10.35265302658081
30067,10.3,9.76499891281128
28027,12.2,11.963445663452148
49017,11.0,9.97706127166748
54025,12.4,10.77024221420288
55083,11.0,9.736102104187012
42075,10.4,10.299478530883789
18047,10.6,10.218745231628418
19093,9.5,9.450873851776123
37049,10.5,9.885344982147217
05031,11.2,10.382606506347656
01037,10.6,10.103891849517822
27171,9.7,9.268720626831055
47025,12.0,11.096622943878174
51165,10.1,9.849016189575195
01003,9.7,9.556656837463379
12097,9.3,10.018196105957031
16085,11.0,9.586193561553955
13139,10.2,9.635807991027832
22025,10.6,10.744091510772705
28149,10.5,10.583306789398193
40051,11.9,10.162410259246826
32003,10.4,9.991514205932617
30001,10.9,10.314331531524658
39109,10.7,10.05290699005127
28135,10.5,11.160462856292725
04017,12.9,11.58084774017334
17183,10.6,10.68642807006836
22103,9.8,9.64353609085083
25027,12.2,10.602116107940674
42101,11.6,11.225581169128418
24023,11.1,9.954922199249268
37031,9.9,9.424314975738525
36077,11.2,10.931424140930176
01095,10.4,10.551595211029053
40013,12.7,10.872326850891113
54009,11.7,10.278656005859375
36091,9.9,10.395913124084473
54063,12.0,10.25247859954834
46123,10.5,10.251941680908203
30045,10.8,9.806594848632812
04012,11.0,11.00956392288208
05091,11.6,10.563448905944824
23025,12.4,11.145316123962402
49043,10.4,9.486689567565918
30039,10.7,10.04793119430542
48077,9.6,9.431516170501709
01009,10.5,10.244790077209473
13311,10.1,9.714580535888672
19015,9.8,9.18407678604126
21081,11.4,10.974430084228516
27109,9.7,9.776713371276855
36097,11.3,10.91745662689209
39069,10.8,10.289170265197754
48305,10.2,10.257659435272217
01129,11.0,10.531935691833496
28147,10.8,10.91714334487915
53059,11.7,10.6451096534729
36123,11.1,10.55795431137085
21203,12.1,12.027954578399658
20177,11.4,10.474974632263184
29169,10.0,9.722949028015137
39167,10.8,10.74774980545044
08009,12.3,10.955058574676514
20025,10.3,9.35711669921875
17079,9.9,10.030686378479004
20093,10.6,10.417318344116211
35033,10.1,10.349033832550049
48457,10.1,10.190649032592773
40003,10.8,9.471580028533936
21003,11.3,10.973801136016846
38027,11.0,9.460304260253906
47087,12.0,10.565370082855225
48405,11.1,10.70360279083252
01059,10.6,10.290278434753418
29167,11.3,10.092570304870605
39131,12.4,11.109980583190918
51057,11.7,10.910357475280762
48495,9.7,9.288800239562988
42005,10.9,10.575644493103027
29205,10.8,9.971863746643066
37039,10.4,9.460153579711914
01119,12.1,11.793290138244629
51091,9.2,9.755190372467041
29171,10.1,9.853631496429443
30085,14.4,11.89784288406372
42087,11.2,10.770649909973145
37001,10.2,9.896771907806396
27067,10.2,9.454073905944824
56027,11.4,10.178045749664307
48365,10.7,10.352538108825684
05051,10.6,9.852936744689941
05055,11.2,10.406164169311523
47143,12.1,10.60915231704712
26105,11.0,10.497778415679932
21233,11.3,11.188062191009521
55089,10.1,9.928072452545166
22055,10.2,10.049016952514648
38039,10.0,8.13282036781311
48409,9.5,9.470476150512695
39049,10.4,10.308821678161621
48463,9.5,9.749113082885742
18025,11.6,11.372166633605957
26099,11.7,10.34682321548462
38049,10.2,8.727625370025635
45045,9.1,9.385427951812744
12043,10.2,10.284300327301025
17017,10.0,10.128654479980469
20009,10.5,10.28437089920044
26075,11.7,10.411153793334961
31149,9.1,8.291604995727539
53027,12.1,10.477699279785156
13027,11.4,11.067185401916504
55071,10.4,9.766777992248535
30035,14.8,12.264211177825928
13107,11.5,11.041818618774414
42033,10.9,10.472375869750977
24029,10.8,9.893062591552734
47015,11.8,10.650059700012207
37135,8.9,9.6852707862854
48439,9.4,9.18451976776123
17055,10.6,10.767698287963867
18121,11.5,10.36103868484497
19047,9.5,10.227086067199707
48243,9.6,9.198500633239746
13279,11.0,10.92550277709961
54017,11.7,10.326812744140625
19087,9.7,9.428139686584473
13293,11.5,10.648179531097412
47185,12.0,10.527876853942871
20127,10.4,9.532957077026367
48379,10.0,9.62798261642456
48397,9.4,9.181129932403564
48477,9.9,9.254497528076172
40091,13.1,11.769388198852539
49031,11.9,9.602773666381836
51053,10.9,10.370517253875732
08007,10.5,10.009454727172852
37035,9.8,9.864368438720703
38087,9.8,8.482593536376953
28065,10.9,11.133126258850098
55119,11.0,9.741609573364258
48009,9.9,9.750172138214111
13155,11.1,10.621852397918701
48065,9.5,9.62504243850708
20145,10.1,9.789598941802979
18001,11.9,10.626238346099854
34029,9.5,10.302856922149658
22033,10.4,10.29254961013794
26091,11.6,10.157679080963135
19009,9.9,9.290138721466064
26049,11.5,11.163016319274902
27075,9.9,9.656702041625977
13303,11.3,10.525608539581299
32005,10.3,10.073141098022461
16061,11.1,10.563088417053223
22027,11.5,11.168416500091553
50019,12.1,10.615193367004395
41035,12.0,10.689841270446777
26103,11.3,10.054420948028564
08121,10.9,10.125959873199463
42089,10.6,10.36061716079712
28009,10.7,10.827367782592773
31161,9.1,9.968017578125
37173,11.5,10.29455852508545
31029,9.5,8.968541145324707
22015,10.4,10.067596912384033
53049,11.9,10.331939697265625
17123,10.3,9.39643669128418
47075,12.8,10.963572978973389
47105,11.0,9.614681720733643
20053,10.2,9.562568664550781
55051,10.4,9.733281135559082
18109,11.3,10.145538806915283
51770,11.3,11.547821044921875
48419,11.0,10.86722183227539
16011,11.2,10.372116088867188
05049,11.8,10.034001350402832
22065,12.2,11.567623138427734
08119,10.7,10.028735160827637
40017,11.2,9.920315742492676
51047,10.4,10.01147174835205
40077,13.3,11.009881973266602
26079,12.0,10.919053554534912
12053,10.0,10.291079044342041
28157,10.8,11.218523025512695
40107,13.0,11.567570209503174
55078,14.2,11.687403202056885
39097,11.3,10.246297836303711
26129,11.6,10.712266445159912
29157,10.4,10.094107627868652
48135,9.6,9.326090812683105
12051,10.0,10.420866966247559
28067,10.0,10.665306091308594
34035,8.3,8.766688823699951
17111,9.5,9.531967639923096
19091,9.9,9.668633460998535
37015,11.1,11.172857284545898
19103,9.3,10.09410285949707
47007,11.6,10.815169334411621
45069,11.3,11.268861293792725
26071,11.6,10.412089347839355
27055,10.0,9.230154514312744
27169,10.0,9.739883422851562
05129,11.5,10.521224975585938
37041,10.6,10.697216033935547
29035,11.3,10.09104585647583
05005,10.6,10.061400890350342
34027,8.5,8.981237888336182
40137,12.2,10.575601577758789
29187,10.5,10.310778141021729
26077,11.9,10.399192810058594
37171,10.5,10.184033870697021
18071,11.4,10.640427112579346
51036,11.4,10.642130374908447
21177,11.4,10.8619966506958
37195,11.1,10.719628810882568
46119,9.0,8.597068309783936
41011,11.4,10.531176567077637
54089,12.7,11.372486591339111
26127,10.8,10.517142295837402
27051,10.1,9.220056056976318
19019,9.7,9.467276573181152
22119,11.4,11.361997604370117
19037,9.7,9.528034687042236
17193,10.9,10.501762390136719
48133,10.0,10.227859020233154
21109,12.4,12.310638904571533
08065,9.8,9.86055326461792
48417,10.1,9.100824356079102
48257,10.4,9.916516780853271
48203,10.5,10.52618408203125
36023,11.2,10.866710662841797
31071,8.8,8.611391067504883
22097,11.3,11.382439136505127
36105,10.8,10.850725650787354
51680,10.7,10.50335168838501
06075,8.5,8.714721202850342
20181,10.9,9.473981857299805
39147,11.4,10.55693531036377
17203,10.3,9.70258378982544
48481,10.1,9.972601890563965
29177,10.8,10.040413856506348
51678,10.0,10.24970293045044
05003,11.4,10.63604736328125
54033,11.8,10.935399055480957
55077,11.4,9.895387649536133
05007,9.8,9.893092155456543
29091,11.4,10.667749404907227
12095,9.9,10.00163459777832
18041,11.8,10.721271991729736
40027,11.6,9.805025577545166
29183,10.2,9.514955997467041
48185,10.0,10.10631513595581
21119,12.7,12.319122791290283
20111,10.7,10.537566184997559
47167,11.7,10.205923557281494
21013,12.0,12.375059604644775
45001,10.2,10.226491928100586
40093,11.5,10.001841068267822
46025,9.2,9.343434810638428
46135,9.1,8.982693195343018
01103,10.3,10.224257469177246
39009,11.1,11.44226360321045
28021,11.9,11.700950145721436
13131,11.6,10.623754024505615
29111,11.0,10.051244258880615
28153,10.5,10.68306016921997
39037,11.1,10.318777561187744
30073,11.5,11.277860641479492
20159,10.5,10.173220157623291
41027,10.5,9.877973079681396
42041,10.3,10.10833740234375
21123,12.0,11.144962310791016
42061,10.4,10.101291179656982
55081,10.9,9.979577541351318
19113,10.1,9.74924898147583
17179,9.9,9.48561716079712
05099,11.6,10.785581588745117
13019,11.2,10.703548431396484
22063,10.0,9.908329963684082
47045,11.9,10.423193454742432
46079,8.9,9.25128984451294
45023,10.9,10.667219638824463
46047,9.9,9.7107834815979
47083,11.6,10.513279438018799
45043,10.2,9.99801778793335
49009,11.0,8.966712951660156
47135,11.8,10.975187301635742
47161,11.2,10.328624725341797
36049,10.9,10.26181936264038
12085,9.4,9.636096954345703
21077,11.2,10.848597049713135
12047,10.9,10.657221794128418
05071,11.3,10.26841402053833
19039,10.0,10.031568050384521
27153,10.4,10.212735176086426
31115,9.1,8.453540325164795
46045,9.4,8.528911590576172
47107,11.2,10.439838409423828
51169,11.1,11.133440971374512
37023,10.1,10.390594482421875
27063,9.4,9.652071475982666
48101,10.8,11.048680305480957
45021,10.7,10.43425989151001
45061,11.7,11.129732608795166
16063,11.0,10.091041088104248
08071,11.0,10.627626895904541
19195,9.7,9.211852073669434
29037,10.0,9.885762691497803
39005,11.1,10.314282894134521
38097,10.3,8.838834762573242
08059,10.8,9.58252763748169
17039,10.1,9.916522026062012
37191,10.4,10.435672283172607
45059,10.5,10.488959312438965
45077,10.5,9.979517936706543
51093,10.4,10.163883686065674
30093,10.7,10.433004379272461
29033,10.5,9.98356819152832
50011,12.1,10.656999111175537
29131,10.5,10.4227933883667
51790,10.8,10.263431549072266
26069,11.5,10.637536525726318
28131,10.6,10.52502965927124
13073,10.2,9.27329397201538
35035,11.4,10.781506061553955
06069,9.8,9.977076530456543
21005,11.2,10.561604022979736
36019,11.3,10.718550205230713
13219,9.2,9.19313383102417
19121,9.2,8.994669437408447
18043,10.9,10.36253833770752
22079,10.8,10.501055240631104
17063,9.7,9.619787693023682
05085,10.9,9.92610502243042
21061,11.3,10.919679164886475
31079,9.3,9.268348217010498
37163,10.6,10.592545509338379
47049,12.1,11.1312837600708
51037,11.5,10.76049518585205
13239,11.3,10.537608623504639
36109,10.6,10.612652778625488
47041,12.3,10.74220085144043
18021,11.1,10.530034065246582
17027,9.8,9.374226093292236
29071,10.4,10.002212047576904
20135,10.6,9.700747013092041
18119,11.2,10.514997482299805
17097,9.1,9.18929147720337
29121,10.4,9.772576332092285
29135,10.7,9.828609943389893
22061,11.3,10.695558547973633
47119,11.0,10.158590316772461
49011,10.8,9.504206657409668
53003,12.3,10.24833631515503
26153,12.2,10.576175212860107
21183,11.5,11.088027477264404
37097,9.9,9.401066780090332
48147,9.9,9.830331802368164
46077,9.0,8.597942352294922
48483,10.1,10.266119480133057
51029,10.9,10.630689144134521
48107,10.0,10.036765575408936
21075,12.5,11.26179552078247
37123,10.1,10.094850063323975
19067,9.8,9.676029682159424
42023,11.0,10.436542510986328
27101,10.2,9.070483684539795
01005,11.2,11.096878051757812
30109,10.9,9.540597438812256
39099,11.3,10.783495903015137
08037,10.4,9.507038116455078
13169,10.9,10.241057872772217
21099,12.1,11.35987901687622
31159,8.8,8.880868911743164
42093,10.7,10.188499450683594
27105,10.0,9.588930130004883
42099,10.6,10.452692985534668
05023,10.8,10.030797481536865
05027,11.2,10.6912522315979
05029,11.4,10.392879009246826
31165,9.6,8.998054027557373
37111,11.0,10.126975059509277
11001,10.4,10.378405570983887
12027,10.3,10.557847499847412
13089,10.6,10.01826810836792
47181,11.6,10.509543895721436
20075,10.1,9.407548427581787
28033,9.9,10.070441722869873
47065,11.0,9.704912662506104
16047,11.2,10.379858016967773
36039,10.6,10.313477039337158
31121,9.5,8.760267734527588
50025,12.0,10.842636585235596
38031,10.3,8.839416980743408
27097,10.0,9.825372695922852
13267,10.6,10.124832153320312
13167,10.9,10.63709545135498
13015,10.5,9.914443969726562
01011,11.9,11.385468006134033
51021,9.8,10.25355577468872
48031,9.8,8.7863130569458
51690,12.0,12.042543888092041
51085,10.1,9.427413940429688
21035,11.1,10.834026336669922
27061,10.3,10.06161117553711
08083,11.8,10.29228162765503
21185,9.6,9.455862522125244
17011,10.4,9.927435874938965
40037,12.0,10.930049419403076
48269,10.5,10.391609191894531
40041,13.1,11.385067462921143
13013,10.2,9.913170337677002
39017,11.4,10.330243110656738
39027,11.6,10.79425859451294
13159,10.7,10.27413558959961
24009,10.6,9.5693998336792
21087,11.7,11.313247203826904
51071,10.4,10.271811962127686
54005,12.5,11.698267936706543
01079,11.2,10.706695556640625
12039,11.1,11.384181022644043
13095,12.4,11.632384777069092
28113,11.5,11.214189529418945
50017,11.9,10.440669536590576
39029,11.0,10.440239906311035
48169,8.7,9.348164081573486
48223,10.1,10.034158706665039
36121,10.5,10.480386734008789
36067,11.5,11.22439956665039
31083,9.0,9.501324653625488
48489,9.1,9.927555084228516
01113,11.6,10.784026145935059
19013,10.7,10.04694652557373
26133,11.8,10.899643898010254
19157,9.7,9.46898603439331
37103,10.8,10.709325313568115
48415,9.9,9.434620380401611
51199,9.3,9.136558532714844
13281,9.7,9.464871883392334
23011,12.2,11.040232181549072
16023,11.4,10.687914371490479
48429,9.7,10.095125675201416
29159,10.8,10.216429233551025
30065,11.1,9.992192268371582
40129,11.9,10.293760299682617
19073,9.7,9.28217077255249
27015,10.2,9.120692253112793
21033,11.0,10.562828063964844
46097,9.1,8.912553310394287
54001,12.3,11.439465045928955
47113,11.7,10.504269123077393
55117,10.3,10.02208137512207
26047,10.7,9.98384952545166
45071,10.1,10.22181224822998
18067,11.4,10.592805862426758
13079,10.7,10.457169532775879
36017,11.0,10.93770980834961
55079,11.7,10.670313835144043
48265,9.7,9.319913387298584
37065,11.1,11.395067691802979
48145,10.9,10.981543064117432
01039,10.4,10.32349157333374
12065,10.1,10.363190174102783
48233,9.9,9.834373474121094
12035,9.3,9.584107398986816
13033,11.3,10.257235527038574
16009,11.5,10.511698722839355
31051,9.4,9.03102159500122
13163,12.3,11.00052785873413
36061,9.4,10.150454998016357
27139,9.8,9.171579360961914
39057,10.8,9.9667067527771
37107,11.0,10.818658351898193
13029,10.0,9.713199615478516
01025,11.5,10.960448265075684
26119,11.3,10.808706760406494
28123,11.2,11.111011505126953
42025,10.5,10.281073570251465
31009,9.8,8.793635368347168
20207,10.9,10.008611679077148
05089,10.9,10.094281673431396
19139,9.7,9.731573581695557
31025,9.1,8.77254581451416
05079,10.8,10.19714641571045
34009,9.8,9.967297554016113
17081,10.4,10.518430709838867
13205,11.8,11.011012077331543
19003,9.8,9.488609790802002
31021,9.2,9.240265369415283
17159,10.1,10.108706951141357
01099,11.3,11.04115104675293
17113,10.1,9.879277229309082
22127,10.6,10.415227890014648
36095,11.5,10.379427433013916
46005,9.7,10.06564712524414
51011,11.3,10.319538593292236
55011,10.5,9.192255020141602
18073,10.7,10.228180885314941
48289,10.3,10.009490489959717
48309,10.3,10.033058643341064
13151,10.8,10.19546127319336
16057,10.6,10.476042747497559
13059,10.7,10.737196445465088
19143,10.1,9.475494384765625
12101,9.6,10.05171823501587
21053,12.1,11.698617458343506
42049,10.7,10.999144077301025
16077,10.9,10.068009853363037
20095,10.6,9.651972770690918
31091,9.2,8.915915966033936
47177,12.3,10.696125984191895
55023,11.2,9.825892448425293
27059,10.0,9.853163719177246
48089,9.8,9.6954927444458
55005,11.2,9.8841552734375
08025,10.3,10.446453094482422
48227,9.4,9.235016822814941
48423,10.5,9.884585857391357
46051,9.2,9.035096168518066
48247,9.1,9.621723651885986
18175,11.5,10.414889812469482
42011,10.4,10.639484882354736
51530,11.6,12.06894588470459
53069,11.9,10.028340339660645
13111,10.4,9.556078433990479
18115,10.9,10.200781345367432
19051,10.2,9.806224822998047
29213,10.6,10.399399280548096
48195,9.5,9.790380954742432
01131,12.4,11.974647045135498
17065,10.6,9.963688850402832
48451,9.8,9.488949298858643
39157,11.6,10.504860877990723
39151,10.7,10.895368099212646
29207,11.2,10.650166988372803
31023,8.7,8.690829277038574
48193,10.1,9.984557151794434
05065,10.6,10.17296028137207
29215,10.7,10.5183687210083
18075,11.6,10.892195224761963
28069,10.4,11.250258445739746
33011,11.4,9.590394496917725
17021,9.8,9.933075428009033
21129,12.1,12.41112232208252
47017,12.2,10.732160091400146
51063,10.1,9.908487796783447
31113,8.6,9.083788871765137
20183,10.3,9.597911834716797
35055,10.2,10.231269836425781
05131,11.5,10.49794864654541
23015,11.6,10.553150177001953
13221,10.5,9.919290542602539
30055,10.1,9.10233211517334
48361,10.2,9.887046337127686
48043,8.8,8.937940120697021
06045,10.7,10.53857421875
56017,10.7,9.566799640655518
51001,11.2,10.517667770385742
30063,10.8,10.179428100585938
51105,10.9,10.993748188018799
17181,10.0,10.625119686126709
36031,10.8,10.110505104064941
22005,9.9,9.84677505493164
06073,9.3,9.035145282745361
51059,8.3,8.624141216278076
22125,9.3,9.932183265686035
53017,11.2,9.877396583557129
05135,11.1,10.528811931610107
27021,10.1,9.783138751983643
20103,10.1,9.603862762451172
37185,11.0,10.887701034545898
26029,11.2,10.12564992904663
13225,11.2,10.433196544647217
21027,11.7,11.350918292999268
45003,10.4,9.683247566223145
47009,11.7,10.005415916442871
25023,11.7,10.332568645477295
45053,10.1,10.227541446685791
55057,11.2,10.401342391967773
05077,11.6,10.910783290863037
01063,12.4,12.192380428314209
06051,10.2,9.686112880706787
33003,11.1,10.20871639251709
17141,10.4,9.645810604095459
41005,10.5,9.765335083007812
45047,10.6,10.281992435455322
27125,10.0,9.228303909301758
47175,11.7,10.46947431564331
21113,10.5,10.72992753982544
55045,10.8,9.304490566253662
31141,9.1,8.947507858276367
47011,11.4,10.137677669525146
16017,10.8,10.143537044525146
48351,11.2,10.917740821838379
51089,11.1,10.867587089538574
41057,11.4,10.591715812683105
51119,10.4,9.72695541381836
46009,8.9,9.156389236450195
48127,10.2,10.429973125457764
37165,11.4,11.251733303070068
38009,10.5,8.484715461730957
29143,11.5,11.092058181762695
06049,10.9,10.401729583740234
22077,11.1,10.59460973739624
47123,12.0,10.510915756225586
06035,10.7,10.070242881774902
18123,10.6,10.235053539276123
38055,10.3,9.162728786468506
16055,11.2,10.319867134094238
32033,10.9,9.825783729553223
41045,12.0,10.22773265838623
28115,10.0,10.270444869995117
21235,11.9,11.551571369171143
27127,10.1,9.83723258972168
35043,11.3,10.130204200744629
41023,11.7,10.709295272827148
27115,10.2,10.061961650848389
06031,10.5,10.198703289031982
53025,12.2,10.595980167388916
22107,12.0,11.478028774261475
48037,10.3,10.360740184783936
55033,11.0,10.00605821609497
55095,11.1,9.254770755767822
56029,9.9,9.415458679199219
06047,11.1,10.297459125518799
13031,10.9,10.90045166015625
54077,12.6,10.642443180084229
24027,9.7,8.720977306365967
17163,10.5,10.477636337280273
22085,11.3,10.660863876342773
33007,11.5,10.438301086425781
24043,12.2,10.160189151763916
48097,9.9,10.077282905578613
23007,11.8,10.84791088104248
20049,11.3,9.87444257736206
47151,11.9,11.567145824432373
21101,10.8,11.105723857879639
38029,10.2,9.093501091003418
21127,11.7,12.021555423736572
27029,10.3,10.310805320739746
48453,9.5,9.144558429718018
27137,10.4,10.40877914428711
39117,11.8,10.592836856842041
16037,10.5,9.836665153503418
08073,10.7,10.122888088226318
08117,10.4,9.25062894821167
41019,11.8,10.90685224533081
26089,10.1,9.64365816116333
51171,10.5,10.254555225372314
29045,11.1,10.181568622589111
30019,10.7,8.904212474822998
30079,11.8,9.887030124664307
30009,10.5,9.968632221221924
05145,11.3,10.245841026306152
06079,10.2,9.720900058746338
16027,11.5,10.159417152404785
35009,10.9,10.421728610992432
29189,10.4,10.025375843048096
41007,11.1,10.27724838256836
48137,10.3,9.04161262512207
18063,10.2,9.757142066955566
48411,9.3,9.6976900100708
12067,10.3,10.517237186431885
36073,10.8,10.842832088470459
45009,11.2,11.036871910095215
45013,9.0,9.181080341339111
46099,9.2,9.137813568115234
56035,9.9,9.87175703048706
41069,11.8,10.465346813201904
42029,9.7,9.26622486114502
01091,11.3,10.992845058441162
21073,10.7,10.226178646087646
21029,11.0,10.365888118743896
40007,11.1,9.679893493652344
55061,10.5,9.622373104095459
40045,11.4,9.760871410369873
01097,10.9,10.272582054138184
26125,10.3,9.619443893432617
26145,11.9,10.942008972167969
20167,10.4,10.068994522094727
45031,10.8,10.488686084747314
55139,11.0,9.764904022216797
53077,12.3,10.51179838180542
39133,10.8,10.388813495635986
49003,11.4,9.983169555664062
01077,10.1,10.292281150817871
42009,10.6,10.75505542755127
41039,12.3,10.506899356842041
41043,11.5,10.450235843658447
39127,11.4,11.30671215057373
06039,10.9,10.726074695587158
17073,9.7,9.383437633514404
16033,10.8,10.229560852050781
48217,10.4,9.861592292785645
54105,12.7,11.56746530532837
12079,11.1,10.865450382232666
49051,9.9,9.536158561706543
36045,11.2,10.475798606872559
51083,11.2,10.678710460662842
39139,11.3,10.76259469985962
45073,9.6,9.96288013458252
05087,10.9,10.10726022720337
05101,11.0,10.047256469726562
48343,10.7,10.418733596801758
36025,10.7,10.932320594787598
30049,10.6,9.846467018127441
31049,9.0,8.93502140045166
37121,9.9,9.856693267822266
13125,10.8,10.47953462600708
06083,9.9,9.462478637695312
27077,10.2,9.278841018676758
19169,9.4,9.986324787139893
39123,10.1,10.10250186920166
26139,10.2,9.964687824249268
35061,10.3,10.443408966064453
48381,9.5,9.51043701171875
48073,10.4,10.376054763793945
49015,12.0,10.041287899017334
45091,10.0,9.70002269744873
08057,11.6,10.063178062438965
53019,12.9,10.68634557723999
53057,11.3,10.488687992095947
38007,9.8,8.457433700561523
47021,10.8,10.372166633605957
48445,10.1,9.826783657073975
54071,11.9,10.790083408355713
05035,12.4,10.99897813796997
06071,10.4,9.860841274261475
55035,11.0,10.269690036773682
38053,11.2,9.624444961547852
29003,9.9,9.566142082214355
48085,8.5,9.008738994598389
27003,9.8,9.698261737823486
21149,10.9,10.586249351501465
24045,11.9,10.460777282714844
41001,11.8,10.286639213562012
49005,11.5,10.285750389099121
30013,11.9,10.417559146881104
41025,11.9,10.34123945236206
42053,10.1,10.438506603240967
30053,11.1,10.279620170593262
21227,10.8,10.981462001800537
21039,11.3,11.00377893447876
35027,10.7,9.727564334869385
21047,11.5,10.360103130340576
34005,9.9,9.745171546936035
21135,12.1,12.383597373962402
06077,10.1,10.008783340454102
01107,11.0,10.795846939086914
47157,12.4,11.013006210327148
20133,10.5,10.020049095153809
06009,10.6,10.314586162567139
23017,12.6,11.178865432739258
23031,11.8,10.505560398101807
30033,11.3,9.58298635482788
40101,12.8,11.089321613311768
13269,12.1,11.11182689666748
36089,11.2,11.354389667510986
40065,11.5,10.633419036865234
08093,10.7,9.569414138793945
12105,10.2,9.953193664550781
08123,11.1,9.67320966720581
39161,10.9,10.242023468017578
36071,10.4,10.54968547821045
28063,11.6,11.882244110107422
36115,10.6,10.415370464324951
10003,10.8,9.800045490264893
48229,9.6,10.788720607757568
01021,10.1,10.353813648223877
08045,10.8,10.057505130767822
01067,11.2,10.441190242767334
48435,9.5,9.691543102264404
27123,9.7,9.887377262115479
33015,11.1,9.727030754089355
49039,11.7,10.056063175201416
06093,11.1,10.954444408416748
47139,11.8,10.393823623657227
47029,12.2,10.799163818359375
41015,11.8,10.651188850402832
27135,9.6,9.633440971374512
22041,11.4,11.13897705078125
22029,11.4,11.294833660125732
48473,10.0,10.026120662689209
48291,11.0,10.448745727539062
06067,10.9,9.829238891601562
30099,10.9,10.172318458557129
13129,11.0,10.29317569732666
16043,10.7,9.734453678131104
54037,11.7,10.135762214660645
32001,11.0,10.217395782470703
32015,11.1,9.950667381286621
13295,11.3,10.17341947555542
17197,9.3,9.257904052734375
22011,10.6,10.180047512054443
31033,9.2,9.348731994628906
56025,10.8,9.79019546508789
41013,11.5,10.664367198944092
19119,9.4,8.928851127624512
16069,11.0,10.252777099609375
51700,11.1,10.979627132415771
22051,10.4,10.25356674194336
35057,11.3,10.874764442443848
45055,10.2,9.997230529785156
54053,12.5,11.281113147735596
42115,10.0,10.475259780883789
47057,12.4,10.86696195602417
48025,9.2,9.316017150878906
41037,11.6,10.905863285064697
13153,10.1,9.710490703582764
48469,10.0,9.896449565887451
37045,10.7,10.43673849105835
34011,10.6,10.773711681365967
34039,9.0,9.244576930999756
12015,9.4,9.685882568359375
01123,10.7,10.801478862762451
26081,11.2,10.26252269744873
26083,10.3,9.799326419830322
49035,11.0,9.59167766571045
21181,11.5,11.437853813171387
22087,11.3,10.851014137268066
51061,9.8,9.78153133392334
13145,10.1,9.630261898040771
42059,10.9,10.412350177764893
51069,10.4,9.868470668792725
13071,11.1,11.427452564239502
12029,10.6,10.534293174743652
46059,9.2,8.435409545898438
42045,10.3,10.047671794891357
27069,10.3,9.090017318725586
42035,11.2,10.846699714660645
39115,11.4,11.125064373016357
44009,11.5,10.855857372283936
06095,10.0,9.426244258880615
36111,10.5,10.538700103759766
01125,10.8,10.551109790802002
28011,10.8,11.65793752670288
53041,12.3,10.471745491027832
54081,13.2,10.850817680358887
05125,10.0,9.87021780014038
20091,9.4,9.416417598724365
48277,10.9,10.466489791870117
13231,10.2,9.7273268699646
12086,9.0,10.173015594482422
29139,10.9,10.113344669342041
13185,11.0,10.622480392456055
16019,10.9,10.032347679138184
06115,11.1,10.481968402862549
13317,10.7,10.528547763824463
17071,9.8,9.023030757904053
16015,10.5,9.816005229949951
34007,10.0,10.110514163970947
51175,10.3,9.946483612060547
29017,11.5,10.62480878829956
37143,10.0,10.047861099243164
48299,9.6,9.313779354095459
54007,12.3,11.555354595184326
31063,9.6,9.164541244506836
21097,10.9,10.826830863952637
18089,10.5,10.69362211227417
42073,10.7,10.425956726074219
42079,11.1,10.840961933135986
22053,10.6,10.570608139038086
42095,10.2,10.521097183227539
36103,9.9,9.625950813293457
16025,10.3,10.163933753967285
29107,10.7,9.95938777923584
37177,10.0,10.456629753112793
08033,10.6,9.995621681213379
08051,10.4,10.037446975708008
31139,9.2,8.366266250610352
04025,11.1,10.129096984863281
01049,11.2,10.662991046905518
46111,9.2,9.059464931488037
53007,11.3,10.145103931427002
51087,10.2,9.596120834350586
48245,10.4,9.956046104431152
27083,10.1,10.082870960235596
47125,11.6,10.43724775314331
56003,10.4,9.462117671966553
05067,11.6,10.884812831878662
05069,11.8,10.836365222930908
31027,8.7,8.452247619628906
06027,10.4,9.706945419311523
51670,12.4,11.687292575836182
22101,11.4,10.728371620178223
42129,10.2,10.197675704956055
54087,12.9,11.667825698852539
17043,8.5,9.120240211486816
21089,11.5,10.874275207519531
24037,11.0,9.951539993286133
21095,12.7,12.600065231323242
30071,11.2,9.118743419647217
42111,10.4,10.205068588256836
12059,10.3,10.315170288085938
23003,12.9,11.177719116210938
38093,10.6,9.333789348602295
30037,12.0,10.05950403213501
39061,12.0,10.544148445129395
49013,11.9,10.531829357147217
49041,11.8,9.847301483154297
49047,11.9,10.03792667388916
19061,10.2,9.999383449554443
30025,10.8,9.193019390106201
42001,10.3,9.843550682067871
47133,11.5,11.164137363433838
39055,10.3,9.695607662200928
22023,10.4,9.87572956085205
48349,10.4,10.849639892578125
40085,11.8,10.635478019714355
55003,11.7,10.71725606918335
26033,12.0,10.668632507324219
30081,10.7,10.315864562988281
30029,10.3,9.776405334472656
40033,12.7,10.767337799072266
40067,12.4,10.653213500976562
29179,11.3,10.172680377960205
12077,10.2,10.59322452545166
04015,10.8,10.023961067199707
21105,11.1,10.463692665100098
23029,12.9,10.893052101135254
22113,10.4,10.204229831695557
30087,12.6,10.982481956481934
27007,11.4,10.716889381408691
40131,11.5,10.722469806671143
41063,10.8,9.926460266113281
48053,9.7,9.31171703338623
13289,11.0,10.500301361083984
26097,11.5,10.48853349685669
47089,11.2,10.193390369415283
40151,11.3,9.613089084625244
12127,9.5,9.74938440322876
48095,10.4,8.935138702392578
47149,11.8,10.035764694213867
40103,12.1,10.560957908630371
30059,10.4,9.893498420715332
39023,11.5,10.705620288848877
31123,9.1,9.072314739227295
29109,10.7,10.343055248260498
51167,11.0,11.209969520568848
40089,13.7,11.900598049163818
01105,12.2,11.988524913787842
54043,13.0,11.986330509185791
17125,10.1,10.143425941467285
