county_fips,per_smokin,pred_outcome
13027,19.8,21.595170974731445
31095,14.6,18.100412368774414
51683,12.0,12.275972843170166
56021,13.3,15.562037944793701
13135,11.7,13.849598407745361
20001,16.5,19.831957817077637
27065,17.8,18.177878379821777
28107,20.4,21.770140647888184
31185,14.1,16.29970645904541
42063,,18.653404235839844
48327,14.0,18.304491996765137
29173,18.9,19.053070068359375
48151,13.4,16.185787200927734
51183,17.1,18.84337615966797
47183,19.0,20.07877826690674
26105,15.7,17.26404571533203
48159,13.1,14.74894094467163
08075,16.0,18.708940505981445
22119,22.8,25.541756629943848
31045,12.3,16.3387188911438
51139,17.0,19.573853492736816
13161,20.6,23.739137649536133
18117,19.1,21.516032218933105
27015,14.6,16.352004051208496
31079,14.6,16.40818691253662
21223,,22.206958770751953
55113,17.3,17.02704429626465
41027,11.4,14.244275569915771
21169,,26.69072151184082
26007,17.8,19.592729568481445
19095,14.8,16.5054669380188
13061,17.2,23.007112503051758
18177,19.1,19.04847526550293
29227,19.2,18.300440788269043
31157,14.0,18.944960594177246
39107,15.0,16.731478691101074
01015,16.3,18.94039249420166
37095,19.0,21.68260097503662
19019,15.3,16.327989101409912
27121,14.6,15.337344646453857
21181,,27.5747709274292
42053,,20.733460426330566
46077,14.7,15.791722774505615
48375,17.3,16.356601238250732
48413,12.3,17.015127658843994
51580,19.9,20.06277084350586
54063,20.5,19.658044815063477
48499,14.8,17.293773651123047
18041,20.2,21.559789657592773
28023,19.0,20.7725887298584
04023,11.6,18.052742958068848
17007,14.1,16.171192169189453
28039,18.2,20.123075485229492
37113,14.9,16.074910640716553
40025,13.0,16.3073410987854
01043,16.6,21.08585262298584
39065,17.7,21.549464225769043
20105,16.2,15.61665153503418
22059,18.6,21.32677173614502
36123,14.8,17.42650318145752
21035,,18.592796325683594
48045,16.8,16.615652084350586
48265,12.4,13.619548797607422
20009,16.3,18.979960441589355
16075,14.3,17.30009698867798
48269,17.5,16.031851768493652
39161,16.5,19.657411575317383
46125,15.0,15.663371562957764
19129,13.8,14.59001636505127
26001,15.9,17.93621253967285
48165,16.4,18.49020004272461
13201,17.8,20.505027770996094
18013,15.9,16.218209743499756
19023,15.7,16.77034568786621
40043,17.5,18.02220344543457
31151,14.1,17.606252670288086
37069,14.8,16.765997886657715
21219,,24.08461284637451
48393,12.4,16.212618827819824
54031,21.6,19.61275005340576
48399,14.3,17.0406551361084
48301,,18.011271476745605
31089,14.3,15.481093406677246
17175,15.1,18.62986469268799
48193,15.3,16.92005157470703
16009,16.8,17.876962661743164
19109,14.9,17.433472633361816
28141,19.0,23.384719848632812
31131,13.4,17.061986923217773
46051,14.7,16.447691917419434
16067,13.5,17.44149112701416
19157,14.7,16.51018714904785
22001,21.9,23.97435760498047
37079,19.6,22.476503372192383
42011,,16.746971130371094
51600,9.2,10.022042274475098
48335,16.0,17.561447143554688
51790,13.5,13.832117557525635
20171,13.3,14.604615211486816
31001,13.6,15.599992752075195
45053,14.0,18.415133476257324
38047,14.9,14.369214534759521
29081,19.7,19.757511138916016
20157,16.3,15.926131248474121
28087,15.9,17.40541362762451
51590,19.1,21.244474411010742
51650,14.1,16.326877117156982
05029,18.8,21.250081062316895
17139,16.0,18.64578628540039
19105,16.0,16.95053768157959
27097,16.4,17.768884658813477
29151,16.0,16.765820503234863
40061,20.7,21.533621788024902
46057,14.6,15.689353466033936
54007,24.1,23.867029190063477
05111,20.4,23.447535514831543
21137,,24.279939651489258
17027,14.0,17.394335746765137
37147,13.8,16.185146808624268
29207,21.6,22.723313331604004
17045,16.4,17.940485954284668
21191,,22.007067680358887
36073,15.7,19.633933067321777
38011,13.6,15.297880172729492
01117,10.5,13.019921779632568
13217,14.8,17.135337829589844
39157,17.5,19.297100067138672
19135,15.5,18.185742378234863
18113,17.0,19.093289375305176
29141,21.1,23.0745792388916
36067,11.9,15.97946548461914
48493,12.4,15.995053768157959
46087,14.0,15.451242446899414
48233,14.8,18.61818504333496
51840,15.5,15.718055248260498
40105,20.3,21.539011001586914
31129,13.5,16.36697244644165
48325,12.6,15.681400775909424
17005,15.1,17.732497215270996
45069,21.0,24.573755264282227
39069,15.8,18.017671585083008
21007,,19.25234317779541
46111,16.1,16.706156730651855
48009,14.6,15.746463298797607
21063,,27.845253944396973
38065,13.1,15.420215129852295
37063,10.7,13.096852779388428
19165,15.2,15.673395156860352
19175,15.8,18.01912546157837
47065,15.4,14.23005199432373
55087,12.7,13.763469696044922
17165,16.7,18.81584072113037
47109,22.0,21.64686870574951
31103,13.9,15.084794521331787
31113,12.5,15.480068683624268
40053,16.9,16.336380004882812
46007,28.0,31.317734718322754
48195,13.6,15.54042387008667
19103,10.9,12.621867179870605
17081,16.1,19.930479049682617
47015,20.8,22.756093978881836
18085,16.6,17.55869483947754
20059,16.1,17.71628475189209
27153,17.8,18.79496669769287
38077,13.2,17.117469787597656
23015,12.7,13.975468635559082
20057,15.5,16.62102508544922
17145,17.4,20.41159725189209
17093,11.0,12.421047687530518
29099,16.5,17.85190486907959
29105,21.1,21.925747871398926
26039,17.6,18.44950294494629
29127,17.3,19.17647075653076
42093,,13.960411071777344
26143,16.5,19.007427215576172
12009,12.5,15.153962135314941
31119,14.4,16.990026473999023
31135,13.8,15.996497631072998
35021,14.3,14.570305824279785
51173,18.3,22.460859298706055
27085,14.9,17.371567726135254
48155,18.0,18.297463417053223
31167,13.6,16.35106325149536
31179,12.0,14.710737705230713
38045,13.8,16.21794033050537
39089,15.4,16.971821784973145
05053,15.6,19.655339241027832
47111,22.7,24.224648475646973
20107,16.1,19.269460678100586
20061,16.4,16.85111713409424
19041,15.3,16.74863624572754
20169,15.1,16.204696655273438
20037,16.4,16.96303939819336
48095,15.8,17.696054458618164
48107,15.9,19.801371574401855
26043,15.1,15.494638442993164
37163,17.2,20.91592311859131
48117,15.7,15.450643062591553
26067,16.3,19.475165367126465
21141,,21.591456413269043
48127,18.9,18.958327293395996
27055,13.8,14.825647354125977
51025,17.9,21.11662197113037
27039,13.5,15.238386631011963
27047,16.1,17.592244148254395
26149,17.4,20.33976936340332
17051,17.4,21.861332893371582
17055,17.7,21.124682426452637
48131,14.8,21.705013275146484
21025,,27.307089805603027
27041,13.7,15.001217365264893
46067,14.6,15.712839126586914
48023,16.2,15.782454013824463
46047,17.4,16.409729957580566
46097,15.9,15.649670124053955
25003,12.7,14.213352680206299
27073,14.0,15.35593557357788
44003,12.7,14.606640815734863
51011,15.8,16.67648983001709
31003,14.4,16.647010803222656
56005,15.3,15.79637622833252
45061,18.6,22.399658203125
48047,15.4,19.97950553894043
51013,7.0,8.451478958129883
51065,12.5,12.767480373382568
53021,12.1,16.79856300354004
53059,12.0,15.349212169647217
51109,14.9,15.338016033172607
51115,13.1,14.37546443939209
48191,15.6,20.727004051208496
31023,14.1,15.832875728607178
05065,19.8,20.53900146484375
38043,14.5,15.675760746002197
37077,15.4,17.481143951416016
37109,14.0,16.70850372314453
51660,13.2,15.525343418121338
51690,19.1,19.487706184387207
19001,16.7,16.991307258605957
39073,20.5,21.581892013549805
13243,21.1,22.288037300109863
48507,18.0,19.407812118530273
48011,12.8,15.441359996795654
13265,18.1,21.268661499023438
19035,16.4,17.082813262939453
05025,17.7,20.402411460876465
08091,9.1,11.309640407562256
05147,20.2,22.758663177490234
48429,15.6,17.82016658782959
27109,11.2,13.027354717254639
13301,18.6,21.336286544799805
48359,15.3,17.427600860595703
29089,15.7,17.59897804260254
13125,18.1,21.353805541992188
13085,12.6,14.811821937561035
05123,21.8,26.15895938873291
55125,14.2,14.612220764160156
39093,15.0,17.54489803314209
28135,20.7,25.34798240661621
29021,18.6,17.733196258544922
48187,12.5,14.440731048583984
48235,12.8,17.806364059448242
12027,19.6,22.454212188720703
18039,17.0,17.181721687316895
48237,17.5,18.924243927001953
40037,18.4,20.009087562561035
29169,15.0,17.022318840026855
19039,18.8,19.508020401000977
08079,10.5,11.383840560913086
01061,19.4,20.63791847229004
01017,17.7,20.845670700073242
12081,12.4,17.52557897567749
08121,13.4,17.9459867477417
19079,14.7,16.530985355377197
20139,16.4,18.37144660949707
48311,15.9,14.919110774993896
19093,16.0,16.61562728881836
08099,15.0,17.728854179382324
39135,17.0,19.17739486694336
39137,14.0,16.45295238494873
17179,13.5,15.813365936279297
19161,15.1,16.05030870437622
48403,16.2,18.122251510620117
19181,12.6,14.19456434249878
19107,17.6,16.564942836761475
39155,18.4,18.929503440856934
48463,13.1,17.764975547790527
48469,13.9,17.134312629699707
08025,18.0,22.354251861572266
08027,12.2,13.681207180023193
08005,10.5,12.139939308166504
08043,15.5,16.82834005355835
48261,15.1,18.504648208618164
48433,15.0,17.600123405456543
48227,15.1,18.138294219970703
40001,25.8,26.26895523071289
36039,13.5,17.47283935546875
05047,19.5,23.4945125579834
36041,13.4,16.795289993286133
36113,12.2,14.695964813232422
36057,15.2,19.45932102203369
36093,12.1,15.688998699188232
51137,13.7,14.607407569885254
40091,21.8,23.34553050994873
37075,15.7,19.057438850402832
01131,21.6,23.53222942352295
01107,18.7,21.122511863708496
54061,13.9,14.265954494476318
29063,17.4,19.484024047851562
54085,23.3,24.642820358276367
31061,15.9,17.63468360900879
12007,19.3,21.487049102783203
48021,14.0,15.995359897613525
53051,13.6,15.929780006408691
13019,20.7,21.964844703674316
28067,17.6,20.37357521057129
51023,13.0,15.327656269073486
51067,15.0,16.711341857910156
32029,12.1,12.405153274536133
29139,19.5,21.729580879211426
13229,18.2,20.003164291381836
37127,15.6,17.895336151123047
47051,17.7,18.52913188934326
18035,16.8,19.7478084564209
20159,14.5,17.864876747131348
38049,15.2,15.885393142700195
20103,13.6,15.014743328094482
13079,17.1,21.482677459716797
20141,15.7,16.987531661987305
20163,15.0,15.800029277801514
26087,16.1,17.952247619628906
38041,14.5,17.17694091796875
18179,16.4,18.1362247467041
19087,16.1,17.49645709991455
22091,21.8,22.238893508911133
18097,15.0,16.224672317504883
18159,15.7,16.615047454833984
17141,14.0,16.033268928527832
20161,11.8,13.67467451095581
20089,17.3,17.334006309509277
20143,15.6,15.83152723312378
20179,13.7,16.020180225372314
13193,22.7,24.131484031677246
29015,19.3,21.703816413879395
13249,16.0,20.100682258605957
22049,20.6,24.204980850219727
51720,19.8,21.10458469390869
29067,20.1,23.051804542541504
51710,13.7,15.961320877075195
08001,13.4,14.919885635375977
51740,16.4,18.50571632385254
12023,18.2,20.160590171813965
54019,21.7,21.41247272491455
28099,21.0,22.59284496307373
12053,14.3,18.66054344177246
53069,13.3,14.5654935836792
40119,14.0,16.56175947189331
27139,12.2,12.74904489517212
20145,16.5,17.31215476989746
19155,17.0,16.362271308898926
27089,15.3,16.470946311950684
47131,21.1,20.6079683303833
13227,15.1,16.489778518676758
18095,18.5,18.23286533355713
19141,16.4,18.169119834899902
31143,13.6,15.842276573181152
48035,14.2,17.127231121063232
51167,19.0,23.311376571655273
35028,7.1,10.74193811416626
20047,16.7,18.249852180480957
06075,8.8,8.938556671142578
20075,14.5,16.422587394714355
28003,19.3,20.19224739074707
47115,21.7,22.82285499572754
05095,19.1,22.073948860168457
17039,15.3,16.84224796295166
21085,,24.430442810058594
29205,20.5,20.30174446105957
48347,14.9,16.88136863708496
29181,23.0,24.640565872192383
18147,16.0,17.737221717834473
20173,15.1,15.827885627746582
28005,20.4,23.26830768585205
28033,13.9,15.918602466583252
28085,18.0,20.482864379882812
01007,19.7,22.765707969665527
34019,8.8,11.017375946044922
54095,20.2,21.48058319091797
18031,16.4,18.54871940612793
27013,13.5,14.455263137817383
38061,19.2,18.811816215515137
49007,11.9,18.129234313964844
31009,15.1,15.111488342285156
18087,19.6,20.317602157592773
19015,14.3,14.895074844360352
19099,16.5,16.54600238800049
11001,9.4,10.776144981384277
17195,14.6,17.535816192626953
45003,13.4,16.388739585876465
51043,11.7,13.350902080535889
18157,13.0,13.783417701721191
19081,15.5,16.11631202697754
31101,14.0,16.48133134841919
48171,11.1,13.540567874908447
55015,12.9,12.977781295776367
29051,13.9,15.115787982940674
28155,16.9,20.794114112854004
36037,13.5,17.768047332763672
49039,11.2,17.69872760772705
05127,18.5,22.35385227203369
51135,18.0,20.871329307556152
13123,15.0,17.214608192443848
19069,17.0,18.35250473022461
19123,16.3,17.117793083190918
47079,21.0,21.32960605621338
17115,15.0,17.593238830566406
17151,15.0,20.122560501098633
17155,13.1,15.900844097137451
46043,15.8,17.177478790283203
40145,15.5,16.66991138458252
48069,13.3,16.087856769561768
29073,17.6,18.42882537841797
42065,,20.06636142730713
27105,16.7,16.965429306030273
38031,13.3,15.236445903778076
51169,18.6,22.2638578414917
38039,12.3,14.29383134841919
38073,14.8,16.513418197631836
17197,11.6,12.03787088394165
21107,,20.696823120117188
17041,15.1,18.679950714111328
21157,,17.972192764282227
28017,19.9,21.715481758117676
18151,15.4,16.347397804260254
36033,16.3,19.674431800842285
13129,17.3,18.63247585296631
39047,19.9,21.604220390319824
18053,17.8,19.405648231506348
29059,21.4,23.114980697631836
29057,20.9,22.70875644683838
48441,12.9,14.744576454162598
48303,12.6,15.851770877838135
29155,24.8,24.191909790039062
48449,16.5,20.680304527282715
39077,17.2,21.566579818725586
13215,15.1,18.55824375152588
26023,18.0,21.06561851501465
42001,,15.860280990600586
08003,12.7,16.12626838684082
19183,15.1,16.709063053131104
39097,16.5,18.58487033843994
28123,20.6,22.86163902282715
45079,11.2,15.136291027069092
55017,15.6,16.141535758972168
31059,14.0,15.757053852081299
48103,14.3,14.013208389282227
20119,15.8,16.4716854095459
19139,15.9,16.683945655822754
39123,14.0,16.69758701324463
08019,10.1,11.656617641448975
08035,7.8,9.589294910430908
20081,16.2,16.856593132019043
27083,14.7,17.30916118621826
31017,14.7,16.675064086914062
12113,13.4,18.97964382171631
13025,19.6,21.729567527770996
17199,14.7,17.653039932250977
48243,14.4,14.733980178833008
39139,18.0,19.237732887268066
20033,15.1,15.682272911071777
26009,13.4,14.478285789489746
31105,17.0,18.338972091674805
45001,16.0,19.780692100524902
08011,20.0,21.635766983032227
18011,11.6,12.953115940093994
21099,,24.484076499938965
54087,23.9,22.621816635131836
26127,16.7,17.9896879196167
27019,11.3,11.349661827087402
46079,13.2,14.888457775115967
48255,16.0,18.657498359680176
47125,15.6,15.938555717468262
55099,16.7,18.354660987854004
55133,10.3,11.313331604003906
54029,18.6,19.421420097351074
48435,14.0,17.605623245239258
55045,13.6,15.352854251861572
19127,15.2,17.827192306518555
40149,17.5,17.63693332672119
41041,13.6,15.539381504058838
26135,19.4,20.834814071655273
17079,14.3,18.915629386901855
26155,16.3,18.792353630065918
51770,16.5,18.24180793762207
39029,18.5,19.746400833129883
20123,15.6,16.93410587310791
55031,14.3,16.134015560150146
29093,20.5,22.718480110168457
40015,21.5,23.21271514892578
28045,15.7,17.445183753967285
12131,13.8,18.07123899459839
27111,15.3,16.328439712524414
18099,17.4,17.916624069213867
22007,20.5,21.63334560394287
18143,20.0,22.672029495239258
13097,13.7,15.580468654632568
20151,14.8,16.126605987548828
35007,13.2,15.631956100463867
48281,14.2,16.158094882965088
29161,16.4,17.032588005065918
38091,14.2,14.411012649536133
29217,20.5,20.556257247924805
40035,22.2,21.793773651123047
13273,21.1,23.76170825958252
19017,13.2,13.535520076751709
19075,13.9,14.842209339141846
29159,17.9,20.124642372131348
13149,18.3,21.329267501831055
38099,14.8,17.55610942840576
28019,17.2,19.614459991455078
20003,18.1,21.008410453796387
37169,16.2,18.715049743652344
06091,15.1,15.196897983551025
20041,15.0,17.2451753616333
08095,14.3,16.778441905975342
16081,10.7,12.595442295074463
13059,12.3,15.5532808303833
48447,14.9,15.253488540649414
12049,17.6,22.746792793273926
13183,17.2,20.709949493408203
48431,11.2,15.117933750152588
48417,12.5,14.417060852050781
48207,16.3,18.02650260925293
48051,14.1,16.885582447052002
36017,15.3,18.87123394012451
54009,16.9,18.107230186462402
05003,20.0,21.548726081848145
29197,17.3,21.69414234161377
19163,14.0,14.595448970794678
19189,14.3,16.25470781326294
31085,14.4,17.393839836120605
05021,18.3,22.902606964111328
48025,14.8,17.355587005615234
42123,,18.06631851196289
21021,,17.342281341552734
19185,17.2,21.66165065765381
47055,19.5,20.101778984069824
48161,16.0,19.139230728149414
17163,14.2,16.302387237548828
18065,18.0,19.7826566696167
21079,,21.468990325927734
26129,18.3,20.56965160369873
55069,16.0,16.688456535339355
48391,15.0,20.401480674743652
17117,15.9,18.78376293182373
31181,14.6,16.85490894317627
20135,15.1,16.562607765197754
42083,,19.423094749450684
31139,13.7,15.706932544708252
47133,22.7,23.449301719665527
19027,15.2,16.134095191955566
26107,16.7,19.70918846130371
17053,15.8,17.972671508789062
17063,13.3,15.462165832519531
48053,13.1,14.863889217376709
17083,14.0,17.40919780731201
18131,18.3,20.602977752685547
31117,13.2,15.802664279937744
37083,19.8,22.426533699035645
21033,,20.52796745300293
19119,16.0,15.429535388946533
31055,13.4,13.933114528656006
27131,13.9,15.085936546325684
05113,18.6,22.50877285003662
38035,11.3,13.661759853363037
51700,14.1,16.829033851623535
08125,13.9,17.68759250640869
39023,17.9,19.78610897064209
37105,15.5,17.80472755432129
38001,15.3,16.112546920776367
29221,22.9,24.544645309448242
33001,12.2,13.933271408081055
24043,15.1,16.966465950012207
20203,16.0,16.113520622253418
48129,14.3,16.47711706161499
42023,,20.224122047424316
51089,17.8,19.841449737548828
05099,20.4,23.77410316467285
40055,17.9,21.115748405456543
55057,18.5,19.866093635559082
46017,31.7,33.28315544128418
06047,14.1,16.293097496032715
16057,10.0,13.41678524017334
39169,16.3,17.49475860595703
48471,16.2,17.960935592651367
54013,26.2,23.914226531982422
32001,16.1,16.727698802947998
19197,16.0,17.368372917175293
31039,13.5,15.036640644073486
47123,21.7,21.374666213989258
13253,17.0,19.773077964782715
13235,18.9,21.886207580566406
13173,19.7,20.18700122833252
13255,17.0,18.993955612182617
17095,16.0,17.4935245513916
29201,19.2,20.693427085876465
48239,15.0,18.114646911621094
12041,17.0,19.811787605285645
37161,17.3,18.880781173706055
13043,18.6,21.602953910827637
19121,14.2,15.03302001953125
48383,13.1,18.280961990356445
40049,19.2,20.430232048034668
54051,20.4,19.555908203125
55009,13.4,14.379716396331787
21197,,23.44322395324707
18033,16.8,18.116251945495605
27005,15.4,16.07097053527832
36117,13.9,18.183870315551758
26069,18.2,19.23517417907715
28073,14.8,16.122450351715088
48179,16.4,19.185588836669922
18081,14.1,14.725679397583008
18111,18.3,20.989747047424316
27147,14.2,16.250638008117676
28131,17.1,20.43525791168213
46025,16.5,17.564309120178223
51595,18.6,21.353357315063477
21047,,19.972768783569336
31091,14.6,16.100831985473633
17201,15.5,17.448705673217773
21133,,28.259652137756348
47057,21.3,22.46924877166748
27099,15.8,17.40771198272705
13245,16.2,18.687535285949707
12069,12.3,18.85885715484619
48279,15.2,18.82501792907715
39099,16.9,18.108010292053223
39011,15.3,16.540535926818848
48253,17.1,19.39439105987549
40125,18.1,19.090599060058594
56041,14.8,17.375917434692383
13105,17.8,21.048654556274414
20065,15.3,15.557087898254395
29229,23.0,24.983132362365723
31093,13.7,15.765573024749756
47099,21.4,21.421486854553223
51775,13.0,15.520232200622559
51101,13.8,16.60574960708618
01013,18.3,21.050314903259277
16063,14.2,17.63967514038086
17189,13.8,16.138144493103027
27107,15.9,16.166505813598633
27141,14.2,14.518287658691406
18167,17.6,17.424715995788574
08105,12.5,15.640284061431885
48213,16.1,17.6965970993042
31083,14.0,16.64766788482666
40021,18.9,18.69968318939209
17011,14.8,16.84480094909668
37159,15.9,18.108012199401855
18029,16.3,17.169414520263672
55103,16.4,17.776049613952637
53061,10.1,12.578243732452393
54017,21.5,21.300410270690918
48003,14.5,15.061431884765625
13081,19.9,21.73599624633789
13167,21.5,22.85657787322998
17125,16.0,19.12615394592285
26161,9.8,12.682332515716553
27115,18.1,17.823185920715332
20083,13.3,15.402506351470947
29075,19.3,19.908259391784668
05031,15.8,17.93600082397461
16083,13.3,16.506335735321045
19143,17.1,18.43115234375
16071,12.4,16.488740921020508
21055,,22.192975997924805
28009,19.4,21.535640716552734
28153,20.2,21.719212532043457
31015,14.7,17.18912124633789
06015,15.0,17.43770122528076
18091,17.6,17.915228843688965
20181,15.1,17.198219299316406
22011,18.5,19.90155029296875
34023,10.0,11.360950946807861
46031,29.6,27.621854782104492
46127,12.8,13.927704334259033
45055,14.5,18.0709810256958
36109,9.0,13.21211576461792
29045,21.0,21.660844802856445
13089,11.5,13.804987907409668
54079,16.3,17.222296714782715
01059,19.2,20.137394905090332
48467,15.6,17.8618106842041
37093,16.5,19.040088653564453
26015,14.9,16.5478572845459
31007,12.8,15.313051700592041
55089,10.3,11.296014785766602
37033,16.9,20.094802856445312
29113,17.6,19.746442794799805
45021,17.3,20.66840171813965
12003,16.6,20.861801147460938
18069,16.6,18.31579303741455
28057,16.1,21.15225887298584
25015,9.7,12.041286945343018
05149,18.4,22.043764114379883
19149,14.5,15.890117168426514
08061,13.8,16.78134250640869
01119,16.3,21.24102783203125
18175,19.8,20.23106575012207
01001,14.5,15.740477561950684
13091,18.7,21.879295349121094
19091,16.8,18.35403537750244
19013,15.6,16.165955066680908
20207,16.6,17.747015953063965
27021,16.9,16.751418113708496
21207,,23.37287998199463
28029,17.8,21.238566398620605
29225,19.4,21.201913833618164
30093,14.1,16.421384811401367
39131,22.9,24.328856468200684
47177,21.4,21.79420280456543
48059,14.7,16.657347679138184
55001,17.5,17.42971420288086
54055,21.1,18.88621997833252
47147,18.0,19.2776460647583
39081,17.6,19.6027774810791
01025,17.7,20.793071746826172
12019,13.5,17.95925283432007
18055,19.4,20.11856174468994
20055,15.3,15.952543258666992
29085,23.2,22.138680458068848
28065,20.0,21.78832721710205
22127,20.6,22.210413932800293
35047,11.6,15.641664505004883
01087,15.6,20.434250831604004
13029,12.3,13.97205400466919
17089,11.0,13.415379524230957
18149,19.9,22.030644416809082
20087,14.6,15.572620868682861
22039,22.1,25.646453857421875
40093,16.9,17.787200927734375
31171,11.9,15.454457759857178
41003,9.6,11.191599369049072
47007,25.6,24.341242790222168
21013,,27.81063938140869
47143,21.5,21.45133686065674
10001,13.5,16.584049701690674
54049,17.7,18.98375701904297
51810,11.9,12.066010475158691
13039,14.8,17.286581993103027
24035,11.7,13.607656002044678
19031,15.2,15.988451480865479
19113,13.5,14.21232557296753
39003,17.0,18.50267219543457
06059,9.2,11.096376419067383
12057,12.1,17.21468687057495
16019,11.4,13.454278469085693
48385,16.4,18.96041488647461
46137,30.4,35.110137939453125
47159,19.7,22.09767436981201
04017,18.8,20.273118019104004
55019,18.3,19.41145610809326
13147,16.0,17.867863655090332
31111,15.1,16.903996467590332
21037,,14.902942657470703
26027,16.3,17.92873764038086
36111,11.8,15.601850032806396
18125,18.6,18.80954074859619
18173,13.0,15.087996482849121
46073,14.5,16.45303249359131
12015,12.8,18.774932861328125
13111,16.1,16.434770584106445
19159,14.8,16.569477081298828
22125,17.0,17.689894676208496
28147,19.3,21.630244255065918
30061,15.0,18.241116523742676
34021,10.5,12.707331657409668
45011,19.5,23.46129322052002
47095,29.4,25.754392623901367
49009,11.0,19.051196098327637
39043,14.9,16.82566261291504
12013,20.2,20.272128105163574
16011,14.0,17.40072250366211
18071,17.3,19.101881980895996
20015,14.4,14.248766899108887
40137,18.6,19.2291898727417
27145,14.0,16.706364631652832
29117,18.7,20.55006504058838
40031,17.6,17.245403289794922
38093,15.3,16.409648895263672
45067,20.1,22.483335494995117
48115,17.1,17.657670974731445
08009,16.9,17.108489990234375
55085,14.1,15.048957824707031
40071,18.7,18.640953063964844
51037,19.2,20.308844566345215
42109,,17.33763313293457
16055,12.1,14.852680206298828
17023,14.9,17.805801391601562
27151,16.6,17.335877418518066
38071,15.4,16.37291145324707
28061,18.7,21.164859771728516
17085,13.0,14.189366340637207
18077,17.2,19.33408832550049
29163,20.3,20.609070777893066
36055,11.6,15.669021606445312
36063,13.7,17.79893684387207
47167,19.0,19.727450370788574
51121,11.8,11.860699653625488
55091,14.2,15.041592597961426
05079,19.9,23.676114082336426
16061,15.5,17.455761909484863
39055,12.8,14.230134963989258
21067,,15.70075798034668
27061,16.0,16.798516273498535
28145,18.5,19.75323486328125
30095,12.9,14.479818344116211
42047,,17.044227600097656
21041,,23.84285831451416
47023,19.4,20.303850173950195
51685,13.8,14.621407985687256
48481,14.2,18.386197090148926
54091,20.5,20.100746154785156
55065,15.9,17.083024978637695
29083,19.7,21.58152675628662
30099,14.1,15.186071395874023
31025,13.0,14.241089344024658
48405,21.8,22.630528450012207
26145,16.2,18.940919876098633
28077,21.7,21.518428802490234
20035,15.7,17.08126449584961
12017,15.2,19.15657138824463
13281,12.8,14.207950592041016
25023,11.9,13.230679035186768
26153,18.1,18.676051139831543
28095,18.7,20.736294746398926
34015,11.9,13.857966423034668
39039,15.9,18.485902786254883
42085,,17.63797378540039
51051,20.6,26.052785873413086
01053,21.2,22.5769100189209
01039,17.6,20.491211891174316
13101,16.3,20.31839656829834
17003,19.6,24.00515651702881
27169,13.0,15.48402214050293
34031,12.3,15.664231777191162
38087,15.2,14.558900833129883
42105,,19.4909610748291
45005,19.0,23.16759490966797
16043,12.9,16.981340408325195
17069,16.9,19.7966365814209
18123,18.3,19.05630397796631
27031,13.0,13.023202896118164
49033,10.1,16.35240936279297
51185,18.1,21.968667030334473
53063,11.7,13.965068340301514
37181,17.3,20.989779472351074
05071,18.3,21.846702575683594
08051,9.6,12.612989902496338
12107,21.0,21.59083843231201
18079,19.5,21.294767379760742
40109,14.3,16.470542907714844
28115,17.7,19.35657501220703
21175,,22.8887939453125
31019,12.2,14.04654312133789
27079,14.3,16.565068244934082
37125,11.4,13.178451538085938
45047,15.0,17.840569496154785
49035,8.2,12.200618743896484
48297,16.8,20.945368766784668
56015,13.9,15.10437822341919
47161,18.7,20.493122100830078
01021,16.9,19.665714263916016
04021,12.3,15.499734878540039
13177,13.1,14.591736316680908
13109,19.2,21.237825393676758
19117,18.4,19.7027006149292
21211,,17.359766960144043
27087,24.5,22.866010665893555
29167,18.9,21.096564292907715
30037,16.1,18.09030532836914
38069,14.2,16.83219003677368
48067,17.2,19.417899131774902
21111,,16.644518852233887
48339,11.8,13.937055110931396
48075,14.7,17.828243255615234
56003,15.7,16.506611824035645
48489,16.4,18.400495529174805
21167,,18.662405014038086
21117,,14.771299362182617
13117,9.2,11.282938003540039
26131,16.3,17.565032958984375
27003,13.6,13.834743022918701
28103,21.3,24.77824115753174
01029,17.8,21.54947566986084
42015,,18.193449020385742
29061,19.6,21.11502456665039
21235,,21.656003952026367
42115,,17.735057830810547
48163,15.0,16.451247692108154
45023,17.8,21.431532859802246
48217,15.3,17.841453552246094
47031,19.9,19.48227596282959
46083,11.6,12.584723949432373
25025,11.1,13.086274147033691
48005,17.1,18.469754219055176
48007,14.1,15.718486309051514
42017,,12.201000690460205
19007,19.6,19.99461269378662
21205,,21.873323440551758
17019,11.1,13.073648929595947
35003,14.8,15.50908374786377
17167,13.2,15.396146297454834
35039,14.2,18.531999588012695
35031,26.8,24.178139686584473
38055,13.6,15.862380027770996
37195,18.0,18.898494720458984
19191,12.4,14.451365947723389
51107,8.4,8.264148235321045
47075,22.9,23.18503475189209
53019,16.0,16.549012184143066
37007,19.7,23.387447357177734
21209,,15.823309421539307
13299,19.6,19.89412498474121
48341,15.7,17.135128021240234
17001,14.4,16.67083168029785
26053,16.6,17.677563667297363
39027,17.7,20.274887084960938
29179,21.8,21.43710994720459
01083,14.2,17.81633186340332
19133,16.3,18.888185501098633
20187,16.3,19.00717830657959
18155,20.4,22.532686233520508
22045,20.4,22.300728797912598
25021,9.2,10.614341259002686
22115,18.3,20.12116813659668
36119,9.2,10.654695510864258
40009,20.0,19.35826015472412
47155,18.8,17.908040046691895
37133,13.3,16.773791313171387
06099,13.4,15.952279567718506
08055,12.9,15.362565517425537
13069,20.7,20.366884231567383
18101,18.7,20.436784744262695
18073,15.8,18.500019073486328
19137,16.5,17.957792282104492
26065,13.0,13.98489761352539
35033,10.6,17.463043212890625
22121,16.2,17.73649501800537
36053,12.5,16.85725688934326
27171,12.8,13.490274906158447
40083,15.3,16.927162170410156
21027,,24.23147201538086
42033,,18.914566040039062
54077,20.6,20.269211769104004
51163,13.8,15.287431716918945
30071,15.1,16.9786958694458
31127,14.8,16.264592170715332
05039,16.3,20.638197898864746
13121,9.9,12.661710262298584
13289,18.4,20.204331398010254
17057,16.8,18.43125629425049
20097,13.9,15.383343696594238
05081,17.8,21.04104518890381
48501,12.9,16.495091915130615
39035,14.8,16.916046142578125
23011,15.4,16.292146682739258
08107,10.2,11.461096286773682
13007,20.0,22.058537483215332
08023,13.5,16.296566486358643
37141,14.3,15.313436031341553
21201,,25.160983085632324
21113,,16.990036010742188
51009,15.6,17.546265602111816
22053,19.9,21.12713623046875
47179,16.9,16.029141426086426
25011,12.8,14.046242237091064
42041,,13.563220977783203
29031,14.9,16.83621883392334
41013,13.0,15.975407123565674
50003,11.9,14.361305236816406
55071,14.9,16.531394004821777
55055,13.4,14.946463108062744
27137,15.2,14.753184795379639
42007,,15.978683471679688
36013,14.9,18.36886692047119
37107,19.3,19.963553428649902
48029,12.2,15.55944538116455
48271,12.2,18.771737098693848
08053,8.4,11.978376388549805
17087,16.8,19.6384334564209
47005,22.4,22.384469032287598
42073,,18.491910934448242
22079,18.7,19.30890464782715
21057,,24.074862480163574
55097,12.8,14.533443450927734
37045,16.4,20.05534076690674
47011,17.6,18.376699447631836
55049,13.8,14.74122667312622
18007,18.8,19.49254035949707
27035,14.8,15.726104736328125
18001,19.4,20.896251678466797
08015,12.1,13.084095001220703
31063,13.0,15.601455211639404
31173,21.0,23.48714256286621
50017,12.1,14.661434173583984
35001,12.0,14.616536617279053
19131,15.3,16.008071899414062
13211,13.0,15.179607391357422
27037,11.3,12.648007869720459
22093,16.5,19.742542266845703
05139,17.6,20.061697006225586
19051,17.5,20.581491470336914
39117,17.8,19.612175941467285
06101,13.9,15.860024452209473
06035,15.9,18.269588470458984
48381,12.0,14.40597677230835
48427,16.9,21.624330520629883
08067,11.7,11.788258075714111
46109,20.3,21.892401695251465
12073,11.3,18.90766477584839
37149,13.0,13.604656219482422
37031,12.7,14.366608619689941
20121,13.8,14.517017841339111
12059,19.2,20.273324966430664
21163,,19.78011131286621
46101,14.5,16.693726539611816
06087,10.0,11.752030849456787
47003,19.4,19.58328628540039
46019,16.8,16.795485496520996
13067,10.4,11.109477996826172
12051,17.4,22.22598361968994
41009,14.3,16.836859226226807
13015,15.2,16.354280948638916
40135,22.8,23.107121467590332
37145,16.2,19.554805755615234
20051,13.1,13.995766162872314
51550,12.5,13.329884052276611
38037,16.4,16.503278732299805
19057,15.9,17.72681427001953
19173,16.3,18.11244487762451
20063,15.2,16.032479763031006
39175,15.5,17.16125774383545
13191,19.2,19.036134719848633
48483,16.0,18.334136962890625
37091,17.6,20.80351161956787
30089,16.6,16.674509048461914
13241,14.6,15.332869052886963
37043,13.8,15.101208686828613
38103,14.7,15.745830059051514
21131,,29.71834087371826
21017,,19.017409324645996
31141,13.5,15.960108757019043
51053,14.6,17.31489086151123
29013,20.5,21.335491180419922
36107,13.9,16.866562843322754
18115,16.6,17.998106956481934
30111,13.9,14.535273551940918
12129,15.3,19.164597511291504
48181,14.4,17.88094139099121
12115,10.5,17.678601264953613
13003,22.0,23.21310520172119
24021,9.2,12.380486965179443
48135,14.2,15.478888511657715
46115,15.1,15.969188213348389
27077,15.3,16.7867431640625
31051,15.3,15.804330825805664
13261,16.4,18.708409309387207
48031,11.5,13.966769695281982
51830,9.7,12.085553646087646
06055,10.4,10.744193077087402
22071,15.0,17.3855619430542
40143,14.7,16.50982093811035
36115,14.7,18.149968147277832
51031,15.3,15.925055980682373
51027,21.6,25.61979866027832
51165,13.9,15.995738506317139
29025,18.5,20.435368537902832
30091,14.7,15.768465042114258
47081,20.9,22.687379837036133
48057,13.0,17.476961135864258
06115,14.5,15.341938018798828
51083,18.4,18.808366775512695
13137,15.0,17.820033073425293
41011,15.2,15.789705276489258
05087,19.0,21.512624740600586
38059,13.5,15.043299198150635
27063,14.1,15.955974578857422
20201,14.9,16.562020301818848
01097,15.4,17.904804229736328
26059,17.8,19.19393253326416
28159,19.8,21.31627082824707
20209,17.6,19.214673042297363
53033,7.2,10.535316944122314
12035,12.2,15.851159572601318
12103,12.2,17.578465938568115
13087,18.9,20.934099197387695
22085,21.1,22.407055854797363
54027,20.3,21.114761352539062
29145,17.9,18.489508628845215
30101,19.3,18.07899570465088
45017,14.1,17.7556209564209
48479,12.7,16.517632961273193
40127,23.6,23.093613624572754
19043,17.8,18.136844635009766
21239,,15.975911617279053
47127,18.8,15.56675672531128
40123,16.5,16.39638614654541
30085,23.4,25.32448101043701
50019,13.9,16.917447090148926
37193,17.1,19.62759304046631
29007,20.2,20.320858001708984
47173,21.3,24.24871826171875
48299,12.5,13.097650051116943
54103,20.6,22.30130386352539
56037,16.1,14.6151704788208
25017,9.1,9.812748908996582
42113,,17.76652240753174
49055,10.7,15.859928607940674
48397,10.0,12.909664630889893
19005,16.2,17.232422828674316
38009,13.4,15.76501989364624
29137,19.3,20.697728157043457
54025,20.8,18.44021511077881
17013,12.9,17.33779525756836
32015,17.8,17.90241241455078
39085,14.5,15.08272647857666
21003,,23.1798095703125
06069,10.9,14.165048599243164
20031,16.2,16.985254287719727
48289,15.9,18.580320358276367
46091,15.2,15.640633583068848
32017,15.0,16.00379991531372
41051,12.0,11.200998306274414
20185,15.3,16.036917209625244
47047,16.5,17.031306266784668
55035,12.6,13.994186878204346
06057,11.0,12.388572216033936
05115,16.4,19.99360466003418
48317,14.0,17.195412635803223
26079,17.8,20.64083194732666
30065,15.4,18.35840129852295
05009,16.4,21.01011371612549
18089,17.0,17.620505332946777
45051,14.6,16.38473129272461
05109,17.4,19.722405433654785
18137,16.9,19.64057731628418
39071,19.5,23.469709396362305
31097,15.6,18.001315116882324
48017,14.4,16.217151641845703
04013,10.8,13.307931423187256
29079,19.4,20.24540424346924
55141,15.5,16.911187171936035
13143,17.4,20.021682739257812
51530,15.8,20.539264678955078
37097,12.9,15.285794734954834
08093,11.3,14.35069227218628
37015,18.3,20.752931594848633
48079,19.3,21.8178768157959
33011,10.7,13.322685718536377
27161,15.4,18.00399398803711
48415,14.2,16.957948684692383
54093,18.5,17.76048183441162
48503,14.5,17.580945014953613
08033,14.9,15.307349681854248
12077,19.3,21.486757278442383
28041,19.2,22.28780746459961
29111,18.8,23.107970237731934
04003,12.8,15.477525234222412
21199,,22.90492534637451
51678,9.2,13.443261623382568
42031,,19.677724838256836
26121,17.1,17.07598114013672
49001,9.3,16.754460334777832
31183,12.8,14.278845310211182
21083,,20.50117588043213
51540,11.1,12.348499298095703
01075,18.8,22.387237548828125
51125,13.7,14.890174388885498
21103,,23.42386531829834
35019,13.9,19.84096622467041
19101,14.0,14.75477409362793
20129,16.6,17.1372127532959
17101,17.6,20.701826095581055
37115,13.9,15.596998691558838
48221,12.0,14.2911376953125
20023,17.7,15.910188674926758
22023,17.0,20.018774032592773
13267,20.2,22.161701202392578
16015,11.7,15.287310600280762
13053,13.5,16.33288288116455
13139,14.0,16.2847318649292
34029,13.3,15.385446548461914
13223,12.7,15.268404006958008
42019,,14.39915132522583
21059,,19.391469955444336
47049,22.5,22.486957550048828
40003,17.9,17.053686141967773
35035,14.9,18.22355365753174
13279,17.5,19.59508514404297
33005,11.9,14.02586317062378
29199,19.1,20.464869499206543
29097,18.5,18.036133766174316
46053,16.2,16.469298362731934
18121,20.7,21.42368793487549
18027,19.7,18.745543479919434
31077,14.3,17.675384521484375
39173,12.7,14.622692108154297
48275,15.6,18.63682746887207
31155,12.8,14.676101684570312
48345,14.4,15.415632247924805
13189,17.3,20.436641693115234
41063,11.8,13.281219959259033
16039,13.8,17.194915771484375
26137,15.1,16.21089220046997
48039,11.6,13.875362396240234
31153,11.1,12.462706565856934
21089,,20.976598739624023
20199,15.5,15.431998252868652
19059,13.1,14.27103042602539
21149,,20.12257194519043
29183,12.2,13.46895980834961
37177,18.1,21.199756622314453
01081,12.9,15.21267318725586
08085,13.4,15.59251880645752
13207,14.2,15.856294631958008
55023,16.4,17.25056552886963
05033,16.8,21.040390014648438
53003,13.3,15.002288818359375
47063,20.9,19.295466423034668
37185,18.6,19.18921661376953
38083,13.8,16.569416999816895
05091,19.1,21.48318576812744
26063,16.6,18.63485336303711
31065,14.9,16.59457302093506
42057,,19.83452033996582
26083,11.5,13.92102575302124
26055,12.8,13.526012897491455
31087,14.8,16.376805305480957
31031,15.4,15.918750286102295
49021,9.9,14.664502620697021
13159,17.3,18.414371490478516
20205,17.7,18.906264305114746
40069,21.0,20.683191299438477
47165,15.3,16.126850128173828
21011,,24.289213180541992
47089,18.1,19.024309158325195
51033,15.2,16.352394104003906
45085,15.0,19.034696578979492
31069,15.9,15.757068634033203
51640,19.2,19.29004669189453
42121,,18.45305347442627
48225,17.9,20.48262882232666
01129,17.3,21.70784854888916
30025,14.3,16.66258430480957
46021,13.7,12.639507293701172
17137,15.6,17.29402256011963
39009,15.2,17.795408248901367
01065,18.9,20.113449096679688
31121,15.0,17.406774520874023
55037,14.5,15.740723133087158
13095,17.7,19.041062355041504
17107,15.1,16.765921592712402
26051,18.2,20.52751064300537
31175,14.0,14.730347633361816
31125,16.5,18.18348979949951
47169,20.8,20.214831352233887
48267,14.8,15.323465824127197
56019,14.7,14.97420072555542
27053,11.1,12.264752864837646
13271,22.7,24.83034038543701
47087,23.2,23.700575828552246
46015,16.4,16.364189624786377
51161,11.9,13.020153522491455
48013,13.7,17.25296640396118
21081,,21.40738010406494
46063,13.3,15.01012372970581
12047,20.6,22.612563133239746
13163,19.9,22.107182502746582
24017,11.5,13.837071895599365
17099,15.0,18.278295516967773
29017,20.6,22.443939208984375
26057,16.6,20.221570014953613
21213,,20.942546844482422
31161,15.0,16.471613883972168
51730,16.9,18.65719223022461
05017,19.7,23.528135299682617
13113,9.6,11.52594804763794
40063,21.8,22.207805633544922
27027,13.7,14.362740993499756
16025,12.4,17.94662570953369
31163,15.1,16.320938110351562
46011,10.7,12.361926555633545
51680,12.3,15.098198413848877
13165,21.9,23.628782272338867
48055,14.4,16.862299919128418
28111,19.5,21.00713348388672
12065,17.1,18.54336929321289
24011,17.4,19.073862075805664
33017,10.7,14.19454574584961
51103,13.4,13.331894397735596
51073,13.5,16.508225440979004
28069,17.5,23.167633056640625
19063,16.2,17.63518714904785
13295,16.7,18.75041103363037
16003,14.3,16.596051692962646
20137,17.4,18.465892791748047
22029,22.8,23.431124687194824
51017,19.3,19.992923736572266
31075,13.3,15.823705196380615
47041,22.2,22.230009078979492
37053,13.2,15.214417457580566
26139,11.4,13.086404800415039
22069,17.7,19.743654251098633
45075,16.4,19.732495307922363
17123,15.2,16.838783264160156
47069,22.2,22.59048366546631
40081,18.9,20.214476585388184
50025,12.2,14.179676055908203
55067,17.2,18.02431583404541
37025,12.4,13.847723484039307
31011,14.8,15.758401870727539
21115,,22.724844932556152
17043,9.5,10.834420680999756
13011,17.3,18.930310249328613
19147,15.1,16.27152919769287
21009,,23.350245475769043
31137,14.5,16.330897331237793
39067,19.0,21.897316932678223
29129,20.0,19.08086109161377
48331,15.3,19.03382682800293
56031,15.0,16.932361602783203
01095,16.6,19.32689666748047
06029,14.6,14.89287519454956
19179,18.0,18.77376365661621
26111,13.2,13.711551189422607
28101,18.4,21.58494281768799
20189,18.1,19.106432914733887
27069,14.3,14.859397411346436
01047,19.5,22.790454864501953
31159,12.6,14.451711654663086
47033,19.5,20.93605613708496
46005,16.9,18.564536094665527
47017,19.8,21.43541431427002
19187,16.0,17.63484001159668
24025,10.9,13.028714656829834
51117,16.3,18.41035270690918
45039,17.2,20.656774520874023
53011,11.0,13.953068733215332
29033,18.3,18.98590660095215
42133,,15.92969036102295
16027,12.4,16.4006986618042
13209,17.0,19.818431854248047
46095,30.2,34.010385513305664
19025,15.6,17.19169044494629
13293,18.8,20.70661449432373
48421,12.3,17.037222862243652
48169,16.9,18.575282096862793
36079,9.6,12.944232940673828
36101,14.6,18.07763671875
13021,16.8,18.032797813415527
18181,16.4,18.07521915435791
29223,23.9,25.256051063537598
27001,16.4,16.390366554260254
48387,17.5,20.489571571350098
47149,14.6,15.237294673919678
01005,20.2,24.425029754638672
41049,16.0,19.364420890808105
16017,12.9,15.376839637756348
16033,13.9,19.54604434967041
20093,15.7,18.732986450195312
29121,16.9,18.231287002563477
29133,23.6,25.248075485229492
42043,,14.899240493774414
37071,15.0,17.773189544677734
16031,13.0,16.21972370147705
06041,8.2,9.465544700622559
48389,15.6,17.127427101135254
48315,17.7,20.228720664978027
40029,23.1,22.593996047973633
31099,12.4,15.1232008934021
55127,12.8,14.292027473449707
40131,15.7,16.660287857055664
21177,,21.47035312652588
40073,15.6,17.969099044799805
46003,15.4,15.965665340423584
48019,13.9,15.168442726135254
45025,18.1,21.765661239624023
42045,,13.09607219696045
53077,12.9,17.249366760253906
29001,14.3,16.70917510986328
48173,10.8,15.87477445602417
27129,16.6,17.607051849365234
28001,20.2,22.35905647277832
29186,17.1,17.801969528198242
17033,15.4,18.09567356109619
17177,15.0,17.431867599487305
22035,28.4,27.20149326324463
27025,14.8,17.047874450683594
21095,,27.15373706817627
26003,16.0,17.196353912353516
21161,,20.142577171325684
48145,17.1,21.80636215209961
51075,10.1,11.237267971038818
27081,15.0,15.869413375854492
55109,12.6,13.42640209197998
48199,15.6,17.952293395996094
26163,16.9,19.058884620666504
47091,23.2,22.062681198120117
38081,13.8,16.52761697769165
26125,10.8,11.8034086227417
38019,12.4,15.482189655303955
27135,15.6,17.18985080718994
36087,11.4,14.13483476638794
50011,13.0,16.41939353942871
27049,14.7,15.76909875869751
29131,18.6,20.584341049194336
01109,14.9,18.95351505279541
36085,12.1,15.024466514587402
05061,17.1,21.448237419128418
42129,,16.12850856781006
08013,8.8,10.741535663604736
29049,17.0,18.50390911102295
51071,16.0,18.687715530395508
54005,21.9,25.092613220214844
05035,18.5,20.774829864501953
53009,11.8,13.602848052978516
42103,,14.863625526428223
31109,11.7,12.682661533355713
48295,14.5,17.621609687805176
28113,20.3,23.226228713989258
28021,18.7,21.514389038085938
46049,17.2,17.65382671356201
46089,16.2,16.608631134033203
28047,16.3,18.10120964050293
24027,7.4,8.722568035125732
46065,13.7,15.621549129486084
28129,19.8,21.170592308044434
46123,18.9,16.754810333251953
21185,,14.062623500823975
13153,13.0,14.056143283843994
48465,13.0,15.487488269805908
29175,19.4,20.558256149291992
13145,12.2,14.19867992401123
12043,19.7,22.130815505981445
39025,15.6,16.06123685836792
39033,18.3,21.474512100219727
39059,19.0,22.519437789916992
40065,16.1,18.654520988464355
22073,17.9,18.616729736328125
29203,20.7,23.533668518066406
54075,22.2,21.609362602233887
18135,18.7,21.720301628112793
55137,16.5,18.55589485168457
35049,10.0,12.400683403015137
06111,10.4,11.72416877746582
24019,16.1,17.520963668823242
13131,17.9,21.194619178771973
27123,12.5,13.409463882446289
26109,16.7,18.287673950195312
05057,17.7,21.668792724609375
17193,18.1,20.1378812789917
20017,16.4,15.35523509979248
48133,15.6,18.61758327484131
19077,14.6,15.8380708694458
17037,12.6,16.104825496673584
18051,17.6,17.890775680541992
37137,14.3,16.004027366638184
48357,14.9,16.313838958740234
47185,22.1,22.30108642578125
38015,11.8,13.554626941680908
46075,16.2,15.29573917388916
40151,14.7,16.49796485900879
18127,14.5,14.998274803161621
17103,15.3,18.543676376342773
08101,13.9,15.44231653213501
48411,14.9,16.84873056411743
48475,14.5,17.07582187652588
08071,13.7,16.97832489013672
08089,15.3,17.77842426300049
08117,10.5,11.963561058044434
48263,11.5,13.949729919433594
48257,14.0,15.70057487487793
05143,13.4,15.493089199066162
40057,17.8,19.512847900390625
48495,14.1,15.578887939453125
01115,15.2,18.97805118560791
12097,11.8,18.50166893005371
20053,14.7,18.201973915100098
36099,15.3,18.234699249267578
37065,17.7,21.084614753723145
48101,17.6,20.6029052734375
48313,16.2,19.211058616638184
37037,11.5,12.825387001037598
27033,15.8,17.66101837158203
17185,15.8,19.12867832183838
39119,18.1,21.504295349121094
29215,21.7,23.295466423034668
21093,,18.075220108032227
27091,15.6,17.14502716064453
40129,17.4,18.586355209350586
42039,,18.600337028503418
34005,10.9,12.446195125579834
45015,12.9,15.686582088470459
29053,16.6,17.499553680419922
30075,13.3,15.241878509521484
20029,15.9,16.436293601989746
19071,15.2,16.485133171081543
51159,17.3,19.405088424682617
48157,9.8,12.468441009521484
40051,16.3,17.1107177734375
05015,17.0,17.930143356323242
36077,12.1,16.247252941131592
40027,13.2,14.482319831848145
48459,16.6,19.32749366760254
40087,15.4,16.997310638427734
31067,15.8,16.854293823242188
48223,15.5,17.204933166503906
55139,14.2,14.493279933929443
53071,11.1,14.652632713317871
40047,16.9,17.561134338378906
22105,18.6,19.460375785827637
18043,14.9,16.601734161376953
38105,15.6,17.77186393737793
46029,16.2,16.57495880126953
04025,12.0,14.941042423248291
13187,13.5,16.698723793029785
18059,13.6,14.738535404205322
20027,16.5,15.301454544067383
28127,18.1,21.567859649658203
36097,15.1,18.176464080810547
45035,13.2,15.18493938446045
47001,18.5,18.59962272644043
13115,16.0,17.877275466918945
13247,14.1,15.77509593963623
16051,12.2,14.374089241027832
42061,,18.905893325805664
20147,16.2,16.253735542297363
48111,16.9,16.741827964782715
42069,,16.602190017700195
42079,,17.616082191467285
47103,18.9,18.57744598388672
37173,19.8,18.06862449645996
40005,21.3,21.735167503356934
40019,18.0,19.10037899017334
48477,12.1,15.284916877746582
40099,17.9,18.153666496276855
40147,16.9,16.594928741455078
42125,,15.033653736114502
06017,10.4,12.401215076446533
21171,,24.718658447265625
29005,18.0,15.645777225494385
37005,17.2,19.75295639038086
48487,18.2,19.533935546875
01009,16.6,21.43589210510254
13269,21.7,21.179593086242676
55043,15.0,16.229238986968994
30051,17.7,18.043304443359375
31033,15.1,16.457016944885254
26113,17.3,19.04377841949463
18037,15.4,16.81333351135254
38029,14.7,15.12136459350586
01019,17.5,20.336942672729492
17133,11.3,13.858360290527344
42087,,21.227931022644043
29125,18.8,20.462512016296387
42091,,10.710684299468994
22055,16.0,17.165688514709473
39007,20.1,21.608814239501953
22061,15.9,18.846054077148438
39019,19.0,20.611191749572754
06003,11.0,12.67120885848999
54053,21.9,22.228639602661133
37099,14.2,16.411398887634277
01105,21.9,20.58180046081543
54011,17.8,18.8660249710083
54045,24.0,24.92340850830078
51045,15.6,17.89013147354126
54057,17.5,18.850911140441895
54059,27.6,28.38993740081787
28097,19.4,19.883399963378906
29185,20.9,21.169734001159668
37027,17.0,18.449402809143066
45031,16.4,19.301280975341797
53073,10.8,13.792308330535889
54023,19.2,19.883225440979004
31081,12.5,15.009623527526855
30015,16.6,15.866593837738037
05067,21.1,25.268136024475098
37067,13.4,15.340389728546143
05075,19.8,22.32404613494873
34001,12.9,16.14320707321167
29510,16.5,17.196131706237793
48205,13.4,17.278132438659668
18049,18.6,19.50447177886963
10003,11.6,13.446357727050781
39063,14.5,16.159557342529297
35013,12.1,15.614412784576416
29109,20.4,21.1770076751709
37009,15.5,17.486668586730957
05027,16.1,20.379600524902344
26041,16.4,16.459491729736328
37021,12.3,13.829647541046143
28119,23.2,25.012085914611816
28133,21.4,23.46616840362549
51750,14.0,15.701205253601074
51063,15.0,16.271952629089355
54107,18.9,19.562426567077637
54105,21.4,22.967376708984375
48027,13.3,14.694034099578857
53043,11.7,14.702651023864746
53045,13.0,17.510868072509766
26117,18.3,21.12058925628662
27057,14.2,15.277169227600098
37017,16.8,19.291545867919922
48231,15.2,18.408628463745117
48307,15.1,16.798784255981445
29011,21.6,20.02147388458252
29149,22.8,22.785335540771484
30067,13.5,14.362358093261719
13219,9.3,11.719569206237793
13225,14.3,17.710015296936035
13251,18.2,20.8416109085083
48505,17.1,19.067232131958008
24009,11.1,13.130333423614502
20043,15.3,17.800698280334473
13283,22.5,23.462327003479004
48349,16.6,20.39505672454834
31165,16.8,15.287683486938477
37023,17.0,18.783126831054688
36059,8.5,10.873002529144287
34025,9.7,11.840968132019043
51179,11.0,11.392193794250488
53055,8.9,11.631719589233398
53057,11.4,14.964527130126953
53067,10.2,12.772113800048828
13047,14.7,16.207409858703613
13065,21.2,24.583925247192383
53029,9.5,12.774450778961182
50007,8.5,12.100229740142822
51820,15.2,16.161505699157715
48149,12.3,15.420669078826904
48089,13.6,15.020974159240723
19003,15.6,18.088022232055664
25019,9.1,10.78736162185669
47009,16.6,17.303933143615723
46039,14.8,14.373347282409668
16079,15.9,19.505918502807617
17119,13.3,16.835068702697754
48321,15.3,19.357295989990234
40097,20.3,21.621499061584473
05013,16.0,19.59751796722412
17153,20.0,22.58647918701172
27165,14.9,18.36376667022705
39005,17.7,19.075087547302246
06043,12.6,14.586166858673096
35009,14.4,17.14629077911377
33019,13.0,15.975956916809082
37191,16.2,18.54195213317871
31029,14.0,16.95882558822632
31057,14.3,15.494289875030518
46069,16.3,15.304690837860107
26005,14.8,16.701395988464355
21091,,20.63308811187744
19033,15.5,16.775158882141113
19037,15.5,16.041419506072998
32013,15.6,15.701366901397705
48491,9.9,11.948842525482178
19049,10.9,12.510371208190918
13263,18.7,19.481322288513184
37047,18.3,20.87946319580078
30109,14.4,15.633342742919922
16087,15.2,17.07315158843994
17159,15.5,18.148738861083984
08007,12.0,12.398039817810059
40153,16.9,17.085681915283203
35027,12.6,15.152775764465332
35053,15.5,17.980047702789307
19193,16.1,15.837007999420166
31013,14.8,16.9818696975708
36021,12.4,14.560276508331299
31005,13.6,15.75006103515625
13291,14.2,15.765149116516113
06023,14.2,14.684218406677246
13297,14.9,16.59332799911499
37121,14.6,16.596421241760254
29115,18.8,20.724382400512695
13307,18.5,22.48374652862549
20155,16.9,17.724980354309082
47139,20.7,22.086365699768066
24510,15.8,16.405537605285645
48091,10.5,12.8412184715271
48497,14.8,17.044811248779297
19067,16.2,18.456603050231934
21109,,26.14095401763916
20049,18.4,18.721179962158203
26045,13.3,15.100232124328613
19085,15.8,16.56333875656128
46093,14.1,15.095946311950684
12029,20.0,21.25068759918213
13155,18.3,20.99578285217285
30087,20.2,23.21903419494629
26013,18.6,18.465271949768066
20005,15.3,18.81934642791748
25007,10.8,11.139593601226807
12001,11.2,19.560420989990234
29077,15.4,16.18312978744507
29103,21.2,21.97689151763916
32011,21.8,18.628536224365234
30039,14.3,14.194118022918701
39045,14.4,15.7001371383667
38063,13.2,15.417413234710693
38003,13.3,15.07099723815918
41059,14.6,17.5729398727417
13133,12.1,14.50950288772583
55079,14.6,16.498866081237793
55081,17.1,17.67651653289795
05037,19.8,22.040082931518555
20111,14.8,18.41793155670166
48121,9.8,12.74983549118042
21129,,29.068135261535645
20125,17.9,18.264878273010254
26071,16.6,18.187332153320312
20197,14.2,16.353093147277832
27023,16.3,17.995777130126953
49057,9.1,14.53215503692627
37085,15.3,18.114696502685547
22109,18.8,20.68198871612549
47035,19.4,18.602335929870605
18017,18.5,19.824548721313477
19177,18.5,19.288328170776367
32023,17.7,19.427836418151855
29189,13.2,14.525820255279541
17171,15.1,17.960360527038574
26011,17.8,20.575178146362305
05093,18.8,22.365901947021484
12063,19.0,19.96372127532959
12127,13.7,18.062866687774658
13083,15.2,19.376225471496582
26095,18.1,19.17699432373047
37101,14.2,16.407917022705078
18153,19.9,20.494915008544922
34017,10.6,11.724489212036133
46035,15.6,15.358753681182861
12031,13.9,16.231775760650635
39129,17.9,19.39576530456543
28007,18.2,22.810133934020996
21173,,20.949214935302734
49049,6.4,11.158214569091797
55027,14.9,16.67798948287964
21189,,23.623191833496094
26133,18.1,20.87336540222168
21221,,19.54476547241211
27051,16.6,16.75825595855713
17047,17.3,20.24639320373535
17059,17.4,21.66182231903076
26091,15.5,18.617295265197754
55039,14.8,15.891714572906494
26099,15.2,16.53308868408203
18183,15.8,17.63690757751465
26017,15.7,19.086820602416992
26157,17.3,19.82541275024414
32005,12.0,13.160970687866211
18003,14.4,16.578218460083008
45073,14.7,16.694937705993652
13275,15.9,17.406526565551758
20175,15.0,18.166828155517578
24003,10.6,11.588825225830078
34041,11.6,13.970079898834229
42117,,18.45142364501953
48071,13.4,16.00518035888672
29047,14.2,14.540117740631104
39049,13.9,14.562073230743408
48337,15.7,18.290483474731445
49013,11.8,17.102903366088867
49019,10.2,12.758511543273926
29219,17.1,19.05362606048584
13077,12.3,14.911168098449707
19021,15.6,17.576648712158203
27011,15.5,16.742700576782227
48365,15.6,18.546531677246094
27009,16.0,16.56082820892334
21023,,23.007136344909668
40103,16.8,17.664278984069824
25009,11.4,13.165706157684326
47039,23.8,22.049918174743652
47059,20.6,20.021000862121582
32007,17.1,16.415135860443115
22123,20.0,21.450995445251465
01063,22.3,23.26176166534424
18103,19.2,21.225675582885742
18107,17.5,18.929072380065918
06051,11.7,14.687493324279785
20095,16.4,16.33543634414673
46105,16.0,15.456632137298584
56045,15.7,16.80666446685791
17129,14.1,15.795878410339355
21143,,18.985923767089844
21051,,28.13809108734131
27067,14.4,16.80172634124756
31071,12.4,14.635904788970947
48285,14.4,16.88268756866455
47021,17.4,18.57828998565674
47145,18.9,17.7298526763916
08037,10.3,12.384056568145752
16001,10.4,12.255304336547852
19029,17.5,18.477304458618164
12061,11.5,15.69863510131836
13009,15.8,18.226366996765137
51007,17.7,17.79314422607422
39101,19.6,21.005104064941406
51035,17.9,19.899797439575195
08063,14.5,16.72893524169922
42027,,14.179079532623291
46081,14.2,14.189420700073242
42029,,10.641801834106445
47083,20.2,21.23897933959961
47085,20.6,21.32710838317871
48241,18.9,22.166892051696777
45043,11.9,14.550954341888428
53001,14.0,21.19761562347412
49043,6.6,10.84608793258667
46085,21.4,22.313806533813477
16069,13.5,15.631396770477295
31021,15.2,16.47898530960083
27119,15.3,16.00820302963257
29119,23.3,22.418893814086914
55135,15.7,16.385077476501465
12085,11.4,17.906653881072998
55111,14.9,15.506442546844482
41029,12.9,14.717355251312256
37061,16.3,20.61599636077881
19145,18.0,17.0914888381958
19045,16.9,18.467487335205078
13055,21.3,21.62129497528076
12071,11.9,17.714685440063477
19061,13.6,14.339983463287354
48283,15.3,19.20824432373047
20113,13.6,14.300264835357666
12099,11.2,17.873321056365967
20109,15.9,17.083818435668945
48309,13.5,17.177859783172607
12093,18.2,21.351187705993652
19089,16.6,17.111766815185547
30009,13.4,15.698753833770752
51760,14.2,15.48648977279663
49005,8.1,12.62355375289917
53039,12.1,14.269240379333496
45049,19.1,22.054588317871094
49025,9.3,13.274363040924072
55007,13.3,14.242259979248047
55013,16.1,16.586718559265137
22041,22.7,24.5526065826416
22027,25.7,26.852157592773438
51131,14.4,16.230875968933105
27157,13.9,15.525086402893066
22047,18.9,21.82767105102539
17111,11.5,12.859447002410889
18075,20.2,22.41004467010498
35037,15.8,17.025683879852295
37171,17.1,19.462292671203613
48369,13.4,17.298227310180664
39037,17.7,18.77404022216797
17149,16.8,19.25334072113037
39121,18.5,21.115337371826172
19097,16.3,17.885117530822754
13045,16.1,17.6043119430542
51081,19.2,19.812416076660156
17161,14.5,16.32341194152832
08113,9.8,13.10747480392456
08115,13.6,18.5005521774292
55093,13.0,15.091266632080078
48037,16.0,19.78464412689209
47181,23.1,23.054451942443848
47187,10.4,14.026914119720459
45065,14.6,16.654436111450195
55119,16.3,17.83932590484619
56027,16.1,18.521992683410645
36027,11.0,13.396685600280762
37073,16.6,18.846403121948242
06113,9.8,12.953816890716553
29091,21.6,23.333800315856934
26141,16.3,18.330875396728516
29101,15.2,15.98442029953003
22067,23.0,26.032426834106445
29157,17.5,17.202800750732422
13303,19.3,21.197930335998535
20115,15.0,15.801891326904297
21029,,17.86441135406494
27101,14.6,15.65970516204834
39041,10.1,13.12044620513916
40117,19.3,20.787378311157227
49011,7.4,10.276417255401611
48049,15.3,17.631077766418457
39141,19.8,21.092005729675293
17181,17.1,18.769737243652344
08039,11.2,12.625474452972412
39145,20.8,22.157525062561035
19153,13.3,13.721174716949463
48443,9.2,12.870312213897705
13119,17.9,21.42060375213623
17203,12.4,13.837343215942383
51093,13.2,15.246338844299316
44005,9.2,11.247090339660645
55131,12.1,13.413631916046143
29023,22.1,23.67649745941162
41043,14.2,16.776536464691162
51105,21.2,24.846675872802734
53017,11.7,16.37822723388672
20149,13.6,13.712761402130127
23019,15.6,17.049470901489258
36095,13.4,17.462733268737793
13151,12.9,14.68882942199707
39127,19.3,23.920411109924316
51133,12.0,14.299735069274902
28083,20.9,21.722412109375
38033,15.6,15.877488613128662
26097,17.7,17.34460163116455
53053,11.6,13.277245998382568
32021,21.4,16.83142375946045
27127,16.3,17.334906578063965
45071,15.3,19.133728981018066
18083,17.5,19.553890228271484
12089,12.4,17.857399940490723
45077,13.5,16.915522575378418
39075,21.5,19.934362411499023
12075,17.8,20.181400299072266
19167,12.9,14.239590644836426
48183,15.3,19.153178215026855
35059,15.3,19.443561553955078
37039,15.6,16.949267387390137
39151,17.1,18.576215744018555
06039,14.8,19.846572875976562
28071,12.9,16.894827365875244
53065,14.0,16.527657985687256
32033,17.5,19.035079956054688
01071,19.0,21.931575775146484
27173,16.0,18.189741134643555
23009,13.3,14.43056344985962
34027,8.4,10.31195068359375
40111,20.0,21.219465255737305
36003,13.8,20.072592735290527
48087,16.5,17.738117218017578
49045,9.5,13.39160442352295
13057,11.7,12.730677604675293
17073,13.8,15.839898109436035
21001,,21.996910095214844
22097,22.0,22.42288875579834
30047,15.5,16.835068702697754
01111,16.9,19.543258666992188
06081,8.0,9.472661018371582
26123,18.0,19.570722579956055
37135,9.3,12.111508846282959
19151,15.9,17.27863311767578
48153,15.2,18.598660469055176
42013,,18.775638580322266
37029,13.1,16.070317268371582
31027,12.5,15.405675411224365
05119,13.4,16.770714282989502
55073,14.3,15.141229152679443
06097,10.6,11.070883750915527
27071,15.9,17.214486122131348
28025,19.1,20.581576347351074
38013,13.1,15.711169719696045
24031,7.2,9.816352367401123
54101,24.2,25.722667694091797
47071,22.7,22.32334804534912
36035,16.0,19.71713161468506
48093,14.5,16.118486881256104
48453,9.5,12.169143199920654
48203,15.2,19.185665130615234
54065,19.4,17.776305198669434
08021,13.0,16.754697799682617
12033,14.2,16.349668502807617
48001,17.4,19.805484771728516
47019,20.5,20.67447566986084
37087,13.9,15.97126579284668
49053,8.0,13.966419696807861
30003,24.7,27.204448699951172
35045,20.1,19.44656276702881
01003,13.0,15.213829517364502
22017,18.2,19.073744773864746
36051,12.3,16.872629165649414
51041,11.5,12.389920711517334
13257,17.8,18.11116886138916
40085,18.5,19.981761932373047
17091,14.7,17.393587112426758
05145,17.4,20.059314727783203
13157,14.6,15.108362674713135
35011,14.1,19.25516700744629
38057,15.1,15.687903881072998
20117,17.3,16.729092597961426
06073,10.0,11.089394569396973
50021,12.9,15.908525466918945
24013,10.9,12.92396879196167
06019,13.2,14.754588603973389
16035,14.1,16.783564567565918
24023,14.2,17.188812255859375
48277,16.7,18.901748657226562
13127,14.4,15.656402587890625
39163,21.2,23.947606086730957
48373,18.9,21.860774040222168
47043,18.0,19.9793758392334
55029,11.9,13.745535850524902
44009,9.5,10.602973461151123
01033,16.2,19.754201889038086
21097,,21.46573257446289
55117,13.7,14.28364896774292
29187,20.7,21.051681518554688
17021,16.1,17.986905097961426
46023,20.4,22.20716953277588
21101,,20.17054557800293
51155,15.7,17.845181465148926
06061,9.4,10.971712589263916
18047,16.8,17.15099334716797
31133,15.7,19.582027435302734
31107,16.0,17.306090354919434
37019,12.4,14.091132164001465
21231,,24.549280166625977
22003,21.7,23.023630142211914
36029,12.4,16.0338077545166
28093,20.3,21.255412101745605
05107,21.0,25.484655380249023
46102,39.8,33.072712898254395
46099,14.2,13.703245162963867
39021,16.4,18.754998207092285
13197,18.5,19.441718101501465
51095,9.7,10.121849536895752
19111,17.5,17.599720001220703
48113,12.5,14.504822731018066
41065,14.5,15.864532470703125
30007,13.9,15.36631727218628
41061,13.7,16.29329204559326
12087,12.0,18.378114700317383
25027,12.3,13.699682712554932
28059,15.4,18.13761329650879
45013,9.6,12.590117454528809
16049,13.1,17.054356575012207
24033,10.5,14.81367301940918
28109,17.6,20.659340858459473
34009,11.8,13.42857313156128
22057,19.1,19.692548751831055
38053,15.2,17.71185874938965
41005,10.5,12.031648635864258
08073,15.5,18.79409885406494
41033,15.5,16.792075157165527
21121,,28.767499923706055
01041,18.1,19.1370849609375
06089,13.8,16.370373249053955
13013,15.0,16.594728469848633
18067,17.9,17.939916610717773
20193,12.7,16.963818073272705
21179,,18.919413566589355
32027,17.0,19.18764305114746
31053,15.0,17.368611335754395
40113,17.9,19.206424713134766
49027,10.8,16.52403163909912
51001,16.5,17.765867233276367
41015,13.4,13.793458938598633
05007,11.7,15.94565486907959
22099,19.7,21.983806610107422
51147,14.6,18.757081985473633
16007,13.3,18.59490394592285
48377,14.6,17.228498458862305
48457,19.3,20.240248680114746
40033,19.3,20.155248641967773
22095,16.7,20.372013092041016
51061,11.5,13.54220199584961
48367,12.9,14.408702850341797
48073,16.9,18.66522216796875
01027,18.2,21.77977466583252
49023,10.3,14.079895973205566
06105,16.9,17.83360767364502
06103,15.1,18.206690788269043
16023,17.3,19.365593910217285
17113,11.2,13.970016956329346
29095,15.8,16.9579439163208
37041,16.8,16.80317211151123
48197,15.8,18.329822540283203
36121,15.1,18.748770713806152
25013,14.8,17.663442611694336
21125,,24.771095275878906
18093,16.9,18.550018310546875
55115,16.7,17.73958396911621
06045,14.3,15.020740509033203
32031,12.6,12.84660291671753
46033,13.9,15.066552639007568
01079,18.5,20.810721397399902
16047,15.0,18.70569133758545
23021,18.0,19.849069595336914
46013,14.1,15.784474849700928
20167,17.1,17.20175552368164
40075,19.9,19.17656898498535
33013,10.6,13.824093341827393
41031,14.6,17.408196449279785
47117,18.8,20.61379623413086
29003,15.4,15.284316062927246
51019,13.2,14.943918228149414
47189,14.4,16.02379322052002
48455,16.8,18.54709529876709
53035,10.4,12.789394855499268
49041,10.4,17.1452374458313
36047,12.1,15.686174392700195
55003,17.3,19.693120002746582
55123,16.1,17.447983264923096
28149,16.1,18.281834602355957
08014,8.7,10.182323932647705
48041,11.7,14.169679641723633
30031,9.7,11.587553024291992
30107,17.0,19.908143997192383
51520,17.2,17.794039726257324
18063,12.8,13.403104305267334
55053,17.7,18.62074375152588
01125,13.6,16.244117259979248
51127,12.3,14.155624866485596
05011,18.9,21.550755500793457
32510,14.4,14.951347827911377
37013,16.1,18.070066452026367
01127,18.4,22.270548820495605
13005,18.8,20.855606079101562
18045,18.5,19.575005531311035
21073,,16.38419008255005
49037,15.7,19.975786209106445
56029,12.5,13.500958442687988
18139,18.6,20.629361152648926
26165,17.4,18.273173332214355
37117,17.3,19.41740322113037
48473,12.2,17.0568528175354
48407,17.5,19.037951469421387
51069,13.0,14.81130838394165
30055,12.7,16.182910919189453
54047,28.7,26.3580961227417
01037,17.8,18.826847076416016
16065,10.0,14.347250938415527
17147,12.5,14.97788143157959
42097,,18.965351104736328
23029,18.3,17.374332427978516
37143,15.2,16.383689880371094
42035,,19.755372047424316
30069,13.9,15.312232971191406
06021,13.9,18.56354331970215
17143,13.8,15.907569885253906
20067,12.6,16.8647518157959
21233,,23.06291103363037
35051,15.8,15.605619430541992
35043,11.2,13.840585708618164
06065,11.5,14.397598266601562
53007,11.4,14.310333251953125
05133,18.8,23.274755477905273
48333,12.7,16.027966499328613
39149,17.0,17.819592475891113
22075,16.8,19.46965980529785
06093,14.4,15.971277236938477
30023,17.0,17.79242515563965
21195,,25.317476272583008
01049,19.6,22.573688507080078
06077,12.6,13.155066967010498
36007,13.2,18.3411226272583
05073,21.5,23.937606811523438
51015,14.5,16.03805160522461
42111,,18.953815460205078
48033,12.4,13.77479887008667
50015,11.9,13.654464721679688
54039,18.9,17.106342792510986
13099,18.8,21.191060066223145
13321,18.9,21.252320289611816
26147,16.3,18.432835578918457
30081,12.7,14.819315433502197
28015,19.4,21.11698341369629
48043,9.7,12.185624599456787
53025,12.6,16.907928466796875
51111,18.9,21.19956111907959
12067,19.3,21.346281051635742
36019,14.4,17.69790744781494
22025,22.7,23.026850700378418
39095,16.4,17.799434661865234
12133,19.5,21.31936740875244
53037,11.1,13.745725631713867
41067,9.7,10.899805068969727
04005,11.5,14.404841423034668
36075,15.7,20.481016159057617
01055,17.8,18.938594818115234
21225,,23.130693435668945
47121,22.2,21.55317211151123
01113,18.1,20.032591819763184
08123,12.7,14.943989276885986
48287,16.4,17.587834358215332
53041,14.4,16.902689933776855
51735,11.2,11.670471668243408
41017,10.6,12.24199390411377
30035,26.5,23.80561923980713
56013,16.4,15.976397514343262
29165,12.1,12.51525354385376
34037,11.2,13.470306873321533
40059,16.2,18.79604721069336
01073,13.7,16.458969116210938
48141,12.1,15.817780017852783
06085,8.1,8.398858070373535
28027,21.1,23.55099105834961
48177,15.8,19.8398380279541
16059,13.4,15.596182823181152
01069,16.0,18.690857887268066
50027,11.1,14.145907402038574
47045,20.1,20.464613914489746
18019,16.4,17.33711814880371
05005,16.6,18.252323150634766
13179,14.3,18.018600463867188
22077,18.5,21.180362701416016
30083,13.8,15.98174524307251
08049,11.8,12.101491451263428
05051,15.5,18.008910179138184
48097,14.5,17.679207801818848
08103,13.1,16.381595611572266
47013,22.8,23.91409969329834
27075,15.1,15.011924743652344
37175,12.0,13.120812892913818
28163,23.5,23.267349243164062
53031,9.5,11.608076095581055
27133,15.4,16.3273663520813
50005,13.7,15.809338569641113
48219,14.5,16.20329475402832
48063,17.2,20.821306228637695
29087,17.6,17.35126304626465
06025,12.9,16.457573413848877
48077,14.2,16.153194427490234
40141,18.1,21.286995887756348
26101,15.6,16.706198692321777
30105,14.1,17.023795127868652
36105,13.7,17.429125785827637
41019,14.5,16.195784091949463
53015,13.4,17.243337154388428
55075,16.1,17.706928253173828
17071,15.1,16.156050205230713
05103,18.2,20.761451721191406
32019,15.9,18.641056060791016
42101,,15.92236614227295
13023,16.6,19.070874214172363
41007,13.2,14.948265552520752
23003,17.9,19.203959465026855
30057,12.2,14.595585823059082
13001,20.3,22.583889961242676
08081,15.6,16.134864330291748
34013,12.4,13.857787132263184
13175,18.1,21.053671836853027
55041,19.9,21.07238483428955
05077,22.3,24.109984397888184
55083,15.7,16.96566915512085
56017,14.9,15.951837539672852
46119,13.7,15.320197105407715
48319,11.5,12.709612369537354
20019,19.1,18.35634708404541
28063,21.5,25.320530891418457
01103,16.1,17.75147533416748
28079,19.3,23.350278854370117
54033,18.8,19.52978229522705
48485,14.6,16.610386848449707
20073,17.4,18.123208045959473
56033,12.9,14.519177436828613
51510,9.0,9.798952579498291
28117,17.5,21.210813522338867
12079,18.8,21.439268112182617
13239,19.3,20.684420585632324
27149,13.1,15.230607509613037
13305,20.0,20.547269821166992
17105,15.3,18.352757453918457
13073,11.9,12.644558906555176
04011,11.6,14.944843292236328
26031,16.7,16.975229263305664
36061,8.2,12.530178546905518
01099,19.7,22.864646911621094
08097,8.3,10.833609580993652
19065,16.9,17.264920234680176
40133,22.5,23.030384063720703
37103,18.1,20.064539909362793
48245,16.1,16.91127300262451
18009,20.8,21.496448516845703
22081,23.2,24.831292152404785
47151,26.4,26.69793701171875
55078,23.4,24.361767768859863
05045,13.6,17.58989906311035
13309,21.0,21.02589988708496
05097,17.8,23.036334991455078
51187,15.0,17.33975315093994
54021,20.7,20.378549575805664
54037,15.1,14.875335216522217
13033,19.0,20.84671115875244
54073,19.7,20.65324306488037
21069,,24.003745079040527
24001,17.7,19.126785278320312
08065,10.2,14.447827816009521
37151,16.7,19.1447114944458
47037,14.0,14.535511493682861
29071,16.4,18.03575038909912
48109,16.1,21.210586547851562
21227,,17.279294967651367
48425,13.4,16.908555030822754
53075,10.1,12.542132377624512
42003,,15.224448204040527
51570,12.8,15.33840036392212
46117,13.4,14.36008596420288
54015,24.3,27.209346771240234
13213,17.0,21.07256031036377
48323,14.2,16.41746711730957
47101,20.8,23.633049964904785
28013,20.1,20.805965423583984
28035,15.2,16.429209232330322
54109,24.6,24.798239707946777
13181,18.0,19.096041679382324
42049,,16.708909034729004
19047,16.7,19.958702087402344
28049,15.9,17.9461727142334
47119,16.4,17.507953643798828
01133,19.6,23.470285415649414
48123,16.0,19.637980461120605
47171,21.4,19.099945068359375
22031,20.7,22.07183837890625
42099,,17.928836822509766
46037,16.6,16.672829627990723
55107,17.5,18.351167678833008
20101,14.4,16.752119064331055
51670,20.3,20.898924827575684
13311,14.7,16.032265186309814
40017,13.4,14.830464839935303
40107,24.4,23.73922824859619
13285,16.9,18.64895534515381
20021,18.9,18.747309684753418
40115,21.3,22.458298683166504
01035,20.5,20.868157386779785
08087,13.8,17.968953132629395
18023,17.5,18.86968421936035
21153,,29.441393852233887
29055,20.3,23.587234497070312
28161,20.7,21.22229766845703
54083,20.0,19.591330528259277
35023,14.7,19.90445566177368
20191,16.8,16.7548189163208
30041,18.2,17.81435489654541
05137,19.7,22.112855911254883
19125,13.3,14.57105827331543
37139,13.9,16.421287059783936
34035,8.2,9.835285663604736
48201,12.7,14.22438097000122
55129,15.7,16.993361473083496
48209,10.8,12.728970050811768
17157,16.3,19.358684539794922
42059,,18.474782943725586
27029,18.8,19.720269203186035
36025,14.5,17.901394844055176
51059,8.1,9.129860877990723
45059,16.5,21.197361946105957
47105,15.9,14.99992036819458
56025,14.9,14.338897228240967
47175,21.1,21.723299026489258
51197,16.7,20.212958335876465
16041,12.9,16.397501468658447
21045,,26.389708518981934
26081,13.0,12.797192096710205
28043,18.5,18.32423686981201
13313,15.6,16.711676597595215
26151,17.9,20.38587760925293
21039,,20.942174911499023
31035,14.9,17.083195686340332
42075,,17.07379722595215
47093,15.0,15.585627555847168
08047,11.4,12.281066417694092
42131,,17.83202075958252
42025,,18.78288745880127
39153,14.6,16.43181800842285
37049,14.0,17.00355052947998
51145,12.8,14.461028575897217
18057,9.5,12.41152286529541
05141,19.3,22.121331214904785
30019,13.3,14.752667903900146
48451,12.8,15.593591690063477
01045,17.5,18.98866844177246
13071,19.2,22.9197359085083
20099,17.9,19.814125061035156
51193,17.1,17.49367618560791
23027,15.4,14.759675025939941
47025,20.9,22.47843074798584
05085,16.0,17.648616790771484
17065,17.0,18.818245887756348
18109,16.3,18.57701587677002
40039,15.4,16.745957374572754
31149,13.4,14.466432571411133
37001,13.9,16.785661697387695
46135,13.8,15.809410572052002
17127,16.6,21.74497699737549
55061,14.7,16.105204105377197
46107,13.6,16.04391860961914
21049,,19.20046043395996
13233,17.9,20.67421817779541
18145,17.9,19.112759590148926
22111,20.8,21.724803924560547
35029,16.9,21.549421310424805
18171,17.4,17.83048725128174
27045,15.5,15.544442176818848
31147,15.7,17.205244064331055
26077,12.9,13.149032592773438
26115,15.2,17.833123207092285
39165,12.2,12.68840503692627
29211,18.7,20.988057136535645
26037,12.9,14.54347276687622
01051,15.1,16.273804664611816
37197,16.3,20.188937187194824
12055,14.3,19.95413112640381
12111,13.5,15.8687105178833
40041,20.5,20.828700065612793
39103,13.1,14.227114200592041
19055,16.3,16.70326852798462
39109,15.3,17.198354721069336
01031,16.6,18.497987747192383
48251,14.4,16.311345100402832
48291,17.8,18.911720275878906
54097,20.9,21.816789627075195
55059,14.5,15.285906314849854
31115,12.7,15.211339950561523
16005,12.9,15.54412031173706
45087,19.2,22.765674591064453
20165,16.3,16.413134574890137
37111,17.0,18.855734825134277
36083,11.9,15.691512107849121
23001,16.3,18.57234001159668
19073,16.5,17.011920928955078
48125,15.1,17.060193061828613
26085,20.9,20.73899269104004
27017,16.2,16.9205379486084
20025,13.9,15.880871295928955
26061,13.1,15.975968837738037
39079,20.1,23.066495895385742
37081,13.0,14.488553047180176
28075,18.5,20.29434108734131
22009,23.2,25.555947303771973
21217,,20.704419136047363
18141,14.9,15.842368602752686
51630,11.7,14.37261962890625
13031,14.1,16.939148902893066
19083,16.2,16.380000114440918
13037,20.8,23.23507022857666
48361,15.7,17.572233200073242
08111,11.2,12.458033561706543
51085,11.8,11.929686546325684
21053,,24.484832763671875
39147,16.4,19.298319816589355
17191,17.0,19.90125560760498
51036,16.6,17.616141319274902
21065,,26.83765697479248
21075,,22.709452629089355
06107,14.0,15.013998031616211
19011,14.9,15.564192295074463
17169,17.2,19.29522705078125
38023,14.1,15.7250657081604
21203,,25.185623168945312
47029,23.9,23.616488456726074
21215,,18.71739387512207
38007,13.5,15.083092212677002
48259,10.0,12.537811756134033
55051,14.8,17.014751434326172
47053,20.1,19.033309936523438
45027,16.9,19.53985023498535
20007,16.4,17.68175506591797
33007,15.2,18.65986919403076
17077,13.8,16.33504295349121
37187,19.0,22.15016269683838
06071,12.3,13.533341884613037
17035,14.5,19.09706211090088
12011,11.8,17.971286296844482
13195,18.2,18.694279670715332
48305,15.9,18.222854614257812
48329,12.0,13.982079029083252
29123,19.3,21.746535301208496
08041,10.7,12.31700325012207
22083,21.4,23.55526351928711
08119,11.3,13.311901092529297
40139,16.0,17.701987266540527
18165,18.6,19.645973205566406
38025,14.8,16.575578689575195
30017,14.5,15.808964729309082
17017,15.8,18.487146377563477
42055,,16.498741149902344
21123,,21.752737998962402
35025,14.8,17.51449966430664
01091,17.5,20.220601081848145
21061,,23.657381057739258
31041,14.1,15.752529621124268
48139,12.6,14.933168888092041
55077,17.0,17.51051902770996
20011,16.9,18.3856201171875
27113,15.4,18.479744911193848
23017,17.8,19.166993141174316
36071,12.0,15.751062393188477
22103,14.5,16.09306764602661
31145,14.3,17.40049457550049
36031,13.5,16.102911949157715
29213,16.8,18.081209182739258
48379,14.6,16.162822723388672
36023,12.8,16.59821367263794
48343,16.7,20.236332893371582
36001,10.5,13.075279712677002
51113,14.1,15.332573890686035
51157,13.5,13.523139476776123
48395,15.7,18.952122688293457
40077,22.4,22.235530853271484
21151,,16.943458557128906
42067,,20.03121280670166
29107,16.5,17.585012435913086
26093,11.9,13.209299087524414
29135,18.0,19.599794387817383
36005,13.2,18.959723472595215
31123,15.9,16.482635498046875
05023,17.4,19.495983123779297
05089,18.0,20.41875648498535
36081,10.9,15.371411800384521
01121,17.7,20.645221710205078
18105,12.2,14.255400657653809
31073,13.2,14.893693447113037
45009,16.3,20.036598205566406
48409,14.4,17.23357391357422
21229,,19.683837890625
41001,13.8,15.043696403503418
01089,11.8,15.004104137420654
38079,25.9,26.568254470825195
28031,18.0,21.386455535888672
28151,20.7,21.728668212890625
46129,15.7,15.252129554748535
48439,12.7,14.35297966003418
39053,20.8,21.894916534423828
39111,20.0,22.18548583984375
42051,,20.070555686950684
28053,23.2,23.1293363571167
51021,16.0,20.14127540588379
39051,15.1,18.6268253326416
12109,10.1,15.205530643463135
13017,21.3,22.884114265441895
01123,16.3,19.140457153320312
48147,16.6,17.738832473754883
35005,15.1,18.645495414733887
26103,13.5,14.74119520187378
29195,16.2,18.70982837677002
34033,14.7,17.751215934753418
17009,17.8,17.125417709350586
19195,15.5,16.124797344207764
28139,18.7,20.812637329101562
01085,21.6,22.41287326812744
16045,12.9,17.585567474365234
27043,16.4,17.706846237182617
21019,,19.86574077606201
54069,16.3,16.376604557037354
28143,23.5,22.115861892700195
41037,15.6,16.992665767669678
22043,20.1,24.502737998962402
21165,,25.13060474395752
39057,12.3,14.31401252746582
19169,11.1,13.257875919342041
54003,17.4,17.5513916015625
01093,18.5,22.048873901367188
55021,14.4,15.238637447357178
36009,16.5,20.005215644836426
26025,16.7,19.115246772766113
39015,19.7,22.61073589324951
47141,17.6,18.29062843322754
39171,17.8,19.457810401916504
38027,16.2,15.171122074127197
17173,15.2,17.988571166992188
48081,15.3,15.711209774017334
47137,23.5,24.433186531066895
37167,16.0,18.10947608947754
48099,14.1,16.072997570037842
17029,14.8,19.272578239440918
47153,22.7,22.74599838256836
19053,15.9,18.131858825683594
21127,,25.920040130615234
46059,13.0,15.342089176177979
42037,,18.4986629486084
29009,20.2,21.327155113220215
41069,14.1,15.651833534240723
29041,17.8,18.687728881835938
51119,13.1,14.57048511505127
50023,11.5,12.260185718536377
13075,19.7,21.220805168151855
51195,19.4,22.215167999267578
45007,14.2,17.421916007995605
47061,24.2,22.789978981018066
18161,15.9,16.778203010559082
26073,15.8,17.920856475830078
05055,18.5,21.46873950958252
20133,16.6,19.646413803100586
41021,14.8,16.21357774734497
08017,13.9,16.363332271575928
17187,14.5,17.241355895996094
22063,17.1,18.532546043395996
26119,18.3,19.9449405670166
18015,17.5,18.995792388916016
26047,12.8,13.289063453674316
18169,16.8,18.215615272521973
26075,15.4,17.88135051727295
49031,12.3,17.258877754211426
37183,9.6,11.93313455581665
37123,16.4,18.664250373840332
37165,21.3,22.92489242553711
17061,17.2,19.89295768737793
06009,13.4,15.198870182037354
21031,,24.376136779785156
38005,22.0,24.098522186279297
19009,16.3,17.357029914855957
20045,11.6,13.381253719329834
37189,12.3,16.79434871673584
30103,13.1,14.882419109344482
55121,15.8,16.598073959350586
40011,17.6,19.23357391357422
47067,29.4,26.94676113128662
55033,13.7,15.657662391662598
37059,13.5,16.73567819595337
05019,15.0,18.537291526794434
40023,21.5,23.326234817504883
05063,17.1,21.56644916534424
20195,13.9,15.538331508636475
21077,,21.737574577331543
20177,15.2,15.666171073913574
19171,17.4,17.764063835144043
29019,12.2,14.385334014892578
19115,15.7,17.772149085998535
20039,14.1,16.473779678344727
45091,11.3,14.76532506942749
55005,15.4,16.614325523376465
22021,23.0,24.000667572021484
22037,18.3,22.45528507232666
46009,17.7,17.241552352905273
47073,21.2,22.465813636779785
45033,21.0,24.0345401763916
45037,16.3,19.429792404174805
29027,16.7,17.8267240524292
47113,18.4,18.521706581115723
56001,10.5,12.066261768341064
51029,18.4,20.892626762390137
12045,15.5,17.71595048904419
13315,20.2,21.805156707763672
05131,16.1,18.86452007293701
05129,20.9,23.014525413513184
22019,17.1,19.708250045776367
40079,21.9,22.402674674987793
21187,,22.51658058166504
38075,14.1,15.741920948028564
27125,15.5,16.927590370178223
40095,18.7,20.497766494750977
24005,11.1,12.83964729309082
28055,21.6,25.12248706817627
39083,15.5,18.357460021972656
51175,15.0,17.323237419128418
55011,15.0,16.069118976593018
22065,25.5,26.33046245574951
51800,13.2,14.633809566497803
28051,22.4,25.13773250579834
45063,13.0,15.095974445343018
55105,14.7,15.964893341064453
56023,14.1,14.364564418792725
53013,11.9,14.02564001083374
27117,16.5,16.85863208770752
51099,13.1,12.989983558654785
29043,14.8,16.718843460083008
01011,24.7,25.19525146484375
13237,15.5,16.672006130218506
40007,15.3,17.824088096618652
31043,14.7,18.931882858276367
05105,17.6,22.538426399230957
48351,22.2,22.917695999145508
29039,20.3,20.88904857635498
31049,14.6,17.2693452835083
41071,11.8,15.368776798248291
20079,13.8,15.386117935180664
27159,17.2,19.89961338043213
44001,10.1,10.135112762451172
47135,23.6,22.99317169189453
34039,11.4,11.968904972076416
29147,14.7,16.950042724609375
27095,17.5,18.60520076751709
20071,13.4,14.14371633529663
13141,21.9,24.217098236083984
12037,16.6,19.508987426757812
12117,10.8,18.38325786590576
28157,20.6,27.095117568969727
05121,20.0,23.483826637268066
26019,13.5,14.580080032348633
40045,16.4,17.13581657409668
54071,19.3,19.864205360412598
29209,17.3,18.740501403808594
29029,16.4,18.120040893554688
38097,12.3,14.551007747650146
42005,,18.32995891571045
20013,17.7,19.852624893188477
18129,15.3,16.136107921600342
08029,14.5,16.679673194885254
13231,14.9,16.800630569458008
13319,18.0,21.293700218200684
39115,19.5,22.120226860046387
46121,37.2,29.24782371520996
30021,13.5,16.80329465866089
20091,9.7,12.754340648651123
20153,16.8,16.006858825683594
20127,15.2,16.031405925750732
48445,16.7,18.728912353515625
13171,15.5,18.77322769165039
13199,18.6,20.92656898498535
39143,16.6,19.484553337097168
48353,17.3,18.953659057617188
22089,15.1,16.47497034072876
13277,17.5,18.073662757873535
38089,14.1,15.361464500427246
32009,18.2,15.814295768737793
28089,12.0,14.039738178253174
55063,12.6,13.659383773803711
29177,18.7,21.413823127746582
31037,14.4,16.04693603515625
45041,14.8,17.926132202148438
54001,21.4,24.331623077392578
13287,20.2,23.10604763031006
37089,12.7,14.58545732498169
17183,17.2,18.92452621459961
37129,11.6,14.456982612609863
21071,,27.047441482543945
48211,11.7,16.481916904449463
20077,19.2,18.985763549804688
27093,15.6,16.117687225341797
27059,16.2,16.69674587249756
27143,15.7,17.720969200134277
28121,13.1,15.749124526977539
37003,16.8,18.517854690551758
39001,21.9,23.813627243041992
38017,11.2,13.68696117401123
06031,14.8,17.673567295074463
04019,10.5,13.406983375549316
05125,14.2,16.635253429412842
41047,12.4,14.73570203781128
23005,10.9,11.581542015075684
48363,16.3,19.249974250793457
41035,15.1,16.71875
05059,18.6,22.323684692382812
08059,9.9,10.930813312530518
04001,22.4,24.873804092407227
12083,14.8,20.318371772766113
25005,15.8,16.081576347351074
49015,11.0,18.727741241455078
22117,21.7,24.368700981140137
40089,21.2,23.49427604675293
29171,17.1,19.889272689819336
35061,13.5,16.60874366760254
30049,12.0,12.920665264129639
24047,12.3,13.493967056274414
47157,17.2,17.73044204711914
56043,15.4,16.393834590911865
39061,13.9,15.788162231445312
51199,10.0,10.11605167388916
04007,15.4,16.197115421295166
05049,20.4,22.14416217803955
13051,13.3,14.640568256378174
30059,13.3,14.368584632873535
29035,22.6,22.293959617614746
28137,16.4,20.177688598632812
17015,15.3,17.351000785827637
12121,17.9,20.149298667907715
17121,17.0,19.83963680267334
13221,15.3,17.054444313049316
35041,13.4,17.726161003112793
16013,9.6,13.279443264007568
35006,19.4,20.943309783935547
18025,23.5,24.55471134185791
47027,23.1,24.5018892288208
30063,11.5,12.630961894989014
32003,14.8,14.072843074798584
22033,14.0,16.74644660949707
12039,18.6,20.268817901611328
12091,12.8,17.79703140258789
06033,15.2,17.87749671936035
42021,,18.044523239135742
48437,17.6,20.030315399169922
08045,12.2,13.25325870513916
17075,16.4,18.65870952606201
01067,16.6,17.933202743530273
05135,19.3,22.82387638092041
48273,12.1,16.378408908843994
51153,11.1,11.000696659088135
51097,16.4,17.815401077270508
16021,14.7,17.687288284301758
37119,10.8,13.425927639007568
36069,11.5,13.140849590301514
28105,12.4,16.995788097381592
34003,8.4,10.828267097473145
06053,11.9,13.736685276031494
38051,15.6,17.2263822555542
26029,13.1,14.476922988891602
38095,16.9,17.78818130493164
13205,19.3,23.087801933288574
08057,16.9,15.694109916687012
30027,14.6,16.218238830566406
48065,13.1,15.10251235961914
21147,,30.17457389831543
48401,16.1,18.47347068786621
01057,18.7,21.79887866973877
42081,,18.054186820983887
05001,17.3,20.868056297302246
48085,9.3,12.396843910217285
37051,14.8,16.99377727508545
25001,10.5,10.719253540039062
29143,21.4,22.82649326324463
42107,,18.10067844390869
30079,17.5,16.781071662902832
54041,21.2,23.219865798950195
49047,12.6,17.0614013671875
41057,13.2,14.792815208435059
16077,13.8,18.220523834228516
48419,18.5,21.628605842590332
06083,10.7,13.133891105651855
20131,14.7,15.328494548797607
06063,13.0,14.627803325653076
12105,14.4,19.52063751220703
12119,9.9,17.83363437652588
39159,12.6,13.771512985229492
45089,17.5,22.44440269470215
30097,13.0,14.778079986572266
18005,14.8,15.729727745056152
22101,21.3,22.06087017059326
16053,15.7,17.61603546142578
51091,12.8,14.212154865264893
06005,12.2,14.875827312469482
06013,9.3,10.363446712493896
12123,19.2,21.057034492492676
46071,28.5,33.439311027526855
45081,15.9,19.13936424255371
56009,15.4,17.433584213256836
51610,6.7,9.288482666015625
13049,20.1,22.398680686950684
47097,23.4,24.64610481262207
06049,14.8,18.13472270965576
51079,14.2,15.490870475769043
45019,10.5,13.675431251525879
01077,14.2,18.00344467163086
17109,13.8,16.597673416137695
41039,12.2,14.137903213500977
44007,12.2,15.378654479980469
50009,16.3,18.657299995422363
21155,,23.57062339782715
54067,20.7,21.90730381011963
51181,14.4,16.322965621948242
56035,12.7,15.528002738952637
26021,15.0,17.314783096313477
12086,11.3,18.382792949676514
39031,20.1,22.052316665649414
13259,20.7,23.95966911315918
41045,15.9,21.27719211578369
13317,17.8,20.481595039367676
33009,10.5,12.866124629974365
08069,9.6,11.963140487670898
39113,15.2,18.18458843231201
08077,12.7,13.571809768676758
13035,17.4,22.064297676086426
01101,14.4,16.095763683319092
51087,11.4,11.466118812561035
50001,9.9,12.115959644317627
46061,16.8,16.330374717712402
26035,19.5,23.644064903259277
47129,22.2,25.789259910583496
37157,17.3,19.830249786376953
39125,17.2,19.568639755249023
48461,16.6,19.801027297973633
48189,15.7,17.82634925842285
46045,14.7,13.936398983001709
55025,9.8,12.802478790283203
21087,,23.891139030456543
41053,11.8,14.82861328125
45045,11.3,14.0762038230896
54043,24.6,26.659672737121582
51143,18.1,19.936156272888184
21015,,14.896913528442383
48167,12.3,14.983179092407227
53047,15.5,18.583053588867188
53005,10.4,13.94896650314331
56007,15.6,16.46669626235962
49017,9.3,14.898966789245605
30043,12.7,13.335450649261475
29037,14.9,17.443345069885254
48215,13.3,17.652427196502686
08109,14.6,15.009377002716064
48061,13.0,17.561246871948242
39013,18.1,19.619736671447754
18133,16.4,18.21577262878418
22013,23.8,23.945005416870117
29065,19.9,21.01583957672119
35055,11.2,14.256584644317627
35017,12.7,13.017674922943115
51177,12.8,14.780582427978516
37131,17.2,19.683223724365234
48083,15.5,15.795867919921875
12021,10.3,17.809335708618164
49029,7.6,10.99019718170166
48355,13.1,16.312565803527832
55101,14.7,15.05079174041748
30073,19.1,18.548829078674316
39091,17.5,19.772804260253906
21043,,24.721272468566895
46103,15.0,16.234408855438232
36049,15.1,19.58810329437256
06095,11.3,12.43893575668335
23025,19.7,21.347003936767578
45057,12.6,15.825195789337158
51077,19.8,21.17699909210205
42077,,15.279597759246826
47107,19.7,21.562243461608887
18061,16.2,18.09225368499756
08083,14.7,13.430754661560059
24029,11.9,13.045703411102295
36011,15.1,18.43118953704834
51141,17.2,19.456710815429688
05043,17.4,19.505577087402344
49051,7.3,12.14054822921753
13107,20.3,22.81293487548828
37057,15.8,18.6116304397583
47077,21.5,22.70620632171631
31177,12.2,14.288529872894287
51003,9.0,10.815104961395264
53049,13.1,15.427653312683105
24015,15.3,16.405213832855225
17131,15.3,17.303278923034668
22113,20.2,21.350162506103516
18163,16.2,18.037787437438965
13093,18.1,21.19654655456543
48371,15.8,17.517969131469727
06001,9.3,9.829097747802734
41025,16.2,16.311179161071777
27155,15.9,17.125514030456543
18021,18.0,18.875699996948242
30053,16.7,17.98123836517334
42127,,17.347375869750977
30045,14.9,16.13960886001587
06037,11.2,13.144797801971436
24045,13.4,16.131691455841064
48143,12.9,15.530649185180664
48119,15.9,17.58002758026123
06079,10.2,11.483092784881592
30033,14.8,16.870821952819824
48175,14.2,15.838679313659668
42119,,16.910526275634766
34011,16.5,19.245360374450684
16085,13.2,13.502992630004883
12101,13.5,17.03747320175171
51049,15.4,18.399799346923828
51057,16.9,19.2181396484375
55095,14.3,15.582939147949219
56039,9.2,11.621779441833496
42089,,16.204483032226562
05101,17.8,19.403931617736816
36091,10.6,11.789183139801025
48423,13.6,16.614482879638672
22107,22.8,23.987664222717285
22005,15.4,16.02931308746338
36015,14.9,18.060112953186035
17049,14.1,17.088133811950684
47163,19.2,18.05507755279541
56011,13.5,16.2807936668396
27103,13.7,13.949805736541748
30013,14.4,15.709365367889404
37179,11.9,13.082849025726318
24037,12.7,14.328896045684814
24039,16.9,20.97229766845703
24041,10.9,12.228239059448242
12125,20.1,22.226494789123535
16029,13.6,16.821049690246582
17135,16.1,19.19687843322754
45083,14.2,17.72471332550049
22051,14.9,16.941131591796875
36089,15.3,19.24893569946289
30029,12.8,14.136412143707275
21193,,25.73594570159912
26033,17.6,19.452388763427734
35057,17.0,20.12998390197754
21237,,28.957439422607422
31047,15.0,16.70706272125244
28125,22.8,21.193626403808594
46041,29.5,28.497314453125
36045,13.9,18.198928833007812
08031,10.3,11.072773933410645
30001,13.1,14.512545585632324
37055,11.4,12.280813694000244
46055,15.7,17.3943452835083
38085,32.9,35.5689811706543
31169,15.0,16.490297317504883
06007,12.8,14.698700904846191
45029,17.6,19.84134006500244
41023,14.4,16.917428493499756
39133,14.5,16.63980007171631
54089,22.6,21.350749015808105
53027,15.0,17.464313507080078
18119,18.5,20.668292999267578
17025,17.8,20.158042907714844
42071,,15.439037322998047
51047,13.7,15.355547904968262
40013,19.0,18.78486156463623
48185,15.7,18.801481246948242
06011,13.4,18.016825675964355
38067,14.7,16.279109001159668
51005,16.6,20.150525093078613
12005,14.6,17.611522674560547
54035,19.7,20.754417419433594
28091,20.4,22.193577766418457
37011,15.8,16.60122299194336
13169,15.9,18.29815101623535
41055,15.3,16.26886749267578
23023,13.9,13.895462036132812
35015,13.3,16.825645446777344
23007,15.6,16.986623764038086
21183,,21.857977867126465
37153,19.5,21.2424898147583
26159,16.4,18.386298179626465
17031,11.1,14.168678283691406
26049,17.0,17.953242301940918
40121,19.2,19.741077423095703
06067,11.8,13.175629138946533
13185,15.0,17.406522750854492
23013,13.6,14.214970111846924
39017,14.6,16.64165496826172
50013,11.3,12.477918148040771
01023,18.2,20.733357429504395
53023,11.4,15.72718858718872
16073,16.4,18.260472297668457
28011,19.8,20.185638427734375
28037,20.0,20.493501663208008
21119,,25.12689208984375
38101,12.6,14.095873355865479
27007,17.5,17.445382118225098
40101,20.7,19.588361740112305
30005,20.8,21.58057689666748
20085,15.8,18.049848556518555
20069,15.6,16.151921272277832
13103,14.1,15.978053569793701
22087,20.2,21.136878967285156
12095,11.9,17.779483795166016
21005,,18.631080627441406
36043,14.6,18.949275970458984
28081,15.4,16.20668935775757
06027,12.0,14.180133819580078
17067,14.7,16.943750381469727
04009,15.2,17.955947875976562
04012,14.1,20.60636806488037
48247,17.2,17.970913887023926
17097,10.4,11.463539123535156
37199,15.9,17.774045944213867
38021,13.8,14.73119592666626
27167,16.6,15.939265251159668
26089,10.6,12.942226886749268
13063,16.0,19.30753993988037
30011,15.0,17.61982822418213
36103,9.6,13.202953815460205
49003,9.8,15.25278377532959
48293,16.6,20.35347270965576
48229,18.7,22.768254280090332
27163,10.9,13.060410022735596
42095,,14.636674880981445
34007,13.1,14.262441158294678
55047,16.0,16.878135681152344
29069,22.8,23.712529182434082
39105,22.5,24.239604949951172
04015,16.1,19.00821304321289
40067,20.9,20.995656967163086
29153,23.1,24.88759422302246
05117,17.3,19.655354499816895
10005,14.0,13.786440372467041
37035,14.7,17.617280960083008
48137,15.0,15.9999418258667
23031,13.4,14.288209438323975
48015,14.6,16.495479583740234
46027,12.4,13.299830436706543
54099,21.5,21.811342239379883
39167,17.0,18.820262908935547
51171,15.9,17.439146041870117
30077,16.9,17.544795989990234
48249,14.6,19.070364952087402
51149,13.8,16.070308208465576
05041,22.3,24.89701557159424
54081,20.5,17.641467094421387
04027,12.7,17.642488479614258
20183,14.7,17.22760009765625
22015,16.1,18.089747428894043
21135,,26.26611614227295
21139,,20.865793228149414
21145,,17.90897274017334
21159,,27.666046142578125
06109,12.3,15.383690357208252
33003,10.7,14.331257343292236
36065,14.2,17.856647491455078
21105,,19.463730812072754
16037,12.7,15.179783344268799
05069,17.3,21.598719596862793
05083,18.0,21.463793754577637
51620,16.8,17.41161346435547
42009,,19.602320671081543
39087,19.6,22.26397705078125
33015,9.9,12.598493099212646
51191,14.8,17.15298557281494
48105,14.3,18.144033908843994
37155,22.5,23.826080322265625
