county_fips,per_cancer,pred_outcome
13027,8.7,7.8753907680511475
31095,10.6,9.238335132598877
51683,5.6,5.281675338745117
56021,8.6,7.157066583633423
13135,5.7,5.380825519561768
20001,9.5,8.514301776885986
27065,9.7,8.588786125183105
28107,7.5,7.193799734115601
31185,9.3,8.210863590240479
42063,,8.216796398162842
48327,10.8,9.51911449432373
29173,10.5,8.988540172576904
48151,9.4,8.577026844024658
51183,6.8,7.013319730758667
47183,8.3,7.75820255279541
26105,11.5,9.217173099517822
48159,9.8,8.341562271118164
08075,8.7,7.653685569763184
22119,8.5,7.942669868469238
31045,8.7,7.667756795883179
51139,10.0,8.648191452026367
13161,7.8,6.857028484344482
18117,9.7,8.270761489868164
27015,9.9,8.877424716949463
31079,7.8,6.779516935348511
21223,,7.987865924835205
55113,11.2,9.664384841918945
41027,8.8,7.6649720668792725
21169,,8.21011209487915
26007,11.2,9.080068111419678
19095,9.9,8.20838451385498
13061,9.2,8.25317096710205
18177,9.3,7.933709144592285
29227,11.2,9.356206893920898
31157,9.2,7.860501766204834
39107,9.7,8.357769966125488
01015,8.2,7.337161064147949
37095,8.9,7.715641021728516
19019,9.5,8.213649272918701
27121,10.9,9.620806694030762
21181,,7.823236465454102
42053,,8.206279039382935
46077,10.9,9.245535850524902
48375,6.4,5.593051433563232
48413,7.9,8.323764324188232
51580,8.8,7.767624855041504
54063,10.9,9.276883602142334
48499,10.5,9.293303966522217
18041,9.6,8.350545406341553
28023,8.9,8.193856000900269
04023,7.0,7.179007291793823
17007,8.3,7.425057411193848
28039,8.0,6.991865158081055
37113,11.5,9.955787181854248
40025,10.6,9.371551513671875
01043,9.5,8.000634670257568
39065,8.4,7.607607364654541
20105,11.0,9.415743827819824
22059,7.5,7.013033151626587
36123,10.3,8.43203067779541
21035,,7.464807987213135
48045,9.5,9.249279499053955
48265,10.6,9.585673332214355
20009,9.2,8.139875650405884
16075,9.0,7.8687744140625
48269,10.6,7.657637357711792
39161,9.8,8.391042232513428
46125,10.1,8.800117492675781
19129,9.9,8.241634845733643
26001,13.6,10.835322856903076
48165,5.4,5.594273567199707
13201,9.6,8.217483043670654
18013,11.1,9.039103984832764
19023,10.4,9.109183311462402
40043,9.2,8.095457077026367
31151,7.8,7.082363605499268
37069,8.0,7.3647778034210205
21219,,7.466154336929321
48393,9.8,8.769464015960693
54031,10.3,8.798076629638672
48399,8.5,8.255913734436035
48301,,8.915501594543457
31089,10.5,8.953360080718994
17175,10.2,8.962368488311768
48193,10.3,9.13434362411499
16009,10.0,8.978139877319336
19109,11.0,9.053956031799316
28141,9.7,8.506195545196533
31131,9.7,8.109298467636108
46051,11.2,8.94011116027832
16067,7.5,7.029930591583252
19157,9.4,8.608792781829834
22001,8.1,7.187404155731201
37079,6.9,6.734118223190308
42011,,7.476745843887329
51600,6.9,6.514369964599609
48335,6.0,6.038622617721558
51790,9.2,8.161713361740112
20171,9.1,7.939270734786987
31001,9.1,7.724476099014282
45053,9.4,7.717338800430298
38047,11.4,10.156754970550537
29081,10.4,8.982980251312256
20157,11.3,9.518134593963623
28087,7.5,6.8502373695373535
51590,7.7,7.7021098136901855
51650,6.5,6.4172422885894775
05029,9.1,7.954058885574341
17139,9.4,8.255860328674316
19105,9.7,8.430829048156738
27097,9.8,8.547162055969238
29151,9.4,8.2053804397583
40061,9.2,8.270235061645508
46057,8.7,7.565539598464966
54007,10.4,9.168388366699219
05111,8.8,7.8661112785339355
21137,,7.993866920471191
17027,9.2,7.926837921142578
37147,6.5,6.03335428237915
29207,9.6,8.270677089691162
17045,10.5,8.794037342071533
21191,,7.693317413330078
36073,9.5,7.907390832901001
38011,10.7,9.14955472946167
01117,8.9,7.262098789215088
13217,6.3,6.21956992149353
39157,9.7,8.264700889587402
19135,9.7,8.434706211090088
18113,8.8,7.607295751571655
29141,10.5,8.983436584472656
36067,9.1,7.647237300872803
48493,7.5,7.337495565414429
46087,9.9,8.464799880981445
48233,8.1,7.161794900894165
51840,7.9,6.600418329238892
40105,9.1,8.042315006256104
31129,11.5,9.515552520751953
48325,7.1,7.253141641616821
17005,8.6,7.848194599151611
45069,7.3,7.105668306350708
39069,9.7,8.250685214996338
21007,,8.741437911987305
46111,10.4,8.768901348114014
48009,9.5,8.655447483062744
21063,,8.19534683227539
38065,11.0,9.544891834259033
37063,6.3,6.031728982925415
19165,10.7,9.15368127822876
19175,9.7,8.457658767700195
47065,8.4,7.482989549636841
55087,8.3,7.3587424755096436
17165,9.8,8.315794467926025
47109,9.5,8.486988067626953
31103,12.4,9.434245109558105
31113,11.4,9.03146505355835
40053,10.0,8.949562549591064
46007,7.9,6.60663366317749
48195,7.0,6.492320537567139
19103,6.7,5.83649754524231
17081,9.3,7.862922668457031
47015,9.2,7.847638130187988
18085,9.1,7.903490304946899
20059,8.9,7.825427532196045
27153,10.3,8.718052864074707
38077,9.2,8.024584531784058
23015,11.9,9.590430736541748
20057,5.8,5.72283673286438
17145,9.0,7.809185266494751
17093,6.7,6.391608715057373
29099,9.0,7.48181676864624
29105,9.2,7.868002414703369
26039,11.7,9.587653160095215
29127,9.3,8.033300399780273
42093,,8.679603576660156
26143,13.0,10.519278049468994
12009,10.6,7.71753454208374
31119,8.7,7.375881910324097
31135,10.4,9.252177715301514
35021,11.7,9.731256484985352
51173,10.0,8.759891986846924
27085,9.5,8.144073963165283
48155,10.1,9.116955757141113
31167,9.9,8.224324703216553
31179,7.5,7.059908390045166
38045,11.4,9.637137413024902
39089,9.1,7.724047899246216
05053,9.1,8.041733264923096
47111,8.4,7.32061243057251
20107,10.1,8.833272457122803
20061,5.0,5.196593284606934
19041,10.2,8.601977348327637
20169,8.9,7.776692152023315
20037,7.8,6.983706712722778
48095,7.5,7.83439826965332
48107,7.2,7.848498106002808
26043,11.2,8.806426048278809
37163,7.7,7.3924033641815186
48117,5.4,5.435420513153076
26067,8.5,7.250478506088257
21141,,7.865862607955933
48127,5.2,6.345676898956299
27055,10.6,9.036511421203613
51025,7.6,7.7298219203948975
27039,8.6,7.413523197174072
27047,10.0,8.82051134109497
26149,9.5,8.072149276733398
17051,8.7,7.883958101272583
17055,9.8,8.324329376220703
48131,5.6,6.6075286865234375
21025,,7.8645875453948975
27041,10.5,9.14974308013916
46067,10.8,9.17066764831543
48023,9.7,9.276139736175537
46047,12.1,9.705432891845703
46097,11.1,9.205411911010742
25003,10.8,9.117677688598633
27073,11.4,9.750098705291748
44003,9.4,8.266948699951172
51011,9.2,8.427506446838379
31003,10.8,9.425581932067871
56005,7.7,6.031809568405151
45061,7.2,7.425826787948608
48047,5.1,6.09501314163208
51013,6.2,5.626950025558472
51065,9.4,8.366081714630127
53021,5.6,5.511293172836304
53059,10.8,8.778836727142334
51109,9.3,8.229819774627686
51115,12.0,10.105930805206299
48191,8.9,8.847381114959717
31023,9.7,8.383565902709961
05065,10.5,9.111156463623047
38043,11.4,9.449550151824951
37077,7.8,7.0519020557403564
37109,9.4,7.711392641067505
51660,5.0,5.037836790084839
51690,7.3,7.311923027038574
19001,10.4,8.95757532119751
39073,10.2,8.31876516342163
13243,8.7,7.824064254760742
48507,4.7,5.675900220870972
48011,10.2,9.118922233581543
13265,9.0,8.73620319366455
19035,10.8,9.095841884613037
05025,9.6,8.353998184204102
08091,12.5,9.616034984588623
05147,9.4,8.686105251312256
48429,8.4,7.593796730041504
27109,8.6,7.3936803340911865
13301,8.2,8.147701263427734
48359,7.9,6.799190521240234
29089,9.2,8.09675121307373
13125,8.9,7.538274765014648
13085,9.5,8.248767375946045
05123,6.9,6.943783283233643
55125,12.2,10.309391975402832
39093,9.3,8.041637420654297
28135,6.7,6.7351415157318115
29021,8.5,7.313024997711182
48187,6.7,6.6231913566589355
48235,9.2,8.230607748031616
12027,9.3,7.055205821990967
18039,7.8,7.028422594070435
48237,8.0,7.085511922836304
40037,9.0,7.943216323852539
29169,5.4,5.8432958126068115
19039,9.0,8.090272426605225
08079,11.8,9.463565349578857
01061,9.4,8.284778594970703
01017,8.4,7.878884315490723
12081,11.8,7.97324800491333
08121,10.2,8.605988025665283
19079,10.0,8.499136447906494
20139,9.8,8.487637042999268
48311,8.5,7.824866771697998
19093,10.2,8.889010429382324
08099,8.2,7.631922721862793
39135,9.9,8.371312141418457
39137,9.8,8.177852392196655
17179,9.6,8.457653045654297
19161,10.7,9.217766761779785
48403,11.4,9.524238586425781
19181,8.9,7.456150531768799
19107,10.1,8.732863903045654
39155,9.8,8.449906826019287
48463,6.2,6.741525888442993
48469,7.0,6.826093673706055
08025,6.2,6.313216686248779
08027,12.9,10.399066925048828
08005,7.6,6.636279344558716
08043,9.4,8.004661083221436
48261,6.0,8.5819091796875
48433,10.4,8.661826610565186
48227,6.1,5.543293237686157
40001,7.7,7.192201852798462
36039,10.4,8.836169242858887
05047,9.6,8.189043045043945
36041,12.7,9.751426696777344
36113,10.7,9.08789348602295
36057,9.1,7.804487943649292
36093,8.4,7.5204174518585205
51137,9.3,8.251008033752441
40091,10.1,9.138600826263428
37075,10.5,8.839097499847412
01131,7.6,7.793921709060669
01107,7.8,7.823575735092163
54061,6.8,5.695973634719849
29063,9.8,7.375704050064087
54085,10.4,9.052319526672363
31061,11.3,9.765053749084473
12007,9.2,6.674083948135376
48021,7.0,6.90884804725647
53051,11.5,9.560322761535645
13019,8.6,7.390372037887573
28067,8.3,7.377579927444458
51023,10.6,8.945294857025146
51067,10.6,8.91143274307251
32029,12.4,9.594064712524414
29139,9.7,8.393189907073975
13229,8.7,7.37215781211853
37127,7.8,7.595688819885254
47051,9.4,8.103041887283325
18035,8.0,7.409628629684448
20159,8.9,7.850645065307617
38049,10.1,8.89389944076538
20103,8.2,6.555673360824585
13079,8.8,7.524038791656494
20141,11.2,9.23827075958252
20163,10.3,9.177470684051514
26087,10.0,8.258981227874756
38041,10.4,9.439273357391357
18179,9.4,8.104708194732666
19087,9.5,8.18056058883667
22091,7.8,8.036189317703247
18097,6.6,6.225677013397217
18159,10.1,8.511402606964111
17141,9.5,8.145313739776611
20161,4.9,5.108386278152466
20089,12.0,9.594857215881348
20143,9.9,8.250683784484863
20179,10.5,9.235621452331543
13193,6.6,6.934072017669678
29015,12.1,9.916003227233887
13249,8.7,7.343919038772583
22049,8.7,8.004465818405151
51720,8.5,7.537325382232666
29067,10.7,9.243512153625488
51710,5.6,5.187939882278442
08001,6.1,5.959667682647705
51740,6.3,6.396804571151733
12023,9.3,7.4818596839904785
54019,10.2,8.616627216339111
28099,7.8,7.283158779144287
12053,11.1,7.919300556182861
53069,12.7,10.264809131622314
40119,6.3,5.745153427124023
27139,7.6,6.692437410354614
20145,9.6,8.240879774093628
19155,9.0,7.866356134414673
27089,10.3,9.06903076171875
47131,9.4,8.161573886871338
13227,10.2,8.661520004272461
18095,8.8,7.703541040420532
19141,9.7,8.605311393737793
31143,10.4,9.028273105621338
48035,10.2,9.213131427764893
51167,10.4,8.737108707427979
35028,8.6,7.64941930770874
20047,9.4,8.833626747131348
06075,6.0,6.396770000457764
20075,7.3,7.022430658340454
28003,8.9,7.724828004837036
47115,9.7,8.250257015228271
05095,8.9,8.512940883636475
17039,9.7,8.318219661712646
21085,,7.833264112472534
29205,10.2,8.619348049163818
48347,6.9,6.409974575042725
29181,9.6,8.591201782226562
18147,9.9,8.691703796386719
20173,7.6,6.862683534622192
28005,9.5,8.405829429626465
28033,7.0,6.536597967147827
28085,8.2,7.494748592376709
01007,8.3,7.1518824100494385
34019,9.9,8.382550239562988
54095,10.9,8.889075756072998
18031,9.1,7.897552013397217
27013,7.1,6.441002130508423
38061,7.3,6.752717971801758
49007,9.1,7.35359787940979
31009,10.7,9.980299472808838
18087,8.0,7.286815166473389
19015,9.6,8.080598831176758
19099,9.3,8.185368061065674
11001,5.6,5.6706554889678955
17195,9.7,8.532862663269043
45003,9.2,8.14180874824524
51043,10.4,8.810770988464355
18157,6.2,5.627308368682861
19081,10.4,8.940805435180664
31101,11.2,9.552271842956543
48171,11.4,9.788792133331299
55015,8.8,7.425879955291748
29051,8.9,7.658475160598755
28155,8.6,7.7718727588653564
36037,9.8,8.110673427581787
49039,7.6,6.504850387573242
05127,9.5,8.234157085418701
51135,7.5,7.426929950714111
13123,11.1,9.23333215713501
19069,9.9,8.471012592315674
19123,9.2,8.051519393920898
47079,10.3,8.784600257873535
17115,9.2,8.099193334579468
17151,12.0,9.391130924224854
17155,10.6,9.193716049194336
46043,11.4,9.452961921691895
40145,8.4,7.454128742218018
48069,6.6,6.845349550247192
29073,10.7,8.980171203613281
42065,,8.790250778198242
27105,8.1,7.523951768875122
38031,10.8,9.136340141296387
51169,10.7,9.08557653427124
38039,12.3,10.065314769744873
38073,10.0,8.905412197113037
17197,7.2,6.68279242515564
21107,,8.098657131195068
17041,9.0,7.937290668487549
21157,,8.897480010986328
28017,7.6,7.308101654052734
18151,9.9,8.51318645477295
36033,9.5,7.487807750701904
13129,8.1,6.993929624557495
39047,9.1,8.149456977844238
18053,8.9,7.845022678375244
29059,9.8,8.685401439666748
29057,10.7,9.276486873626709
48441,6.9,6.372218608856201
48303,6.1,5.94987940788269
29155,8.5,7.545958757400513
48449,6.8,6.587737321853638
39077,9.3,7.946180105209351
13215,6.4,6.162457227706909
26023,9.7,7.8631203174591064
42001,,8.556652545928955
08003,6.7,6.388814210891724
19183,9.7,8.303764820098877
39097,8.6,7.449635982513428
28123,7.2,6.896206855773926
45079,6.3,5.930607557296753
55017,9.2,8.068516492843628
31059,10.5,9.182056903839111
48103,5.4,6.397765398025513
20119,8.7,8.004021644592285
19139,8.7,7.443122386932373
39123,11.6,9.099041938781738
08019,10.4,8.640835285186768
08035,8.5,6.589662790298462
20081,7.8,7.468623161315918
27083,8.7,7.478364706039429
31017,10.8,9.49509572982788
12113,9.2,7.3501081466674805
13025,9.0,7.593369722366333
17199,9.5,8.097765445709229
48243,12.5,10.147031307220459
39139,9.2,8.048288822174072
20033,10.9,9.715699195861816
26009,12.1,10.014960765838623
31105,10.9,9.550797939300537
45001,9.3,8.333555698394775
08011,7.8,6.785857200622559
18011,8.6,7.293118238449097
21099,,7.617336750030518
54087,10.3,8.7374587059021
26127,10.3,8.72553825378418
27019,8.4,6.800955295562744
46079,10.7,8.7064528465271
48255,5.6,6.041880130767822
47125,5.9,5.5681116580963135
55099,11.2,9.954683303833008
55133,9.6,8.12812089920044
54029,10.5,8.997867584228516
48435,7.4,6.450937032699585
55045,9.6,8.362532615661621
19127,8.5,7.736061334609985
40149,9.4,7.961190938949585
41041,12.4,9.83936882019043
26135,12.1,9.952258586883545
17079,10.2,8.511036396026611
26155,10.0,8.262650489807129
51770,7.8,7.062583923339844
39029,10.1,8.416527271270752
20123,10.2,8.852104663848877
55031,9.2,8.01498293876648
29093,10.1,8.763726711273193
40015,7.3,7.264457702636719
28045,10.0,8.117777585983276
12131,10.3,8.216317653656006
27111,11.1,9.240592956542969
18099,9.1,7.911328315734863
22007,8.4,7.8448638916015625
18143,8.7,7.836823463439941
13097,6.0,5.89582633972168
20151,9.3,8.359049320220947
35007,9.4,9.082492351531982
48281,9.0,7.963444471359253
29161,8.4,6.987100124359131
38091,11.1,9.792220115661621
29217,9.7,8.403230667114258
40035,8.7,7.866006374359131
13273,7.7,7.720746040344238
19017,9.4,8.201101303100586
19075,10.2,8.772319793701172
29159,8.8,7.659293174743652
13149,8.7,7.802491903305054
38099,10.1,8.576972007751465
28019,9.5,8.436624526977539
20003,9.7,8.553582668304443
37169,10.2,8.643941402435303
06091,12.0,10.073219299316406
20041,9.9,8.3318452835083
08095,9.7,7.75745964050293
16081,8.0,7.11990761756897
13059,5.5,5.432721853256226
48447,11.0,9.51766061782837
12049,7.8,6.343768835067749
13183,5.6,5.661138296127319
48431,7.1,6.910527229309082
48417,9.6,8.409345149993896
48207,8.5,8.309701442718506
48051,8.7,8.305613040924072
36017,10.5,8.593190670013428
54009,10.6,9.069944381713867
05003,9.0,8.060877084732056
29197,9.7,8.313472270965576
19163,8.7,7.417306900024414
19189,9.8,8.720853805541992
31085,11.7,8.89336347579956
05021,9.8,8.644685745239258
48025,5.0,5.0195841789245605
42123,,9.057355403900146
21021,,8.026253700256348
19185,10.4,8.900690078735352
47055,9.5,8.257379531860352
48161,8.6,7.862783432006836
17163,7.9,7.0653886795043945
18065,9.3,8.03083086013794
21079,,7.95426869392395
26129,11.6,9.695613861083984
55069,10.1,8.932424068450928
48391,7.8,8.06884241104126
17117,9.9,8.441845893859863
31181,10.2,9.029126167297363
20135,10.6,9.297129154205322
42083,,8.186448097229004
31139,9.8,8.453837871551514
47133,9.5,8.318939208984375
19027,10.1,8.646322250366211
26107,9.7,7.941432237625122
17053,9.4,8.25255537033081
17063,8.2,7.1645348072052
48053,9.6,8.705071449279785
17083,9.7,8.412810802459717
18131,9.9,8.326687812805176
31117,12.1,9.594449043273926
37083,7.8,7.7955162525177
21033,,8.597599983215332
19119,9.9,8.43789529800415
31055,7.4,6.423567295074463
27131,8.0,7.127100467681885
05113,10.2,8.950880527496338
38035,7.0,6.20584774017334
51700,6.3,6.154693841934204
08125,9.1,7.543789386749268
39023,9.6,8.20540714263916
37105,7.9,7.312535762786865
38001,11.7,9.620567798614502
29221,9.0,7.687764644622803
33001,11.3,8.967490673065186
24043,9.0,7.300974130630493
20203,9.2,8.50892448425293
48129,9.7,9.246143341064453
42023,,9.31782579421997
51089,9.7,8.833085536956787
05099,8.7,7.988619327545166
40055,8.1,7.286201477050781
55057,9.6,8.487506866455078
46017,5.6,5.897835969924927
06047,5.2,5.153317928314209
16057,7.2,6.4730353355407715
39169,9.4,8.168153762817383
48471,6.0,5.885954856872559
54013,10.9,9.245514869689941
32001,9.1,7.802809476852417
19197,10.1,8.527583599090576
31039,10.0,8.646984577178955
47123,10.0,8.498674392700195
13253,9.8,8.60829210281372
13235,8.6,7.9570770263671875
13173,7.4,6.709904670715332
13255,7.9,7.5488715171813965
17095,9.6,8.4295973777771
29201,9.0,7.717028617858887
48239,8.3,7.630141735076904
12041,10.2,7.563833475112915
37161,9.8,8.369338035583496
13043,8.1,7.426335573196411
19121,9.2,8.012550354003906
48383,5.4,4.790220022201538
40049,8.6,7.702394962310791
54051,10.6,8.930219650268555
55009,8.3,7.232046365737915
21197,,7.499252557754517
18033,9.0,7.740922689437866
27005,10.3,8.681636810302734
36117,10.1,8.240119934082031
26069,12.5,10.323295593261719
28073,8.1,6.6921467781066895
48179,7.4,6.780199766159058
18081,8.5,7.409834623336792
18111,9.5,8.353211402893066
27147,9.3,7.751512765884399
28131,8.2,7.5239293575286865
46025,11.0,9.2018404006958
51595,7.1,7.30385947227478
21047,,5.987773418426514
31091,11.2,9.898787021636963
17201,8.5,7.613637685775757
21133,,8.380728721618652
47057,9.9,8.475306034088135
27099,8.8,7.992998361587524
13245,6.1,6.256239891052246
12069,10.9,7.408206939697266
48279,7.0,7.187148332595825
39099,9.7,8.293784141540527
39011,9.8,8.479962348937988
48253,6.4,6.398759365081787
40125,8.2,7.336452484130859
56041,8.9,7.155820369720459
13105,8.8,8.084413051605225
20065,11.1,9.481703758239746
29229,9.6,8.244372844696045
31093,10.4,8.946800708770752
47099,9.1,7.856348514556885
51775,9.0,7.887143135070801
51101,8.3,7.54146409034729
01013,8.4,8.10770583152771
16063,7.4,7.0598790645599365
17189,10.1,8.77427625656128
27107,10.0,8.858343124389648
27141,7.6,6.733666896820068
18167,8.1,7.0917723178863525
08105,9.0,8.332375764846802
48213,9.4,8.360270977020264
31083,11.3,9.623331069946289
40021,7.9,7.2586588859558105
17011,10.1,8.885818004608154
37159,8.3,7.496957540512085
18029,9.6,8.13074779510498
55103,10.3,9.079968452453613
53061,7.6,6.623124122619629
54017,9.6,8.449344158172607
48003,5.5,5.519312143325806
13081,8.2,7.343118906021118
13167,7.8,7.22020959854126
17125,10.3,9.022587776184082
26161,7.7,6.69562554359436
27115,9.8,8.491900444030762
20083,9.8,8.758296489715576
29075,9.5,8.439622402191162
05031,7.5,6.51396632194519
16083,8.1,7.202776908874512
19143,10.3,8.642213344573975
16071,9.4,8.457736492156982
21055,,8.464508533477783
28009,8.3,7.971413612365723
28153,7.9,7.351741790771484
31015,12.2,9.920473575592041
06015,9.0,7.305140972137451
18091,9.1,7.856353044509888
20181,9.3,7.978665828704834
22011,8.2,7.158249616622925
34023,6.5,6.462551593780518
46031,7.6,6.837042570114136
46127,9.9,7.9652323722839355
45055,8.8,7.760864973068237
36109,7.6,6.478475332260132
29045,10.2,8.641849994659424
13089,5.8,5.85808801651001
54079,9.7,8.101049423217773
01059,8.7,7.469706058502197
48467,9.2,8.190338134765625
37093,5.7,5.711868524551392
26015,10.1,8.325292587280273
31007,11.4,9.309238910675049
55089,9.9,8.447752952575684
37033,8.6,8.268906116485596
29113,8.2,7.147995948791504
45021,8.5,7.383004188537598
12003,8.2,6.4686853885650635
18069,9.1,7.966219663619995
28057,8.6,7.904576539993286
25015,8.5,7.513564109802246
05149,8.6,7.66494607925415
19149,9.5,8.168593406677246
08061,11.8,9.261451244354248
01119,6.4,7.155227899551392
18175,9.3,7.9118969440460205
01001,8.3,7.122535467147827
13091,8.3,7.404051065444946
19091,10.2,8.546849250793457
19013,8.0,7.223768949508667
20207,10.7,9.369041919708252
27021,11.3,9.805140018463135
21207,,8.344583988189697
28029,7.7,7.186963319778442
29225,8.6,7.598138093948364
30093,8.9,7.631666421890259
39131,9.5,8.013390302658081
47177,8.7,7.6919567584991455
48059,9.5,8.500831127166748
55001,11.5,9.865081787109375
54055,9.8,8.500386714935303
47147,8.2,7.175761461257935
39081,10.1,8.605985641479492
01025,8.3,7.983551740646362
12019,9.0,6.832207679748535
18055,9.7,8.387849807739258
20055,5.9,5.863063335418701
29085,12.4,10.138901233673096
28065,8.3,8.035013914108276
22127,8.0,7.332834482192993
35047,7.4,7.781116485595703
01087,6.3,7.384833574295044
13029,7.0,6.04569411277771
17089,7.6,6.6545021533966064
18149,9.6,8.234668970108032
20087,9.7,8.39316987991333
22039,7.5,6.981824636459351
40093,9.7,8.30061960220337
31171,11.0,9.231010913848877
41003,8.0,6.604165077209473
47007,9.4,7.887389421463013
21013,,8.144904613494873
47143,9.4,7.95316219329834
10001,8.4,7.430940866470337
54049,9.2,8.279287338256836
51810,7.6,6.5403501987457275
13039,7.4,6.182585716247559
24035,10.4,8.240116119384766
19031,9.9,8.648146629333496
19113,8.7,7.121611595153809
39003,9.0,7.839449882507324
06059,6.8,6.33778190612793
12057,7.2,6.776990175247192
16019,7.6,6.8013012409210205
48385,10.6,9.318036079406738
46137,6.7,5.908927917480469
47159,9.0,7.335893392562866
04017,9.3,7.239173412322998
55019,8.8,7.729238271713257
13147,9.5,8.351070880889893
31111,9.5,8.041325569152832
21037,,7.529557943344116
26027,10.3,8.608431816101074
36111,9.5,8.000978231430054
18125,9.9,8.64200735092163
18173,9.4,7.892002820968628
46073,12.4,9.957055568695068
12015,14.4,7.5263142585754395
13111,12.1,9.982799053192139
19159,10.6,9.301204681396484
22125,7.0,6.425936937332153
28147,8.2,8.020487308502197
30061,11.6,10.123350143432617
34021,7.0,6.508708477020264
45011,8.2,7.33272910118103
47095,7.2,6.727733373641968
49009,11.5,7.297997236251831
39043,10.4,8.534205913543701
12013,9.2,7.5874292850494385
16011,7.8,7.02427864074707
18071,8.6,7.350183725357056
20015,8.4,7.2990710735321045
40137,9.3,8.22576904296875
27145,8.2,7.044239282608032
29117,9.4,8.470672130584717
40031,6.7,6.112288236618042
38093,9.4,8.319973945617676
45067,7.7,7.751938104629517
48115,5.7,5.968822956085205
08009,10.9,9.080755710601807
55085,11.5,9.588093280792236
40071,9.0,7.86419415473938
51037,9.2,8.259429931640625
42109,,8.170100688934326
16055,9.4,8.034876346588135
17023,9.7,8.399174213409424
27151,10.5,8.942909717559814
38071,9.9,8.248826026916504
28061,8.1,8.057528018951416
17085,11.9,9.495100021362305
18077,9.2,7.981851816177368
29163,9.1,7.7161643505096436
36055,8.9,7.484107732772827
36063,9.8,8.0858736038208
47167,8.0,6.856287956237793
51121,6.7,5.42526912689209
55091,10.5,9.412158012390137
05079,6.6,6.607807636260986
16061,11.2,9.51642370223999
39055,10.8,8.511953353881836
21067,,6.569487571716309
27061,10.8,9.257214546203613
28145,8.4,7.385281324386597
30095,10.8,9.372559070587158
42047,,9.095232009887695
21041,,7.2341368198394775
47023,8.3,7.573972225189209
51685,4.9,5.267318487167358
48481,7.3,7.18751335144043
54091,9.7,8.421522617340088
55065,9.5,8.382258892059326
29083,10.3,8.691431522369385
30099,10.5,9.389961242675781
31025,9.4,7.804094076156616
48405,9.8,8.989664077758789
26145,9.2,7.914040565490723
28077,8.3,7.740472316741943
20035,8.6,7.835914611816406
12017,13.4,7.958978652954102
13281,13.4,10.254717350006104
25023,9.6,7.919737815856934
26153,12.0,9.626665115356445
28095,8.7,8.037731647491455
34015,8.1,7.294809341430664
39039,9.4,8.186800956726074
42085,,8.702105522155762
51051,10.5,8.86594820022583
01053,8.2,7.627611875534058
01039,9.9,8.524302959442139
13101,7.2,6.85629677772522
17003,9.5,8.305541515350342
27169,8.3,7.586688995361328
34031,6.7,6.332186698913574
38087,12.6,9.862212657928467
42105,,9.137853145599365
45005,6.9,7.240589618682861
16043,8.5,7.830564498901367
17069,10.9,9.217274188995361
18123,9.2,7.991786241531372
27031,11.7,10.015813827514648
49033,10.2,8.908024787902832
51185,10.0,8.84238862991333
53063,8.4,7.156224966049194
37181,7.5,7.414631128311157
05071,8.5,7.367054462432861
08051,7.7,6.945299863815308
12107,10.3,7.122929573059082
18079,9.0,7.612029075622559
40109,6.9,6.410535573959351
28115,7.9,7.057421445846558
21175,,7.488946199417114
31019,8.1,6.566760063171387
27079,9.4,7.997212648391724
37125,10.3,9.136618614196777
45047,8.6,7.397574186325073
49035,7.0,5.850248336791992
48297,7.6,8.277833461761475
56015,10.2,8.870546817779541
47161,9.7,8.603391647338867
01021,8.6,7.499191522598267
04021,9.3,7.58154296875
13177,7.4,6.315508604049683
13109,7.5,7.210707902908325
19117,10.1,8.706799983978271
21211,,7.465360164642334
27087,8.8,7.872574090957642
29167,9.1,8.043174982070923
30037,12.5,9.754331588745117
38069,10.6,9.196205615997314
48067,9.2,8.599675178527832
21111,,7.327967643737793
48339,7.1,6.357020854949951
48075,6.7,6.188560247421265
56003,9.9,9.012661933898926
48489,4.6,5.646787166595459
21167,,8.066938877105713
21117,,7.041569709777832
13117,7.5,6.28165078163147
26131,13.9,10.786254405975342
27003,8.0,6.949323415756226
28103,6.5,7.117528915405273
01029,9.7,8.480873584747314
42015,,8.756896018981934
29061,10.2,8.787347793579102
21235,,7.312297821044922
42115,,9.086109638214111
48163,4.4,4.939519643783569
45023,8.4,7.601890802383423
48217,8.7,8.091668128967285
47031,8.9,7.818256378173828
46083,8.8,6.812356472015381
25025,5.8,5.576657056808472
48005,7.5,7.018577575683594
48007,10.5,8.933469772338867
42017,,8.06735348701477
19007,10.5,9.0227632522583
21205,,6.678626537322998
17019,6.5,5.708488464355469
35003,13.1,10.545217990875244
17167,9.1,7.655923366546631
35039,7.1,7.352402925491333
35031,6.0,6.178509712219238
38055,11.1,9.353024959564209
37195,7.7,7.342800617218018
19191,10.1,8.71295166015625
51107,6.6,5.7530434131622314
47075,7.7,7.844986200332642
53019,11.4,9.71120309829712
37007,7.4,7.371909141540527
21209,,6.527813673019409
13299,7.8,7.074713468551636
48341,5.4,5.376071453094482
17001,9.7,8.161830425262451
26053,12.2,9.645301818847656
39027,9.5,7.94211220741272
29179,10.4,8.994383335113525
01083,8.3,6.783066511154175
19133,10.5,9.383206844329834
20187,8.0,7.45582914352417
18155,9.5,7.998346567153931
22045,7.5,7.070141077041626
25021,8.9,7.44149923324585
22115,7.0,6.20393967628479
36119,8.1,7.145661115646362
40009,7.6,6.451744794845581
47155,9.7,8.071214199066162
37133,5.4,5.668340682983398
06099,6.2,6.072782754898071
08055,11.3,9.308561325073242
13069,6.9,6.4116058349609375
18101,9.9,8.544844627380371
18073,9.3,8.093222618103027
19137,10.2,8.736278057098389
26065,7.1,6.275646924972534
35033,8.4,9.53596305847168
22121,7.0,6.513892412185669
36053,9.8,8.29071593284607
27171,8.2,6.907456398010254
40083,8.4,7.223131418228149
21027,,8.257885932922363
42033,,8.428959369659424
54077,9.5,8.364661693572998
51163,11.2,9.649224758148193
30071,10.6,8.848333358764648
31127,9.1,8.203583717346191
05039,8.9,8.634071826934814
13121,5.9,5.774449825286865
13289,8.8,8.610754489898682
17057,9.6,8.355298519134521
20097,9.9,8.958581924438477
05081,9.2,8.16227912902832
48501,5.8,6.193368196487427
39035,8.1,7.3673388957977295
23011,9.3,8.195264339447021
08107,9.5,7.366011142730713
13007,8.9,8.621934413909912
08023,9.1,9.10908317565918
37141,8.7,7.725377321243286
21201,,8.452343463897705
21113,,7.150012969970703
51009,9.3,8.400615215301514
22053,8.4,7.438993692398071
47179,8.9,7.466689586639404
25011,10.9,9.068699359893799
42041,,7.858524322509766
29031,8.5,7.582100868225098
41013,10.9,9.322134494781494
50003,11.0,9.194025993347168
55071,9.8,8.443569660186768
55055,8.7,7.88148307800293
27137,9.2,8.052218675613403
42007,,8.696653366088867
36013,9.9,8.050830125808716
37107,8.1,7.931431770324707
48029,5.4,5.717214822769165
48271,8.6,8.371108055114746
08053,13.4,9.32526969909668
17087,8.7,8.155298471450806
47005,10.4,9.026850700378418
42073,,8.757910251617432
22079,7.8,7.219825744628906
21057,,8.95202350616455
55097,8.3,7.458928823471069
37045,8.6,7.7202582359313965
47011,8.8,7.516752004623413
55049,9.6,8.30970573425293
18007,9.1,7.905523777008057
27035,10.6,8.913922786712646
18001,8.8,7.3386452198028564
08015,10.5,9.141668796539307
31063,10.6,9.29293155670166
31173,7.0,6.836542844772339
50017,10.6,8.836799144744873
35001,7.2,7.044624090194702
19131,10.3,8.804520606994629
13211,9.3,8.083853006362915
27037,8.3,7.2491114139556885
22093,7.9,7.3946216106414795
05139,8.2,7.535551309585571
19051,9.4,8.167443752288818
39117,9.7,7.995776891708374
06101,6.9,6.634374141693115
06035,7.7,6.444521188735962
48381,7.6,6.8253045082092285
48427,4.1,5.178405523300171
08067,9.6,7.526704788208008
46109,10.1,8.226802825927734
12073,7.0,6.840163469314575
37149,12.5,10.081999778747559
37031,11.3,9.600796699523926
20121,9.2,7.7996461391448975
12059,9.8,8.018507719039917
21163,,7.305542469024658
46101,10.1,8.425577163696289
06087,8.0,6.904965877532959
47003,7.8,7.054939270019531
46019,9.9,8.332843780517578
13067,7.0,6.152607440948486
12051,6.2,6.088785409927368
41009,9.8,8.044140338897705
13015,7.9,6.578536748886108
40135,8.7,7.835268259048462
37145,8.8,8.007713079452515
20051,7.6,6.9284443855285645
51550,7.0,6.659230947494507
38037,12.2,10.2079176902771
19057,9.7,8.375818729400635
19173,10.0,8.901582717895508
20063,10.5,9.467374324798584
39175,10.1,8.61531925201416
13191,10.1,8.767621517181396
48483,9.0,8.271886348724365
37091,7.5,7.765445947647095
30089,12.0,10.261213302612305
13241,11.6,9.762516975402832
37043,12.7,10.106478214263916
38103,11.7,9.703046798706055
21131,,8.086129665374756
21017,,7.9200403690338135
31141,8.8,7.668382406234741
51053,8.2,7.5590715408325195
29013,9.5,8.375475406646729
36107,10.5,8.414453506469727
18115,10.7,8.700189590454102
30111,9.1,7.628995656967163
12129,9.0,7.032271385192871
48181,8.3,7.404902219772339
12115,14.1,7.994476318359375
13003,6.8,6.761492490768433
24021,8.4,6.988940000534058
48135,4.9,5.432427644729614
46115,11.4,9.207919597625732
27077,11.0,9.499101161956787
31051,10.0,8.745497226715088
13261,7.0,6.911687612533569
48031,10.6,9.37580680847168
51830,6.4,6.5660340785980225
06055,8.6,7.6701366901397705
22071,6.3,6.533067941665649
40143,7.3,6.31670355796814
36115,10.2,8.270645141601562
51031,9.2,8.25283670425415
51027,10.2,8.748559951782227
51165,9.4,8.148772716522217
29025,9.8,8.345025539398193
30091,10.6,9.546099662780762
47081,8.9,7.548032760620117
48057,7.6,7.522683620452881
06115,6.5,5.715540647506714
51083,9.3,8.820687294006348
13137,8.8,7.73620343208313
41011,11.5,9.504526138305664
05087,9.2,8.235910892486572
38059,8.8,7.585974454879761
27063,10.4,8.91577434539795
20201,10.4,9.08418607711792
01097,7.7,7.109202861785889
26059,10.3,8.66037130355835
28159,8.1,7.816934823989868
20209,5.8,6.211093425750732
53033,6.7,6.342792987823486
12035,12.1,7.61793327331543
12103,11.3,8.009379863739014
13087,7.5,7.023768901824951
22085,9.1,8.215052127838135
54027,10.5,8.985589504241943
29145,9.3,7.968911170959473
30101,8.2,7.3692803382873535
45017,9.3,8.863008975982666
48479,4.1,4.67545747756958
40127,9.6,8.879948139190674
19043,10.8,9.16502571105957
21239,,8.030233144760132
47127,10.1,8.695728778839111
40123,8.3,7.353115797042847
30085,7.0,6.588601589202881
50019,10.2,8.945287227630615
37193,10.1,8.731836318969727
29007,9.2,7.672245264053345
47173,9.3,8.044707298278809
48299,12.8,10.053464889526367
54103,10.3,9.011418342590332
56037,8.0,6.626932621002197
25017,8.1,6.821469068527222
42113,,9.323228359222412
49055,10.8,8.853706359863281
48397,7.0,6.240223407745361
19005,10.5,9.220989227294922
38009,10.9,9.332664012908936
29137,10.8,9.036126136779785
54025,10.6,9.103124141693115
17013,11.1,9.30665111541748
32015,8.5,6.704686403274536
39085,10.2,8.313851833343506
21003,,7.871699094772339
06069,6.1,6.261861085891724
20031,10.1,8.71439790725708
48289,9.7,8.727961540222168
46091,10.7,8.798781871795654
32017,10.6,8.51383113861084
41051,7.2,6.311349630355835
20185,9.9,8.672059535980225
47047,9.5,8.37838363647461
55035,8.0,7.188338756561279
06057,11.6,9.73807144165039
05115,8.4,7.128185987472534
48317,6.1,6.598757266998291
26079,10.4,8.444596767425537
30065,11.0,9.979589939117432
05009,9.9,8.614013671875
18089,7.8,7.45516562461853
45051,11.1,8.683085918426514
05109,9.6,8.410683631896973
18137,9.4,8.081148624420166
39071,9.7,8.096741914749146
31097,8.2,7.888608932495117
48017,6.3,6.751159906387329
04013,8.3,6.658573865890503
29079,10.4,8.413461685180664
55141,9.6,8.438528537750244
13143,8.4,7.472335577011108
51530,8.5,7.535287141799927
37097,8.5,7.43638014793396
08093,10.7,8.660313606262207
37015,7.9,8.007117986679077
48079,6.2,6.395076036453247
33011,9.0,7.42866063117981
27161,9.0,8.035352230072021
48415,7.0,6.508376121520996
54093,11.4,9.448265075683594
48503,9.0,8.229618549346924
08033,10.2,9.32252550125122
12077,8.1,6.236526727676392
28041,7.3,6.5127809047698975
29111,8.9,8.0814790725708
04003,9.9,8.224733352661133
21199,,8.045714378356934
51678,5.9,6.0063347816467285
42031,,8.29972505569458
26121,9.0,7.671783924102783
49001,8.3,7.332251787185669
31183,12.1,9.423485279083252
21083,,7.866595029830933
51540,6.4,5.4745190143585205
01075,9.9,8.50457763671875
51125,11.5,9.414915084838867
21103,,7.900682687759399
35019,6.1,7.312397003173828
19101,10.6,8.448978424072266
20129,9.2,8.47122573852539
17101,8.6,7.784082651138306
37115,10.1,8.740833282470703
48221,10.4,9.124465465545654
20023,10.6,9.369755744934082
22023,9.5,7.752065896987915
13267,7.1,6.213666915893555
16015,11.4,9.617811679840088
13053,3.2,5.226492404937744
13139,7.8,6.63689661026001
34029,10.0,8.839916706085205
13223,6.8,5.759127378463745
42019,,8.183566570281982
21059,,7.51729941368103
47049,10.3,8.93773078918457
40003,9.0,8.102763891220093
35035,7.0,6.978479623794556
13279,7.8,7.198039293289185
33005,10.6,8.4497652053833
29199,9.7,8.108961582183838
29097,8.4,7.228055000305176
46053,11.6,9.278578281402588
18121,9.7,8.520822048187256
18027,8.5,7.364185333251953
31077,10.7,9.327991008758545
39173,8.2,7.2200751304626465
48275,8.5,7.745953798294067
31155,9.4,8.002370834350586
48345,10.7,9.67501163482666
13189,8.1,7.3481385707855225
41063,12.1,9.812763214111328
16039,7.2,6.554348707199097
26137,10.6,8.68621015548706
48039,6.2,5.8658246994018555
31153,7.4,6.40129017829895
21089,,8.564990520477295
20199,10.7,8.924898147583008
19059,11.7,9.34811019897461
21149,,8.36662483215332
29183,9.0,7.305399179458618
37177,8.7,8.062848329544067
01081,6.8,5.569709777832031
08085,10.7,8.81550645828247
13207,8.6,7.820192098617554
55023,10.4,9.142972469329834
05033,8.8,7.570119857788086
53003,10.9,8.898573875427246
47063,8.7,7.619207859039307
37185,8.8,8.713775157928467
38083,13.4,10.09516716003418
05091,7.9,7.274912357330322
26063,11.6,9.676960468292236
31065,10.9,9.187919616699219
42057,,8.83286428451538
26083,13.9,10.563854217529297
26055,10.6,8.359559535980225
31087,11.1,9.277119636535645
31031,10.2,8.848609924316406
49021,7.5,6.037720441818237
13159,8.4,7.671180248260498
20205,10.1,8.688380241394043
40069,8.6,7.983571529388428
47165,8.7,7.178255796432495
21011,,7.665189027786255
47089,9.8,8.36641788482666
51033,7.6,7.040445566177368
45085,7.3,7.095418453216553
31069,11.8,9.810012817382812
51640,8.6,8.02856731414795
42121,,8.932264804840088
48225,8.5,8.242061614990234
01129,9.1,8.05160641670227
30025,9.6,8.422351360321045
46021,13.0,9.887009143829346
17137,9.4,8.290172576904297
39009,7.3,6.058731317520142
01065,7.4,7.4890124797821045
31121,9.8,8.583675861358643
55037,11.8,9.998140335083008
13095,6.4,6.558679819107056
17107,8.9,7.980807542800903
26051,11.7,9.613297462463379
31175,11.0,9.372806549072266
31125,9.7,8.861999988555908
47169,6.5,6.752805709838867
48267,10.9,9.530735969543457
56019,11.4,9.158568382263184
27053,7.6,6.795793056488037
13271,7.6,6.742084264755249
47087,10.2,8.975201606750488
46015,10.4,8.3016939163208
51161,9.8,8.445093631744385
48013,6.0,6.551006317138672
21081,,7.09119176864624
46063,10.5,8.512609958648682
12047,8.6,7.139064788818359
13163,7.2,7.323671817779541
24017,6.7,6.42863655090332
17099,9.3,8.042214393615723
29017,9.9,8.35801649093628
26057,8.6,7.712769269943237
21213,,7.1303770542144775
31161,11.2,9.41297960281372
51730,5.6,6.783892393112183
05017,7.8,8.091392517089844
13113,8.9,7.514564275741577
40063,8.2,7.649653196334839
27027,7.5,6.5790934562683105
16025,10.5,7.950969934463501
31163,11.2,9.586561679840088
46011,7.2,6.008862257003784
51680,6.2,5.962371826171875
13165,7.1,7.320472955703735
48055,6.2,6.48119330406189
28111,8.7,7.832597494125366
12065,10.0,7.903191328048706
24011,8.9,7.465429782867432
33017,8.6,7.360917091369629
51103,12.7,10.239148616790771
51073,9.7,8.054378032684326
28069,7.5,7.706203937530518
19063,10.0,8.630359649658203
13295,9.3,7.865587472915649
16003,11.5,10.2789306640625
20137,9.0,8.160401821136475
22029,7.9,7.340339660644531
51017,11.5,9.157400131225586
31075,10.9,8.669538497924805
47041,9.1,7.799033880233765
37053,9.1,7.7531492710113525
26139,8.6,7.280783414840698
22069,7.0,6.8860015869140625
45075,7.5,7.496724367141724
17123,10.5,9.095945835113525
47069,7.4,7.227528810501099
40081,9.2,8.067869901657104
50025,10.7,8.945887565612793
55067,10.5,9.295887470245361
37025,7.2,6.367238759994507
31011,10.7,9.225789546966553
21115,,8.098552703857422
17043,8.1,7.073745012283325
13011,8.9,7.73405122756958
19147,10.2,8.781076908111572
21009,,7.6284120082855225
31137,9.7,8.033029794692993
39067,10.2,8.826221466064453
29129,10.5,8.715595245361328
48331,8.7,8.18493366241455
56031,11.2,9.369896411895752
01095,9.0,7.386945009231567
06029,5.6,5.117104768753052
19179,8.6,7.708155393600464
26111,10.0,8.05000925064087
28101,7.8,7.246572256088257
20189,7.9,6.771985292434692
27069,11.2,9.70688009262085
01047,7.3,7.18020224571228
31159,8.8,7.844089984893799
47033,8.6,7.758579730987549
46005,9.1,7.701442241668701
47017,9.1,8.028680801391602
19187,9.1,7.87248158454895
24025,8.8,7.457810640335083
51117,9.9,8.894596099853516
45039,8.6,8.122186183929443
53011,8.4,7.244123220443726
29033,10.2,8.753365993499756
42133,,7.651947736740112
16027,7.6,6.744426012039185
13209,7.9,7.358354568481445
46095,8.3,6.4795966148376465
19025,10.2,9.10998821258545
13293,8.3,7.586390733718872
48421,7.3,7.318153619766235
48169,5.8,5.35113263130188
36079,9.3,7.723970413208008
36101,10.0,8.197842597961426
13021,6.9,6.581363677978516
18181,9.9,8.370378971099854
29223,10.7,9.41128396987915
27001,12.6,10.343194484710693
48387,9.8,9.135117530822754
47149,6.6,6.042883396148682
01005,7.8,7.493086099624634
41049,7.9,6.859337329864502
16017,10.9,9.463329315185547
16033,8.4,6.84675407409668
20093,7.7,7.45381498336792
29121,10.2,8.834959983825684
29133,8.4,7.16977071762085
42043,,7.472014427185059
37071,8.0,7.190065145492554
16031,7.4,6.795927286148071
06041,10.5,8.15433645248413
48389,4.5,5.270140171051025
48315,10.0,9.166687965393066
40029,9.2,8.463653087615967
31099,9.9,8.465065479278564
55127,8.8,8.144158601760864
40131,8.6,7.545098543167114
21177,,8.219676494598389
40073,8.4,7.555532693862915
46003,10.0,8.589362621307373
48019,11.0,9.216238975524902
45025,8.3,7.520421028137207
42045,,7.025860071182251
53077,6.8,6.421106815338135
29001,7.4,6.385908842086792
48173,7.5,6.427926301956177
27129,9.9,8.634679794311523
28001,7.7,7.701536178588867
29186,9.9,8.541080474853516
17033,9.3,8.09127140045166
17177,10.4,8.852007389068604
22035,5.7,6.308229446411133
27025,8.9,7.592112064361572
21095,,7.964472532272339
26003,10.9,9.386918544769287
21161,,7.878146171569824
48145,7.6,7.4880149364471436
51075,10.7,8.8235764503479
27081,10.7,9.499814987182617
55109,8.7,7.121253252029419
48199,8.5,7.701073169708252
26163,7.6,7.179841041564941
47091,10.1,8.805644035339355
38081,10.2,9.256343364715576
26125,8.7,7.690706014633179
38019,11.7,9.833737850189209
27135,9.5,8.072205781936646
36087,7.9,6.542685270309448
50011,9.5,7.801779508590698
27049,9.7,8.223743438720703
29131,9.6,8.224547386169434
01109,6.6,6.632941007614136
36085,7.6,6.9609949588775635
05061,8.4,7.627649545669556
42129,,9.039644241333008
08013,8.2,6.728164434432983
29049,9.5,8.014735460281372
51071,10.0,8.698493480682373
54005,10.1,8.489652156829834
05035,6.6,6.698864698410034
53009,12.2,10.033112049102783
42103,,8.829831600189209
31109,7.7,6.404812812805176
48295,8.7,7.7760443687438965
28113,7.2,7.108241319656372
28021,5.7,7.196774244308472
46049,11.1,9.595052242279053
46089,12.5,10.200268745422363
28047,7.9,6.932993650436401
24027,7.7,6.667204856872559
46065,9.6,7.684134006500244
28129,9.1,8.049102783203125
46123,11.1,9.00634765625
21185,,7.073145866394043
13153,6.9,6.203232765197754
48465,4.9,5.672822952270508
29175,8.7,7.372704744338989
13145,9.1,7.812551498413086
12043,9.7,7.113536357879639
39025,9.5,7.86444091796875
39033,10.0,8.631144046783447
39059,9.9,8.285426616668701
40065,7.5,6.841835975646973
22073,7.4,6.596524953842163
29203,10.5,8.716061115264893
54075,11.3,9.263363361358643
18135,9.7,8.353607177734375
55137,10.5,9.587926864624023
35049,9.7,8.650166511535645
06111,7.3,6.773845195770264
24019,9.6,8.467359066009521
13131,8.3,7.540751934051514
27123,7.7,6.5159454345703125
26109,11.6,9.444512367248535
05057,8.1,7.552637577056885
17193,10.4,8.850468635559082
20017,10.2,9.156725406646729
48133,9.1,8.456843852996826
19077,10.6,9.142907619476318
17037,7.0,6.220234632492065
18051,9.2,8.05680513381958
37137,11.3,9.567014694213867
48357,6.3,5.596218824386597
47185,9.7,8.375903129577637
38015,8.9,7.494351387023926
46075,12.2,8.907517910003662
40151,8.2,7.1926429271698
18127,8.5,7.769836187362671
17103,9.5,8.116172075271606
08101,8.1,7.159824848175049
48411,8.6,8.506263732910156
48475,6.0,5.874725341796875
08071,9.5,8.496860027313232
08089,8.7,7.478289604187012
08117,8.2,6.784874200820923
48263,11.0,9.471588134765625
48257,5.8,6.134852647781372
05143,6.4,6.248591423034668
40057,8.5,8.309236764907837
48495,5.6,5.188932180404663
01115,8.9,7.673010587692261
12097,6.3,6.152952432632446
20053,9.7,8.355000495910645
36099,10.0,8.095938205718994
37065,7.5,7.591052770614624
48101,9.3,8.42550802230835
48313,6.5,6.785974979400635
37037,10.6,9.06688404083252
27033,10.1,8.935153007507324
17185,10.1,8.609759330749512
39119,9.4,7.881465673446655
29215,9.7,8.482388973236084
21093,,6.89192533493042
27091,10.6,9.140212535858154
40129,10.2,8.62098217010498
42039,,8.660566806793213
34005,8.2,7.383519172668457
45015,7.4,6.752249479293823
29053,9.3,7.874186754226685
30075,11.9,9.771000385284424
20029,9.6,8.487023830413818
19071,10.7,9.094224452972412
51159,8.5,7.950941324234009
48157,5.5,5.776206016540527
40051,8.3,7.461082935333252
05015,10.1,8.69574499130249
36077,9.3,8.383498191833496
40027,7.4,6.510165452957153
48459,8.6,7.653838157653809
40087,8.2,7.540823936462402
31067,9.9,8.531113624572754
48223,8.4,7.471668243408203
55139,8.4,7.434037923812866
53071,8.7,7.750653982162476
40047,8.1,7.2333738803863525
22105,7.2,6.833996534347534
18043,9.0,7.51057243347168
38105,6.5,5.93765926361084
46029,10.0,7.965146541595459
04025,13.0,10.009080410003662
13187,8.4,7.626731872558594
18059,9.0,7.808863878250122
20027,10.4,8.995227813720703
28127,8.2,7.609117269515991
36097,10.6,8.673041820526123
45035,7.8,6.575698375701904
47001,9.4,8.065342426300049
13115,8.0,6.953301429748535
13247,6.4,6.444429636001587
16051,7.5,6.706278324127197
42061,,8.426741600036621
20147,10.7,8.794277667999268
48111,5.7,5.958630323410034
42069,,8.040146112442017
42079,,8.111822605133057
47103,9.5,8.042004108428955
37173,9.0,7.839000701904297
40005,8.4,7.816209554672241
40019,8.1,7.427551746368408
48477,9.0,8.372521877288818
40099,9.3,7.9801647663116455
40147,9.2,8.020108699798584
42125,,8.574389934539795
06017,10.2,8.475114345550537
21171,,7.997692108154297
29005,11.1,9.425870418548584
37005,11.3,9.426249504089355
48487,7.7,7.716639995574951
01009,9.3,7.900542497634888
13269,8.6,8.000716924667358
55043,8.5,7.730130672454834
30051,10.8,9.134353160858154
31033,9.9,8.350862979888916
26113,10.6,8.568987846374512
18037,9.5,8.042556047439575
38029,11.8,10.22373342514038
01019,10.6,8.990190505981445
17133,9.9,8.111116886138916
42087,,8.688907146453857
29125,10.1,8.892687320709229
42091,,7.789365530014038
22055,7.4,6.572447776794434
39007,9.6,7.8920440673828125
22061,6.1,6.097610950469971
39019,10.4,8.738668441772461
06003,10.6,8.661171913146973
54053,10.3,8.73992395401001
37099,8.7,8.034168243408203
01105,7.3,7.739495754241943
54011,9.1,7.621474981307983
54045,9.9,8.495868682861328
51045,10.9,8.523849487304688
54057,10.1,8.831302165985107
54059,9.8,8.364519596099854
28097,8.7,8.060346364974976
29185,11.1,9.814332485198975
37027,9.6,8.066925525665283
45031,8.1,7.635370492935181
53073,8.6,7.409863710403442
54023,10.8,9.232735633850098
31081,9.8,8.374726295471191
30015,9.9,8.792681217193604
05067,7.9,7.414396047592163
37067,7.7,6.947092533111572
05075,9.3,8.225326538085938
34001,8.1,7.600890874862671
29510,6.5,6.295227766036987
48205,7.5,7.158023357391357
18049,9.7,8.22538948059082
10003,8.1,7.080059766769409
39063,9.1,7.924846649169922
35013,6.1,6.488163471221924
29109,9.0,7.958593130111694
37009,11.3,9.2639479637146
05027,7.3,7.2648890018463135
26041,11.4,9.259068012237549
37021,9.7,7.769491672515869
28119,6.5,7.08659029006958
28133,5.6,6.284539461135864
51750,4.9,4.990577936172485
51063,10.6,9.238683700561523
54107,10.2,8.470778465270996
54105,10.7,8.643146514892578
48027,5.9,5.466317653656006
53043,11.5,9.738396167755127
53045,10.2,8.728214740753174
26117,9.0,7.862414121627808
27057,11.2,9.575692653656006
37017,8.9,8.36885929107666
48231,7.4,7.073909759521484
48307,9.2,7.836964130401611
29011,9.8,8.49720811843872
29149,10.3,9.121893882751465
30067,10.5,8.763562679290771
13219,9.3,7.391716003417969
13225,7.1,6.873236894607544
13251,8.3,7.786783933639526
48505,4.7,5.251053094863892
24009,8.9,7.4210498332977295
20043,9.1,8.083950519561768
13283,7.7,7.783031702041626
48349,7.3,7.292637586593628
31165,11.8,9.45536184310913
37023,9.5,8.073273658752441
36059,8.4,7.469401597976685
34025,8.9,7.519062757492065
51179,6.6,5.810583591461182
53055,13.1,10.61497449874878
53057,9.7,8.224746227264404
53067,9.0,7.48760199546814
13047,9.3,7.782485485076904
13065,8.0,7.086076974868774
53029,11.0,9.181712627410889
50007,8.6,6.963968992233276
51820,8.6,7.464108228683472
48149,10.3,9.20805025100708
48089,9.0,8.227087497711182
19003,11.0,9.248722553253174
25019,8.8,6.995389938354492
47009,9.8,8.4854154586792
46039,10.6,9.101102352142334
16079,9.9,8.799654483795166
17119,8.9,7.675329208374023
48321,7.4,7.124466896057129
40097,8.7,7.869248867034912
05013,9.0,8.361159324645996
17153,8.5,8.444881916046143
27165,9.2,8.425492286682129
39005,9.8,8.256720066070557
06043,11.5,9.63044548034668
35009,5.9,5.538444995880127
33019,10.5,8.829556465148926
37191,7.4,6.831053733825684
31029,10.4,9.249258995056152
31057,11.6,9.098259449005127
46069,11.0,9.607008934020996
26005,9.5,7.944347620010376
21091,,7.897653102874756
19033,10.3,9.01793098449707
19037,10.5,8.80507230758667
32013,8.1,6.751672029495239
48491,6.6,6.233563661575317
19049,7.6,6.695812940597534
13263,8.8,8.685094356536865
37047,8.4,7.929745435714722
30109,10.9,9.310520648956299
16087,10.2,9.288114070892334
17159,10.0,8.45502758026123
08007,11.5,9.197818279266357
40153,8.3,7.064281463623047
35027,11.1,9.767164707183838
35053,7.3,7.559120416641235
19193,7.6,6.9357240200042725
31013,9.4,7.764954566955566
36021,11.2,8.92797327041626
31005,10.5,9.075282573699951
13291,12.9,10.180752754211426
06023,8.6,7.3361406326293945
13297,8.1,7.021660089492798
37121,10.8,9.546518325805664
29115,10.0,8.547263622283936
13307,9.3,7.698336124420166
20155,9.1,8.263573169708252
47139,9.9,8.44385814666748
24510,5.9,6.058938503265381
48091,8.3,7.768595933914185
48497,7.9,7.11481785774231
19067,10.1,8.740153789520264
21109,,8.031591415405273
20049,11.2,9.92483377456665
26045,9.7,8.17915415763855
19085,9.9,8.375771045684814
46093,8.8,7.3959901332855225
12029,10.6,7.762404918670654
13155,8.4,7.31436824798584
30087,8.7,7.5071189403533936
26013,10.0,8.621431350708008
20005,8.3,7.728295803070068
25007,11.7,9.2860107421875
12001,7.1,6.2197418212890625
29077,8.3,7.489439964294434
29103,10.0,8.688145637512207
32011,9.6,8.30116319656372
30039,11.8,10.088735103607178
39045,8.8,7.49650239944458
38063,11.4,9.793618202209473
38003,9.8,8.53073501586914
41059,8.0,6.806323289871216
13133,11.2,9.134399890899658
55079,6.6,6.341626882553101
55081,9.0,7.792367935180664
05037,8.3,7.853329658508301
20111,7.2,7.123082399368286
48121,6.4,5.761003732681274
21129,,7.977488279342651
20125,9.2,7.954763174057007
26071,12.6,10.420548439025879
20197,9.8,8.523962497711182
27023,10.0,8.492574214935303
49057,7.3,6.320243835449219
37085,7.0,6.24934458732605
22109,7.8,6.96345853805542
47035,12.3,9.85374402999878
18017,8.8,7.8336310386657715
19177,10.4,9.190789699554443
32023,11.3,9.956413745880127
29189,8.5,7.801172733306885
17171,10.0,8.692427158355713
26011,11.7,9.435066223144531
05093,7.3,6.795323133468628
12063,9.0,8.284783363342285
12127,10.6,7.396181106567383
13083,9.6,8.289561748504639
26095,9.8,8.247087240219116
37101,7.3,6.698016405105591
18153,8.9,7.831606864929199
34017,4.9,5.48444390296936
46035,10.0,8.198270797729492
12031,7.4,6.485665798187256
39129,8.5,7.498839855194092
28007,8.1,7.601423740386963
21173,,7.652676343917847
49049,6.0,5.598596572875977
55027,8.9,8.045055866241455
21189,,8.5705885887146
26133,10.5,8.664443492889404
21221,,8.825630187988281
27051,10.4,9.170796394348145
17047,10.3,8.941344738006592
17059,11.0,9.026065826416016
26091,9.7,8.387129306793213
55039,8.9,8.119503498077393
26099,9.0,7.72745156288147
18183,9.5,8.21977710723877
26017,10.2,8.415265083312988
26157,10.3,8.618823051452637
32005,12.6,9.581096172332764
18003,7.8,6.926114320755005
45073,10.7,8.801088333129883
13275,8.3,7.3596179485321045
20175,5.3,5.303797483444214
24003,8.5,6.859895944595337
34041,9.4,7.804114818572998
42117,,8.959570407867432
48071,6.4,6.016544342041016
29047,8.1,6.98984432220459
39049,6.8,6.248600482940674
48337,9.5,8.366947174072266
49013,8.1,6.583327770233154
49019,9.5,7.474994897842407
29219,9.2,7.979153633117676
13077,7.9,6.814040899276733
19021,7.6,7.160966873168945
27011,11.4,9.818477630615234
48365,8.6,7.932228088378906
27009,7.9,7.160765647888184
21023,,7.808475732803345
40103,9.7,8.271502017974854
25009,8.8,7.5966596603393555
47039,10.2,8.965252876281738
47059,9.9,8.671125411987305
32007,7.3,6.37638521194458
22123,9.4,8.262110710144043
01063,7.4,7.811105012893677
18103,8.8,7.686208486557007
18107,9.1,7.905850648880005
06051,8.4,7.046997547149658
20095,9.3,8.683348178863525
46105,12.0,9.597325801849365
56045,9.7,8.586824893951416
17129,10.0,8.47951602935791
21143,,9.297858715057373
21051,,7.18056058883667
27067,9.3,8.12869119644165
31071,11.8,9.519768714904785
48285,9.8,8.512096405029297
47021,8.7,7.287118196487427
47145,10.4,9.003852367401123
08037,7.9,6.434921503067017
16001,8.2,6.955381870269775
19029,10.6,8.979299545288086
12061,13.1,7.714663982391357
13009,6.9,6.744458913803101
51007,8.9,8.296756267547607
39101,9.1,7.844159126281738
51035,11.0,9.318021297454834
08063,9.8,7.856565713882446
42027,,6.183065176010132
46081,10.8,8.829102516174316
42029,,7.49005126953125
47083,9.5,8.546605110168457
47085,9.6,8.195047378540039
48241,8.9,8.125843524932861
45043,11.5,9.25486421585083
53001,6.2,5.544321775436401
49043,9.2,7.001911401748657
46085,9.2,7.716106414794922
16069,9.7,8.05514931678772
31021,10.6,9.332401275634766
27119,9.3,7.842673063278198
29119,8.4,7.309912443161011
55135,9.5,8.559669017791748
12085,13.3,7.548375606536865
55111,9.3,8.14498496055603
41029,10.2,8.445820808410645
37061,8.2,7.594141006469727
19145,10.0,8.660650253295898
19045,9.7,8.159356117248535
13055,8.7,7.54789400100708
12071,11.6,7.406364440917969
19061,9.3,7.924106121063232
48283,4.9,6.739037752151489
20113,9.3,8.374343872070312
12099,10.2,7.311466217041016
20109,9.6,8.428460597991943
48309,6.8,6.335373878479004
12093,9.5,6.818917751312256
19089,9.9,8.609658241271973
30009,11.4,9.647441864013672
51760,5.7,5.589101791381836
49005,6.4,5.096238374710083
53039,10.4,9.0435791015625
45049,7.3,7.266411304473877
49025,10.9,8.803493976593018
55007,12.0,9.98034143447876
55013,11.9,10.079680919647217
22041,8.4,7.775433540344238
22027,8.0,7.3948752880096436
51131,10.5,9.350215911865234
27157,10.6,8.89160680770874
22047,7.1,7.101545810699463
17111,8.6,7.091504812240601
18075,9.2,7.958561420440674
35037,9.3,8.438185214996338
37171,9.7,8.249085426330566
48369,6.3,6.515069961547852
39037,10.0,8.44384765625
17149,10.0,8.741447925567627
39121,12.2,8.873988151550293
19097,10.2,8.604680061340332
13045,7.2,6.557263374328613
51081,6.0,6.196594715118408
17161,8.8,8.040124654769897
08113,9.3,7.55448842048645
08115,11.8,8.965462684631348
55093,8.2,7.339627981185913
48037,7.7,7.434870004653931
47181,9.1,7.861714839935303
47187,8.9,6.600983381271362
45065,12.2,9.316166877746582
55119,9.8,8.499924659729004
56027,10.7,9.766373634338379
36027,8.8,7.683008670806885
37073,9.0,8.26563835144043
06113,5.8,5.625023603439331
29091,9.5,8.455163478851318
26141,13.0,10.348727703094482
29101,7.1,6.449319124221802
22067,7.8,7.588500499725342
29157,9.6,8.32401418685913
13303,7.1,7.244676828384399
20115,10.1,8.972418785095215
21029,,7.736642360687256
27101,11.1,9.723192691802979
39041,8.8,7.105928421020508
40117,9.2,8.090487003326416
49011,7.3,6.085115194320679
48049,8.8,8.054684162139893
39141,9.0,7.495096206665039
17181,9.9,8.48476266860962
08039,9.7,7.738538026809692
39145,9.3,8.07281494140625
19153,7.4,6.543156623840332
48443,9.6,9.53649091720581
13119,8.9,7.8194074630737305
17203,9.6,8.24680471420288
51093,9.0,8.090902328491211
44005,11.2,9.019904136657715
55131,9.6,8.225093364715576
29023,9.2,8.162487030029297
41043,9.3,7.7496559619903564
51105,9.9,8.772347927093506
53017,8.4,7.403022050857544
20149,8.5,7.06672739982605
23019,9.5,7.990815162658691
36095,10.4,9.016778469085693
13151,6.0,6.187360525131226
39127,9.4,7.872940540313721
51133,12.5,10.521430492401123
28083,6.0,6.360788583755493
38033,11.2,9.152132987976074
26097,11.6,9.780041217803955
53053,7.4,6.771626949310303
32021,10.4,9.508477210998535
27127,9.9,8.711320877075195
45071,8.8,7.951114654541016
18083,9.0,7.844073534011841
12089,11.3,7.514103412628174
45077,8.4,7.244993686676025
39075,8.1,7.477722883224487
12075,10.8,7.94042444229126
19167,8.5,7.3100950717926025
48183,7.3,6.896892309188843
35059,8.5,8.140847206115723
37039,12.1,10.042896747589111
39151,9.4,8.234652519226074
06039,6.3,6.303356409072876
28071,6.4,6.096041440963745
53065,11.2,9.040708541870117
32033,9.2,7.528209924697876
01071,9.7,8.320916652679443
27173,9.8,8.554174423217773
23009,11.0,9.534866333007812
34027,8.6,7.37719988822937
40111,8.4,7.752964973449707
36003,9.4,8.155527591705322
48087,8.3,7.824497699737549
49045,6.5,6.056924343109131
13057,8.5,6.925659894943237
17073,10.0,8.469233989715576
21001,,8.077428340911865
22097,7.4,7.254012107849121
30047,10.3,8.764893054962158
01111,9.4,8.249624252319336
06081,6.8,6.67345929145813
26123,10.1,8.391806602478027
37135,7.6,6.573003530502319
19151,10.8,9.237051963806152
48153,7.3,7.700835943222046
42013,,8.336266994476318
37029,8.6,7.676655292510986
31027,10.4,8.875040531158447
05119,7.5,6.957954406738281
55073,9.1,7.8317060470581055
06097,9.0,7.747164726257324
27071,11.3,9.591221809387207
28025,7.4,7.279517889022827
38013,10.5,8.450199365615845
24031,7.4,6.750816583633423
54101,10.9,9.133110523223877
47071,10.4,8.78479528427124
36035,9.8,8.264220237731934
48093,9.5,8.744083404541016
48453,5.6,5.441327095031738
48203,7.7,7.359699010848999
54065,10.7,9.19390869140625
08021,7.9,8.217746496200562
12033,8.6,7.7833411693573
48001,6.8,6.3653552532196045
47019,10.1,8.522732734680176
37087,10.8,9.295998573303223
49053,10.1,8.263341426849365
30003,7.2,6.819491624832153
35045,7.4,6.9975152015686035
01003,10.2,8.169898509979248
22017,7.5,7.153618097305298
36051,9.6,8.078934907913208
51041,7.6,6.989896535873413
13257,9.2,8.10779857635498
40085,8.6,8.041021347045898
17091,8.3,7.631221055984497
05145,8.4,7.513610124588013
13157,7.9,6.969944000244141
35011,10.0,7.5022478103637695
38057,10.2,8.384032011032104
20117,10.2,8.656322479248047
06073,6.8,6.040507793426514
50021,10.7,9.014663696289062
24013,9.7,7.8369245529174805
06019,5.7,5.2546446323394775
16035,11.1,9.665194988250732
24023,11.2,8.899474143981934
48277,8.5,7.755650043487549
13127,9.5,8.172824382781982
39163,9.5,8.090355634689331
48373,8.2,7.492862939834595
47043,8.7,7.44838547706604
55029,12.0,10.277739524841309
44009,10.2,8.586955070495605
01033,9.2,8.11972451210022
21097,,7.992046356201172
55117,9.0,8.044196128845215
29187,8.6,7.388620853424072
17021,9.3,8.15419864654541
46023,9.7,8.076831579208374
21101,,7.777858018875122
51155,10.2,8.882144927978516
06061,9.2,7.798662900924683
18047,9.7,8.377646923065186
31133,11.8,9.65661096572876
31107,11.0,9.246695518493652
37019,12.3,9.4653902053833
21231,,8.43314504623413
22003,7.1,6.622617959976196
36029,8.8,7.833325386047363
28093,7.5,7.365771770477295
05107,7.5,7.458545684814453
46102,5.1,5.988888263702393
46099,8.0,6.560943603515625
39021,9.7,8.342138290405273
13197,8.9,8.513874053955078
51095,10.9,9.359692096710205
19111,10.0,8.420519351959229
48113,5.2,5.669614553451538
41065,9.5,8.257800579071045
30007,10.3,9.330291271209717
41061,9.9,8.539048194885254
12087,10.7,7.323258876800537
25027,8.5,7.215940237045288
28059,8.1,7.276803255081177
45013,11.4,9.01275110244751
16049,11.2,9.863439559936523
24033,5.6,6.2624733448028564
28109,8.9,7.9452619552612305
34009,11.5,9.515283584594727
22057,8.1,7.232283115386963
38053,6.7,6.116710662841797
41005,9.7,7.81396746635437
08073,8.8,7.548460960388184
41033,11.4,9.592813491821289
21121,,7.796797513961792
01041,8.7,8.008922338485718
06089,9.5,8.05707311630249
13013,6.9,6.127229690551758
18067,9.2,8.130592346191406
20193,8.8,7.668817758560181
21179,,7.558078765869141
32027,8.4,6.921169996261597
31053,8.8,7.919906377792358
40113,9.1,8.059960126876831
49027,9.3,7.542801856994629
51001,9.8,8.910581588745117
41015,13.3,10.492006301879883
05007,7.6,6.700138807296753
22099,7.9,7.1917431354522705
51147,6.5,7.0611114501953125
16007,9.8,8.645122051239014
48377,6.9,8.265308856964111
48457,8.8,8.176533222198486
40033,9.3,8.081375122070312
22095,6.5,6.555043458938599
51061,8.9,7.632483005523682
48367,8.3,7.335323333740234
48073,7.8,7.3428850173950195
01027,9.7,8.369262218475342
49023,7.7,6.773258924484253
06105,11.8,9.53663158416748
06103,9.0,7.814678430557251
16023,10.5,8.72079849243164
17113,7.4,6.232558488845825
29095,7.4,6.908908367156982
37041,9.6,9.001598834991455
48197,9.2,8.67524766921997
36121,9.6,7.911670684814453
25013,8.5,7.427551746368408
21125,,7.575183153152466
18093,9.7,8.492522716522217
55115,9.8,8.611987590789795
06045,9.9,8.359017372131348
32031,8.3,6.818147897720337
46033,13.0,10.092482566833496
01079,9.0,7.839046955108643
16047,8.4,7.446531534194946
23021,10.9,9.410905361175537
46013,9.3,7.905960321426392
20167,10.6,9.151288032531738
40075,9.4,8.042331218719482
33013,9.7,8.10335636138916
41031,9.1,7.8935205936431885
47117,8.5,7.296982288360596
29003,9.9,8.424314022064209
51019,10.3,8.84547233581543
47189,8.5,7.1851487159729
48455,10.2,9.06910228729248
53035,9.4,7.4768452644348145
49041,9.0,7.299325466156006
36047,5.8,5.886452674865723
55003,9.5,8.254541873931885
55123,9.9,8.515110492706299
28149,7.7,7.111667156219482
08014,8.2,6.806859731674194
48041,4.9,4.838247060775757
30031,7.2,6.58202862739563
30107,10.6,9.108878135681152
51520,9.9,8.209419250488281
18063,8.1,7.057367324829102
55053,9.3,8.172865867614746
01125,6.6,6.283049821853638
51127,8.6,7.925057649612427
05011,8.1,7.866799592971802
32510,9.2,7.728474378585815
37013,9.9,9.022461414337158
01127,9.5,8.148462533950806
13005,8.2,7.027111291885376
18045,9.7,8.346609592437744
21073,,7.693788290023804
49037,8.0,6.723930835723877
56029,10.8,8.960329532623291
18139,9.5,8.093879461288452
26165,10.1,8.348390579223633
37117,9.0,8.763535022735596
48473,5.3,6.03407096862793
48407,9.0,8.376073837280273
51069,9.1,7.72088098526001
30055,11.8,9.707741737365723
54047,9.2,8.043615579605103
01037,9.8,8.192030906677246
16065,3.4,5.210682153701782
17147,10.1,8.542497634887695
42097,,8.519409656524658
23029,10.8,8.96381950378418
37143,10.6,9.574699401855469
42035,,8.166182041168213
30069,12.1,9.599042892456055
06021,7.5,7.059781551361084
17143,8.4,7.302482843399048
20067,7.0,6.381533861160278
21233,,7.775782346725464
35051,12.1,9.707435607910156
35043,8.0,7.351835489273071
06065,6.4,6.0816662311553955
53007,9.2,7.7866597175598145
05133,7.2,6.675901651382446
48333,11.0,9.493553161621094
39149,9.3,7.892676830291748
22075,7.3,6.533522605895996
06093,11.0,9.304761409759521
30023,10.5,8.966570377349854
21195,,8.194674491882324
01049,8.8,7.397147178649902
06077,5.8,5.7937116622924805
36007,9.1,7.883723020553589
05073,9.1,8.692872047424316
51015,9.9,8.544017314910889
42111,,8.80750560760498
48033,10.7,8.587494611740112
50015,9.3,7.9239654541015625
54039,9.9,8.109447002410889
13099,8.0,7.399965047836304
13321,8.7,7.943434000015259
26147,10.1,8.083683729171753
30081,11.2,9.408093929290771
28015,9.3,8.286894798278809
48043,8.4,8.452560424804688
53025,7.1,6.434698104858398
51111,8.6,8.306370735168457
12067,8.9,7.43455171585083
36019,9.2,7.647078990936279
22025,7.8,7.350458145141602
39095,8.2,7.324211120605469
12133,9.2,7.914025068283081
53037,8.4,7.035339832305908
41067,7.6,6.556028604507446
04005,7.0,5.7590978145599365
36075,9.2,7.6459527015686035
01055,9.1,7.880778074264526
21225,,7.636811971664429
47121,9.8,8.645440101623535
01113,7.0,6.65322470664978
08123,7.1,6.430936336517334
48287,8.4,8.034219026565552
53041,9.7,8.555026531219482
51735,9.8,8.241808414459229
41017,10.1,8.334222316741943
30035,7.0,6.484184503555298
56013,9.2,8.14051628112793
29165,8.5,7.0650551319122314
34037,9.0,7.998715877532959
40059,9.3,8.259564876556396
01073,7.3,6.763273000717163
48141,4.6,5.409898042678833
06085,5.7,5.883368015289307
28027,6.2,6.654243230819702
48177,7.2,7.307331323623657
16059,11.7,9.975502967834473
01069,8.8,7.4328601360321045
50027,11.0,9.237791538238525
47045,8.7,7.598361492156982
18019,8.4,7.278938055038452
05005,12.0,9.98995590209961
13179,4.8,5.1928794384002686
22077,8.9,8.17664623260498
30083,9.0,7.5789923667907715
08049,9.6,8.001308679580688
05051,10.5,8.79951810836792
48097,8.7,7.839006185531616
08103,9.2,7.564903974533081
47013,9.6,8.532912254333496
27075,11.3,9.744789600372314
37175,12.2,9.909659385681152
28163,6.0,6.0244855880737305
53031,14.0,10.42264699935913
27133,9.7,8.510823726654053
50005,10.0,8.373875141143799
48219,6.7,6.439562797546387
48063,7.8,7.486330986022949
29087,11.0,9.34370756149292
06025,5.0,5.650193691253662
48077,10.1,8.834810733795166
40141,8.8,8.183100461959839
26101,11.5,9.41967248916626
30105,10.9,9.19211483001709
36105,8.9,7.635211229324341
41019,11.3,9.55098819732666
53015,9.6,7.881227493286133
55075,10.7,9.180279731750488
17071,11.4,9.27933406829834
05103,8.3,7.971674680709839
32019,9.5,8.492255687713623
42101,,5.997700452804565
13023,8.3,7.670510768890381
41007,10.8,8.795212745666504
23003,10.5,9.266769409179688
30057,11.6,10.255142211914062
13001,8.5,7.323991060256958
08081,8.6,6.918403148651123
34013,5.8,5.704610109329224
13175,8.0,7.3572998046875
55041,10.8,9.08237361907959
05077,6.9,7.357792139053345
55083,10.1,8.718282699584961
56017,12.0,9.30918550491333
46119,11.6,9.603508472442627
48319,11.4,9.378495216369629
20019,10.4,9.035972118377686
28063,6.3,6.883484840393066
01103,8.8,7.341490030288696
28079,7.7,7.251302719116211
54033,9.6,8.241708278656006
48485,7.0,6.450900554656982
20073,10.7,9.412443161010742
56033,10.1,8.627317428588867
51510,6.5,5.844796180725098
28117,8.4,7.686774969100952
12079,9.0,7.951345682144165
13239,10.5,7.8040525913238525
27149,8.0,7.568895578384399
13305,7.8,7.227212190628052
17105,9.3,8.065157890319824
13073,7.7,6.874323844909668
04011,6.8,6.385099649429321
26031,11.8,9.869499206542969
36061,7.2,6.550911903381348
01099,8.4,7.9671714305877686
08097,10.5,8.15876293182373
19065,10.2,8.896935939788818
40133,8.5,7.6208579540252686
37103,9.1,8.459576606750488
48245,6.3,6.349208354949951
18009,10.1,8.568189144134521
22081,8.1,7.684318542480469
47151,8.9,7.73881459236145
55078,7.5,7.06701397895813
05045,7.3,6.518012762069702
13309,6.9,6.124593019485474
05097,11.3,9.471244812011719
51187,8.6,7.464442014694214
54021,8.0,7.26118278503418
54037,8.8,7.557991981506348
13033,7.4,7.0766918659210205
54073,9.4,8.229564189910889
21069,,8.053683996200562
24001,9.4,7.845003128051758
08065,7.4,5.875319004058838
37151,8.8,7.628807067871094
47037,6.3,6.031942367553711
29071,9.6,7.981126546859741
48109,6.3,7.661670684814453
21227,,6.3104774951934814
48425,9.0,7.876978874206543
53075,5.9,5.250540018081665
42003,,7.862205266952515
51570,8.6,7.732056140899658
46117,10.6,8.804735660552979
54015,10.2,8.678267002105713
13213,8.2,7.2062976360321045
48323,4.1,5.1033337116241455
47101,9.7,8.329144477844238
28013,8.7,7.957974910736084
28035,6.6,6.247485160827637
54109,9.9,8.799607753753662
13181,10.0,9.08611249923706
42049,,7.6618406772613525
19047,8.6,7.638840436935425
28049,6.1,6.308351516723633
47119,8.5,7.214423418045044
01133,10.2,8.612943649291992
48123,8.1,7.638875961303711
47171,10.3,9.082486152648926
22031,8.1,7.62567400932312
42099,,8.253673553466797
46037,11.7,9.552995681762695
55107,10.7,9.409186363220215
20101,10.7,8.721991539001465
51670,6.8,6.701781511306763
13311,10.2,8.884846210479736
40017,7.4,6.538127422332764
40107,8.2,7.578641176223755
13285,7.4,6.961589574813843
20021,9.3,8.33794116973877
40115,8.5,7.695725202560425
01035,9.0,8.348862648010254
08087,7.8,7.029175758361816
18023,8.5,7.452641725540161
21153,,8.0435791015625
29055,9.8,8.266819953918457
28161,8.5,8.202566146850586
54083,9.9,8.65843915939331
35023,8.1,8.273856163024902
20191,9.3,8.27177095413208
30041,8.3,6.879266977310181
05137,11.6,9.483904361724854
19125,9.7,7.930925369262695
37139,7.8,7.318379640579224
34035,7.6,6.874168395996094
48201,5.2,5.288355350494385
55129,11.2,9.915863513946533
48209,5.9,5.785136461257935
17157,9.4,7.793708086013794
42059,,8.099369049072266
27029,9.8,8.63126802444458
36025,10.7,9.123475074768066
51059,7.1,6.331678867340088
45059,8.6,7.750682353973389
47105,11.5,9.506579875946045
56025,8.6,7.065800666809082
47175,10.5,9.17619800567627
51197,10.1,8.63939905166626
16041,8.0,7.289714097976685
21045,,8.484661102294922
26081,8.1,6.736354827880859
28043,8.0,7.4317402839660645
13313,7.4,6.532323598861694
26151,10.6,8.85325002670288
21039,,8.336538791656494
31035,9.7,8.566805839538574
42075,,8.143162727355957
47093,8.3,6.957787036895752
08047,10.0,8.122323036193848
42131,,8.698146343231201
42025,,8.813971042633057
39153,9.2,7.723699331283569
37049,8.8,7.802741050720215
51145,9.5,7.948922395706177
18057,8.2,6.566054582595825
05141,10.9,9.599119186401367
30019,11.2,9.881889820098877
48451,7.2,6.6594274044036865
01045,8.4,7.419414281845093
13071,7.5,6.718673467636108
20099,9.3,7.993645429611206
51193,10.0,9.08449411392212
23027,10.6,9.06669282913208
47025,9.3,8.238947868347168
05085,8.1,6.886952638626099
17065,10.2,8.903261661529541
18109,9.3,7.892516613006592
40039,7.3,6.472370147705078
31149,11.5,9.498396873474121
37001,7.9,7.332980632781982
46135,10.2,8.184905052185059
17127,9.9,8.566046237945557
55061,9.9,8.657031059265137
46107,12.2,9.788596153259277
21049,,7.9207470417022705
13233,7.8,7.183433771133423
18145,9.3,7.8085386753082275
22111,9.4,8.39542293548584
35029,7.2,7.534657001495361
18171,10.1,8.65737009048462
27045,10.2,8.917324542999268
31147,10.6,9.256083011627197
26077,8.1,6.942640066146851
26115,9.9,8.14010500907898
39165,8.8,7.369841814041138
29211,9.5,8.388079643249512
26037,9.8,7.776319265365601
01051,8.3,7.119232177734375
37197,9.7,8.265552997589111
12055,12.9,7.296073913574219
12111,10.0,7.584898948669434
40041,10.1,9.107957363128662
39103,10.2,8.251471519470215
19055,10.3,8.634368419647217
39109,9.7,8.316712856292725
01031,8.4,7.4636430740356445
48251,7.1,6.545886516571045
48291,6.0,6.033814907073975
54097,9.7,8.451387882232666
55059,8.1,6.954716205596924
31115,12.0,9.486261367797852
16005,7.7,6.7998151779174805
45087,9.0,8.044246673583984
20165,11.0,9.231773853302002
37111,9.7,8.41834020614624
36083,8.9,7.640286207199097
23001,8.8,7.920586824417114
19073,10.7,9.082168102264404
48125,10.2,8.823875904083252
26085,10.6,9.617501735687256
27017,9.2,7.82529616355896
20025,9.9,9.25552225112915
26061,8.5,7.22895073890686
39079,9.3,7.890801668167114
37081,7.1,6.3958423137664795
28075,7.9,7.2145984172821045
22009,7.9,7.344767093658447
21217,,7.831290006637573
18141,8.1,7.068598508834839
51630,5.9,5.392834901809692
13031,6.1,5.388741970062256
19083,10.3,8.964881896972656
13037,6.1,6.370493650436401
48361,7.9,7.061532974243164
08111,10.3,8.506153583526611
51085,9.3,7.925688028335571
21053,,8.344483852386475
39147,9.2,8.034243106842041
17191,10.2,8.886980533599854
51036,8.8,8.8913254737854
21065,,8.156277656555176
21075,,7.890301704406738
06107,5.5,5.174684524536133
19011,9.9,8.330626010894775
17169,10.2,8.598726749420166
38023,11.1,9.379886150360107
21203,,8.113616943359375
47029,9.9,8.435694217681885
21215,,7.52418065071106
38007,10.6,9.658802032470703
48259,9.2,7.890791416168213
55051,12.3,10.380123138427734
47053,8.4,7.538151502609253
45027,9.0,8.829158782958984
20007,10.6,8.77500867843628
33007,10.9,9.130586624145508
17077,7.4,6.408877849578857
37187,9.4,8.634828090667725
06071,5.5,5.385727643966675
17035,10.0,8.621610164642334
12011,7.6,6.720503091812134
13195,8.6,7.493690729141235
48305,7.2,7.080437660217285
48329,5.6,5.743825912475586
29123,9.5,8.227292537689209
08041,7.5,6.385207414627075
22083,7.9,7.523926019668579
08119,11.2,8.767735004425049
40139,6.2,5.8337647914886475
18165,9.6,8.421345710754395
38025,9.0,7.678373336791992
30017,9.6,8.290918827056885
17017,8.6,7.859715223312378
42055,,8.216382503509521
21123,,7.847361326217651
35025,5.5,5.783735990524292
01091,8.0,7.817027568817139
21061,,8.780216217041016
31041,10.3,8.844725131988525
48139,6.6,6.420271396636963
55077,10.7,9.591880798339844
20011,9.2,8.169741153717041
27113,9.3,8.1086745262146
23017,10.4,8.861675262451172
36071,7.6,6.616452932357788
22103,8.9,7.521979093551636
31145,9.7,8.277050018310547
36031,11.1,9.084179401397705
29213,10.0,8.421620845794678
48379,10.3,9.06310224533081
36023,8.5,7.5918192863464355
48343,8.7,8.434253215789795
36001,8.2,7.5199291706085205
51113,10.1,9.047576427459717
51157,11.5,9.742438316345215
48395,8.4,8.10532522201538
40077,9.2,8.308766841888428
21151,,6.744041919708252
42067,,8.414028644561768
29107,9.5,8.098327159881592
26093,10.3,8.02939772605896
29135,8.7,7.429277181625366
36005,5.1,5.451117753982544
31123,9.8,8.652351379394531
05023,11.1,9.800472259521484
05089,11.6,9.855547904968262
36081,6.1,6.555322170257568
01121,8.3,7.7357189655303955
18105,6.9,6.0498809814453125
31073,10.8,9.308483123779297
45009,8.0,8.33695650100708
48409,6.4,6.594843149185181
21229,,8.075710773468018
41001,11.5,9.35443925857544
01089,7.8,6.861690998077393
38079,6.9,6.6275575160980225
28031,7.9,7.387316465377808
28151,6.6,6.863076686859131
46129,10.9,8.940686225891113
48439,6.0,5.731536865234375
39053,9.8,8.170922756195068
39111,10.5,9.246273040771484
42051,,8.633611679077148
28053,6.8,7.2450995445251465
51021,10.1,9.20373249053955
39051,9.6,8.144392490386963
12109,10.6,7.351315498352051
13017,7.8,7.058474779129028
01123,9.8,8.41210651397705
48147,8.2,7.691939115524292
35005,6.7,6.626018285751343
26103,9.3,7.980938196182251
29195,8.3,7.485966205596924
34033,8.7,7.831018924713135
17009,7.1,6.70801305770874
19195,10.3,8.808004379272461
28139,8.4,7.399383544921875
01085,7.1,7.500969171524048
16045,10.0,8.489254474639893
27043,10.3,9.154668807983398
21019,,8.131228685379028
54069,10.1,8.572626113891602
28143,5.5,6.212328195571899
41037,10.7,9.155998229980469
22043,7.5,6.7156758308410645
21165,,8.59969186782837
39057,9.0,7.785158157348633
19169,6.4,5.729585647583008
54003,8.0,7.008533477783203
01093,10.0,8.59882116317749
55021,9.3,8.135537147521973
36009,9.8,7.931654214859009
26025,9.1,7.78690242767334
39015,9.7,8.190237522125244
47141,8.1,7.369753360748291
39171,9.7,8.300309658050537
38027,10.3,9.676609516143799
17173,10.6,8.968975067138672
48081,10.4,9.512807369232178
47137,11.6,9.399203777313232
37167,8.8,7.854308366775513
48099,5.6,5.740316390991211
17029,8.4,7.41807222366333
47153,9.8,8.45393705368042
19053,9.3,8.439009189605713
21127,,8.109986305236816
46059,11.6,9.5977201461792
42037,,8.168352127075195
29009,9.8,8.432982921600342
41069,13.7,10.643897533416748
29041,10.8,9.219407558441162
51119,12.2,9.977584838867188
50023,10.1,8.382035732269287
13075,7.8,6.9649152755737305
51195,9.1,7.980010747909546
45007,9.1,7.711876153945923
47061,9.5,8.447031021118164
18161,9.9,8.70576286315918
26073,7.1,6.151941776275635
05055,8.5,7.445833444595337
20133,9.4,8.125705242156982
41021,12.1,9.65115213394165
08017,10.2,8.151234149932861
17187,9.1,8.096736431121826
22063,7.8,6.750847339630127
26119,12.7,10.451228618621826
18015,9.8,8.369317531585693
26047,11.2,9.062164783477783
18169,10.2,8.501762390136719
26075,9.5,7.866067409515381
49031,11.6,9.90059232711792
37183,6.9,6.129628658294678
37123,9.2,8.203709363937378
37165,7.3,7.166533470153809
17061,9.9,8.520100593566895
06009,11.2,9.953496932983398
21031,,8.085510730743408
38005,8.2,6.748263835906982
19009,11.1,9.25149917602539
20045,6.7,5.7389609813690186
37189,7.5,6.923269033432007
30103,12.4,9.94049072265625
55121,9.3,8.262633800506592
40011,9.2,7.875611782073975
47067,10.1,8.769183158874512
55033,7.8,7.2521281242370605
37059,10.0,8.34408187866211
05019,7.1,7.123172044754028
40023,9.0,7.971841335296631
05063,8.8,7.64315128326416
20195,11.2,9.516762733459473
21077,,7.191374778747559
20177,8.8,7.960442066192627
19171,9.7,8.405651569366455
29019,7.0,5.992931365966797
19115,9.2,8.066858291625977
20039,11.7,9.610490798950195
45091,8.2,6.8233482837677
55005,10.1,8.90387487411499
22021,8.4,7.5495312213897705
22037,7.8,7.366159915924072
46009,9.7,8.485376358032227
47073,10.0,8.497790813446045
45033,7.5,7.128302097320557
45037,8.2,7.545027732849121
29027,8.9,7.699756860733032
47113,7.8,7.135408401489258
56001,6.2,5.604104042053223
51029,8.0,7.446496248245239
12045,10.4,7.991479158401489
13315,8.0,6.879697322845459
05131,8.0,7.089680194854736
05129,10.9,9.247292518615723
22019,7.8,7.18583869934082
40079,8.4,7.780761003494263
21187,,8.313441753387451
38075,9.8,8.491785526275635
27125,10.3,8.74635124206543
40095,9.5,8.36037015914917
24005,8.0,7.286564588546753
28055,5.3,6.895801305770874
39083,9.6,8.061553239822388
51175,8.7,7.936787366867065
55011,10.2,9.214317798614502
22065,6.8,6.854985237121582
51800,7.0,6.6983911991119385
28051,5.8,6.618257284164429
45063,8.6,7.3177831172943115
55105,8.5,7.522585391998291
56023,9.7,7.993668556213379
53013,11.5,9.939543724060059
27117,10.0,8.564249515533447
51099,7.7,7.210142135620117
29043,9.1,7.449833393096924
01011,6.3,6.55196475982666
13237,10.0,8.969308376312256
40007,9.1,8.06650686264038
31043,6.6,6.250280857086182
05105,9.8,8.423259258270264
48351,9.1,8.35148000717163
29039,10.6,9.014289379119873
31049,11.5,9.341556072235107
41071,8.8,7.546968698501587
20079,9.3,8.447301864624023
27159,9.7,8.527665615081787
44001,10.1,8.28873062133789
47135,9.6,8.608133316040039
34039,6.4,6.07441258430481
29147,8.1,6.899055004119873
27095,9.3,8.04670238494873
20071,9.5,8.382279396057129
13141,7.5,7.878466367721558
12037,11.3,7.214907646179199
12117,8.1,6.605128765106201
28157,6.8,7.069849729537964
05121,9.3,8.19974422454834
26019,12.2,9.9270601272583
40045,10.3,8.855441093444824
54071,11.8,9.287259578704834
29209,12.3,9.974998474121094
29029,12.0,9.721747398376465
38097,9.7,8.595515251159668
42005,,8.971795558929443
20013,9.9,8.366449356079102
18129,10.1,8.363775730133057
08029,11.2,9.152331829071045
13231,8.4,7.56269097328186
13319,8.3,7.734586477279663
39115,10.2,8.971264362335205
46121,5.5,6.197887659072876
30021,9.8,8.300002098083496
20091,8.4,7.063514232635498
20153,11.5,9.974358558654785
20127,11.0,9.343768119812012
48445,6.4,6.1908180713653564
13171,7.7,7.147488832473755
13199,8.3,8.042479753494263
39143,9.4,8.31302547454834
48353,7.8,7.699305534362793
22089,7.7,6.84511661529541
13277,7.4,6.724296808242798
38089,7.8,6.790436506271362
32009,11.8,9.658846378326416
28089,7.6,6.701195001602173
55063,8.2,7.426955938339233
29177,9.6,8.148328304290771
31037,7.0,6.3364269733428955
45041,7.7,7.211053371429443
54001,9.5,8.485774517059326
13287,8.1,7.649150848388672
37089,10.8,9.103660106658936
17183,9.1,7.942800283432007
37129,8.7,7.451541185379028
21071,,8.11655592918396
48211,8.6,7.0466907024383545
20077,9.9,9.133090496063232
27093,9.9,8.528517723083496
27059,8.8,7.585894346237183
27143,9.3,8.274547576904297
28121,8.2,7.2951695919036865
37003,9.3,8.278676509857178
39001,9.5,8.152159214019775
38017,6.7,6.270775318145752
06031,5.1,5.139886140823364
04019,9.2,7.607229471206665
05125,9.0,7.76987099647522
41047,8.0,6.876092433929443
23005,9.4,8.05631136894226
48363,8.9,7.949310541152954
41035,9.9,8.386607646942139
05059,8.7,7.958706855773926
08059,8.6,7.41930627822876
04001,7.8,7.259551048278809
12083,11.4,7.339221477508545
25005,8.9,7.435807943344116
49015,9.2,7.878249168395996
22117,8.1,7.58182692527771
40089,8.3,7.668044805526733
29171,10.7,9.277770042419434
35061,7.0,7.285397052764893
30049,9.7,7.844210624694824
24047,11.6,9.84470272064209
47157,6.5,6.511163234710693
56043,10.3,8.77910852432251
39061,7.8,6.945408821105957
51199,8.6,7.282205820083618
04007,11.7,9.783569812774658
05049,10.9,9.583616256713867
13051,7.2,6.806646347045898
30059,12.5,9.92771577835083
29035,9.8,8.69228219985962
28137,7.7,7.233337879180908
17015,10.1,9.39864730834961
12121,9.9,7.677206516265869
17121,9.6,8.25107717514038
13221,8.9,8.042491912841797
35041,6.4,6.1182780265808105
16013,9.9,7.987566947937012
35006,6.8,7.1311516761779785
18025,9.9,8.450505256652832
47027,10.8,9.178302764892578
30063,8.0,7.223927736282349
32003,6.8,6.428874254226685
22033,6.5,6.762229681015015
12039,7.9,7.17690110206604
12091,8.6,7.909371376037598
06033,9.9,8.520177841186523
42021,,8.86854362487793
48437,6.7,7.0255255699157715
08045,7.8,6.711246728897095
17075,10.1,8.657695293426514
01067,9.5,8.62431526184082
05135,10.7,9.586472988128662
48273,4.9,5.575725078582764
51153,6.1,5.522049903869629
51097,9.4,8.699193000793457
16021,10.0,8.75638484954834
37119,6.2,5.911515951156616
36069,10.3,8.477823257446289
28105,5.2,5.539860010147095
34003,7.6,7.040891647338867
06053,6.3,5.760142803192139
38051,12.1,10.272160053253174
26029,11.9,9.428048133850098
38095,11.3,9.13431167602539
13205,7.5,6.963382959365845
08057,11.1,9.381158351898193
30027,10.7,9.32626724243164
48065,9.2,8.365979194641113
21147,,7.165027379989624
48401,7.5,6.939793825149536
01057,9.7,8.485623359680176
42081,,8.249538898468018
05001,8.8,8.019960165023804
48085,6.3,5.784744024276733
37051,5.9,5.6840081214904785
25001,13.2,9.692665100097656
29143,9.1,8.021562814712524
42107,,8.31856393814087
30079,13.5,9.800025463104248
54041,9.8,8.471035957336426
49047,7.7,5.945821523666382
41057,11.4,9.467097759246826
16077,8.0,7.243947505950928
48419,7.9,7.451764106750488
06083,6.9,6.455715656280518
20131,9.8,8.30101728439331
06063,12.1,9.829090118408203
12105,8.5,7.055556297302246
12119,17.8,7.518365859985352
39159,8.0,7.022014856338501
45089,7.5,7.775631904602051
30097,11.3,9.909698009490967
18005,8.5,7.29419207572937
22101,8.0,7.248591184616089
16053,7.1,6.542635679244995
51091,13.5,10.327658653259277
06005,10.6,9.590071201324463
06013,7.0,6.575354814529419
12123,9.6,7.790571212768555
46071,8.0,6.426050662994385
45081,9.1,7.8785412311553955
56009,9.2,8.0460205078125
51610,8.2,6.836460113525391
13049,6.8,5.995698928833008
47097,7.5,6.803205490112305
06049,11.4,9.537097454071045
51079,9.1,7.707318067550659
45019,8.4,7.2319934368133545
01077,9.1,8.133630275726318
17109,8.3,7.371134996414185
41039,9.5,7.703371047973633
44007,7.2,6.8398051261901855
50009,11.5,9.571964263916016
21155,,7.60029411315918
54067,10.6,8.826851844787598
51181,9.2,8.440800666809082
56035,10.7,8.934349060058594
26021,10.0,8.406176567077637
12086,6.1,6.701617240905762
39031,9.8,8.218143463134766
13259,5.5,6.0891711711883545
41045,8.0,7.104230165481567
13317,8.8,8.466403007507324
33009,10.2,8.526089668273926
08069,8.5,6.984767436981201
39113,8.5,7.5818932056427
08077,9.6,7.973495006561279
13035,7.3,6.593824863433838
01101,6.6,6.522543430328369
51087,7.5,6.818789958953857
50001,9.8,8.503026962280273
46061,9.1,7.712439298629761
26035,11.1,9.010351181030273
47129,9.0,7.779248237609863
37157,9.1,8.2657470703125
39125,9.8,8.267518043518066
48461,6.5,6.813692331314087
48189,5.9,6.010677814483643
46045,11.3,8.90256404876709
55025,7.2,6.820037364959717
21087,,8.620255470275879
41053,9.0,7.769556760787964
45045,8.3,6.817312479019165
54043,9.8,8.41391658782959
51143,9.7,8.677119731903076
21015,,7.087724208831787
48167,7.3,6.637803077697754
53047,9.7,8.61307668685913
53005,8.3,6.824506998062134
56007,8.9,7.646487474441528
49017,10.6,8.64011001586914
30043,10.5,9.039435386657715
29037,9.3,7.909742116928101
48215,4.4,4.8634033203125
08109,10.2,8.779579639434814
48061,4.9,5.5348076820373535
39013,10.0,8.463040828704834
18133,8.6,7.718662738800049
22013,8.3,7.94873833656311
29065,10.2,8.681532859802246
35055,9.6,9.033900737762451
35017,9.8,9.343318462371826
51177,7.7,6.822998285293579
37131,9.4,8.80664348602295
48083,10.1,8.904460906982422
12021,13.3,7.393839359283447
49029,8.5,7.058883428573608
48355,6.1,6.220754861831665
55101,8.5,7.671499013900757
30073,10.0,8.359959125518799
39091,9.6,8.239541053771973
21043,,8.288016319274902
46103,9.4,7.64363169670105
36049,10.0,8.09816837310791
06095,6.9,6.523656368255615
23025,9.9,8.646191120147705
45057,9.6,8.274938106536865
51077,10.5,9.199981689453125
42077,,7.2684080600738525
47107,9.6,8.240440845489502
18061,9.6,8.301814556121826
08083,10.4,8.677013874053955
24029,11.0,9.782070636749268
36011,9.9,8.063388347625732
51141,11.1,9.455636501312256
05043,7.8,7.455900430679321
49051,8.5,6.492334365844727
13107,7.3,7.190231084823608
37057,9.0,7.684838056564331
47077,9.1,7.821415424346924
31177,9.8,8.003070592880249
51003,9.2,8.178063869476318
53049,12.2,10.170741081237793
24015,9.0,7.437622308731079
17131,10.0,8.896733283996582
22113,8.1,7.3298022747039795
18163,8.7,7.383037328720093
13093,7.7,7.523502826690674
48371,5.1,5.562721014022827
06001,5.9,6.027125597000122
41025,11.2,9.265658378601074
27155,11.0,9.503828525543213
18021,9.4,8.10305404663086
30053,11.7,10.088345527648926
42127,,9.099997520446777
30045,11.6,9.539859771728516
06037,5.7,5.848963499069214
24045,7.8,6.969191074371338
48143,7.0,6.461232662200928
48119,9.1,8.232438087463379
06079,8.9,7.843582630157471
30033,11.0,10.114206790924072
48175,9.3,8.606841564178467
42119,,7.767303943634033
34011,7.0,6.599780797958374
16085,10.9,9.82360029220581
12101,9.9,7.971970081329346
51049,9.1,8.291494369506836
51057,9.0,8.669651508331299
55095,10.0,8.699228286743164
56039,8.8,7.430584192276001
42089,,7.519549608230591
05101,11.1,9.69293212890625
36091,9.8,8.15905475616455
48423,7.6,7.022674322128296
22107,9.0,8.325775384902954
22005,7.1,6.527474880218506
36015,9.6,7.982489109039307
17049,9.4,8.135192155838013
47163,10.2,8.566156387329102
56011,10.7,9.091010093688965
27103,8.5,7.506223440170288
30013,9.2,7.8078014850616455
37179,7.6,6.28600549697876
24037,8.0,6.907925367355347
24039,7.5,6.6854753494262695
24041,12.3,9.824204921722412
12125,8.2,6.560373544692993
16029,9.0,7.6453752517700195
17135,9.5,8.287783145904541
45083,8.0,7.03357458114624
22051,7.8,7.242568492889404
36089,9.1,7.760138273239136
30029,10.0,8.271163940429688
21193,,7.79559850692749
26033,8.8,7.606937408447266
35057,8.4,8.266703367233276
21237,,8.350704193115234
31047,7.5,6.93135404586792
28125,7.3,7.111100912094116
46041,6.4,5.999539613723755
36045,8.0,6.805768966674805
08031,6.0,5.774803400039673
30001,9.8,8.753951072692871
37055,11.0,8.903398990631104
46055,11.7,9.286200523376465
38085,5.9,5.723448753356934
31169,10.8,9.46789264678955
06007,8.1,7.160558223724365
45029,8.6,7.845045804977417
41023,12.3,10.137480735778809
39133,8.7,7.45832633972168
54089,10.8,9.140250205993652
53027,10.0,8.508675575256348
18119,9.8,8.524650573730469
17025,9.9,8.453096389770508
42071,,7.780563592910767
51047,8.3,7.3597166538238525
40013,8.2,7.558023691177368
48185,7.8,7.432130575180054
06011,6.6,6.618639230728149
38067,10.6,9.497110366821289
51005,10.7,8.937469482421875
12005,9.1,7.984829902648926
54035,10.2,8.570581436157227
28091,8.2,7.703009605407715
37011,9.9,8.742818832397461
13169,8.1,7.7091286182403564
41055,11.3,9.317670345306396
23023,10.5,8.999808311462402
35015,6.6,6.634196043014526
23007,9.9,8.724841594696045
21183,,7.951568365097046
37153,7.9,7.2952961921691895
26159,9.7,8.02856969833374
17031,6.4,6.659290552139282
26049,9.1,7.530309200286865
40121,9.0,8.02077317237854
06067,6.6,6.1189656257629395
13185,6.2,5.7994544506073
23013,10.9,9.419966220855713
39017,8.2,7.080106973648071
50013,10.8,8.68602466583252
01023,9.1,8.37281322479248
53023,11.2,9.926844120025635
16073,8.2,7.861733675003052
28011,6.7,6.579791784286499
28037,8.9,8.076425552368164
21119,,8.183839321136475
38101,7.6,6.849580764770508
27007,8.4,7.438019275665283
40101,7.9,7.277221918106079
30005,8.4,7.4989564418792725
20085,9.4,8.243561744689941
20069,8.3,7.945432662963867
13103,7.3,6.316681385040283
22087,6.8,6.315993309020996
12095,6.4,6.224420785903931
21005,,7.429821729660034
36043,10.3,8.47974967956543
28081,7.8,6.893848180770874
06027,10.0,8.75249719619751
17067,10.8,9.077896118164062
04009,7.2,6.279096841812134
04012,14.4,9.504421710968018
48247,5.5,5.2102906703948975
17097,7.7,6.749688148498535
37199,10.9,9.612245559692383
38021,9.4,8.471924304962158
27167,9.6,8.209432125091553
26089,13.3,10.166995525360107
13063,4.5,5.194949626922607
30011,11.9,9.726049900054932
36103,8.6,7.325894117355347
49003,7.8,6.983861923217773
48293,8.4,7.962498903274536
48229,3.8,6.78830099105835
27163,8.8,7.24319863319397
42095,,8.113685607910156
34007,7.3,6.764223098754883
55047,10.2,8.973572254180908
29069,8.9,8.054237604141235
39105,10.0,8.389715194702148
04015,12.1,9.715505123138428
40067,9.3,8.363317489624023
29153,11.6,9.839608192443848
05117,10.0,9.040714740753174
10005,11.7,9.646639347076416
37035,8.9,7.62468147277832
48137,9.6,9.01290225982666
23031,10.5,8.517695426940918
48015,8.7,8.000868082046509
46027,6.4,5.888383150100708
54099,10.2,8.599586009979248
39167,10.4,8.57237958908081
51171,9.8,8.595351696014404
30077,9.1,8.320672035217285
48249,5.6,6.259456396102905
51149,6.0,6.417821168899536
05041,7.6,7.811858654022217
54081,9.7,8.1913743019104
04027,7.9,7.2059526443481445
20183,11.6,9.822490215301514
22015,7.5,6.614928483963013
21135,,8.194746494293213
21139,,8.724002361297607
21145,,8.21123456954956
21159,,7.28559422492981
06109,10.9,9.406888008117676
33003,12.5,9.511478424072266
36065,9.4,7.884624481201172
21105,,9.054916858673096
16037,11.8,10.232977390289307
05069,7.0,7.264659643173218
05083,9.6,8.324102401733398
51620,7.6,7.46192193031311
42009,,8.927181720733643
39087,9.5,8.177910804748535
33015,10.1,8.069133281707764
51191,10.7,8.982051372528076
48105,7.1,6.5978734493255615
37155,6.7,6.864802122116089
