county_fips,per_highCh,pred_outcome
17127,37.7,38.949771881103516
27017,31.7,35.17896842956543
37181,37.3,39.25149917602539
47079,42.6,42.409912109375
06021,34.9,36.23216438293457
17093,30.8,33.568058013916016
19095,35.0,36.674034118652344
22003,36.8,38.10958290100098
18055,37.4,39.31264877319336
33001,34.6,36.87756538391113
46065,34.5,35.70217323303223
55027,36.7,36.07756996154785
28125,38.9,37.865867614746094
18103,37.2,38.44815635681152
20189,37.3,38.327430725097656
47047,39.7,38.42678451538086
01017,39.5,40.39405632019043
18127,33.9,36.1194953918457
25011,35.2,35.15166473388672
30051,36.9,39.51433753967285
48273,34.2,35.298255920410156
12007,,39.48811721801758
17057,35.5,37.08392143249512
27065,34.0,38.23136329650879
20067,35.5,35.60515785217285
46035,36.5,37.37611389160156
48011,39.4,39.9488468170166
51740,33.7,36.57474708557129
31147,37.2,41.60262489318848
26037,34.3,35.416019439697266
27159,35.2,38.41679000854492
48171,41.1,42.86802673339844
13137,37.9,39.231224060058594
19155,35.1,37.83240509033203
25019,33.6,33.57730770111084
27027,29.2,31.187840461730957
31177,37.4,34.837467193603516
47165,36.3,37.018136978149414
20031,38.4,39.32035255432129
21211,34.8,36.30860900878906
28111,37.7,40.29700469970703
17053,34.1,35.881229400634766
40127,40.2,42.735374450683594
40105,39.5,39.33289337158203
48209,33.7,32.88641929626465
55063,31.3,34.23211097717285
29039,41.3,42.894596099853516
19189,35.6,35.290348052978516
48369,37.8,37.9256477355957
48329,33.0,35.26351547241211
17201,32.8,36.45277786254883
26151,38.3,40.99130439758301
31127,33.4,37.44132423400879
40059,39.2,39.79014587402344
13123,43.3,42.73020553588867
18005,33.9,35.47774124145508
18131,39.1,39.12912940979004
26107,35.5,37.184091567993164
28145,36.6,39.529001235961914
36093,33.2,35.78891372680664
48189,36.0,38.15915107727051
54041,41.7,40.5014533996582
13201,40.8,42.2717170715332
40099,39.0,39.24192237854004
36051,31.2,35.19351005554199
28129,38.7,39.91989517211914
01089,35.1,35.61050987243652
18163,35.6,36.56129455566406
26053,39.9,40.370750427246094
37157,39.0,40.85834884643555
51520,39.6,40.36235237121582
12117,,38.592491149902344
18045,37.7,39.03447151184082
21167,38.2,37.63198471069336
28019,40.4,39.650882720947266
29059,40.6,41.41387176513672
48395,39.6,40.67936134338379
48221,40.1,41.30277633666992
56005,29.7,32.02198505401611
31093,35.2,38.183034896850586
36037,35.1,36.14180374145508
38037,36.3,40.208988189697266
47169,34.0,37.11942672729492
49053,35.4,37.6778507232666
01075,40.1,42.209083557128906
24047,40.8,40.744022369384766
40053,39.3,40.56523895263672
46033,41.0,41.35139083862305
08001,26.4,32.23475742340088
13003,38.4,39.38313865661621
18145,36.8,37.429039001464844
19141,35.9,37.29452705383301
27161,32.5,35.737138748168945
29063,35.9,36.44442176818848
48437,37.8,39.77028274536133
53063,33.8,33.20439910888672
13023,37.7,37.99818229675293
29123,38.4,39.285743713378906
19063,37.1,38.13930702209473
38073,36.3,36.829105377197266
48315,42.8,43.38978576660156
01061,41.3,41.150381088256836
19159,37.6,39.37332344055176
27091,34.5,38.16246223449707
31045,32.9,35.30837631225586
36009,38.3,37.47292518615723
05011,39.5,39.92935562133789
13113,39.6,37.96873664855957
19081,37.8,37.50151824951172
27039,30.5,33.57582664489746
46069,36.0,39.37628173828125
48063,39.2,39.00031089782715
48335,35.2,37.46561622619629
05059,39.1,39.42686462402344
31157,32.6,36.99866485595703
37137,42.4,42.37239456176758
20065,43.1,42.55219841003418
48045,42.6,43.704694747924805
08023,37.9,40.42009353637695
22067,40.6,40.290666580200195
37175,41.1,42.35342597961426
39153,35.7,36.0181999206543
04013,33.3,34.90573692321777
17165,36.1,37.82322692871094
26025,36.2,37.755483627319336
18113,37.1,36.97226142883301
35051,42.5,40.14385223388672
48373,39.8,40.79842948913574
01033,38.7,39.37657165527344
19115,36.3,37.03149223327637
26065,32.2,32.751991271972656
39171,35.7,38.32295036315918
27025,31.0,32.95129585266113
56011,35.2,36.73296356201172
48103,35.4,37.284793853759766
33019,33.9,36.59243202209473
42117,37.0,39.216007232666016
42119,32.6,35.9405632019043
48069,37.4,38.59657287597656
21063,40.6,42.824039459228516
35003,44.3,42.63931465148926
22081,40.2,40.44119644165039
17117,35.5,37.21059226989746
47069,38.7,39.83717918395996
24025,35.4,35.59359169006348
31117,37.9,40.01113510131836
51595,39.8,39.46421432495117
19109,37.6,37.51771545410156
46021,39.5,37.49755096435547
19099,36.2,36.518808364868164
19117,37.4,38.654457092285156
55015,36.0,34.12002182006836
18091,37.3,37.383588790893555
19193,37.4,33.96935844421387
26067,33.7,35.971012115478516
48123,40.2,40.012460708618164
37037,38.0,40.040157318115234
48325,36.4,38.29606056213379
21165,40.7,44.23647117614746
55055,34.0,35.7467041015625
26117,37.0,38.19664764404297
26123,36.5,39.00972366333008
26149,36.0,37.986900329589844
48079,39.3,40.42338180541992
26023,39.7,38.52836799621582
37147,32.2,35.10059356689453
37151,37.4,38.85406303405762
20011,37.7,38.81492042541504
48075,34.8,36.94975280761719
48105,38.3,39.56422996520996
37069,36.2,39.47632598876953
20115,40.7,39.891788482666016
17061,35.9,37.874563217163086
48131,38.6,39.052860260009766
21025,40.8,41.10360336303711
46125,37.5,37.121652603149414
47005,43.3,43.55217933654785
45011,37.8,40.33317184448242
48013,36.8,38.47634506225586
48017,36.6,36.986005783081055
42021,37.6,38.568613052368164
47067,42.8,43.59104347229004
47073,41.3,41.81086730957031
45039,40.4,41.01799201965332
51760,31.6,31.79721164703369
27079,33.3,35.15664863586426
48255,35.6,37.31161880493164
31003,38.5,39.42577934265137
29007,38.4,38.55381202697754
48035,41.1,43.06256294250488
48047,39.5,41.03310585021973
55107,40.9,41.075618743896484
51065,38.4,39.76496124267578
55131,36.1,36.635684967041016
27103,31.1,32.351057052612305
27117,34.4,37.32263946533203
27129,34.5,37.42870330810547
51111,40.3,42.222368240356445
51115,42.5,44.688209533691406
01057,41.1,40.72011375427246
42055,35.5,38.25000190734863
28049,34.0,35.605093002319336
18095,37.8,37.777889251708984
48177,38.9,39.15175437927246
16067,34.0,36.90958023071289
42085,34.3,37.64424133300781
29113,36.0,36.49065399169922
26093,36.8,34.8748664855957
26143,43.5,43.864315032958984
36005,32.3,34.076913833618164
39021,36.6,37.87889289855957
26161,28.4,32.03968143463135
31135,35.7,40.43989372253418
27151,34.1,37.56313896179199
38063,35.4,39.28585624694824
35047,37.3,36.842864990234375
29181,41.4,42.85531234741211
20173,37.2,34.78188896179199
13001,39.6,40.97258949279785
19021,38.7,34.02475547790527
17137,35.5,36.32596206665039
29229,40.2,41.72975730895996
17075,36.0,38.25313758850098
48271,39.7,40.046504974365234
17095,36.0,38.00519561767578
20041,35.5,39.07851791381836
13237,42.6,42.09514236450195
13165,37.5,42.35787010192871
48507,39.0,38.77231788635254
39041,33.2,33.84251022338867
13255,37.4,38.86941146850586
13005,40.1,40.43058776855469
16003,38.2,38.939165115356445
48413,38.4,42.14756202697754
29147,34.3,34.985158920288086
31001,34.6,36.32661437988281
31005,35.2,39.51068305969238
48279,38.7,40.815975189208984
48275,39.9,40.8956298828125
48345,42.4,43.342063903808594
29115,38.6,39.85314178466797
13085,38.8,38.55387306213379
05037,38.6,38.88667869567871
55113,38.4,39.666412353515625
55129,41.0,39.75779724121094
42019,33.6,34.3538932800293
36013,37.2,36.200965881347656
29079,39.2,40.21720314025879
48281,38.6,39.84684181213379
48057,38.5,39.22552299499512
16065,21.8,28.30073833465576
19069,35.9,37.365516662597656
16007,34.3,36.684003829956055
19079,35.8,35.75918006896973
01101,34.9,36.13816833496094
13043,39.9,40.05743408203125
13051,36.7,36.84486770629883
19137,37.3,37.62809753417969
48385,44.7,45.99091911315918
08115,37.5,38.83482360839844
19161,37.1,38.016544342041016
48399,39.5,39.92327117919922
13119,39.4,40.99765586853027
12049,,40.29085159301758
13147,41.1,41.36370658874512
39033,37.6,38.77127456665039
13199,39.8,41.96982192993164
34033,36.5,36.77983474731445
38083,38.2,39.73673439025879
05063,38.6,39.15114784240723
31043,34.4,35.36223030090332
51590,40.4,40.50851058959961
51640,39.5,41.195390701293945
51660,31.3,32.323923110961914
18049,36.7,39.058746337890625
39105,39.1,42.08532905578613
54045,43.1,42.931148529052734
54013,44.9,45.57016372680664
28053,38.2,39.12932586669922
29025,36.6,40.37845993041992
37133,28.2,32.011749267578125
54091,41.7,40.07906913757324
12121,,41.93041801452637
53045,35.7,38.507070541381836
50003,34.3,36.42725944519043
54093,42.4,41.30617141723633
32027,35.0,37.314321517944336
32510,36.4,36.48718070983887
19131,36.8,37.1185417175293
13229,40.5,40.813127517700195
37061,39.9,40.02775001525879
37127,36.3,38.7220458984375
13211,37.2,39.90953063964844
18035,35.4,37.39300346374512
20185,40.5,40.69155502319336
26035,40.0,43.004638671875
08017,34.7,38.58059310913086
26007,38.5,40.212799072265625
26011,40.2,41.32342338562012
20051,33.2,33.69809532165527
20165,42.5,40.75641632080078
26157,37.1,39.49518394470215
18009,38.4,39.5255012512207
46101,35.3,37.35017204284668
01071,40.7,41.40639877319336
18011,33.4,34.14919853210449
18133,36.3,36.80682563781738
18159,37.0,37.820722579956055
40021,35.3,38.160654067993164
46029,33.3,35.59160041809082
27087,32.7,37.90920829772949
20171,39.3,36.43474006652832
55025,30.4,32.20519542694092
13197,42.1,41.873313903808594
26095,40.7,39.20066452026367
29013,39.2,40.73667526245117
55121,37.4,37.87015914916992
51650,35.3,36.72700500488281
48301,33.5,42.83976364135742
40015,36.3,38.26527214050293
08019,33.1,35.25019836425781
08027,38.7,40.52490043640137
08005,31.1,31.950056076049805
48431,35.7,38.4117488861084
48485,36.2,35.62652778625488
48261,41.5,42.83339500427246
48263,40.5,40.52836036682129
48259,38.0,38.83150291442871
37113,41.3,43.960838317871094
40049,38.6,39.979530334472656
48449,38.0,37.37055587768555
31067,38.7,38.36514663696289
40109,38.0,36.54020309448242
36001,32.9,34.31327438354492
40005,37.3,39.88907432556152
40019,37.4,39.18544578552246
48287,39.7,39.862552642822266
51079,39.2,37.9703254699707
28061,38.1,39.910579681396484
28085,36.0,39.054731369018555
28041,35.5,37.64260673522949
54109,43.9,44.48306655883789
38023,37.7,39.420034408569336
21153,41.8,42.69562530517578
48375,38.1,37.56356239318848
13053,24.4,29.980652809143066
19053,35.6,38.4248161315918
31095,38.2,40.00885581970215
51179,35.3,34.480262756347656
37117,39.3,41.734304428100586
22007,40.6,39.8197135925293
31167,35.1,36.52992820739746
29141,41.3,43.519081115722656
48401,36.7,38.29082107543945
04003,36.9,37.36109161376953
29137,40.2,40.38586616516113
21213,36.7,37.94924736022949
05121,39.2,40.78011131286621
28003,36.4,40.03939247131348
48421,37.7,38.30983924865723
18179,35.3,37.55849075317383
18125,37.6,38.35494041442871
26165,36.3,39.277931213378906
31183,38.8,40.31101036071777
48475,36.9,36.109718322753906
51840,36.8,35.735591888427734
35028,32.6,34.637495040893555
18061,35.8,37.94316291809082
27009,28.1,33.92841911315918
31137,38.3,36.7725830078125
40111,36.5,39.11782455444336
05061,37.7,39.750709533691406
31163,37.5,41.11606979370117
19005,38.5,39.42904090881348
13143,37.6,38.89361000061035
24015,37.2,35.06898880004883
31105,38.3,41.4455680847168
05019,32.4,36.8730354309082
13177,34.9,35.47045135498047
18183,35.1,38.35985565185547
28037,39.8,40.76759910583496
46107,37.5,40.01947593688965
48493,37.3,38.20488166809082
51600,35.8,35.290571212768555
28091,36.8,40.001020431518555
05111,39.6,40.64433479309082
12091,,39.593021392822266
13007,42.6,43.08998107910156
40119,30.9,33.70149612426758
48087,39.8,40.91875076293945
48099,30.1,34.8591423034668
17037,30.2,31.974321365356445
48149,41.7,41.5187873840332
42015,36.4,38.73881912231445
46061,35.4,35.94453048706055
46073,38.8,39.82128715515137
47101,40.7,42.626312255859375
51049,41.0,41.39411163330078
48307,40.8,40.54385185241699
20071,38.2,37.79594802856445
38013,36.1,36.83465003967285
47171,41.9,42.13921356201172
12119,,39.57973289489746
19147,36.9,37.379159927368164
27041,32.9,37.34570121765137
20055,33.1,35.01261520385742
48467,40.5,40.864152908325195
51820,38.1,38.12983512878418
29175,37.1,36.22381782531738
18105,29.6,31.71573543548584
19107,36.3,38.51200294494629
28127,37.7,39.33222198486328
12005,,40.68573188781738
34023,36.2,36.89905548095703
01013,39.8,41.36211013793945
18081,34.7,36.845863342285156
29055,39.5,40.394418716430664
40073,36.3,38.29035186767578
48225,39.9,40.53072929382324
17045,37.3,37.456748962402344
51117,41.9,41.29579162597656
05133,36.5,37.45850372314453
26163,35.0,36.50263595581055
48071,34.2,33.51826095581055
05083,39.3,39.97233200073242
20081,36.4,38.72833442687988
17155,36.9,37.48581123352051
42113,40.2,39.3277473449707
48251,35.8,37.0383415222168
42013,34.6,36.963876724243164
46089,39.3,40.376970291137695
13191,42.9,42.152334213256836
20005,37.2,37.25491714477539
46027,27.6,31.519705772399902
48205,35.4,37.64546203613281
08035,30.8,32.03328514099121
19025,36.3,38.13142776489258
31069,39.8,40.72810745239258
20157,41.6,40.800479888916016
55087,34.0,34.111793518066406
31081,36.6,37.696529388427734
18137,37.4,37.717607498168945
13285,37.4,37.08670425415039
21191,38.0,37.328399658203125
46007,32.1,33.862117767333984
31153,33.0,32.64642524719238
35031,29.8,35.89274978637695
17151,40.3,40.16260528564453
17177,36.2,38.04587745666504
18085,33.3,37.58043670654297
21175,36.4,39.64128303527832
37125,35.4,39.651105880737305
37159,37.0,37.93646240234375
13157,35.1,37.50139617919922
51007,41.1,39.39722442626953
39103,33.7,35.807851791381836
13283,39.3,41.959930419921875
27145,31.8,32.7039852142334
13209,38.8,39.99470901489258
41071,31.3,34.76130676269531
39125,36.6,37.8306884765625
20141,41.7,41.044288635253906
17089,34.2,34.23699951171875
19031,36.3,36.90275764465332
20027,41.2,38.16733360290527
55001,42.8,40.35482597351074
20179,40.9,39.83479690551758
51830,31.7,33.834651947021484
40011,39.0,38.013784408569336
48151,40.5,41.84614944458008
48253,35.2,37.84588623046875
48173,36.6,36.14223289489746
40001,37.0,38.57233428955078
48231,38.2,37.63799858093262
48471,34.2,34.66367530822754
40147,37.7,38.696937561035156
55137,41.2,40.874046325683594
08003,31.1,33.56099891662598
13253,41.9,42.51482391357422
01133,40.5,41.755300521850586
48219,36.7,38.09086036682129
31129,38.3,41.93879508972168
13081,39.7,40.57791519165039
31047,34.0,36.12072944641113
06091,40.4,39.698734283447266
28075,36.3,38.71042442321777
47085,39.1,40.58930778503418
51800,36.7,36.806556701660156
29199,38.8,39.3875617980957
48235,39.6,40.92022514343262
17129,34.7,36.526222229003906
13045,35.8,35.53634262084961
19181,33.7,34.695194244384766
17199,35.0,35.56479263305664
13171,36.8,38.74753761291504
51510,31.9,34.313676834106445
31053,37.8,37.64336013793945
05097,43.0,43.94832801818848
19001,36.5,38.89970779418945
29129,41.3,40.40017318725586
31099,35.7,37.38937187194824
28051,36.7,37.82917404174805
51580,39.9,40.07462501525879
13173,37.9,37.65785789489746
13075,39.3,39.37948226928711
47051,39.0,40.7470760345459
48181,37.1,38.72932815551758
55133,37.6,35.3239631652832
29053,36.1,38.083396911621094
51159,38.0,39.579139709472656
17077,32.0,32.309165954589844
29125,38.7,41.59530830383301
22111,39.7,40.252506256103516
31119,36.9,35.78285789489746
26073,29.7,33.29336929321289
39075,34.9,38.56602478027344
20191,37.0,38.82587242126465
19033,37.6,36.4279727935791
20079,38.0,39.450279235839844
40047,34.4,37.93895149230957
25003,35.4,37.56044006347656
27107,33.8,38.33509826660156
31169,38.2,39.952138900756836
37021,36.2,37.12740135192871
12055,,39.67658805847168
48081,41.8,42.9733772277832
31145,35.2,37.72598457336426
37169,39.7,41.45894813537598
54019,41.9,40.99666213989258
37145,38.9,40.076332092285156
39063,33.7,36.215755462646484
22093,38.8,39.09577751159668
46003,35.8,37.811662673950195
20131,37.2,38.634782791137695
48199,39.6,39.605064392089844
27011,36.3,38.915550231933594
20083,39.5,39.12003135681152
31097,35.9,38.91067886352539
16021,36.3,38.62265396118164
27023,34.6,37.57155799865723
47137,43.8,43.48926544189453
48153,38.7,40.0078125
47147,36.1,37.547773361206055
56031,36.4,40.00387191772461
51103,46.0,44.62275505065918
29077,33.2,36.58216094970703
39007,38.6,38.27950668334961
37197,39.0,40.8225154876709
08063,33.7,36.854230880737305
40097,37.3,39.491891860961914
39093,35.6,36.15543174743652
08075,31.5,36.62226104736328
20193,34.2,36.39955711364746
51685,33.4,35.10341835021973
39111,38.8,42.49861717224121
13047,38.6,38.16602897644043
12019,,38.08420944213867
17187,33.9,35.91497802734375
18003,33.6,35.399993896484375
48267,43.4,41.61594200134277
48389,35.9,37.40790557861328
40029,39.5,41.22154998779297
47055,40.6,41.18548011779785
28005,41.4,42.53084945678711
48359,37.1,36.34384536743164
45087,39.8,41.43226432800293
26055,32.9,37.16404342651367
47033,39.2,39.556230545043945
21083,39.2,38.453033447265625
55065,36.3,38.01089859008789
55099,40.9,40.709463119506836
17005,34.1,35.817527770996094
18101,38.2,38.47617721557617
08047,33.2,35.08288764953613
26027,36.7,38.557865142822266
28137,34.3,38.59588050842285
20029,37.6,38.770429611206055
21197,37.0,37.973154067993164
19177,37.7,40.71819496154785
28163,36.1,36.14641189575195
48425,38.9,38.97333526611328
20125,38.4,38.89207458496094
30107,35.0,40.281494140625
55017,37.9,35.69574165344238
06005,38.2,40.23564529418945
48341,36.0,35.88356971740723
47003,36.9,38.32185173034668
18107,36.9,36.509002685546875
13261,37.0,38.12137985229492
29185,39.2,43.94606399536133
28039,36.0,38.377790451049805
55105,32.8,35.809085845947266
21215,37.2,35.59532165527344
39003,35.8,37.4034309387207
20129,41.3,40.159358978271484
28031,37.9,39.372087478637695
39107,36.1,36.36010932922363
27131,28.7,34.79630088806152
48283,33.5,39.488006591796875
20045,32.3,31.06217384338379
48393,38.8,38.14101600646973
13189,38.0,38.93632507324219
29075,39.8,40.522884368896484
47071,43.2,42.270774841308594
31037,34.2,34.72042465209961
47159,38.9,38.82085990905762
05053,38.1,38.785274505615234
16075,36.8,36.419198989868164
17103,34.9,35.89215087890625
46071,37.5,34.56808662414551
47059,39.9,42.19700241088867
27099,30.4,35.13984680175781
31013,35.5,36.32689094543457
48139,35.0,36.996307373046875
08079,36.2,37.684505462646484
40043,39.0,40.107418060302734
48297,39.1,41.7520637512207
13309,36.2,37.58449172973633
19101,36.2,36.1162109375
08125,33.6,37.26649856567383
29217,38.7,40.605825424194336
50013,31.8,35.47659492492676
17171,35.8,37.94758987426758
26135,42.6,43.21295738220215
20123,38.7,39.09138107299805
45063,36.2,36.91235542297363
48357,36.2,37.07489776611328
13187,37.6,36.78704643249512
31185,34.5,38.349796295166016
27147,32.5,33.31593894958496
18171,38.1,38.2753963470459
48303,35.2,34.559499740600586
20137,37.0,38.27324867248535
48371,36.2,37.17009735107422
51135,38.6,38.760868072509766
13057,38.1,35.5907039642334
37025,34.5,34.583595275878906
31057,39.9,39.09488105773926
19165,36.8,37.88252830505371
29510,31.6,33.15406036376953
20139,40.1,39.942447662353516
20003,40.8,40.18670654296875
39159,30.2,34.20969772338867
31085,39.7,39.44959831237793
21071,41.2,42.25315284729004
13297,37.7,37.07232666015625
46017,31.8,33.03532028198242
19065,37.0,39.30079460144043
39047,35.5,38.48291015625
37081,32.5,35.07795524597168
54085,42.5,43.25878715515137
13299,40.6,38.99326705932617
26001,43.6,42.31648063659668
37033,38.7,40.64929389953613
48007,42.4,42.78400993347168
41055,35.3,39.61512565612793
05105,39.0,39.68489074707031
08089,34.5,38.50543785095215
13097,35.2,35.37366485595703
40125,36.2,37.87128448486328
28035,32.5,35.229984283447266
37071,36.8,38.35151481628418
08087,31.3,35.61663818359375
42123,36.2,39.05534362792969
48143,34.6,35.87475395202637
17157,35.5,36.79002571105957
27073,34.9,39.15228080749512
48111,36.8,36.92999458312988
21163,35.7,37.1142692565918
51139,40.2,40.13510513305664
51125,42.7,41.873619079589844
31075,37.7,38.14908981323242
48175,40.3,41.162038803100586
40081,39.7,39.917375564575195
13301,41.2,42.219017028808594
28161,36.9,40.74394989013672
17059,37.1,41.380916595458984
08103,33.0,35.618038177490234
28079,36.7,38.2681884765625
18023,35.7,37.00459289550781
27085,32.8,35.454280853271484
19027,36.1,36.09601020812988
21121,40.6,41.082096099853516
13055,40.1,40.329111099243164
18029,35.6,36.70239067077637
22123,40.2,40.78919219970703
34041,38.0,36.80565071105957
36007,35.4,33.88791465759277
38077,32.3,35.34366989135742
38005,34.0,34.796180725097656
08109,37.0,39.729318618774414
13235,39.8,41.710771560668945
18117,37.6,40.26277732849121
19197,36.3,35.86773872375488
20087,39.3,38.238882064819336
21001,38.8,39.380027770996094
27149,31.2,33.237897872924805
28101,36.4,39.18321418762207
26057,33.7,36.5828914642334
31101,37.8,39.573171615600586
21019,38.3,40.44170379638672
39137,36.2,37.23963928222656
45041,35.5,37.115535736083984
48407,41.1,42.22085189819336
54049,36.4,37.19138145446777
53051,37.4,39.536285400390625
31133,39.5,41.78715133666992
19163,34.5,34.77691078186035
21079,38.6,38.81174850463867
13265,42.8,42.920921325683594
48211,36.9,37.86026954650879
27089,34.7,35.988847732543945
51121,30.6,30.54113483428955
16081,29.9,33.120588302612305
17013,36.9,38.3484001159668
20035,38.3,38.31110954284668
23023,40.0,36.31296348571777
28047,36.1,37.66854476928711
28139,36.6,38.58338737487793
51113,40.8,41.96237373352051
51107,36.2,34.68898391723633
56009,32.4,35.97361946105957
21017,37.5,37.81437301635742
21007,39.6,40.43653678894043
18059,35.2,35.604719161987305
13213,38.7,39.2770938873291
39011,34.3,37.709346771240234
28025,37.4,38.56401252746582
18093,36.9,38.077322006225586
20057,35.6,35.02560997009277
21209,35.1,33.794158935546875
22059,36.4,38.45082473754883
28089,35.6,35.21396446228027
31077,37.7,38.82830238342285
36053,36.1,35.77008819580078
21139,40.8,39.864288330078125
40055,37.4,39.13849639892578
46055,36.9,39.367746353149414
48293,39.6,40.22726058959961
51775,40.0,38.198930740356445
50007,26.7,32.54479503631592
55125,41.2,40.376298904418945
31181,35.5,40.10795974731445
31011,38.2,38.47975158691406
32009,42.3,41.22317886352539
20161,26.6,29.94380760192871
13271,39.0,39.63903999328613
48331,39.8,40.00189971923828
51155,40.6,39.38760757446289
16031,31.4,34.709877014160156
17033,35.0,36.554975509643555
49007,38.0,36.0148811340332
08113,31.6,32.738216400146484
13149,39.3,40.86331748962402
18077,35.8,37.594064712524414
20199,39.0,38.57890319824219
26031,40.2,41.73124122619629
28141,39.0,41.748939514160156
29031,31.4,35.859771728515625
36117,36.7,36.10822868347168
40071,39.9,38.657169342041016
39015,36.3,39.509700775146484
54095,42.9,40.81942367553711
01109,33.6,36.35121536254883
05001,36.6,39.072580337524414
08015,35.6,37.278446197509766
37051,32.4,33.08755874633789
34031,35.1,35.0335578918457
17189,35.8,36.45803642272949
18069,37.3,37.448707580566406
26039,39.6,41.55978012084961
27001,38.7,42.40577507019043
31151,34.6,37.08630561828613
20101,40.9,39.55563163757324
46095,35.0,36.39851379394531
47187,33.6,34.135093688964844
51143,41.3,42.05345153808594
51187,38.4,36.90008354187012
13009,35.8,36.1524658203125
29163,36.6,38.43354034423828
36057,34.8,36.85647010803223
37101,33.4,35.576032638549805
20069,36.0,37.44182777404785
39091,36.9,37.76649284362793
56021,30.5,33.00548553466797
21091,37.4,38.32570457458496
27157,33.4,36.83112335205078
27163,32.1,33.24022960662842
30011,36.8,40.14889717102051
36011,36.6,36.01654624938965
45083,38.4,37.32434844970703
39087,35.3,39.48958969116211
55037,41.5,41.60847282409668
13091,39.7,40.12059211730957
17167,33.3,34.01270866394043
19077,36.8,37.462568283081055
21217,36.9,37.7628173828125
22039,39.2,39.159889221191406
31035,37.1,39.65885353088379
35019,35.5,36.606821060180664
51710,30.6,32.44379711151123
48459,38.3,39.73380088806152
48441,33.7,37.00892639160156
53001,31.6,34.49510955810547
53043,35.6,37.48052406311035
55013,41.0,40.12248420715332
56015,35.3,37.22249984741211
53015,35.0,35.918630599975586
17139,35.3,37.64299201965332
35059,36.7,40.31306838989258
37129,36.8,35.186214447021484
13011,39.5,38.24317741394043
54059,44.1,42.53474426269531
48355,35.8,37.28752326965332
05081,39.2,38.89313888549805
19173,36.2,39.68142509460449
20187,38.8,39.58686447143555
24013,36.8,35.772823333740234
28109,36.6,39.86904525756836
29197,40.1,39.84136772155762
30041,29.5,32.71927833557129
12123,,39.77578926086426
37095,38.1,41.29118537902832
01055,39.1,39.37674331665039
05141,43.3,44.07373237609863
08101,34.0,36.92465019226074
18065,34.7,37.48452949523926
21169,39.2,40.86442184448242
24510,32.0,33.35692596435547
23019,39.4,36.63474655151367
28043,37.9,38.74917030334473
28107,36.2,38.390573501586914
37027,39.8,39.7360725402832
47023,37.8,39.71642875671387
48091,38.3,37.036476135253906
51145,39.0,37.28300094604492
40057,40.4,40.870046615600586
42105,38.4,39.90882873535156
05149,38.2,39.16183853149414
05137,42.3,43.82681846618652
34013,34.3,33.54865264892578
18031,35.6,37.1424503326416
20047,40.4,40.52572822570801
27005,33.9,37.05066680908203
29219,36.6,37.990360260009766
29223,41.6,44.48164176940918
18129,35.4,36.99678611755371
19185,37.4,40.78720664978027
24005,34.4,35.603981018066406
27045,34.6,39.101972579956055
30057,34.2,38.20329475402832
47115,40.5,41.13229942321777
56033,33.5,35.73044776916504
06103,37.2,36.85687065124512
12111,,36.66071891784668
13223,34.5,34.675153732299805
20169,39.2,36.60347366333008
20203,39.4,39.948543548583984
21187,39.1,40.35543251037598
30101,33.3,34.343048095703125
31089,36.7,38.39501762390137
40153,37.3,36.863319396972656
47037,30.9,34.52265739440918
48187,34.7,37.055110931396484
51157,41.4,41.72518730163574
54083,39.3,41.5163631439209
53073,32.3,32.82967567443848
29085,43.6,45.54213905334473
41031,32.3,37.19194221496582
48179,38.0,38.8335018157959
49033,34.9,37.37445068359375
49001,33.3,35.602500915527344
51735,37.2,36.444305419921875
55073,36.3,34.71027183532715
28099,36.5,39.153635025024414
35006,31.9,36.538835525512695
08021,35.3,37.99764823913574
20113,37.9,37.49293518066406
27119,35.6,34.852006912231445
38075,36.7,36.304155349731445
46137,31.4,33.40285110473633
47121,40.8,42.14194297790527
51610,35.8,34.735843658447266
01023,41.7,42.02339553833008
08095,36.6,35.44046401977539
35023,36.4,38.862131118774414
01111,39.1,41.68962097167969
12009,,35.9330997467041
13181,42.1,42.446420669555664
20119,39.5,38.01667404174805
21147,40.1,39.93048667907715
28059,38.7,37.64178657531738
40025,39.9,41.000404357910156
38103,38.8,38.37067985534668
21051,39.7,40.03939437866211
37007,38.2,38.72032928466797
19007,38.2,39.63629341125488
21205,33.6,36.791067123413086
22017,39.9,37.597734451293945
21065,40.2,42.14099884033203
16045,34.6,37.14273452758789
19187,33.8,35.697750091552734
13259,33.9,37.48986625671387
13245,34.1,36.629228591918945
21085,40.9,40.15433883666992
31015,40.3,40.99124526977539
04023,35.3,36.22175598144531
10005,41.4,41.16544151306152
16041,32.1,35.4907112121582
20033,39.7,41.22671318054199
23027,37.6,40.40621566772461
26019,38.6,40.779794692993164
36047,34.7,32.53566360473633
41009,32.1,35.41873550415039
01031,34.7,38.15580368041992
48141,33.6,36.87030220031738
56045,34.0,38.09272003173828
01073,35.4,36.211875915527344
06085,33.3,33.87796211242676
16013,31.7,34.59757041931152
37059,39.0,39.87259101867676
21201,41.9,41.74816703796387
27143,31.8,36.61874008178711
31041,37.7,38.67814064025879
28083,37.3,37.20079231262207
35001,34.7,33.76928520202637
39059,37.6,40.22284507751465
42121,36.6,38.09702110290527
47179,36.1,36.21905326843262
55085,40.9,38.809173583984375
51045,41.7,40.19036293029785
51033,36.8,38.127071380615234
53067,33.5,34.1119384765625
42107,36.1,38.07085037231445
19153,33.7,33.04098701477051
26085,40.8,42.59010887145996
37017,39.0,41.53009605407715
12023,,40.83103561401367
13103,33.5,35.49429130554199
21231,40.5,42.54995536804199
21069,37.7,39.950387954711914
47095,37.6,38.71402549743652
47153,42.5,42.004159927368164
47053,38.9,39.51573181152344
19045,35.8,36.82161331176758
48119,39.4,39.381113052368164
48129,39.2,41.528947830200195
48239,39.0,39.30253219604492
26109,41.0,40.051687240600586
38069,33.6,37.41796112060547
30075,36.9,37.474138259887695
13321,40.1,41.54819679260254
42071,35.1,37.21830749511719
29069,40.0,40.939565658569336
01051,35.2,38.36130142211914
13319,40.6,41.41845893859863
05123,37.5,39.64248085021973
13025,40.4,40.68301582336426
19029,36.6,38.6798038482666
27047,36.3,37.410099029541016
27141,29.3,32.1297664642334
06059,35.0,34.31203842163086
13251,39.8,40.06745147705078
13083,39.7,39.544761657714844
26121,37.2,36.929534912109375
39079,38.1,39.23110389709473
48117,36.3,36.38137435913086
48433,41.6,40.61808967590332
36065,36.2,35.88840293884277
37043,43.2,43.286041259765625
36041,39.7,39.282033920288086
36033,35.9,37.145402908325195
51031,41.6,39.08458137512207
40095,39.4,41.2283992767334
40079,39.3,39.26804542541504
45007,36.4,38.22730255126953
46057,35.0,35.21021270751953
45037,36.6,38.06964111328125
56023,35.1,36.07581329345703
41003,28.3,32.15735721588135
21151,34.0,34.31452941894531
42131,36.9,37.84402656555176
17191,36.4,39.499563217163086
51191,43.4,41.082048416137695
38043,37.9,39.060516357421875
54011,36.0,39.11067581176758
54073,40.0,37.06860160827637
49029,31.8,32.725685119628906
27057,38.2,40.402658462524414
17007,33.6,35.74970245361328
18057,32.3,33.1668643951416
48403,44.9,43.443843841552734
05117,40.1,42.10075378417969
08041,30.9,32.75144004821777
17091,34.5,36.14426040649414
21045,39.9,42.64793586730957
32029,41.9,39.157270431518555
39143,36.0,37.128665924072266
47117,37.2,38.05344009399414
48213,40.7,40.98006057739258
34037,36.2,36.741798400878906
05041,37.9,41.06021499633789
12073,,37.8438835144043
12113,,38.36667251586914
53061,34.0,34.23557090759277
39145,38.8,39.47760200500488
18015,36.8,38.71879196166992
29151,36.0,35.922977447509766
29011,39.3,41.460506439208984
35029,38.5,37.40618324279785
35041,32.2,34.180776596069336
12061,,36.48069763183594
48503,38.9,40.34238815307617
39081,36.9,38.766042709350586
31155,32.7,35.25104904174805
06057,39.0,38.320919036865234
29015,45.4,44.324134826660156
08031,28.9,29.25893783569336
29133,38.6,39.4127197265625
31031,36.7,36.90940475463867
26009,40.6,40.87152099609375
28095,37.7,39.498273849487305
29221,40.1,40.0455379486084
18079,35.9,37.39268684387207
12089,,39.9123477935791
55049,36.2,35.96273994445801
51101,37.7,37.86075401306152
12099,,40.12831687927246
31109,32.6,31.85213565826416
28155,37.5,39.27958106994629
51540,32.2,30.76554584503174
13127,37.1,38.67279624938965
01121,39.5,39.24013137817383
21155,37.7,39.89489936828613
51075,38.7,40.450056076049805
53011,31.3,34.960514068603516
56013,34.7,36.69232749938965
18173,35.1,36.129878997802734
20153,41.4,41.66407585144043
19129,36.6,36.426673889160156
13161,38.7,39.26910400390625
48197,39.3,41.73856544494629
42133,34.1,35.82605171203613
48479,36.0,35.05537796020508
26159,37.3,38.06333923339844
51095,37.4,40.077199935913086
37105,37.7,37.89199447631836
41059,31.9,35.38680648803711
29093,38.2,42.84977149963379
28057,36.9,39.73530387878418
18007,36.8,38.488948822021484
21057,41.1,43.57564163208008
27031,36.0,39.88664245605469
35007,36.9,40.26251029968262
37055,38.9,38.36227798461914
01043,39.2,39.70991897583008
13273,40.6,41.516441345214844
56041,33.2,33.71493339538574
18143,36.1,38.7534122467041
31073,37.3,39.179893493652344
17009,32.3,35.15851974487305
36015,35.7,36.831417083740234
01035,40.5,42.26391792297363
20195,40.8,39.460323333740234
48337,39.9,41.17379951477051
05119,34.0,35.91787528991699
28143,34.4,35.18053436279297
50015,29.2,33.289405822753906
19127,36.7,35.9986457824707
38089,31.8,34.14883613586426
05113,40.7,43.24274253845215
18053,35.4,38.68082237243652
08077,32.0,35.32576942443848
01015,37.4,38.512550354003906
12125,,39.989994049072266
21011,38.2,39.58703804016113
27121,35.3,37.73224067687988
18181,36.7,38.10169792175293
31019,31.7,33.204307556152344
46067,36.5,38.23970031738281
48125,42.7,43.130008697509766
55135,38.4,38.45882606506348
19135,35.3,36.95401382446289
21021,36.3,37.21713829040527
26087,36.5,37.62100601196289
31171,38.7,38.92388725280762
48067,41.2,42.00720977783203
51195,38.0,39.307029724121094
51023,41.6,38.703372955322266
49027,34.8,36.73813247680664
19083,37.6,37.18208312988281
39121,41.9,40.751272201538086
17149,35.6,38.97437858581543
39135,36.6,38.05170822143555
48443,44.7,42.92105674743652
17195,37.0,37.34474182128906
17015,36.7,41.22056579589844
19057,35.3,36.60206985473633
20117,39.5,38.893497467041016
48215,36.5,36.52981758117676
40031,36.2,35.05336380004883
34003,35.1,37.167388916015625
40143,35.6,36.69863510131836
39013,36.4,38.75096893310547
23021,45.1,42.08047676086426
54069,39.1,36.6605224609375
17003,38.1,41.88095283508301
51017,44.3,41.68104553222656
12017,,40.32043266296387
18083,35.9,38.09012985229492
20021,40.5,39.75012969970703
28045,39.0,39.57941818237305
01019,40.9,42.53997039794922
18051,36.1,36.21968460083008
18167,36.4,35.79571342468262
39025,34.0,36.866455078125
13195,38.8,39.34911346435547
51197,41.5,40.82278633117676
29161,35.0,34.81215476989746
51620,38.6,37.90597343444824
20013,40.5,40.02909851074219
01127,39.7,41.07365798950195
28159,38.1,40.66105079650879
30091,33.9,38.57570266723633
08069,28.7,32.45390701293945
54039,42.7,38.44614219665527
05093,37.6,37.8962287902832
17133,33.7,36.0884952545166
25015,32.5,33.71632385253906
36035,38.8,37.93251419067383
54015,44.4,44.86559295654297
51630,29.7,32.69845008850098
40039,33.2,36.19644546508789
48313,34.7,38.05458068847656
31125,37.9,39.36491012573242
28077,36.5,39.32777404785156
13069,37.9,37.91079521179199
20015,40.3,35.76100730895996
17029,33.3,36.63998222351074
26059,38.5,38.835227966308594
37099,36.0,40.18574333190918
47103,40.9,40.288455963134766
42125,33.6,36.1478271484375
01085,38.3,39.47087287902832
37067,38.2,35.61411476135254
17175,36.9,38.71829605102539
20205,39.7,40.44670867919922
21229,38.9,39.3974494934082
30105,34.4,37.71706581115723
39051,35.0,37.422218322753906
13065,40.2,39.68162727355957
55127,36.1,36.42132377624512
32019,36.7,38.47494316101074
28015,39.2,40.86712455749512
12063,,41.52409744262695
13067,33.1,35.75379180908203
06003,36.3,39.64187431335449
19041,36.8,37.39585304260254
22089,36.1,36.13936424255371
46117,34.9,37.407188415527344
55101,37.6,35.10690116882324
31175,36.2,39.80813789367676
26101,37.6,38.74622344970703
39077,33.2,36.85762596130371
48051,38.9,40.87193489074707
18147,37.2,38.48517608642578
28103,37.1,38.06998825073242
36021,36.1,37.269405364990234
38035,29.5,31.62858295440674
13017,39.0,40.5255184173584
29095,34.4,36.059478759765625
35021,43.1,41.11255645751953
37187,41.0,42.5800666809082
47145,41.4,40.31965637207031
55041,39.4,41.264434814453125
51147,33.2,36.574893951416016
40115,39.0,39.664262771606445
26015,37.0,37.215606689453125
26113,38.3,40.27714729309082
25007,37.2,39.359697341918945
20209,37.4,35.75692367553711
38071,35.7,36.37592315673828
47035,45.6,44.12075996398926
51043,40.0,38.826087951660156
49055,35.7,38.229915618896484
30097,34.2,40.01158332824707
30043,32.7,36.8377628326416
39175,36.4,37.02511024475098
51077,41.4,42.822635650634766
13215,34.7,35.51084518432617
42083,36.8,36.15238380432129
21223,38.8,38.479013442993164
45075,39.9,39.764692306518555
21137,38.7,40.367218017578125
50023,33.8,33.80622863769531
08091,37.0,36.10796928405762
27095,32.1,37.77179718017578
48049,38.9,39.616315841674805
20109,39.8,39.65095329284668
20061,29.2,32.15308094024658
38099,35.4,36.78488731384277
13183,34.1,34.47216796875
46091,36.5,37.538686752319336
47155,39.8,39.497291564941406
54075,43.3,43.68770217895508
39083,33.5,37.40676307678223
51183,36.3,38.34067916870117
51097,40.5,40.10051155090332
29057,40.6,42.85759735107422
50027,34.6,36.42176818847656
25005,36.8,35.1168212890625
29105,37.9,39.26261901855469
22117,40.1,40.129281997680664
31087,40.4,40.17502784729004
39085,35.1,36.240495681762695
48347,35.2,37.129886627197266
45065,42.3,41.88708305358887
46121,30.7,32.21099853515625
17019,28.9,30.387383460998535
30061,36.2,39.483938217163086
46031,34.2,33.2104377746582
21143,39.4,40.863826751708984
21093,35.3,35.45222091674805
31173,30.0,36.03039360046387
13305,39.5,39.086565017700195
48115,36.4,37.81479835510254
22031,39.5,39.35025978088379
24017,34.6,35.82760047912598
17131,36.7,37.6102180480957
19011,35.7,36.8615665435791
46041,33.4,32.94147491455078
47031,37.6,38.605451583862305
47189,36.4,36.75746154785156
32011,38.5,39.38014602661133
37199,40.7,42.07253837585449
42097,36.4,37.747161865234375
42109,36.3,38.123544692993164
29149,41.0,43.191781997680664
21189,41.9,43.369699478149414
17051,35.3,38.76076889038086
19183,35.4,37.653079986572266
51730,37.1,38.59580421447754
48391,40.8,40.578369140625
18097,32.9,33.31642723083496
39071,38.0,38.40592384338379
21031,37.8,39.7256965637207
20107,39.6,40.22246742248535
55059,34.1,36.21523094177246
24011,38.1,38.330678939819336
17049,34.4,36.27157974243164
26155,37.0,36.81553077697754
13263,42.8,42.82737922668457
47001,39.6,39.264984130859375
01087,36.1,38.96650505065918
08085,34.8,37.09257507324219
48003,34.7,35.34608459472656
40133,39.4,39.79143714904785
35053,35.9,36.810604095458984
20059,37.9,38.57456970214844
21161,38.4,38.90085792541504
27043,34.9,37.99564552307129
21193,39.2,39.86488914489746
37153,38.7,38.84889793395996
33017,33.5,34.48927116394043
42057,36.3,39.673627853393555
26045,35.8,36.91048049926758
17067,36.7,38.51980781555176
46011,29.6,29.56539249420166
47163,40.5,40.35088920593262
45051,40.6,41.07732009887695
26021,35.5,37.30088806152344
13233,37.7,39.15539741516113
18149,36.8,39.065223693847656
38059,33.7,35.504777908325195
21037,34.4,34.49712371826172
21049,37.5,37.64921188354492
19145,38.6,37.71903419494629
51131,42.8,42.66801643371582
22083,38.6,40.33260726928711
48159,38.5,40.13534927368164
36113,35.8,37.26361083984375
06101,36.6,34.63204002380371
13061,42.4,43.263681411743164
39149,34.9,37.239919662475586
48191,41.0,42.80134391784668
29029,40.5,42.1137580871582
39039,37.6,37.15004348754883
48027,32.4,35.287981033325195
32021,39.9,42.59405517578125
05127,40.1,41.50349235534668
06087,34.1,33.056684494018555
39101,34.9,38.55980110168457
17099,34.6,35.196067810058594
12071,,39.38759803771973
48321,38.5,39.018436431884766
05013,37.0,39.99411201477051
38105,26.8,33.021484375
38051,40.6,40.95283889770508
05039,39.5,41.48901557922363
01069,36.7,38.826416015625
48505,37.2,38.05880546569824
41067,29.2,33.65283966064453
51141,44.8,41.60852241516113
40121,38.8,39.771427154541016
26017,37.1,38.35234832763672
29049,38.2,38.178001403808594
08011,34.1,37.423532485961914
55019,37.0,37.972272872924805
18155,38.0,39.5051326751709
51570,38.2,39.27250099182129
13315,39.8,39.83648872375488
17119,35.2,35.44764518737793
21173,37.8,37.5324592590332
23001,39.1,36.67975044250488
48249,38.5,39.16629981994629
18169,36.4,38.43645095825195
48207,39.7,41.52344512939453
51009,39.5,40.08305358886719
29087,38.1,41.18320274353027
27035,32.9,36.437387466430664
17153,37.0,40.58814811706543
33005,30.5,36.04063034057617
37119,32.0,33.65928649902344
29089,36.2,37.47623634338379
13307,41.8,40.49276351928711
06065,33.8,36.13864517211914
27167,34.7,37.05839920043945
45005,37.9,40.801292419433594
41053,31.6,34.85836219787598
13193,39.4,40.33065414428711
04011,29.7,33.298906326293945
06029,33.4,33.55877685546875
37019,40.8,41.203163146972656
13037,37.0,37.99424743652344
30077,32.5,36.142696380615234
35013,33.1,34.59006690979004
40123,38.6,38.511924743652344
01029,40.1,40.5775032043457
17001,34.6,37.012773513793945
05075,37.8,40.16737174987793
16029,31.8,35.66177177429199
35037,38.5,39.26020050048828
39045,33.9,36.076887130737305
47127,40.5,40.34235191345215
20019,42.2,42.50671577453613
32017,38.8,38.60676193237305
45029,41.3,40.45594024658203
39129,35.2,36.56226921081543
26147,37.7,36.258846282958984
05009,40.5,39.450979232788086
31131,37.3,37.805335998535156
17109,32.4,34.62430953979492
36099,36.0,37.40176582336426
53023,39.7,38.866647720336914
13039,34.4,34.76071548461914
46081,36.7,35.67084503173828
28071,31.4,32.63660144805908
48333,41.4,44.07624435424805
41049,33.3,35.548057556152344
55053,36.9,38.71222496032715
28001,38.0,39.93223571777344
51133,44.9,43.981597900390625
39043,36.4,38.8294563293457
30003,32.0,33.905616760253906
38033,36.7,39.01118278503418
48183,36.2,38.6738166809082
40087,34.3,37.322349548339844
40069,38.0,39.9307975769043
27111,36.2,37.66465950012207
51550,34.4,37.67544364929199
38019,37.3,38.7225284576416
38041,35.8,40.12831687927246
37149,42.9,42.7347354888916
46085,36.3,37.23099136352539
20039,40.4,41.41116523742676
06089,34.9,35.7543888092041
19049,31.4,32.798933029174805
13099,39.9,40.44036674499512
31007,36.8,39.47880744934082
22013,40.8,41.774383544921875
19191,34.4,36.2369270324707
38061,32.0,34.878883361816406
27033,33.7,38.172752380371094
17185,36.0,38.1469783782959
17047,37.0,38.92036437988281
24021,35.8,34.94281768798828
38015,34.2,33.587501525878906
27053,29.5,31.797232627868652
17023,35.2,37.099416732788086
47019,41.3,41.40439033508301
46087,34.9,37.0370979309082
27133,32.4,36.739315032958984
26137,38.4,38.460357666015625
33009,31.9,36.4492073059082
17169,37.3,39.033769607543945
22047,37.1,38.22678184509277
01083,36.9,36.11264991760254
35015,33.9,34.670223236083984
39165,33.9,34.058820724487305
22021,38.8,40.066410064697266
37073,38.6,40.00532150268555
55123,37.7,38.192373275756836
29067,41.5,43.66962432861328
29101,32.2,32.10807800292969
22071,35.1,35.7840518951416
48487,39.0,39.23928642272949
20063,40.0,41.911611557006836
20089,42.9,41.36547088623047
27173,34.0,36.24455642700195
38079,32.9,32.9987735748291
30103,35.7,37.20046615600586
55007,40.5,40.85135269165039
55043,33.3,36.00969696044922
05115,37.5,36.83233070373535
17025,36.4,39.776939392089844
21009,39.8,39.23268127441406
26111,36.0,35.770843505859375
30069,36.2,37.001359939575195
20149,33.1,36.100053787231445
05143,32.3,32.652220726013184
51137,38.3,38.47256278991699
55047,39.5,40.59770202636719
21117,36.6,34.45223045349121
47039,42.7,42.99631118774414
45035,35.9,36.53132247924805
47063,37.9,39.05625915527344
45025,36.8,39.79314041137695
45027,40.8,42.33444595336914
45033,40.5,39.4113826751709
42031,35.6,37.21173095703125
44001,34.3,34.62125205993652
27113,31.9,34.821044921875
12031,,36.00250434875488
12041,,41.86808395385742
28007,38.4,40.3028507232666
29047,37.2,37.050193786621094
22035,38.6,37.880287170410156
22037,37.8,39.47984504699707
37029,35.4,37.71388244628906
55103,38.1,40.52950668334961
36027,35.5,35.3963737487793
51720,39.3,40.034854888916016
36079,33.4,35.51850509643555
36087,33.8,34.04934883117676
48317,35.3,36.02886962890625
51005,42.4,40.98947715759277
54101,44.1,44.937875747680664
54035,43.2,41.08485412597656
39095,34.6,35.86185836791992
12013,,41.21075439453125
47093,36.4,35.45315742492676
42037,33.4,36.32492446899414
53039,34.6,37.72547912597656
27081,34.4,39.08354568481445
45049,36.6,39.7551383972168
49025,37.1,36.9714469909668
29001,32.1,34.06302452087402
29061,40.8,41.0540885925293
29165,37.2,36.16029930114746
30027,33.7,35.99770927429199
49023,31.6,33.16716384887695
48165,34.3,36.0424919128418
16053,33.6,34.86273956298828
20121,39.7,37.470720291137695
06055,36.0,36.52891731262207
08014,28.3,32.687819480895996
48033,40.0,40.087656021118164
36119,35.8,36.547218322753906
29065,41.6,41.011260986328125
48327,44.4,44.37554359436035
48353,39.3,38.77215003967285
29153,43.8,44.91007614135742
12045,,40.52458381652832
12133,,40.27564811706543
12107,,40.91006851196289
13275,37.8,38.70958137512207
13287,40.4,41.085622787475586
20073,41.3,41.17196083068848
48109,41.8,40.375736236572266
17041,34.2,37.19998550415039
37155,38.5,39.11060905456543
55093,32.8,33.42274284362793
29009,38.9,41.51957130432129
55097,34.4,33.93618392944336
45057,38.7,38.72892189025879
47183,38.0,39.22627258300781
45067,37.0,41.00344657897949
56039,30.6,33.196577072143555
06081,34.4,35.40950965881348
12081,,41.116485595703125
37131,41.0,42.2745361328125
01041,39.7,40.466854095458984
01045,38.4,38.491546630859375
17121,36.0,37.84538459777832
19089,35.3,37.365333557128906
40141,39.8,39.3686466217041
48461,37.0,39.190711975097656
08055,38.6,40.94806098937988
08061,36.4,38.78498077392578
37091,37.0,40.04489326477051
48319,41.4,41.27710723876953
48061,36.4,37.61765670776367
40083,36.9,35.71186447143555
46013,35.7,36.1663761138916
46083,31.8,33.164414405822754
21043,39.6,42.752201080322266
37087,38.8,39.82539939880371
42017,33.6,35.63410568237305
44003,34.8,35.678314208984375
55069,37.6,38.21310806274414
56001,27.0,29.85901641845703
56037,32.2,33.1285924911499
45081,38.6,39.88309860229492
45089,39.0,40.57526969909668
30023,34.4,38.378299713134766
29201,37.7,39.130449295043945
25013,34.9,35.48560333251953
51099,35.2,36.48904991149902
48055,35.8,38.63975143432617
08081,33.4,32.9626350402832
51051,43.5,43.68190383911133
19097,36.8,37.01579475402832
51073,38.1,38.04779624938965
51081,37.3,37.05085563659668
08105,34.7,36.83688163757324
08111,34.5,37.71611404418945
19149,36.5,36.570356369018555
13241,42.6,42.09432601928711
05015,39.2,40.40378761291504
05033,40.2,38.37807083129883
42127,37.1,39.24935531616211
42103,37.7,38.806474685668945
48499,41.8,42.854496002197266
31059,37.5,39.474456787109375
22095,36.7,37.13478088378906
30031,25.2,30.469971656799316
37139,34.9,37.82821846008301
47077,39.8,39.99727821350098
48059,38.3,40.24418258666992
55141,36.2,37.48114204406738
55091,37.6,39.2601375579834
53013,37.6,38.64596176147461
50021,32.6,36.9545841217041
29041,39.9,41.740577697753906
53071,32.0,34.72097587585449
42047,36.6,37.96897888183594
29051,37.0,35.97129821777344
27155,35.8,37.656097412109375
19071,38.0,38.29962348937988
48387,42.0,43.23319053649902
39141,35.5,38.07124900817871
08039,32.7,34.01369094848633
48083,42.0,41.92073440551758
48427,36.5,38.26123046875
12021,,39.25646781921387
08067,31.7,34.23540115356445
17069,38.4,41.093971252441406
22099,36.9,38.79753303527832
40117,38.6,39.95058250427246
48041,28.7,31.72129535675049
36107,34.5,36.02800178527832
40023,40.1,41.131547927856445
48339,34.8,35.91037368774414
25001,41.8,38.921287536621094
32007,34.8,34.452510833740234
37005,42.6,43.012956619262695
40113,38.2,39.30961990356445
45019,32.3,36.01767158508301
48157,35.2,34.757694244384766
13115,38.1,38.520416259765625
12083,,40.12472152709961
17145,35.6,37.16011047363281
12001,,38.07499313354492
29073,40.2,39.493412017822266
20147,39.8,39.86622619628906
42063,35.2,35.7052001953125
39163,40.5,39.93917655944824
13179,29.2,32.82823371887207
12057,,39.204023361206055
36083,35.2,34.8016414642334
05057,37.7,39.503662109375
36085,34.9,35.09773826599121
29209,44.0,43.763994216918945
29225,36.0,38.133663177490234
40061,40.1,40.15974807739258
39053,39.2,39.9927864074707
28013,37.8,39.8967399597168
28023,37.5,40.92717361450195
46049,38.6,38.71740913391113
46129,36.8,39.334556579589844
54067,39.7,41.77851486206055
18135,37.3,39.89665222167969
08097,30.9,35.54593467712402
18037,36.3,36.38945770263672
21239,37.3,36.01845932006836
30095,35.1,37.69972229003906
41047,32.3,36.20175361633301
42065,37.2,41.06968879699707
18161,36.8,39.201555252075195
29103,39.7,41.681575775146484
29119,38.2,38.51039695739746
19151,39.0,38.16828918457031
29127,36.5,38.21637725830078
51149,34.3,35.71662139892578
06011,35.1,35.220258712768555
38067,34.9,39.14021873474121
38091,36.5,38.26820945739746
37077,37.3,37.44151496887207
42003,33.4,35.475730895996094
37109,37.6,36.78299522399902
37115,38.2,40.92705154418945
35049,36.1,37.454843521118164
01007,38.6,38.743473052978516
01081,32.4,32.931209564208984
20023,40.6,42.52772903442383
26063,39.0,40.701255798339844
29023,38.8,40.71003532409668
40035,38.9,38.97579574584961
56019,37.3,36.75655174255371
45079,33.0,33.747955322265625
45085,37.6,37.82267951965332
54029,39.7,40.09840965270996
05139,37.6,38.37628364562988
13257,40.5,39.936546325683594
18033,34.1,37.44686317443848
19167,31.8,33.15518379211426
24033,35.5,37.27316665649414
34015,35.6,36.26780128479004
38017,29.2,31.578145027160645
34019,37.1,35.684814453125
42043,34.0,36.573673248291016
05021,39.1,42.2667179107666
37009,41.5,41.97080612182617
51041,36.7,37.65031814575195
37075,39.4,42.266977310180664
01065,38.9,39.497074127197266
54099,42.6,41.31292915344238
08013,29.2,30.626986503601074
18013,38.3,38.80855369567871
20007,40.4,40.3470573425293
20155,40.1,39.333173751831055
48023,40.8,41.5418643951416
01053,37.1,40.26438522338867
16071,34.3,35.31683349609375
20175,34.4,35.85836219787598
37063,30.8,33.90012741088867
17115,34.4,36.04645919799805
37079,36.9,38.842172622680664
19179,36.1,37.393022537231445
17147,34.5,36.63831329345703
06099,33.6,35.2773494720459
47097,37.1,38.655717849731445
22009,39.2,39.421592712402344
35017,38.1,38.96353530883789
26041,38.8,40.08352470397949
39065,34.1,37.803924560546875
38095,38.6,38.93408012390137
51173,42.5,42.237653732299805
48155,43.2,42.68667030334473
24001,37.5,36.63095664978027
42051,35.5,39.00866508483887
54057,38.2,37.61517906188965
05043,37.2,37.12918281555176
28097,39.8,41.53007507324219
29081,40.1,41.04674530029297
29211,39.6,40.45429229736328
51015,38.2,38.93680000305176
28087,36.7,36.74906921386719
29227,39.5,40.48058891296387
36075,32.6,36.75933265686035
39173,32.1,33.476463317871094
55109,33.5,33.36691093444824
17135,35.9,36.76906204223633
18099,35.8,38.00001525878906
20151,36.8,37.74249267578125
22121,34.2,36.871742248535156
21171,39.2,40.172895431518555
04019,34.1,35.98561096191406
48295,38.7,39.614994049072266
40139,36.0,35.455636978149414
47129,39.7,40.31815147399902
46043,37.2,39.992109298706055
18165,38.8,38.631635665893555
46063,35.8,36.9995231628418
19123,34.8,36.97597885131836
36059,36.3,37.7039909362793
38003,34.1,36.440683364868164
34025,37.8,35.45252799987793
38045,37.8,38.95828437805176
17083,35.1,36.02144813537598
54047,45.1,43.91928672790527
54031,40.6,40.34669876098633
54097,39.1,39.54261779785156
48021,37.3,37.82513236999512
51127,37.6,37.63985633850098
12109,,35.73452377319336
53055,37.3,41.203643798828125
55009,34.6,35.63701629638672
18017,37.5,37.92627143859863
28133,35.8,36.32020950317383
29027,35.6,36.39530372619629
42077,32.9,35.96283531188965
47043,36.3,38.7678279876709
40063,37.2,39.56109046936035
16083,30.8,36.14090538024902
44005,36.2,36.52480125427246
20201,41.5,40.44542694091797
38025,34.8,37.25567626953125
47013,40.1,42.220516204833984
18157,29.5,30.7782564163208
47027,43.2,43.421661376953125
21131,41.1,42.636823654174805
21133,42.6,42.6882209777832
21141,38.5,39.54470634460449
20197,39.4,38.486948013305664
06053,34.5,34.99544715881348
08029,38.6,38.15317726135254
13077,36.7,35.65882873535156
18039,33.5,37.38176727294922
18087,34.4,37.162702560424805
16001,30.3,33.25185203552246
37161,39.7,40.64678764343262
13313,38.5,37.62076187133789
54003,36.1,36.28778266906738
13101,36.8,40.674407958984375
50005,31.6,34.538251876831055
55021,34.1,36.02754783630371
55029,40.3,39.95125389099121
48491,34.4,36.277692794799805
28055,33.4,39.73557090759277
56007,34.7,36.222333908081055
08099,33.7,35.90878486633301
18019,33.8,36.703012466430664
31103,40.6,38.37703514099121
36003,36.3,36.922590255737305
39155,39.5,37.953792572021484
01115,38.4,38.98038673400879
21145,38.4,36.85238265991211
49057,31.4,33.1609001159668
21157,39.2,38.611276626586914
21159,37.4,38.68283462524414
37183,33.3,33.880353927612305
37193,39.3,41.29926681518555
46037,39.1,40.4068660736084
37093,32.8,33.66382026672363
20099,39.9,39.08100128173828
13141,40.4,42.06437683105469
08053,37.4,38.179359436035156
18111,36.9,38.84754943847656
18151,35.5,38.64902114868164
19055,36.7,37.24304008483887
39073,35.2,39.65575981140137
48501,35.4,36.67202568054199
39031,37.3,39.83674240112305
16005,32.6,34.20186424255371
12115,,40.52583885192871
37047,38.3,40.42450523376465
41051,29.7,32.871076583862305
47141,36.7,37.372406005859375
47091,41.8,42.798845291137695
13227,39.9,40.16240310668945
13247,35.5,37.74868965148926
19035,37.2,37.70596122741699
21107,38.7,38.39479446411133
27013,26.9,30.77561664581299
40145,36.1,37.526554107666016
48163,35.1,37.392784118652344
48367,37.9,36.96367645263672
55031,35.7,36.22623825073242
21195,42.3,42.26181602478027
21219,37.9,39.16500473022461
47109,40.7,41.72983360290527
17173,36.3,38.41648864746094
26005,37.4,35.33117866516113
47111,38.5,38.887014389038086
24039,36.2,37.23285484313965
22019,36.0,37.42708778381348
39035,34.6,34.961639404296875
13117,35.3,34.91111946105957
19133,37.3,40.19438934326172
20043,39.9,38.85212707519531
48285,41.1,41.70432662963867
24035,35.6,36.542320251464844
05025,39.8,39.23384666442871
19017,32.6,35.823673248291016
37083,39.1,40.163761138916016
12003,,39.29434585571289
22069,35.7,38.77979850769043
26013,38.2,39.49453353881836
38081,33.9,37.30165672302246
40149,38.5,39.34320831298828
41041,36.2,39.81926155090332
26051,40.7,42.87714767456055
28117,35.5,39.806243896484375
29083,39.7,40.8975772857666
17085,39.0,38.135406494140625
37141,36.9,38.03647422790527
13249,39.1,39.09272575378418
19125,36.0,35.07555389404297
21115,39.8,40.20979690551758
28105,26.8,33.526390075683594
19175,35.4,37.69696235656738
29203,39.7,41.994693756103516
24041,39.3,40.20025825500488
20001,40.3,39.36349105834961
20017,40.2,40.94904708862305
48093,40.9,41.06755828857422
48497,37.8,37.44580268859863
19059,37.3,37.62247276306152
26003,38.6,39.3939151763916
26043,36.7,37.12481689453125
19085,37.2,37.88107681274414
10001,35.5,37.272464752197266
19075,35.0,37.77813720703125
08107,33.2,31.925026893615723
05147,41.3,42.46523857116699
05073,42.1,43.15274620056152
06043,40.0,38.98459434509277
39067,37.1,42.08157157897949
32023,40.9,41.40838050842285
20105,39.9,41.30769157409668
01001,35.9,36.82503700256348
51810,38.0,37.01212501525879
13021,36.1,36.74479675292969
55039,36.4,36.581716537475586
56043,35.7,37.63856506347656
19111,37.3,36.812150955200195
39169,35.4,38.08848571777344
42069,33.6,35.07777404785156
48447,42.2,43.25781440734863
51109,39.0,39.63667678833008
31111,35.4,38.780466079711914
18139,36.3,38.73749542236328
37089,37.8,40.605777740478516
46053,38.2,40.04811096191406
48311,41.6,40.38222312927246
12011,,39.44215965270996
21125,40.4,38.87037658691406
48121,34.5,34.46288871765137
26061,32.2,34.38320350646973
21237,41.7,43.8944149017334
37057,37.3,38.43121147155762
23005,38.1,35.01193428039551
27019,30.2,31.923550605773926
13291,43.9,43.05723762512207
06007,33.8,34.827789306640625
06023,36.3,35.172170639038086
37011,38.0,41.65009689331055
29097,35.5,36.5478572845459
13175,39.1,39.39908790588379
22057,39.5,38.801536560058594
31039,37.6,37.24229049682617
38011,35.8,37.7038516998291
20085,40.4,38.75411796569824
22091,39.6,40.819231033325195
22105,34.8,37.304298400878906
21041,39.2,39.10171127319336
19043,39.2,40.50723648071289
27049,33.1,35.97597694396973
40135,40.0,39.61703681945801
01047,38.3,39.03677558898926
08049,32.6,35.44510841369629
12069,,39.570396423339844
25009,35.7,34.36935234069824
47131,41.0,41.02359199523926
25025,29.6,30.87496566772461
48005,39.8,38.78953742980957
46127,34.8,35.70523643493652
46039,36.6,38.92535972595215
45017,39.6,41.21500587463379
13063,34.0,34.19918251037598
13133,43.0,41.98710250854492
27093,33.8,36.01399040222168
55111,36.8,36.56345176696777
05095,42.1,42.435678482055664
34017,34.1,32.799163818359375
05017,39.0,41.06472396850586
19171,37.0,38.499961853027344
06109,37.2,39.836639404296875
38047,37.9,38.33461380004883
29019,32.6,31.693204879760742
37179,36.2,33.72600173950195
55115,37.7,38.312265396118164
21067,31.1,33.794334411621094
46115,37.4,38.49879264831543
06025,34.1,34.65029335021973
06097,33.6,35.8536376953125
23013,41.7,38.272695541381836
28121,32.6,37.79400062561035
08043,32.4,37.11419486999512
27165,33.1,37.73990440368652
01093,40.5,41.47096061706543
06015,36.8,34.76630783081055
26131,43.9,43.01889991760254
31107,37.4,39.166887283325195
48113,33.5,35.31710243225098
48019,42.6,42.51948928833008
51177,38.2,36.98990821838379
48167,33.9,37.48026657104492
13093,40.0,40.453128814697266
17107,33.9,36.32651710510254
18027,36.6,37.60606575012207
50001,31.7,34.924495697021484
51003,36.7,37.42519950866699
41017,32.2,35.01934242248535
41033,35.7,38.94023513793945
31055,33.2,34.32612228393555
34001,37.9,35.775461196899414
05109,39.5,40.59910011291504
54065,41.5,40.96518898010254
51750,28.0,31.786967277526855
41065,32.3,37.33152389526367
30083,31.8,35.27763366699219
37053,36.4,38.26481819152832
04007,34.5,42.23750877380371
21103,38.4,39.31838035583496
31143,34.9,39.21186637878418
28119,38.5,39.886213302612305
28081,34.0,36.14093589782715
28029,37.4,39.21861267089844
20037,36.4,35.02788162231445
25017,33.1,34.33225631713867
35025,31.8,36.23658752441406
36063,36.2,35.24052810668945
01027,40.6,41.520442962646484
12087,,39.741037368774414
48323,36.2,36.8990421295166
22109,38.0,38.47079086303711
17035,35.3,37.82468032836914
53037,30.7,32.804019927978516
36029,36.0,34.214372634887695
35011,38.8,39.06422233581543
24019,40.2,39.406612396240234
13243,43.0,41.66805648803711
21023,37.5,39.48525047302246
40009,37.7,36.78911018371582
47173,40.0,40.17474365234375
05047,40.0,40.75627136230469
29117,37.4,40.70491981506348
36055,32.0,34.00560188293457
12075,,42.632476806640625
21199,40.9,40.1207160949707
22049,38.8,40.62205505371094
30017,30.6,35.65420150756836
19105,36.3,38.2889404296875
37013,39.7,41.54567527770996
46093,31.5,34.6747932434082
48161,39.0,39.564456939697266
53033,32.1,31.93300437927246
12037,,39.865427017211914
30021,33.5,34.725534439086914
47081,37.3,39.078847885131836
31065,36.9,40.41417694091797
48001,36.5,37.898216247558594
46103,36.4,34.69954490661621
51153,33.8,35.7313232421875
54023,42.4,41.74559020996094
04005,27.3,32.77332305908203
21221,41.3,40.27252197265625
25021,35.6,35.44454383850098
29173,39.4,40.00248718261719
46015,36.4,37.21867561340332
48383,34.4,34.68177032470703
51683,34.0,34.43135070800781
50009,35.8,38.8877067565918
51067,41.8,42.02004432678223
28073,34.0,34.295148849487305
33013,34.2,36.37429237365723
06033,37.5,37.03610801696777
06061,34.8,35.70576858520508
17087,35.0,37.2712345123291
18141,32.3,35.75313377380371
16073,33.9,39.16566848754883
06019,33.0,33.51042938232422
16087,36.9,39.476341247558594
24031,38.4,36.53463935852051
54103,40.4,42.21861267089844
53065,36.1,38.75540351867676
31017,36.1,40.00099182128906
29005,38.9,40.35948181152344
27071,38.5,38.54512405395508
21225,38.4,38.71419906616211
48465,35.7,37.39034652709961
49049,26.9,29.745269775390625
53031,40.2,39.11125946044922
30005,31.6,35.85696029663086
46105,38.3,39.13730239868164
17101,34.7,37.62133979797363
30007,33.7,37.73329734802246
06113,31.5,30.918781280517578
48241,41.6,41.58782386779785
30111,29.9,34.68499755859375
13121,30.0,33.426605224609375
39119,37.0,37.183298110961914
20163,40.0,39.96287536621094
29099,36.3,36.525001525878906
30089,37.1,40.21639633178711
54079,39.8,38.25897216796875
13087,37.4,39.45212364196777
22043,37.7,38.45289421081543
13217,35.5,36.8903694152832
30047,33.4,37.58118438720703
35005,37.1,35.11653709411621
42091,32.1,36.307804107666016
48237,37.6,39.10445594787598
41021,37.2,39.97356033325195
12103,,40.37887954711914
16049,36.4,38.642656326293945
06013,30.9,35.96650505065918
12033,,38.498043060302734
37189,31.9,33.39261245727539
01117,35.5,37.51768684387207
20077,40.9,41.99732780456543
37003,38.2,40.30920219421387
13135,32.2,34.22438049316406
13109,38.7,39.85254096984863
47061,39.5,41.819427490234375
51013,33.0,33.86405563354492
51193,41.4,42.93476486206055
51019,39.8,39.949289321899414
53021,30.3,33.62468719482422
13035,37.0,38.16522979736328
13277,38.4,38.06949043273926
46023,37.6,38.567626953125
06111,34.8,35.6610107421875
13105,40.4,41.233503341674805
26141,43.0,43.30800819396973
29021,35.3,36.14370346069336
39089,35.0,36.402008056640625
21055,41.2,40.013946533203125
06001,33.4,33.906982421875
41061,32.6,36.80721664428711
24003,35.7,35.99580955505371
45015,33.1,36.84259033203125
17143,32.7,34.489946365356445
49037,30.2,35.968318939208984
48039,36.1,35.17636299133301
55067,37.7,40.46516036987305
29145,36.1,38.78667449951172
16035,36.1,38.87307167053223
05107,40.0,39.68282699584961
39001,38.1,40.07472801208496
04001,33.6,36.83525276184082
18153,36.7,37.93514823913574
06017,37.3,36.9919319152832
38065,37.0,38.65647315979004
53053,32.7,34.21562385559082
35045,32.3,37.03900146484375
21059,37.9,36.72994041442871
54051,40.7,39.43687438964844
18177,38.0,38.20840835571289
42039,36.3,38.85147666931152
49019,34.9,36.383087158203125
48377,43.4,43.30903625488281
06105,40.8,38.22857856750488
36101,34.5,35.585655212402344
36043,36.7,36.36536407470703
42067,36.9,39.130226135253906
51163,40.8,42.0413761138916
16079,35.0,39.28934288024902
22115,33.6,34.513370513916016
28093,36.9,38.679500579833984
41029,33.5,37.1147518157959
44007,32.1,34.08112907409668
48015,37.7,39.54250526428223
49021,31.9,32.66343688964844
04027,35.0,38.47157287597656
22045,38.1,38.98783874511719
34021,35.2,35.31306838989258
39019,38.5,40.05131149291992
04009,32.8,34.07642364501953
17031,30.4,33.63326644897461
51161,38.0,37.564945220947266
12131,,40.8167781829834
51035,41.1,43.38957977294922
35039,34.8,36.55959129333496
13049,36.7,39.73634910583496
16039,32.4,34.61136436462402
16051,31.4,32.959482192993164
17105,35.8,36.32823371887207
21179,35.7,36.66435623168945
29043,36.0,36.52366256713867
29195,35.6,36.25731658935547
38101,31.2,33.703142166137695
51185,41.2,41.2562370300293
04021,36.9,36.849164962768555
36069,33.6,35.74477577209473
19023,37.3,38.81322479248047
21207,40.2,41.31253623962402
22075,36.1,36.03219223022461
32031,35.6,35.201589584350586
47099,40.0,39.815168380737305
05045,32.9,34.5488338470459
06107,34.1,34.08152961730957
54055,39.4,40.546512603759766
29155,40.5,40.078392028808594
53047,37.1,36.75825309753418
42027,29.9,31.314619064331055
48455,42.4,43.847049713134766
54061,31.1,30.60477638244629
53005,35.9,34.26791000366211
22073,37.3,35.67297554016113
12129,,38.52728271484375
38001,37.5,40.29375648498535
22001,38.6,38.989444732666016
31179,29.3,33.42222213745117
37167,37.1,38.33366394042969
48029,35.3,35.60589790344238
05103,37.1,40.62215042114258
53035,32.8,34.265737533569336
31061,37.7,42.22919273376465
21015,34.1,34.76053428649902
28151,35.7,38.73965263366699
42007,36.8,36.64894676208496
46109,38.1,38.1197509765625
51027,43.5,43.729736328125
54021,38.5,37.76260566711426
51025,39.1,39.84774589538574
16059,37.4,37.917842864990234
38021,34.7,36.50596046447754
38085,30.6,31.974154472351074
46019,37.1,37.80636405944824
17161,33.6,36.74883842468262
23009,39.6,39.61230659484863
38057,37.3,38.29173278808594
13207,38.3,39.18368721008301
27037,29.3,32.976932525634766
53009,38.5,39.23896026611328
28017,36.5,39.33344841003418
46075,38.0,39.201284408569336
42081,34.0,36.0185489654541
06037,35.6,34.27709770202637
37085,31.4,34.777137756347656
06063,39.6,40.09457206726074
12093,,40.262922286987305
21111,36.8,35.01113510131836
20143,40.0,38.00787162780762
26115,34.0,37.182329177856445
20097,39.6,40.99272346496582
40075,41.0,40.695213317871094
48363,39.5,40.30722236633301
53075,25.5,29.08973503112793
55075,39.2,39.59149932861328
29186,37.2,37.64230728149414
51181,41.9,40.836957931518555
36081,36.0,36.05267906188965
48201,33.9,34.227182388305664
54107,40.1,38.723432540893555
39113,34.4,36.45743751525879
49045,28.5,33.69117546081543
06041,34.9,37.0814323425293
30015,31.4,37.581708908081055
54027,41.1,42.83919334411621
53029,36.2,38.53862953186035
32013,35.3,34.13326454162598
30067,32.1,35.56522750854492
28027,37.3,37.97091293334961
49017,36.4,38.60620880126953
54025,40.6,41.35620880126953
55083,39.0,38.549062728881836
42075,35.3,37.2723274230957
18047,35.7,38.16899108886719
19093,36.9,37.18595886230469
37049,37.9,37.976253509521484
05031,35.4,34.85571479797363
01037,41.3,41.26221466064453
27171,29.2,31.877477645874023
47025,40.2,40.79635810852051
51165,38.6,38.547752380371094
01003,38.9,38.58502006530762
12097,,38.259464263916016
16085,36.5,35.91157341003418
13139,37.9,37.87731170654297
22025,39.0,38.91451835632324
28149,38.8,37.14338684082031
40051,36.4,37.37568664550781
32003,36.1,34.57320213317871
30001,31.2,34.53500938415527
39109,37.4,37.359901428222656
28135,36.7,38.905723571777344
04017,34.8,37.01738929748535
17183,35.9,37.42438316345215
22103,37.7,37.87040328979492
25027,33.1,34.352163314819336
42101,30.6,34.19769859313965
24023,40.5,40.26809120178223
37031,39.3,41.11098861694336
36077,32.0,34.96942138671875
01095,37.9,38.504615783691406
40013,38.4,39.03718185424805
54009,40.3,39.24536323547363
36091,32.2,36.22402763366699
54063,43.7,43.1545295715332
46123,38.3,39.76900672912598
30045,34.3,37.16934394836426
04012,41.0,41.03232002258301
05091,37.3,38.99907302856445
23025,42.3,40.603708267211914
49043,32.2,31.014309883117676
30039,35.5,38.49847984313965
48077,40.5,39.61000442504883
01009,40.0,39.38261604309082
13311,40.5,40.265459060668945
19015,35.4,34.93236541748047
21081,35.8,36.693708419799805
27109,29.1,34.105045318603516
36097,34.9,37.750553131103516
39069,35.2,37.57596778869629
48305,39.5,38.79074668884277
01129,40.6,40.09341239929199
28147,38.9,39.24775695800781
53059,35.3,36.37709045410156
36123,36.3,36.5090446472168
21203,39.5,41.40704536437988
20177,40.5,37.65523338317871
29169,27.9,32.756662368774414
39167,38.6,39.5091438293457
08009,36.7,39.19831657409668
20025,38.7,39.46821212768555
17079,35.7,38.136430740356445
20093,37.1,38.13717079162598
35033,40.0,41.6494255065918
48457,40.1,41.858293533325195
40003,37.2,38.687795639038086
21003,37.8,39.28467559814453
38027,36.5,40.05450248718262
47087,42.0,43.14819526672363
48405,43.0,43.6545524597168
01059,38.5,39.1130256652832
29167,37.5,39.160417556762695
39131,36.4,39.845176696777344
51057,42.8,41.726165771484375
48495,36.2,37.00770568847656
42005,36.5,39.278987884521484
29205,39.5,40.57555389404297
37039,42.6,43.84840965270996
01119,37.3,38.57191467285156
51091,45.9,43.76206398010254
29171,38.0,41.121524810791016
30085,29.6,34.66998481750488
42087,36.5,40.582542419433594
37001,36.0,37.40874671936035
27067,32.5,36.271284103393555
56027,35.4,40.47036933898926
48365,39.0,40.06195068359375
05051,39.9,41.49504470825195
05055,37.3,37.45236015319824
47143,39.3,39.90292739868164
26105,38.9,39.40085220336914
21233,38.4,39.72498321533203
55089,36.2,37.054019927978516
22055,34.9,35.454607009887695
38039,37.9,38.170616149902344
48409,36.4,37.77074432373047
39049,31.2,34.079315185546875
48463,37.0,38.38381385803223
18025,39.9,40.70686721801758
26099,36.7,36.776214599609375
38049,34.5,37.79197692871094
45045,35.0,35.787841796875
12043,,41.08502960205078
17017,34.8,37.33383750915527
20009,38.7,39.880558013916016
26075,34.5,36.98887252807617
31149,38.8,39.09680938720703
53027,39.1,36.136207580566406
13027,40.6,40.810089111328125
55071,38.2,37.1259880065918
30035,31.7,32.83778381347656
13107,38.1,39.93754959106445
42033,36.1,37.72976112365723
24029,38.8,41.31046676635742
47015,38.7,39.741512298583984
37135,32.6,33.5361442565918
48439,36.6,35.61055374145508
17055,36.8,38.77321243286133
18121,37.3,39.274179458618164
19047,36.4,37.33783531188965
48243,46.9,44.37921142578125
13279,38.6,39.78068161010742
54017,40.0,40.82790184020996
19087,35.5,36.32986259460449
13293,40.3,39.87466812133789
47185,40.7,41.314584732055664
20127,38.0,41.22476005554199
48379,41.7,42.87899971008301
48397,35.1,34.09774398803711
48477,37.6,40.07529830932617
40091,43.0,42.4501838684082
49031,39.2,40.41184043884277
51053,40.1,39.3083381652832
08007,37.6,37.69113731384277
37035,36.7,38.30797576904297
38087,36.9,39.13874435424805
28065,38.1,40.82387161254883
55119,38.9,37.8608341217041
48009,39.0,40.40394592285156
13155,39.3,40.371578216552734
48065,38.4,39.837087631225586
20145,40.2,37.69117736816406
18001,35.5,37.74137496948242
34029,36.8,37.46118354797363
22033,35.4,35.263587951660156
26091,35.7,36.92399215698242
19009,38.1,38.32926368713379
26049,38.6,36.71577453613281
27075,34.5,39.96402549743652
13303,38.9,39.27061462402344
32005,36.9,39.1921501159668
16061,36.3,38.82179069519043
22027,40.6,40.44453430175781
50019,32.6,36.83181190490723
41035,33.7,37.68935203552246
26103,33.3,33.79103088378906
08121,33.1,38.21246337890625
42089,35.6,36.105743408203125
28009,38.5,39.60885047912598
31161,38.8,41.26959228515625
37173,37.1,38.94076728820801
31029,37.0,40.04481887817383
22015,34.1,35.69690704345703
53049,39.8,41.672868728637695
17123,36.3,38.460845947265625
47075,40.7,39.54463768005371
47105,42.1,41.3363094329834
20053,40.9,38.30072784423828
55051,42.1,40.54486656188965
18109,34.9,36.98275184631348
51770,38.2,38.171091079711914
48419,39.2,40.0191535949707
16011,30.8,35.35893630981445
05049,44.9,43.841339111328125
22065,38.6,38.36883544921875
08119,35.2,36.71689796447754
40017,34.4,34.226905822753906
51047,38.2,37.629058837890625
40077,39.0,40.44590759277344
26079,38.4,40.290531158447266
12053,,40.8986930847168
28157,36.6,39.08062744140625
40107,39.4,39.74741172790527
55078,34.4,35.53719520568848
39097,34.7,36.887216567993164
26129,41.4,41.716251373291016
29157,38.0,36.663475036621094
48135,33.2,35.88523864746094
12051,,39.22446823120117
28067,35.4,38.50900077819824
34035,36.3,37.02170753479004
17111,32.2,33.85171890258789
19091,37.6,36.190425872802734
37015,39.4,40.35716247558594
19103,26.6,30.348498344421387
47007,40.4,39.778398513793945
45069,37.3,39.786672592163086
26071,41.8,42.659502029418945
27055,31.4,36.20622444152832
27169,29.9,35.90525436401367
05129,42.7,43.178279876708984
37041,39.8,42.78581619262695
29035,39.6,40.33831024169922
05005,43.6,43.03463363647461
34027,34.6,36.563777923583984
40137,39.9,40.432334899902344
29187,38.3,37.95057678222656
26077,31.6,32.11141014099121
37171,39.7,40.67427062988281
18071,36.4,37.7094669342041
51036,42.2,42.03483772277832
21177,38.2,40.05414581298828
37195,36.9,38.07208824157715
46119,37.7,38.23309516906738
41011,33.8,39.87602996826172
54089,42.6,42.74757194519043
26127,38.5,39.189260482788086
27051,34.8,38.98194122314453
19019,35.5,37.1048469543457
22119,40.8,40.37951469421387
19037,37.2,38.67661476135254
17193,37.4,40.14406204223633
48133,40.7,41.581411361694336
21109,41.0,40.546979904174805
08065,29.4,32.6281623840332
48417,38.9,38.30827713012695
48257,33.4,35.41118240356445
48203,37.1,38.546438217163086
36023,33.7,33.69184112548828
31071,37.6,37.885284423828125
22097,38.7,38.39622497558594
36105,35.2,37.63043975830078
51680,31.8,34.18312454223633
06075,32.9,33.55360412597656
20181,38.3,38.302555084228516
39147,36.3,37.92289924621582
17203,34.2,35.969940185546875
48481,38.2,38.784427642822266
29177,37.4,40.11416053771973
51678,29.7,32.65791893005371
05003,37.3,40.673349380493164
54033,42.0,38.04879570007324
55077,38.8,41.51939582824707
05007,33.3,35.58209800720215
29091,40.3,41.72176933288574
12095,,37.94807243347168
18041,39.5,40.008649826049805
40027,31.1,34.57827568054199
29183,34.1,35.00838279724121
48185,38.8,38.724735260009766
21119,40.8,41.785491943359375
20111,37.0,35.65654945373535
47167,36.7,37.30940818786621
21013,41.1,42.1810302734375
45001,37.9,41.15911674499512
40093,39.8,40.40532112121582
46025,37.2,37.4324836730957
46135,35.5,36.44466590881348
01103,39.6,38.7802791595459
39009,33.8,33.19256591796875
28021,35.3,37.735042572021484
13131,39.8,40.21570587158203
29111,37.2,39.86912536621094
28153,37.9,38.78814125061035
39037,37.7,38.77661323547363
30073,32.0,37.45829772949219
20159,38.5,38.01011276245117
41027,31.9,35.00193214416504
42041,32.4,36.0380744934082
21123,37.4,38.68300437927246
42061,35.6,37.197364807128906
55081,36.2,36.818830490112305
19113,33.5,33.58422088623047
17179,34.3,36.00204277038574
05099,39.6,40.56488037109375
13019,39.6,40.91654396057129
22063,35.6,35.959577560424805
47045,37.9,39.56348419189453
46079,37.4,35.25990104675293
45023,37.3,39.83014106750488
46047,40.7,40.093339920043945
47083,39.6,40.825721740722656
45043,39.9,41.03822135925293
49009,38.3,35.53349494934082
47135,41.0,42.21920394897461
47161,40.4,40.39358901977539
36049,38.1,37.18083190917969
12085,,39.14979553222656
21077,36.5,37.125661849975586
12047,,41.415855407714844
05071,38.2,39.88848304748535
19039,36.1,38.22751808166504
27153,35.9,38.65012550354004
31115,39.9,39.71602821350098
46045,36.5,36.55730056762695
47107,38.1,41.1641845703125
51169,42.2,43.0146598815918
37023,39.4,39.84025573730469
27063,33.0,37.16445732116699
48101,42.6,41.42694854736328
45021,38.6,39.61891555786133
45061,39.8,39.0352725982666
16063,32.5,35.4826602935791
08071,37.2,38.25592803955078
19195,36.9,37.25569534301758
29037,37.0,39.30070877075195
39005,36.1,38.492610931396484
38097,34.7,37.69330024719238
08059,32.0,33.50524139404297
17039,35.6,36.332942962646484
37191,35.4,37.08847999572754
45059,40.2,39.79620933532715
45077,33.5,37.35456848144531
51093,38.4,39.15214538574219
30093,30.2,33.02988243103027
29033,38.0,40.628549575805664
50011,32.4,35.00166320800781
29131,39.2,40.041059494018555
51790,37.5,39.81833839416504
26069,42.0,42.98127365112305
28131,36.7,38.57456970214844
13073,35.7,37.309356689453125
35035,32.6,35.40681457519531
06069,31.9,34.68375205993652
21005,35.2,36.31833839416504
36019,34.7,34.73138999938965
13219,36.5,36.90042495727539
19121,33.5,36.46773147583008
18043,34.5,36.30867004394531
22079,37.9,37.65569305419922
17063,32.8,34.95092010498047
05085,35.7,36.53837013244629
21061,38.9,42.03970527648926
31079,34.7,36.35182189941406
37163,37.4,39.231895446777344
47049,42.6,42.04178810119629
51037,41.4,41.55828666687012
13239,44.3,42.07216453552246
36109,26.6,32.34406757354736
47041,40.3,39.891279220581055
18021,36.3,37.1289005279541
17027,34.7,35.55402183532715
29071,37.6,37.86538124084473
20135,41.7,40.59514808654785
18119,38.3,39.60544776916504
17097,32.0,32.9893856048584
29121,37.2,39.41794776916504
29135,35.9,37.35135459899902
22061,33.2,34.529869079589844
47119,38.4,37.99201583862305
49011,31.3,31.02711582183838
53003,36.4,36.157732009887695
26153,41.0,42.0128173828125
21183,37.6,39.39553642272949
37097,36.9,37.80803680419922
48147,37.4,39.06212615966797
46077,37.7,37.342769622802734
48483,40.4,41.61076354980469
51029,39.6,40.43067741394043
48107,38.8,40.938283920288086
21075,38.9,40.53625297546387
37123,39.7,40.670738220214844
19067,34.3,38.36769104003906
42023,41.0,39.60231971740723
27101,35.8,37.085500717163086
01005,39.4,40.907073974609375
30109,34.9,38.25020980834961
39099,34.9,37.52796173095703
08037,29.7,30.901549339294434
13169,36.7,38.61259078979492
21099,39.8,39.5736141204834
31159,32.9,36.182376861572266
42093,35.1,36.51862335205078
27105,32.4,37.074750900268555
42099,35.8,38.377315521240234
05023,42.2,43.21370887756348
05027,34.9,38.549713134765625
05029,40.6,39.57453536987305
31165,39.7,38.990684509277344
37111,37.2,40.05956840515137
11001,29.1,31.64176654815674
12027,,40.96418380737305
13089,35.1,34.363107681274414
47181,39.5,40.88917922973633
20075,36.3,38.3704719543457
28033,35.0,34.70260047912598
47065,35.2,37.98816108703613
16047,32.4,36.08593559265137
36039,35.5,37.59644889831543
31121,34.2,38.49238967895508
50025,30.4,35.37698173522949
38031,35.6,37.55438995361328
27097,34.3,37.56186485290527
13267,37.7,37.72370529174805
13167,39.8,40.959293365478516
13015,35.1,37.71189308166504
01011,37.9,38.85707092285156
51021,41.5,41.42451286315918
48031,41.3,41.80286979675293
51690,39.9,39.352325439453125
51085,36.9,37.173912048339844
21035,36.3,36.55674362182617
27061,35.4,39.15358543395996
08083,35.6,38.784170150756836
21185,33.8,32.36002826690674
17011,36.2,38.095890045166016
40037,37.2,38.54502296447754
48269,42.2,35.72710609436035
40041,41.4,42.43055725097656
13013,36.1,36.66848182678223
39017,34.6,35.758127212524414
39027,35.0,37.709407806396484
13159,39.8,39.26663017272949
24009,36.2,37.018842697143555
21087,41.2,40.88389587402344
51071,39.9,40.28408241271973
54005,43.5,42.885093688964844
01079,39.2,39.642784118652344
12039,,39.22343063354492
13095,36.4,37.259971618652344
28113,37.9,39.30376434326172
50017,33.6,35.48712730407715
39029,34.4,37.78927803039551
48169,33.4,36.28543281555176
48223,38.3,39.24025535583496
36121,35.8,36.461984634399414
36067,33.4,34.9443244934082
31083,39.0,41.6811408996582
48489,37.8,40.08997344970703
01113,36.6,37.83394432067871
19013,34.1,33.19682693481445
26133,38.6,41.10745620727539
19157,34.9,37.47235679626465
37103,40.0,42.185983657836914
48415,36.5,37.371320724487305
51199,35.8,37.230478286743164
13281,44.9,40.391605377197266
23011,37.8,35.41727828979492
16023,37.3,38.01521682739258
48429,38.3,40.13844299316406
29159,37.3,38.89035987854004
30065,35.7,39.69906234741211
40129,40.4,41.04179382324219
19073,37.9,37.97089385986328
27015,30.9,36.455833435058594
21033,38.8,39.88286209106445
46097,37.6,38.13050651550293
54001,40.4,41.53641700744629
47113,37.2,36.962669372558594
55117,34.2,36.91178512573242
26047,37.3,38.729299545288086
45071,36.5,39.356082916259766
18067,36.2,36.483341217041016
13079,41.8,39.70915985107422
36017,36.7,38.26035118103027
55079,33.0,33.45275115966797
48265,42.2,42.223228454589844
37065,37.5,39.526145935058594
48145,38.4,40.57545471191406
01039,38.8,41.78872489929199
12065,,38.931814193725586
48233,38.1,38.634756088256836
12035,,36.97661209106445
13033,37.6,38.04896545410156
16009,36.0,38.636335372924805
31051,39.3,37.18739891052246
13163,38.7,40.40778160095215
36061,34.6,33.43758964538574
27139,29.4,32.11448669433594
39057,34.4,34.98122596740723
37107,38.1,39.794715881347656
13029,34.0,33.47279739379883
01025,38.8,40.175092697143555
26119,43.7,43.694929122924805
28123,37.8,38.38985252380371
42025,35.6,37.24090385437012
31009,36.4,40.547353744506836
20207,41.8,42.132219314575195
05089,43.4,43.04932403564453
19139,32.9,34.99535942077637
31025,37.7,36.81877517700195
05079,35.3,37.78885841369629
34009,40.0,38.26688766479492
17081,35.2,36.6167106628418
13205,38.8,39.71913146972656
19003,38.0,40.0348014831543
31021,37.8,39.86774253845215
17159,35.8,37.390560150146484
01099,40.5,41.41670608520508
17113,30.4,30.670586585998535
22127,38.2,39.38698387145996
36095,35.5,38.17180252075195
46005,35.8,36.58881950378418
51011,39.5,40.4184627532959
55011,38.4,38.02844047546387
18073,35.7,37.74404335021973
48289,42.0,42.46859550476074
48309,35.3,37.324745178222656
13151,34.6,35.67361259460449
16057,28.2,30.14647674560547
13059,31.9,33.267629623413086
19143,36.8,37.47662353515625
12101,,39.94120979309082
21053,38.7,41.62900733947754
42049,36.1,34.64864158630371
16077,33.9,36.87747383117676
20095,40.2,39.65718650817871
31091,37.6,39.9102783203125
47177,38.9,40.120351791381836
55023,39.3,39.1980037689209
27059,32.4,34.83108711242676
48089,39.9,40.90002632141113
55005,37.2,39.04806327819824
08025,31.0,34.782339096069336
48227,36.6,36.28020668029785
48423,37.7,38.295955657958984
46051,37.8,37.598283767700195
48247,40.9,37.8184814453125
18175,36.0,38.31242752075195
42011,32.6,36.226173400878906
51530,37.2,39.47759246826172
53069,42.7,41.82695960998535
13111,43.3,42.12127113342285
18115,38.0,38.375308990478516
19051,37.6,39.59899711608887
29213,38.9,39.926923751831055
48195,38.3,37.2132568359375
01131,39.6,40.6262321472168
17065,36.1,39.153350830078125
48451,35.4,36.243947982788086
39157,36.4,38.16681671142578
39151,35.6,37.09848213195801
29207,38.3,41.23281669616699
31023,34.1,38.03391456604004
48193,42.0,41.870201110839844
05065,41.5,42.49185752868652
29215,38.8,41.82813262939453
18075,37.0,38.029361724853516
28069,35.8,39.639892578125
33011,31.8,35.644283294677734
17021,36.0,37.32497215270996
21129,40.1,41.4208927154541
47017,40.2,41.1727352142334
51063,40.5,40.3740234375
31113,35.5,37.502248764038086
20183,42.2,41.70052719116211
35055,36.8,38.88992881774902
05131,36.5,37.18764686584473
23015,39.6,38.82654571533203
13221,39.6,38.785213470458984
30055,34.3,38.60159111022949
48361,38.8,38.43765068054199
48043,39.5,38.48868179321289
06045,38.1,36.59648323059082
56017,37.5,38.5519962310791
51001,41.3,42.10490417480469
30063,28.8,32.07940483093262
51105,44.1,42.84071731567383
17181,37.0,38.51898002624512
36031,38.0,36.958852767944336
22005,35.5,35.43908882141113
06073,32.8,33.33963203430176
51059,36.8,36.39015579223633
22125,36.6,36.14805793762207
53017,33.4,36.26688003540039
05135,42.4,44.070533752441406
27021,35.3,40.23951721191406
20103,36.2,34.206214904785156
37185,39.7,41.229814529418945
26029,39.8,39.66677474975586
13225,37.4,37.017812728881836
21027,40.1,41.04487609863281
45003,39.0,38.794301986694336
47009,38.4,38.63737678527832
25023,35.4,35.86505317687988
45053,38.8,39.304264068603516
55057,37.5,38.890995025634766
05077,39.2,39.464494705200195
01063,41.1,41.43701362609863
06051,34.3,34.42599296569824
33003,38.4,39.68582534790039
17141,35.0,35.974273681640625
41005,31.2,34.95752716064453
45047,34.7,38.78072738647461
27125,35.1,36.81402015686035
47175,43.3,43.61079406738281
21113,35.6,35.843997955322266
55045,37.3,36.15751266479492
31141,34.9,36.17463684082031
47011,37.8,39.10050010681152
16017,35.1,38.23484992980957
48351,42.3,42.75574493408203
51089,43.3,42.26808738708496
41057,37.0,39.202524185180664
51119,45.6,43.36224365234375
46009,34.0,37.517507553100586
48127,40.2,40.21349906921387
37165,38.0,38.866201400756836
38009,36.3,38.03573417663574
29143,41.1,40.57236862182617
06049,40.2,41.03823661804199
22077,40.1,40.493263244628906
47123,42.8,41.64846420288086
06035,33.4,33.90435218811035
18123,35.9,36.7070198059082
38055,38.7,37.75382995605469
16055,34.6,34.31564521789551
32033,36.4,36.746835708618164
41045,32.6,36.66140937805176
28115,35.6,37.645944595336914
21235,36.6,38.522748947143555
27127,34.2,38.48512268066406
35043,33.5,36.48615837097168
41023,37.0,38.40896034240723
27115,35.3,38.374229431152344
06031,32.2,33.42344093322754
53025,33.4,34.4788703918457
22107,43.4,41.52946853637695
48037,37.5,37.79385757446289
55033,32.6,33.876136779785156
55095,38.0,38.20398139953613
56029,34.8,36.49254608154297
06047,33.5,33.78301429748535
13031,32.8,33.123860359191895
54077,38.4,38.82482719421387
24027,36.7,36.920875549316406
17163,32.3,34.89316749572754
22085,40.6,41.0101261138916
33007,38.0,39.40024948120117
24043,39.7,35.10312843322754
48097,38.4,39.00351905822754
23007,39.6,38.09543800354004
20049,44.1,43.13915824890137
47151,40.5,41.08763885498047
21101,37.7,38.04393005371094
38029,37.1,39.35014343261719
21127,39.8,41.119035720825195
27029,33.5,38.65363883972168
48453,32.0,33.669190406799316
27137,30.5,34.59918975830078
39117,35.7,38.60260009765625
16037,37.8,39.39162635803223
08073,32.1,36.33887481689453
08117,29.0,31.878844261169434
41019,35.3,37.87965965270996
26089,39.1,40.424028396606445
51171,39.4,39.08348846435547
29045,40.2,41.12944221496582
30019,34.8,38.838348388671875
30079,37.9,39.07778739929199
30009,32.9,37.32852745056152
05145,39.9,38.47166061401367
06079,33.4,35.372047424316406
16027,35.2,35.10691452026367
35009,31.1,33.42703819274902
29189,32.6,36.02079391479492
41007,32.1,37.5849666595459
48137,44.7,43.05230712890625
18063,33.8,34.6173095703125
48411,39.0,41.62974166870117
12067,,41.90960121154785
36073,37.1,37.06214141845703
45009,38.6,40.70947456359863
45013,34.4,40.17817306518555
46099,31.9,33.49149036407471
56035,34.9,36.54102325439453
41069,39.2,41.75582695007324
42029,35.0,35.16315269470215
01091,39.7,39.94119834899902
21073,34.7,37.76810646057129
21029,36.9,36.34863090515137
40007,38.9,40.148122787475586
55061,37.2,37.70617485046387
40045,41.4,42.06948661804199
01097,37.8,38.12003517150879
26125,32.3,34.74474906921387
26145,34.7,37.01133918762207
20167,39.2,41.062564849853516
45031,37.1,38.572784423828125
55139,34.7,35.864524841308594
53077,33.1,35.24794578552246
39133,33.8,35.17082977294922
49003,33.3,33.5319881439209
01077,38.7,39.49327850341797
42009,36.3,41.05198097229004
41039,32.2,35.12378692626953
41043,30.5,35.689626693725586
39127,37.7,39.10886192321777
06039,34.5,35.45011901855469
17073,34.9,36.47352409362793
16033,33.5,36.899858474731445
48217,39.3,40.71220588684082
54105,43.0,42.819936752319336
12079,,41.45446968078613
49051,29.6,32.194976806640625
36045,32.1,33.34720039367676
51083,43.9,42.771907806396484
39139,34.0,37.510196685791016
45073,42.8,40.8792610168457
05087,39.9,39.640628814697266
05101,41.4,42.4732666015625
48343,39.2,41.15092086791992
36025,37.3,38.03788185119629
30049,30.2,32.74068641662598
31049,38.7,40.68705940246582
37121,39.8,41.30061912536621
13125,39.4,40.47324180603027
06083,32.5,34.68613624572754
27077,36.6,38.1809139251709
19169,27.4,28.884422302246094
39123,38.7,38.27743911743164
26139,30.5,33.10458183288574
35061,35.8,36.539947509765625
48381,35.6,36.12484359741211
48073,38.1,39.0933780670166
49015,34.9,37.30179214477539
45091,36.0,36.65736389160156
08057,36.3,39.77620315551758
53019,39.2,39.66329383850098
53057,34.0,35.93818473815918
38007,35.3,38.30554008483887
47021,37.7,37.984079360961914
48445,38.3,39.74819755554199
54071,45.4,42.379638671875
05035,36.6,37.66156578063965
06071,33.1,33.839046478271484
55035,33.9,33.37044906616211
38053,30.7,32.414398193359375
29003,36.7,37.957035064697266
48085,33.8,34.95259666442871
27003,31.6,32.94863319396973
21149,38.2,39.37241554260254
24045,35.0,35.875871658325195
41001,36.3,37.488922119140625
49005,28.0,28.864112854003906
30013,32.2,34.824520111083984
41025,35.1,38.224538803100586
42053,35.1,40.65966606140137
30053,36.3,40.07524108886719
21227,33.6,34.009931564331055
21039,39.8,41.13840293884277
35027,38.1,40.37022590637207
21047,32.8,34.16352081298828
34005,37.2,35.79779815673828
21135,41.1,42.50031852722168
06077,34.6,33.07059860229492
01107,38.4,39.955989837646484
47157,33.2,35.487199783325195
20133,38.6,39.59954071044922
06009,39.4,40.23336982727051
23017,38.2,40.28980255126953
23031,35.5,36.30985450744629
30033,33.5,37.99612236022949
40101,39.0,38.65199279785156
13269,41.9,41.357378005981445
36089,33.9,36.72780990600586
40065,34.9,35.633949279785156
08093,35.5,36.14620780944824
12105,,39.325082778930664
08123,30.1,32.275259017944336
39161,36.8,37.369422912597656
36071,33.0,34.56664276123047
28063,36.1,37.4236946105957
36115,38.3,36.753705978393555
10003,35.3,36.412649154663086
48229,34.8,39.30460166931152
01021,38.3,39.52821731567383
08045,31.1,33.22377014160156
01067,40.5,41.49479103088379
48435,39.8,38.07833290100098
27123,30.7,32.52848434448242
33015,34.0,35.13349914550781
49039,31.5,34.06606483459473
06093,39.3,39.14263916015625
47139,40.0,41.44624328613281
47029,41.7,42.05942916870117
41015,38.4,41.0858039855957
27135,33.5,36.02221870422363
22041,39.4,40.00637626647949
22029,39.2,38.91773223876953
48473,32.0,36.277299880981445
48291,36.7,37.429744720458984
06067,31.5,33.423757553100586
30099,33.0,37.003360748291016
13129,37.4,38.29666519165039
16043,32.9,35.51397132873535
54037,35.3,35.84281921386719
32001,36.9,35.7796516418457
32015,36.7,35.492515563964844
13295,38.3,39.450191497802734
17197,32.8,32.97850227355957
22011,37.1,37.80355262756348
31033,37.0,37.88029670715332
56025,32.4,33.79999351501465
41013,36.0,37.59105682373047
19119,33.7,35.68090057373047
16069,33.0,35.9306697845459
51700,35.3,34.521339416503906
22051,38.9,37.88261795043945
35057,38.1,38.95592498779297
45055,37.3,38.79728698730469
54053,42.9,41.179508209228516
42115,38.3,40.53300857543945
47057,41.0,42.02298927307129
48025,34.9,35.88529968261719
41037,35.1,38.38155555725098
13153,36.7,35.79230499267578
48469,37.8,38.77741241455078
37045,38.2,39.64568328857422
34011,36.4,36.8882942199707
34039,34.1,35.74565124511719
12015,,38.867618560791016
01123,41.4,41.46089172363281
26081,34.4,32.39256286621094
26083,41.3,41.199214935302734
49035,30.1,31.878321647644043
21181,38.8,40.9902286529541
22087,37.1,36.63927459716797
51061,36.3,37.78421592712402
13145,38.1,38.887250900268555
42059,35.5,37.03190994262695
51069,37.1,37.119136810302734
13071,36.4,39.43554878234863
12029,,42.481285095214844
46059,36.8,39.13168144226074
42045,33.1,35.27366828918457
27069,34.6,38.17060470581055
42035,33.7,37.15667152404785
39115,39.3,42.88736915588379
44009,34.1,36.01668739318848
06095,33.1,35.79112243652344
36111,33.9,35.49800682067871
01125,34.3,33.8602180480957
28011,37.4,35.6318244934082
53041,36.6,37.99973106384277
54081,42.6,39.1754035949707
05125,36.9,37.26315116882324
20091,37.8,36.167938232421875
48277,38.6,39.404767990112305
13231,36.3,38.44844055175781
12086,,39.35906791687012
29139,38.4,40.401567459106445
13185,33.4,35.089460372924805
16019,32.8,33.79000663757324
06115,32.4,33.18679428100586
13317,41.4,42.01795196533203
17071,37.7,38.17592239379883
16015,36.7,37.622032165527344
34007,36.0,35.861968994140625
51175,40.0,39.27833938598633
29017,40.4,41.80849266052246
37143,41.0,43.91594886779785
48299,43.2,43.54815483093262
54007,43.0,44.31668663024902
31063,35.1,39.859304428100586
21097,38.0,38.94456100463867
18089,35.2,36.50921630859375
42073,35.3,38.8861083984375
42079,33.5,36.38041687011719
22053,38.2,38.93829917907715
42095,34.0,36.210527420043945
36103,36.7,35.96664237976074
16025,37.5,36.9963321685791
29107,39.9,38.155059814453125
37177,40.2,40.88425254821777
08033,34.5,39.71609115600586
08051,27.7,31.57015609741211
31139,34.7,36.0386848449707
04025,39.2,40.70039939880371
01049,40.0,40.3256950378418
46111,36.7,38.02474784851074
53007,34.0,35.48227310180664
51087,39.8,36.00294303894043
48245,35.1,37.62785339355469
27083,31.4,33.86688232421875
47125,32.6,32.39889430999756
56003,35.0,37.38747978210449
05067,38.4,40.4521598815918
05069,37.8,38.855825424194336
31027,34.2,38.236392974853516
06027,36.8,38.231069564819336
51670,37.5,37.551382064819336
22101,39.4,40.15566825866699
42129,35.3,37.615257263183594
54087,43.4,42.74981498718262
17043,31.2,34.69220161437988
21089,38.0,40.586687088012695
24037,36.6,35.9578857421875
21095,40.3,41.41869926452637
30071,35.0,38.59490966796875
42111,37.8,40.34638786315918
12059,,41.09128761291504
23003,41.4,41.96516418457031
38093,33.9,37.27930450439453
30037,36.1,39.863460540771484
39061,32.7,34.39141845703125
49013,30.8,34.2070369720459
49041,36.5,35.37164306640625
49047,29.3,32.634690284729004
19061,34.3,35.574899673461914
30025,31.2,36.425493240356445
42001,36.7,37.8149356842041
47133,41.0,41.05881881713867
39055,37.8,36.95577049255371
22023,39.6,39.144636154174805
48349,38.3,38.76466941833496
40085,37.9,40.10564994812012
55003,38.5,36.560672760009766
26033,34.5,36.740455627441406
30081,33.4,37.7274055480957
30029,31.6,34.968929290771484
40033,39.4,40.49313545227051
40067,40.3,41.638370513916016
29179,42.8,41.74423408508301
12077,,38.11263656616211
04015,37.2,40.657732009887695
21105,41.7,40.75192070007324
23029,42.5,42.88290596008301
22113,40.3,38.26095771789551
30087,33.2,36.75982856750488
27007,31.2,34.250051498413086
40131,33.7,36.97281074523926
41063,35.6,37.27039909362793
48053,38.7,40.53372764587402
13289,41.2,42.343360900878906
26097,39.7,42.42441749572754
47089,37.9,40.28801727294922
40151,35.0,37.11915588378906
12127,,39.242258071899414
48095,41.8,38.8726749420166
47149,33.7,33.32923698425293
40103,38.2,38.882436752319336
30059,36.2,37.70911979675293
39023,34.6,38.5135383605957
31123,36.7,38.5247859954834
29109,36.9,39.622426986694336
51167,41.8,43.16738700866699
40089,39.1,39.3660774230957
01105,40.1,39.67338562011719
54043,43.2,44.43918418884277
17125,37.3,38.64427185058594
