county_fips,per_diabet,pred_outcome
13027,20.0,17.128461837768555
31095,13.4,12.770586490631104
51683,12.0,10.68206787109375
56021,10.5,9.672052383422852
13135,12.6,11.470073699951172
20001,12.5,13.328155040740967
27065,12.8,11.818295001983643
28107,18.4,17.034621238708496
31185,11.2,10.934096813201904
42063,,11.702046871185303
48327,17.6,16.047677993774414
29173,14.1,13.420158863067627
48151,14.5,14.090740203857422
51183,16.2,15.809557914733887
47183,13.9,13.417299747467041
26105,13.8,12.393277645111084
48159,13.0,12.167905330657959
08075,11.2,11.572291851043701
22119,19.5,18.249863624572754
31045,10.6,10.672938823699951
51139,14.1,13.130524635314941
13161,16.4,16.486788272857666
18117,14.7,13.605663299560547
27015,11.5,10.83204460144043
31079,12.0,11.039076328277588
21223,,13.31137228012085
55113,15.2,13.151910781860352
41027,11.3,9.898835182189941
21169,,15.367461681365967
26007,14.2,13.534536361694336
19095,11.7,10.416021347045898
13061,21.5,22.454294204711914
18177,14.7,13.247713565826416
29227,15.5,13.261463642120361
31157,13.0,12.39271879196167
39107,12.1,11.250591278076172
01015,14.8,14.179203033447266
37095,17.0,16.940144538879395
19019,11.1,10.037522315979004
27121,12.2,11.290836811065674
21181,,15.756577014923096
42053,,15.615114688873291
46077,12.1,11.160747051239014
48375,15.3,15.38307237625122
48413,14.8,16.567387580871582
51580,16.6,14.247492790222168
54063,17.9,15.03174352645874
48499,14.6,14.186044216156006
18041,15.4,14.245129108428955
28023,17.8,17.38115692138672
04023,15.5,12.843231201171875
17007,12.2,10.625880718231201
28039,13.1,13.420527458190918
37113,14.2,15.059638023376465
40025,13.7,13.331369400024414
01043,13.4,12.806838035583496
39065,12.9,12.7447190284729
20105,14.2,12.441553115844727
22059,13.1,12.54143476486206
36123,11.6,11.798978328704834
21035,,11.956123352050781
48045,17.5,16.25020933151245
48265,14.7,13.907557010650635
20009,13.4,13.285027027130127
16075,11.8,12.366938591003418
48269,16.8,12.23221731185913
39161,13.2,12.801731586456299
46125,11.8,10.910687446594238
19129,11.3,10.008267402648926
26001,16.0,14.68375825881958
48165,11.8,13.264543056488037
13201,17.8,16.854796409606934
18013,14.7,12.15140151977539
19023,12.6,11.576295375823975
40043,13.5,13.309507846832275
31151,11.8,12.320608615875244
37069,12.8,12.930158615112305
21219,,14.020570755004883
48393,11.6,11.590336322784424
54031,19.0,14.213635444641113
48399,14.7,14.127755641937256
48301,,15.78526496887207
31089,12.9,11.113269329071045
17175,12.7,12.7246675491333
48193,14.6,13.875000953674316
16009,13.5,13.53461742401123
19109,13.1,11.393681526184082
28141,15.0,14.82591962814331
31131,11.9,11.576847076416016
46051,12.8,11.448542594909668
16067,12.3,12.35623836517334
19157,11.4,11.073638916015625
22001,16.5,13.94031572341919
37079,15.9,16.406131744384766
42011,,11.535327911376953
51600,11.1,9.188921451568604
48335,13.3,14.0999755859375
51790,12.9,11.316137313842773
20171,11.4,10.801422119140625
31001,11.8,10.287954807281494
45053,17.0,16.266639232635498
38047,13.2,12.105027675628662
29081,14.7,13.964133739471436
20157,14.3,12.612662315368652
28087,15.5,14.992776870727539
51590,19.9,18.511021614074707
51650,15.0,13.751756191253662
05029,15.6,13.65303373336792
17139,11.6,12.063540935516357
19105,11.9,11.13782262802124
27097,12.0,11.351422786712646
29151,11.2,10.941543102264404
40061,15.4,15.525102615356445
46057,10.1,10.356565952301025
54007,19.1,16.446032524108887
05111,14.6,15.440269470214844
21137,,14.518865585327148
17027,11.3,10.647289276123047
37147,12.0,12.350869178771973
29207,14.2,14.628475666046143
17045,13.6,12.410340309143066
21191,,12.791385173797607
36073,11.7,12.789592742919922
38011,11.4,11.26332139968872
01117,11.2,10.831539630889893
13217,14.4,13.84681749343872
39157,13.6,12.875312328338623
19135,11.7,11.237284660339355
18113,13.2,11.822827339172363
29141,15.8,15.648754596710205
36067,10.9,11.273048877716064
48493,13.1,11.030241012573242
46087,11.0,10.238407135009766
48233,12.9,13.271872997283936
51840,14.2,11.296539306640625
40105,15.2,15.35912561416626
31129,12.7,12.594239711761475
48325,14.4,12.155491352081299
17005,11.6,11.36925745010376
45069,20.5,18.963607788085938
39069,13.1,12.40002965927124
21007,,14.028887271881104
46111,12.6,11.682681560516357
48009,12.7,12.020528316497803
21063,,17.55126190185547
38065,11.7,11.817433834075928
37063,10.5,11.083855152130127
19165,12.5,11.124477863311768
19175,12.1,11.978798866271973
47065,12.7,12.119617462158203
55087,10.3,9.175775051116943
17165,13.5,12.742507934570312
47109,16.2,14.715347290039062
31103,14.2,11.897797107696533
31113,12.0,12.119549751281738
40053,13.5,12.571709156036377
46007,18.7,17.545170783996582
48195,13.6,12.908761501312256
19103,8.8,8.354001522064209
17081,13.0,12.532177448272705
47015,14.5,13.124332904815674
18085,13.0,11.84134578704834
20059,11.5,11.392628192901611
27153,13.3,12.76973295211792
38077,10.5,10.062745094299316
23015,11.8,10.62948751449585
20057,13.1,12.166993141174316
17145,13.2,12.798044204711914
17093,9.4,9.009599685668945
29099,11.2,11.032782554626465
29105,14.0,13.548441410064697
26039,14.9,13.114338874816895
29127,12.8,12.862308025360107
42093,,11.21983003616333
26143,15.7,14.403966903686523
12009,13.1,11.245705604553223
31119,11.8,10.929811954498291
31135,11.9,12.383798599243164
35021,19.6,15.307849407196045
51173,15.4,15.194766521453857
27085,11.4,10.868180274963379
48155,18.2,15.964832782745361
31167,11.5,10.403491497039795
31179,9.7,8.963953018188477
38045,12.5,12.258410453796387
39089,12.9,11.204607009887695
05053,12.0,12.18701696395874
47111,14.6,13.629683494567871
20107,12.5,12.910971641540527
20061,9.3,10.131793975830078
19041,12.3,11.050443172454834
20169,12.1,11.449241161346436
20037,11.2,10.373661518096924
48095,14.2,11.70411491394043
48107,17.1,16.27601909637451
26043,12.6,11.06122350692749
37163,15.6,16.342058658599854
48117,16.4,14.295230865478516
26067,11.1,11.167264461517334
21141,,13.430312156677246
48127,23.4,18.54156494140625
27055,11.3,10.471493244171143
51025,18.2,17.227890968322754
27039,9.6,8.916889190673828
27047,12.9,12.149600982666016
26149,12.8,12.501949310302734
17051,12.7,12.867673873901367
17055,13.9,13.27138376235962
48131,18.8,16.110142707824707
21025,,16.126975059509277
27041,11.4,10.920362949371338
46067,12.1,10.934481143951416
48023,14.9,14.241393566131592
46047,16.4,13.336364269256592
46097,13.3,11.217212200164795
25003,10.9,10.800636768341064
27073,12.2,11.60270643234253
44003,11.8,10.491747379302979
51011,14.8,13.834010124206543
31003,12.9,12.108179569244385
56005,9.9,8.955987453460693
45061,20.1,19.213576316833496
48047,19.8,19.953943252563477
51013,8.0,7.79100489616394
51065,12.6,11.754166603088379
53021,10.8,11.674575328826904
53059,11.2,11.04418420791626
51109,14.1,12.672009944915771
51115,15.2,13.554860591888428
48191,17.5,17.541645050048828
31023,11.3,10.90209674835205
05065,15.9,14.497262477874756
38043,12.8,12.448869705200195
37077,13.6,13.00343656539917
37109,11.5,11.214745044708252
51660,10.2,10.251635074615479
51690,18.6,16.239097595214844
19001,13.1,11.74249792098999
39073,15.7,14.226704120635986
13243,24.9,21.475854873657227
48507,22.6,16.971842765808105
48011,12.6,12.036634922027588
13265,21.7,20.36796760559082
19035,13.7,12.010119915008545
05025,15.0,14.171541690826416
08091,10.0,9.507258415222168
05147,18.3,16.726685523986816
48429,13.8,14.430567741394043
27109,9.5,9.030792713165283
13301,20.2,20.49217700958252
48359,13.3,11.719504356384277
29089,12.0,11.608906745910645
13125,14.5,14.096680641174316
13085,11.6,11.01251220703125
05123,18.9,18.837592124938965
55125,13.8,12.584810256958008
39093,14.2,12.144009113311768
28135,18.9,19.400965690612793
29021,13.0,12.119065761566162
48187,12.8,11.025798797607422
48235,13.4,15.926918029785156
12027,17.6,17.228952407836914
18039,13.6,12.64234972000122
48237,13.4,13.521326065063477
40037,13.4,13.542586326599121
29169,8.6,9.893574237823486
19039,14.2,12.556199550628662
08079,10.5,10.580633163452148
01061,16.4,15.547770500183105
01017,17.9,16.97628402709961
12081,14.0,15.096923351287842
08121,10.5,12.137137413024902
19079,12.1,10.646893978118896
20139,12.5,12.450986385345459
48311,17.8,13.682952880859375
19093,12.4,11.390998840332031
08099,12.6,12.344828128814697
39135,13.4,12.531376838684082
39137,12.3,10.48363971710205
17179,11.2,10.961058139801025
19161,12.5,11.316342830657959
48403,16.6,14.902295112609863
19181,9.7,8.967987537384033
19107,13.4,11.584051609039307
39155,15.5,13.53984022140503
48463,15.7,15.098920822143555
48469,14.5,13.991806507110596
08025,11.0,12.8830246925354
08027,12.4,12.326621532440186
08005,8.5,8.204696416854858
08043,11.4,12.153355598449707
48261,18.5,16.269943237304688
48433,15.8,13.951365947723389
48227,13.7,13.529493808746338
40001,17.5,17.386120796203613
36039,11.7,11.923449039459229
05047,14.6,15.107697486877441
36041,13.4,13.046677112579346
36113,11.2,11.296235084533691
36057,11.5,12.693132877349854
36093,10.2,11.381077766418457
51137,12.9,11.946743488311768
40091,17.7,17.38630485534668
37075,13.1,14.844881534576416
01131,23.8,22.72071647644043
01107,18.0,17.129634857177734
54061,10.8,8.592508792877197
29063,12.5,11.549723148345947
54085,17.9,16.366413116455078
31061,14.2,13.90071153640747
12007,14.4,15.60905647277832
48021,13.4,12.53231954574585
53051,13.3,12.97193717956543
13019,16.0,15.601985454559326
28067,16.0,14.212390422821045
51023,13.0,11.675874710083008
51067,15.1,13.177353382110596
32029,12.4,11.939905166625977
29139,13.9,13.62386417388916
13229,14.3,14.049081325531006
37127,15.0,15.311366558074951
47051,13.9,13.254652976989746
18035,13.5,12.949399471282959
20159,11.9,11.522061824798584
38049,11.9,11.034566879272461
20103,10.8,9.488272190093994
13079,15.5,14.871635437011719
20141,14.0,13.121572494506836
20163,12.3,12.120728015899658
26087,11.9,11.585887432098389
38041,11.7,13.072838306427002
18179,12.7,11.944557189941406
19087,12.5,11.135159015655518
22091,19.8,19.326208114624023
18097,13.0,11.00611162185669
18159,13.5,11.599372386932373
17141,12.2,10.387584686279297
20161,7.2,8.01155710220337
20089,15.8,13.458621978759766
20143,12.2,11.515571594238281
20179,11.8,12.183297157287598
13193,21.1,19.765801429748535
29015,16.7,15.260126113891602
13249,15.1,13.927409648895264
22049,17.7,16.329123497009277
51720,14.9,14.073592185974121
29067,15.3,16.032727241516113
51710,12.7,11.538368225097656
08001,9.7,9.591076850891113
51740,15.8,15.05287790298462
12023,15.1,15.905707836151123
54019,17.9,14.967133522033691
28099,16.5,16.415325164794922
12053,14.9,15.431373119354248
53069,14.7,14.408792972564697
40119,9.8,10.86977481842041
27139,9.4,8.435905456542969
20145,12.7,11.680965423583984
19155,11.7,10.969126224517822
27089,12.1,11.22496223449707
47131,16.2,14.686348915100098
13227,13.6,12.503646850585938
18095,14.0,12.967404842376709
19141,12.4,11.43596076965332
31143,12.0,11.591352462768555
48035,14.3,14.207094669342041
51167,15.7,15.720292091369629
35028,8.0,7.892483472824097
20047,14.3,13.020692825317383
06075,10.2,9.56931734085083
20075,11.8,12.451262950897217
28003,15.0,14.182982921600342
47115,16.2,14.504912376403809
05095,19.1,18.91926383972168
17039,12.2,11.400331020355225
21085,,14.216084003448486
29205,14.9,13.144346237182617
48347,13.2,13.604415893554688
29181,15.6,16.03374147415161
18147,13.4,12.255409717559814
20173,12.0,11.22439193725586
28005,20.6,19.295141220092773
28033,12.4,11.585221767425537
28085,15.7,15.44544792175293
01007,16.2,14.238108158111572
34019,9.2,8.972607135772705
54095,17.6,14.7411470413208
18031,12.4,11.721384525299072
27013,9.4,8.662614345550537
38061,12.8,12.994812488555908
49007,12.8,12.369991302490234
31009,13.3,12.948103904724121
18087,12.4,11.760681629180908
19015,11.2,9.429073810577393
19099,11.9,10.802802562713623
11001,7.8,9.518802165985107
17195,13.0,12.002102851867676
45003,13.9,13.310144901275635
51043,12.2,11.145212173461914
18157,10.0,9.085184574127197
19081,12.6,10.967156410217285
31101,13.2,12.507535457611084
48171,13.6,13.996189594268799
55015,10.3,8.436537742614746
29051,11.0,10.816490173339844
28155,13.7,14.228157043457031
36037,10.7,11.597183227539062
49039,10.4,10.272987842559814
05127,14.8,14.791107654571533
51135,16.7,15.70555830001831
13123,15.2,14.762960433959961
19069,14.1,12.036191940307617
19123,11.7,11.315969467163086
47079,16.9,15.326736450195312
17115,13.3,12.906409740447998
17151,14.9,14.05549955368042
17155,12.1,11.307801246643066
46043,13.6,12.59503173828125
40145,11.9,11.992837905883789
48069,15.5,13.601885795593262
29073,13.5,12.517893314361572
42065,,14.295912265777588
27105,13.5,12.343502521514893
38031,11.8,10.979837417602539
51169,16.4,14.823625564575195
38039,12.3,11.547927379608154
38073,12.1,11.01857328414917
17197,10.7,9.59803056716919
21107,,13.879202365875244
17041,11.7,12.092918395996094
21157,,12.83185338973999
28017,18.4,17.974817276000977
18151,13.5,11.563830375671387
36033,12.2,12.82003927230835
13129,13.9,12.833644390106201
39047,14.3,13.756449222564697
18053,15.2,13.570010662078857
29059,14.9,15.05802583694458
29057,16.0,15.124794960021973
48441,11.2,11.81882619857788
48303,11.4,10.93712043762207
29155,17.9,17.66642665863037
48449,15.6,14.340157508850098
39077,13.5,13.148099899291992
13215,15.0,14.380266666412354
26023,13.3,13.043477535247803
42001,,11.785567283630371
08003,11.3,11.200698852539062
19183,12.0,11.113470077514648
39097,12.4,12.012509822845459
28123,18.3,16.217082023620605
45079,13.0,12.093213081359863
55017,11.7,9.884756565093994
31059,12.3,11.35349416732788
48103,15.0,13.67725419998169
20119,12.5,11.705181121826172
19139,12.3,10.479957580566406
39123,13.8,12.287126064300537
08019,9.0,8.804609298706055
08035,6.8,7.277417421340942
20081,13.2,12.936036109924316
27083,11.0,10.953525066375732
31017,13.2,12.693434715270996
12113,10.9,14.031327247619629
13025,14.4,14.641360759735107
17199,12.4,11.424868106842041
48243,21.2,16.088592052459717
39139,14.5,13.347609043121338
20033,13.3,12.583524227142334
26009,12.8,11.928606033325195
31105,15.2,14.825876712799072
45001,16.9,16.124902725219727
08011,14.7,14.000638961791992
18011,10.5,8.63012433052063
21099,,13.945820331573486
54087,19.4,16.00282096862793
26127,13.7,12.089363098144531
27019,8.5,7.855443239212036
46079,12.0,10.236149787902832
48255,14.0,14.238411903381348
47125,10.8,10.518479347229004
55099,14.8,13.064813613891602
55133,10.5,9.075117111206055
54029,16.6,14.232984066009521
48435,17.4,13.951738834381104
55045,11.3,9.735761642456055
19127,12.7,11.131510257720947
40149,13.4,12.82124662399292
41041,14.9,13.367609977722168
26135,16.5,14.866254806518555
17079,12.0,11.976496696472168
26155,12.5,11.53068208694458
51770,15.1,14.32145643234253
39029,15.2,13.503321170806885
20123,12.8,12.295203685760498
55031,11.7,10.168522834777832
29093,15.0,15.293740272521973
40015,14.9,15.156349658966064
28045,14.3,13.597885131835938
12131,12.3,14.525065898895264
27111,12.1,11.463461875915527
18099,14.0,11.816848754882812
22007,16.7,16.189478874206543
18143,14.1,13.364027500152588
13097,13.6,12.793933391571045
20151,12.1,11.570900917053223
35007,15.5,15.622622966766357
48281,14.0,13.26478624343872
29161,11.7,10.260913848876953
38091,12.7,11.315800666809082
29217,14.3,13.773688316345215
40035,15.9,15.52626657485962
13273,21.2,21.308082580566406
19017,9.9,9.246091365814209
19075,11.1,10.315635681152344
29159,12.6,13.038227558135986
13149,14.3,14.006656169891357
38099,12.4,10.94791316986084
28019,16.9,15.587636947631836
20003,13.1,13.164999008178711
37169,13.2,13.311665534973145
06091,15.3,13.30120038986206
20041,11.9,11.730558395385742
08095,11.9,11.386046409606934
16081,9.2,8.529540061950684
13059,10.9,11.382131099700928
48447,15.4,14.154802799224854
12049,15.6,16.6113224029541
13183,12.4,13.353466987609863
48431,10.5,12.986977100372314
48417,12.3,11.09896183013916
48207,14.9,15.024041175842285
48051,14.0,14.01262092590332
36017,12.3,12.62270736694336
54009,15.5,12.862339496612549
05003,18.3,15.44997501373291
29197,12.2,13.479269981384277
19163,11.0,10.3140230178833
19189,11.6,10.550997257232666
31085,14.1,12.367505073547363
05021,14.1,14.761459350585938
48025,13.9,13.552891254425049
42123,,12.554815769195557
21021,,12.2413330078125
19185,13.1,14.157629489898682
47055,15.4,14.156718730926514
48161,14.7,14.481473445892334
17163,13.1,11.733479976654053
18065,13.5,12.564664363861084
21079,,13.018869876861572
26129,15.3,14.272525787353516
55069,13.1,10.980522632598877
48391,17.6,15.234570026397705
17117,12.8,12.383039474487305
31181,12.9,11.922436237335205
20135,13.2,12.588005065917969
42083,,11.711428165435791
31139,10.9,10.332687854766846
47133,15.7,14.589906692504883
19027,12.0,10.705851554870605
26107,12.4,12.025115966796875
17053,12.4,11.805188179016113
17063,10.3,9.382632732391357
48053,13.5,12.7087721824646
17083,11.7,11.136348724365234
18131,14.5,13.308237552642822
31117,13.3,13.190165519714355
37083,19.4,19.314176559448242
21033,,13.667656421661377
19119,11.8,10.048102378845215
31055,9.8,9.516454696655273
27131,10.1,9.871347427368164
05113,15.5,15.705832958221436
38035,9.1,8.3917236328125
51700,13.5,13.060049533843994
08125,10.9,11.854985237121582
39023,15.0,13.807301998138428
37105,13.5,13.510307312011719
38001,14.1,12.793890476226807
29221,14.8,14.271187782287598
33001,10.5,10.648396015167236
24043,13.3,11.519267082214355
20203,14.5,13.34335708618164
48129,14.0,13.398561477661133
42023,,14.09127140045166
51089,18.0,16.28597927093506
05099,18.3,16.477147102355957
40055,13.0,14.340837001800537
55057,14.2,12.310815811157227
46017,17.5,18.548014640808105
06047,13.0,12.995037078857422
16057,7.8,7.9558939933776855
39169,12.9,11.884321212768555
48471,13.3,12.283631801605225
54013,21.1,17.17455005645752
32001,11.7,11.699494361877441
19197,13.9,11.618465900421143
31039,12.1,10.983826160430908
47123,15.9,14.830761909484863
13253,18.0,16.96849822998047
13235,16.8,17.74542999267578
13173,15.9,14.31004285812378
13255,16.0,15.280704498291016
17095,13.5,12.827366828918457
29201,13.4,13.701975345611572
48239,14.7,13.395509243011475
12041,12.8,15.725457191467285
37161,14.4,13.967609882354736
13043,16.5,16.891454696655273
19121,10.5,9.745419979095459
48383,14.5,12.99045467376709
40049,14.1,14.000129222869873
54051,16.4,13.40639066696167
55009,10.5,10.085858821868896
21197,,13.522736549377441
18033,12.8,12.193751811981201
27005,11.8,11.599040508270264
36117,11.2,11.69478178024292
26069,15.9,14.709371566772461
28073,12.4,11.686570167541504
48179,13.9,14.072252750396729
18081,11.9,10.874780178070068
18111,14.4,13.260464191436768
27147,10.9,10.262181758880615
28131,14.0,13.802783966064453
46025,13.1,11.452385425567627
51595,20.0,18.75222110748291
21047,,11.724771976470947
31091,13.3,13.580541133880615
17201,13.9,12.57334280014038
21133,,17.05588150024414
47057,15.7,14.720490455627441
27099,11.8,11.332950592041016
13245,16.7,16.145730018615723
12069,14.5,16.13115644454956
48279,16.6,15.565667629241943
39099,14.8,13.099634170532227
39011,12.2,11.269529342651367
48253,13.0,13.793959617614746
40125,13.0,13.287739753723145
56041,11.0,10.573970794677734
13105,16.6,16.657325744628906
20065,14.3,13.024601936340332
29229,15.5,14.813069343566895
31093,11.5,11.36083698272705
47099,14.9,13.63524055480957
51775,12.0,10.53952169418335
51101,12.2,11.70563554763794
01013,18.9,18.674604415893555
16063,11.5,12.682600021362305
17189,11.7,10.91890001296997
27107,12.5,11.611209869384766
27141,9.0,8.89876413345337
18167,13.7,11.769203662872314
08105,12.2,11.940066814422607
48213,14.5,14.120150089263916
31083,13.0,12.526759624481201
40021,14.3,14.41221570968628
17011,13.2,11.978152751922607
37159,12.7,13.80684232711792
18029,12.4,11.827253341674805
55103,13.6,12.527191638946533
53061,9.1,9.158546447753906
54017,16.4,13.901538372039795
48003,12.7,13.812326908111572
13081,19.4,18.492545127868652
13167,18.0,16.706517219543457
17125,13.3,12.626496315002441
26161,8.7,9.065689086914062
27115,13.1,12.053251266479492
20083,11.5,11.296256065368652
29075,13.2,13.12006425857544
05031,11.6,11.488271713256836
16083,11.0,11.359837055206299
19143,14.0,12.104967594146729
16071,10.5,10.843903064727783
21055,,13.922027587890625
28009,17.4,17.012493133544922
28153,17.8,16.692075729370117
31015,14.8,12.666030883789062
06015,12.5,11.7767333984375
18091,15.0,12.358845233917236
20181,12.3,12.001418113708496
22011,13.4,12.316584587097168
34023,11.6,11.036596298217773
46031,19.9,16.454341888427734
46127,10.6,9.635853290557861
45055,14.8,13.95388412475586
36109,7.6,8.297685146331787
29045,14.9,13.878739356994629
13089,13.0,12.149837017059326
54079,14.1,12.222154140472412
01059,16.4,13.68469524383545
48467,13.4,12.996545314788818
37093,13.3,14.030614376068115
26015,11.2,10.932328224182129
31007,13.1,11.630283832550049
55089,10.1,9.05660104751587
37033,15.5,15.924286842346191
29113,11.1,11.021469116210938
45021,15.0,14.062849521636963
12003,12.3,14.87859058380127
18069,13.3,11.87568712234497
28057,12.2,12.883901596069336
25015,8.2,8.08544111251831
05149,14.7,13.4558424949646
19149,11.2,10.29698371887207
08061,11.8,11.760755062103271
01119,19.7,20.530115127563477
18175,14.7,12.593526840209961
01001,13.3,11.853721618652344
13091,16.7,15.64072322845459
19091,13.2,11.718217849731445
19013,11.6,10.660152435302734
20207,13.6,14.23112678527832
27021,14.2,13.166516780853271
21207,,14.849476337432861
28029,18.2,17.482114791870117
29225,12.2,12.562185764312744
30093,10.2,10.189777851104736
39131,16.2,14.438543319702148
47177,15.5,14.037150382995605
48059,13.2,12.561607837677002
55001,16.7,13.509556770324707
54055,17.2,14.570593357086182
47147,12.7,12.00601053237915
39081,15.1,14.251078128814697
01025,18.4,17.82357883453369
12019,12.2,14.680642127990723
18055,14.7,12.924346923828125
20055,13.1,11.406941890716553
29085,19.7,17.60762596130371
28065,21.8,19.552380561828613
22127,17.1,15.262239456176758
35047,17.1,15.632290840148926
01087,20.0,19.43647003173828
13029,10.0,9.704255104064941
17089,11.5,10.330498218536377
18149,15.0,13.597301959991455
20087,11.3,10.463432312011719
22039,16.8,16.14377784729004
40093,13.3,13.639901161193848
31171,11.3,11.694266319274902
41003,9.3,8.421281337738037
47007,17.3,14.960861682891846
21013,,17.22472095489502
47143,15.7,13.99571180343628
10001,14.3,12.559237003326416
54049,14.7,12.107111930847168
51810,12.3,10.216660499572754
13039,12.3,11.496129035949707
24035,11.6,10.194760799407959
19031,11.9,11.02289867401123
19113,11.2,9.306041717529297
39003,14.5,12.834630012512207
06059,11.5,10.332343101501465
12057,12.5,14.2415771484375
16019,9.4,9.125654697418213
48385,18.3,18.780056953430176
46137,18.7,18.819374084472656
47159,13.5,12.62890625
04017,15.1,16.728970527648926
55019,12.5,12.194014549255371
13147,15.3,14.674161911010742
31111,12.9,11.626978397369385
21037,,10.2024245262146
26027,13.1,12.52797794342041
36111,10.9,10.889145374298096
18125,14.5,12.5225248336792
18173,11.6,10.106222152709961
46073,13.8,12.562009334564209
12015,15.6,15.588598728179932
13111,16.5,14.24347972869873
19159,12.2,11.868913173675537
22125,14.6,12.43099594116211
28147,17.8,17.787755012512207
30061,12.8,13.796666622161865
34021,11.1,10.707630157470703
45011,19.4,18.675905227661133
47095,19.0,16.551964282989502
49009,13.5,10.66038990020752
39043,14.4,12.850552558898926
12013,15.2,15.58089017868042
16011,11.2,11.066481113433838
18071,13.6,12.546412944793701
20015,10.7,9.787951946258545
40137,14.2,14.277124404907227
27145,10.1,10.125042915344238
29117,12.6,13.652788639068604
40031,12.8,12.463153839111328
38093,10.9,11.252315044403076
45067,22.0,19.065234184265137
48115,15.3,14.945109844207764
08009,13.4,13.953299522399902
55085,13.8,11.30616283416748
40071,14.1,13.605491161346436
51037,18.6,16.97257709503174
42109,,11.168607711791992
16055,9.9,10.360230922698975
17023,12.0,11.493820190429688
27151,13.2,11.80335807800293
38071,12.3,11.09837293624878
28061,19.0,18.477444648742676
17085,13.2,10.929474353790283
18077,13.5,12.412974834442139
29163,13.5,12.527296543121338
36055,11.2,10.427935600280762
36063,11.3,12.195795059204102
47167,14.2,12.243477821350098
51121,9.6,8.08043098449707
55091,12.4,11.210949897766113
05079,13.8,14.074271202087402
16061,15.1,14.431702613830566
39055,12.4,10.537874698638916
21067,,10.699066638946533
27061,13.7,12.569800853729248
28145,14.1,13.795326232910156
30095,10.8,10.847193717956543
42047,,11.982595443725586
21041,,14.317172050476074
47023,13.9,13.733155727386475
51685,13.8,11.729412078857422
48481,15.0,14.296700477600098
54091,15.9,13.175672054290771
55065,12.5,10.711913108825684
29083,14.4,14.337350368499756
30099,11.0,11.921531677246094
31025,10.8,9.815999984741211
48405,20.9,18.158706665039062
26145,14.1,12.89112377166748
28077,18.8,16.06077241897583
20035,12.8,12.28614854812622
12017,15.8,15.61112642288208
13281,15.9,12.924671173095703
25023,10.3,9.594666004180908
26153,15.8,14.870316982269287
28095,16.7,15.341323852539062
34015,10.3,10.591763496398926
39039,13.3,12.314033508300781
42085,,13.083670616149902
51051,16.9,16.607664585113525
01053,18.5,16.614611625671387
01039,16.3,15.033560752868652
13101,13.6,15.218059062957764
17003,19.0,17.449785232543945
27169,9.8,9.683054447174072
34031,12.7,12.184027671813965
38087,14.6,11.638633728027344
42105,,13.393289566040039
45005,21.6,19.962451934814453
16043,10.5,10.61630630493164
17069,14.7,13.850724220275879
18123,13.4,11.895947456359863
27031,12.9,12.061200141906738
49033,11.6,11.110462188720703
51185,15.9,14.45839262008667
53063,10.2,9.313270568847656
37181,16.8,18.30716323852539
05071,14.6,13.405694007873535
08051,7.1,6.981649398803711
12107,17.5,16.618168830871582
18079,14.3,12.645528793334961
40109,12.6,12.085144519805908
28115,13.8,12.90097713470459
21175,,14.472001552581787
31019,9.6,9.464727401733398
27079,10.9,9.999641418457031
37125,11.5,12.148276805877686
45047,15.4,14.606326580047607
49035,8.5,8.30372929573059
48297,16.2,14.64096450805664
56015,12.3,11.195021152496338
47161,14.0,13.537572383880615
01021,14.1,13.664035320281982
04021,12.9,12.242908477783203
13177,11.8,10.559021472930908
13109,16.8,17.064334869384766
19117,13.9,12.639528751373291
21211,,11.472123146057129
27087,16.8,16.867137908935547
29167,13.0,13.036278247833252
30037,14.7,13.714142322540283
38069,12.1,12.141196727752686
48067,15.7,15.123765468597412
21111,,12.034858226776123
48339,11.4,10.434338569641113
48075,12.0,12.657017707824707
56003,12.6,11.780614852905273
48489,18.8,17.919387817382812
21167,,12.45710277557373
21117,,10.310544490814209
13117,9.9,8.8833909034729
26131,16.5,14.921893119812012
27003,10.6,9.18291711807251
28103,21.2,21.8758602142334
01029,14.6,13.904448509216309
42015,,12.498364448547363
29061,14.2,13.611050605773926
21235,,12.739313125610352
42115,,12.677475452423096
48163,15.3,15.328589916229248
45023,16.9,16.25942897796631
48217,14.2,14.15777587890625
47031,13.9,13.038692951202393
46083,8.8,8.254641056060791
25025,9.3,9.772988319396973
48005,14.9,14.664528369903564
48007,15.9,15.10876178741455
42017,,9.733108520507812
19007,15.4,13.444630146026611
21205,,11.909147262573242
17019,9.6,9.174066066741943
35003,17.7,17.271516799926758
17167,11.9,10.636906623840332
35039,17.2,15.935094833374023
35031,19.0,17.47685432434082
38055,12.1,11.847421646118164
37195,16.8,16.263411045074463
19191,10.7,10.01470136642456
51107,9.5,8.506091594696045
47075,20.7,17.326502799987793
53019,15.1,14.013259887695312
37007,17.2,17.889575004577637
21209,,9.818297863006592
13299,16.8,15.728304386138916
48341,14.9,13.324388027191162
17001,12.0,11.550353050231934
26053,15.2,13.318238258361816
39027,13.5,12.50929069519043
29179,15.9,14.783292293548584
01083,12.5,11.579940795898438
19133,13.1,13.14587926864624
20187,14.7,13.466368198394775
18155,14.9,13.99185037612915
22045,17.1,15.648110389709473
25021,9.0,9.202008247375488
22115,12.5,11.582895278930664
36119,10.5,10.122180938720703
40009,13.3,12.587297916412354
47155,14.4,12.94907522201538
37133,8.6,10.349839687347412
06099,11.9,11.756998062133789
08055,13.9,14.351248741149902
13069,16.1,14.625921726226807
18101,14.6,12.575343132019043
18073,12.7,11.58854866027832
19137,12.9,12.054219722747803
26065,10.2,9.609922885894775
35033,18.5,16.742880821228027
22121,14.0,13.328877449035645
36053,10.3,10.838449478149414
27171,9.2,8.179968118667603
40083,12.0,11.402812480926514
21027,,14.652861595153809
42033,,12.46047067642212
54077,15.3,13.283366203308105
51163,14.0,12.82184886932373
30071,12.0,12.632220268249512
31127,11.7,10.75438642501831
05039,17.1,16.75685405731201
13121,10.9,11.621727466583252
13289,18.6,18.37328052520752
17057,13.0,11.850255489349365
20097,11.8,11.961814403533936
05081,15.7,14.845301151275635
48501,13.5,12.868925094604492
39035,13.4,11.777669906616211
23011,11.8,11.086137294769287
08107,8.3,7.3129613399505615
13007,22.9,19.43373966217041
08023,17.0,16.173266887664795
37141,11.8,12.126209259033203
21201,,15.856089115142822
21113,,11.092114925384521
51009,15.1,13.496818542480469
22053,14.8,13.227439880371094
47179,12.8,11.000508308410645
25011,10.8,9.716320037841797
42041,,9.963120460510254
29031,11.2,10.896132469177246
41013,12.5,12.427638053894043
50003,10.0,10.219255447387695
55071,12.2,11.164519786834717
55055,10.7,9.446794986724854
27137,11.2,10.428558826446533
42007,,11.248561382293701
36013,12.6,12.59931993484497
37107,17.8,17.204683303833008
48029,13.9,11.55902099609375
48271,15.8,14.605581760406494
08053,10.0,10.391156196594238
17087,12.9,12.39233922958374
47005,16.9,15.516578197479248
42073,,13.130860328674316
22079,15.6,13.918044090270996
21057,,16.720900535583496
55097,9.6,9.04562759399414
37045,13.6,14.60912275314331
47011,13.4,12.634079933166504
55049,11.3,9.500799655914307
18007,14.2,12.748910903930664
27035,11.8,11.112972259521484
18001,14.1,12.84548044204712
08015,10.2,10.065853118896484
31063,11.9,12.010714054107666
31173,13.4,14.936004161834717
50017,9.7,10.656858921051025
35001,11.6,11.423469066619873
19131,12.2,10.755086898803711
13211,12.9,13.106423377990723
27037,9.7,8.789609432220459
22093,16.5,15.23033618927002
05139,16.0,14.377123832702637
19051,12.0,12.488187789916992
39117,13.8,12.463523387908936
06101,12.8,12.303883075714111
06035,11.5,11.051392555236816
48381,10.8,10.69579553604126
48427,20.0,18.138097763061523
08067,9.3,8.760519027709961
46109,16.3,15.600268363952637
12073,10.6,15.022887229919434
37149,14.1,13.306191444396973
37031,12.5,12.823034763336182
20121,10.8,10.100958824157715
12059,14.5,15.003414630889893
21163,,11.792106628417969
46101,12.1,11.739148616790771
06087,10.2,9.636191368103027
47003,13.5,12.625609397888184
46019,12.5,11.754125118255615
13067,10.9,10.682316780090332
12051,16.8,16.27131748199463
41009,12.1,10.596251487731934
13015,12.0,11.658977031707764
40135,16.6,16.075510025024414
37145,14.9,15.140960216522217
20051,9.8,9.158957958221436
51550,12.8,11.242783069610596
38037,15.2,13.431392192840576
19057,12.3,12.461605548858643
19173,12.9,11.957127094268799
20063,12.3,12.570346355438232
39175,13.0,12.364012241363525
13191,20.4,16.299713611602783
48483,14.7,15.0724515914917
37091,18.9,18.512484550476074
30089,13.7,14.301121711730957
13241,15.5,14.357418060302734
37043,14.3,14.05751657485962
38103,13.8,11.729498386383057
21131,,17.53853130340576
21017,,12.768112659454346
31141,11.9,10.257739543914795
51053,14.7,13.834688663482666
29013,13.8,13.787708759307861
36107,11.3,11.472713470458984
18115,14.3,12.614172458648682
30111,9.5,9.774089336395264
12129,12.6,14.232556819915771
48181,12.5,13.051058292388916
12115,13.0,15.244354724884033
13003,18.0,16.266764640808105
24021,10.6,9.535949230194092
48135,12.8,12.566789150238037
46115,12.9,11.662999629974365
27077,12.9,11.721261978149414
31051,13.2,11.329919815063477
13261,16.7,17.501602172851562
48031,13.1,13.669251441955566
51830,9.4,9.268380165100098
06055,11.4,10.393486022949219
22071,16.2,15.104806900024414
40143,11.7,11.88398027420044
36115,11.2,11.616358280181885
51031,14.2,12.287432193756104
51027,17.4,17.249735832214355
51165,12.3,11.401044368743896
29025,13.0,13.573744297027588
30091,11.5,11.400707721710205
47081,14.1,13.33757495880127
48057,14.7,13.448978424072266
06115,11.3,11.602871894836426
51083,19.3,17.17404079437256
13137,12.9,12.981176853179932
41011,14.2,13.593678951263428
05087,13.9,13.837084293365479
38059,9.6,9.770347118377686
27063,11.7,10.97937536239624
20201,11.9,11.974525451660156
01097,16.1,14.254868984222412
26059,13.5,12.594128608703613
28159,19.5,18.419939041137695
20209,14.5,13.327567100524902
53033,7.3,8.410912036895752
12035,13.7,11.60697078704834
12103,13.1,14.879930973052979
13087,17.8,16.80117893218994
22085,17.9,15.727647304534912
54027,16.9,15.355512619018555
29145,13.4,12.66382646560669
30101,11.5,11.207062721252441
45017,17.3,16.82603645324707
48479,16.1,15.267040252685547
40127,17.7,17.002540588378906
19043,13.9,12.752965450286865
21239,,11.01066780090332
47127,14.7,12.693803310394287
40123,12.3,12.813897609710693
30085,14.1,15.984196662902832
50019,10.7,10.938895225524902
37193,13.9,14.3045334815979
29007,14.1,13.005817890167236
47173,14.6,14.001131534576416
48299,15.7,14.349609851837158
54103,16.7,15.800817489624023
56037,11.1,9.944891929626465
25017,8.5,8.662867069244385
42113,,12.774293422698975
49055,13.1,11.993217468261719
48397,9.4,9.103244304656982
19005,13.1,12.15273380279541
38009,11.9,11.501893043518066
29137,15.0,13.956713199615479
54025,17.3,14.20217752456665
17013,11.9,11.872210502624512
32015,13.0,10.898715496063232
39085,12.9,10.73064136505127
21003,,13.638713359832764
06069,11.3,11.04217529296875
20031,12.7,12.147655963897705
48289,15.3,15.310173988342285
46091,12.7,11.235188484191895
32017,11.8,11.960594177246094
41051,9.5,8.866302013397217
20185,13.1,12.08653736114502
47047,15.9,13.833927154541016
55035,9.4,9.050107479095459
06057,11.5,11.12266206741333
05115,12.7,11.95768928527832
48317,12.1,10.751221179962158
26079,13.5,12.821378231048584
30065,12.7,13.85031270980835
05009,13.1,13.112847805023193
18089,15.1,13.21949577331543
45051,14.9,13.827922821044922
05109,14.4,13.59011173248291
18137,12.5,12.438637733459473
39071,14.7,14.034797191619873
31097,11.6,11.708608627319336
48017,15.5,13.205115795135498
04013,10.6,10.639163970947266
29079,14.3,13.137476444244385
55141,12.6,10.650720596313477
13143,12.6,12.569122314453125
51530,12.9,14.470153331756592
37097,10.7,11.27801513671875
08093,10.2,10.210832595825195
37015,19.3,19.079919815063477
48079,18.6,17.274442672729492
33011,9.2,9.43974494934082
27161,11.4,10.760927677154541
48415,13.6,13.584338188171387
54093,16.9,13.063551902770996
48503,13.4,13.300791263580322
08033,11.5,13.907892227172852
12077,14.3,14.24878215789795
28041,14.0,13.62553596496582
29111,12.7,13.767466068267822
04003,13.7,13.137420177459717
21199,,14.13766098022461
51678,7.8,9.469805717468262
42031,,12.321405410766602
26121,12.7,12.25016164779663
49001,9.8,10.540802001953125
31183,13.2,11.442386150360107
21083,,13.576778888702393
51540,10.4,8.785341739654541
01075,16.7,15.283485412597656
51125,15.6,13.320457458496094
21103,,13.944366931915283
35019,16.5,15.05501937866211
19101,13.2,11.318101406097412
20129,14.0,14.58118486404419
17101,12.8,12.833865642547607
37115,11.6,12.025322437286377
48221,12.5,13.15353012084961
20023,14.8,13.843785762786865
22023,13.3,13.038242816925049
13267,16.0,14.912576675415039
16015,12.1,11.553188800811768
13053,7.5,9.309231996536255
13139,13.2,12.692800998687744
34029,11.4,11.779702186584473
13223,11.6,10.357005596160889
42019,,9.399117946624756
21059,,12.210007667541504
47049,17.1,15.684926509857178
40003,13.5,12.7162446975708
35035,12.7,13.35824728012085
13279,15.5,15.37126111984253
33005,9.5,10.356727600097656
29199,12.8,12.83776330947876
29097,12.8,11.89641523361206
46053,14.1,13.21406602859497
18121,15.4,14.02958059310913
18027,13.8,12.224897861480713
31077,12.6,11.855233192443848
39173,10.7,9.280173778533936
48275,15.6,14.457043170928955
31155,10.5,9.354886054992676
48345,14.7,14.575729370117188
13189,16.7,16.924338340759277
41063,12.6,11.271859169006348
16039,10.4,11.012292385101318
26137,12.3,11.303253650665283
48039,12.0,10.556449890136719
31153,9.4,8.530693531036377
21089,,14.339707851409912
20199,13.7,11.981674194335938
19059,12.1,10.821962833404541
21149,,12.725454807281494
29183,10.3,9.73771047592163
37177,17.5,17.3252010345459
01081,12.5,9.713054180145264
08085,11.5,11.804802894592285
13207,13.1,12.831176280975342
55023,13.8,12.025070667266846
05033,13.0,12.797686576843262
53003,12.6,12.036083221435547
47063,15.2,13.445215225219727
37185,20.0,18.488764762878418
38083,13.9,12.840044498443604
05091,15.3,14.32380199432373
26063,14.3,13.270350933074951
31065,13.5,12.451007843017578
42057,,13.29638957977295
26083,13.4,12.127492427825928
26055,10.7,9.577338695526123
31087,13.4,12.64838981628418
31031,13.1,12.038679599761963
49021,9.4,9.2873854637146
13159,14.6,13.836671352386475
20205,13.8,13.101956844329834
40069,15.3,15.380894184112549
47165,12.2,11.1812105178833
21011,,13.545658111572266
47089,13.6,12.901971817016602
51033,14.0,12.58780288696289
45085,15.8,15.240437030792236
31069,15.5,12.56027889251709
51640,16.3,15.411115169525146
42121,,12.332822322845459
48225,16.8,15.456754684448242
01129,17.0,16.711355209350586
30025,10.2,10.710084438323975
46021,13.8,11.528172969818115
17137,12.6,11.93022108078003
39009,11.5,10.444934368133545
01065,19.7,18.89630889892578
31121,11.7,11.912697792053223
55037,14.3,12.370681762695312
13095,19.0,18.11847972869873
17107,11.6,11.168251037597656
26051,15.0,13.93376111984253
31175,12.9,11.616907119750977
31125,12.7,12.588874816894531
47169,11.7,12.036207675933838
48267,16.6,15.104174613952637
56019,13.1,11.5903639793396
27053,8.1,8.61126708984375
13271,20.5,18.82294750213623
47087,17.0,15.563297271728516
46015,13.2,11.250089645385742
51161,12.0,10.663638591766357
48013,15.4,13.241044998168945
21081,,12.064616680145264
46063,11.2,10.191995620727539
12047,17.6,16.98628807067871
13163,18.5,19.00164031982422
24017,13.4,11.523353099822998
17099,12.4,11.304481506347656
29017,14.1,14.598256587982178
26057,11.6,11.75873851776123
21213,,12.997252464294434
31161,13.9,14.634409427642822
51730,19.2,17.58104705810547
05017,20.5,19.164923667907715
13113,12.6,11.605366706848145
40063,15.1,15.968470573425293
27027,9.3,8.994025230407715
16025,11.8,12.338832378387451
31163,13.7,12.464304447174072
46011,8.5,8.114186763763428
51680,11.0,10.9603271484375
13165,18.2,18.784870147705078
48055,14.6,15.250267028808594
28111,16.2,14.920335292816162
12065,16.3,14.927177906036377
24011,14.2,12.743792057037354
33017,8.6,9.2271146774292
51103,18.1,15.63906192779541
51073,12.8,11.489237785339355
28069,18.4,19.813122749328613
19063,12.7,11.790389060974121
13295,13.5,12.659806251525879
16003,13.9,13.777618408203125
20137,12.7,12.15205430984497
22029,19.8,16.675487518310547
51017,18.4,14.621683120727539
31075,12.1,11.416003227233887
47041,15.9,13.83048391342163
37053,10.7,10.952520370483398
26139,9.4,8.650839805603027
22069,15.5,15.356775760650635
45075,19.0,18.392542839050293
17123,13.0,11.78358507156372
47069,17.2,16.90241050720215
40081,14.1,13.97017240524292
50025,9.8,9.957324504852295
55067,14.1,12.205870628356934
37025,10.8,10.222174167633057
31011,12.7,11.502983093261719
21115,,14.350793361663818
17043,10.0,9.649121761322021
13011,13.8,12.841167449951172
19147,12.1,11.235657691955566
21009,,13.920968055725098
31137,11.5,10.480899333953857
39067,15.6,15.060948848724365
29129,15.6,13.209142684936523
48331,14.9,13.925451755523682
56031,13.5,12.646108627319336
01095,14.5,12.92858076095581
06029,13.3,12.120550632476807
19179,13.5,12.079384326934814
26111,10.8,9.50941514968872
28101,15.7,15.29756498336792
20189,14.9,14.413538455963135
27069,12.5,11.454627990722656
01047,22.4,20.695011138916016
31159,9.5,9.584424018859863
47033,15.5,14.254180908203125
46005,13.4,12.045830249786377
47017,15.2,14.390704154968262
19187,11.8,10.94284200668335
24025,11.6,9.83174991607666
51117,18.6,16.47450065612793
45039,20.5,18.865206718444824
53011,9.6,9.473073959350586
29033,13.9,12.916194438934326
42133,,11.210996627807617
16027,11.2,11.300850868225098
13209,15.4,15.02387285232544
46095,21.1,19.644115447998047
19025,12.3,11.424365043640137
13293,16.3,15.411214351654053
48421,12.9,12.391841411590576
48169,14.9,13.06535005569458
36079,9.7,9.573918342590332
36101,11.5,11.391555786132812
13021,16.9,15.911500453948975
18181,14.6,12.50879430770874
29223,17.4,16.628182411193848
27001,15.2,13.654205322265625
48387,16.9,16.634572982788086
47149,10.9,10.112186908721924
01005,19.6,19.24445343017578
41049,14.5,12.34684419631958
16017,11.8,12.115330696105957
16033,13.8,12.85706901550293
20093,12.9,12.582759380340576
29121,12.9,13.21054220199585
29133,16.7,15.888312816619873
42043,,11.954731464385986
37071,12.3,13.187154293060303
16031,11.0,10.646021366119385
06041,10.2,10.140654563903809
48389,17.6,14.071300029754639
48315,18.1,16.898902893066406
40029,17.2,16.776787757873535
31099,10.8,10.601433753967285
55127,11.2,9.970412731170654
40131,12.4,11.902162075042725
21177,,13.97712516784668
40073,11.9,12.073897361755371
46003,12.2,11.111328601837158
48019,15.7,14.119405746459961
45025,18.1,16.496174812316895
42045,,10.7584228515625
53077,12.9,12.298112869262695
29001,10.0,9.941547870635986
48173,10.9,11.73011302947998
27129,13.1,12.09412956237793
28001,20.6,19.20721435546875
29186,12.5,12.090691566467285
17033,12.1,11.906030654907227
17177,13.9,12.65535306930542
22035,22.0,19.803584098815918
27025,10.3,9.674731254577637
21095,,16.88685417175293
26003,13.2,13.014060974121094
21161,,13.293066024780273
48145,16.1,15.907790184020996
51075,12.2,11.507972240447998
27081,12.0,11.846383571624756
55109,9.6,8.172574520111084
48199,12.4,12.904739379882812
26163,14.3,13.67223310470581
47091,17.5,16.000047206878662
38081,11.8,11.280581951141357
26125,10.2,9.966166496276855
38019,11.8,12.206920623779297
27135,11.8,10.537775039672852
36087,11.3,10.213369846343994
50011,9.6,10.2877516746521
27049,10.9,10.416656017303467
29131,13.2,13.077159881591797
01109,14.1,14.718554019927979
36085,11.9,10.845881462097168
05061,15.2,15.386055946350098
42129,,11.675728797912598
08013,7.1,7.173854351043701
29049,12.0,11.967917442321777
51071,13.8,12.50023078918457
54005,17.3,16.066415309906006
05035,16.5,15.854590892791748
53009,12.1,12.272478103637695
42103,,12.133042812347412
31109,9.6,8.466041564941406
48295,14.8,13.692724227905273
28113,18.9,19.08919906616211
28021,20.4,20.41043472290039
46049,14.4,12.256982803344727
46089,14.8,12.894842147827148
28047,14.1,13.669989585876465
24027,10.4,9.277109146118164
46065,10.8,10.236017227172852
28129,16.9,15.478479862213135
46123,15.3,13.462018966674805
21185,,8.781663179397583
13153,13.1,11.967045783996582
48465,15.6,13.711384773254395
29175,12.7,12.179576873779297
13145,12.6,11.29414987564087
12043,17.7,17.445737838745117
39025,12.6,11.363525390625
39033,14.6,14.200365543365479
39059,14.8,14.836124420166016
40065,13.2,12.391710758209229
22073,15.4,13.388631820678711
29203,15.2,15.685246467590332
54075,19.2,15.941503524780273
18135,14.4,13.278661727905273
55137,14.4,12.61869764328003
35049,12.6,11.102824211120605
06111,11.4,10.580141544342041
24019,16.6,15.050699710845947
13131,17.2,16.16546630859375
27123,10.5,9.613540649414062
26109,13.9,12.770761966705322
05057,16.6,16.520450592041016
17193,14.5,13.250704765319824
20017,13.9,12.214690208435059
48133,14.1,14.325610160827637
19077,12.4,10.990509510040283
17037,10.3,9.984739780426025
18051,13.0,11.569913387298584
37137,15.2,14.567349910736084
48357,14.1,13.694174766540527
47185,15.6,14.27918529510498
38015,9.3,9.112086296081543
46075,14.7,12.127790927886963
40151,11.1,10.870911598205566
18127,12.5,10.301844120025635
17103,12.8,11.399346828460693
08101,12.3,13.18697738647461
48411,14.2,13.983214855194092
48475,14.4,13.164076805114746
08071,13.7,15.112968921661377
08089,14.5,14.812614917755127
08117,7.9,7.920336961746216
48263,12.9,12.251128673553467
48257,11.2,11.188106536865234
05143,10.1,10.371039390563965
40057,17.0,15.60466480255127
48495,14.1,14.63495683670044
01115,13.0,12.541621208190918
12097,13.4,15.256693840026855
20053,11.7,11.885859489440918
36099,11.6,11.791821956634521
37065,17.9,18.97724723815918
48101,18.8,16.415292263031006
48313,13.1,13.40252161026001
37037,12.9,12.553202629089355
27033,13.1,12.75740385055542
17185,13.3,12.513646602630615
39119,14.4,13.394901275634766
29215,15.8,15.500362873077393
21093,,11.52161693572998
27091,13.0,11.819251537322998
40129,14.6,14.373918056488037
42039,,12.855679035186768
34005,10.5,10.286131381988525
45015,12.9,12.012126922607422
29053,12.2,11.824966430664062
30075,11.9,12.096357822418213
20029,12.3,12.081292629241943
19071,12.7,11.627433776855469
51159,15.1,14.98406457901001
48157,12.0,10.041717052459717
40051,12.0,11.813732624053955
05015,15.0,13.510584831237793
36077,10.2,11.156550407409668
40027,10.9,10.028451919555664
48459,13.9,13.334794998168945
40087,11.3,11.51099681854248
31067,12.6,11.653344631195068
48223,13.4,13.14285945892334
55139,11.2,9.345794200897217
53071,10.6,10.267809867858887
40047,12.6,12.696517944335938
22105,14.6,13.756494045257568
18043,12.5,11.134732723236084
38105,8.9,9.40014123916626
46029,12.1,10.585327625274658
04025,12.1,13.699797630310059
13187,11.5,11.394339561462402
18059,11.3,10.214998245239258
20027,12.8,11.752793788909912
28127,16.2,16.33330774307251
36097,12.4,12.222587585449219
45035,12.8,11.817234516143799
47001,14.1,12.769585609436035
13115,14.1,13.466604232788086
13247,17.0,14.291944026947021
16051,9.1,9.378564834594727
42061,,12.150143146514893
20147,13.6,11.829821109771729
48111,14.7,13.085771560668945
42069,,11.25194501876831
42079,,12.552947998046875
47103,14.8,12.931535720825195
37173,15.2,15.51353931427002
40005,14.6,15.055772304534912
40019,13.7,13.75538969039917
48477,13.2,13.020465850830078
40099,14.3,14.255980968475342
40147,13.2,12.856256484985352
42125,,10.533742904663086
06017,10.8,10.26516056060791
21171,,14.51609182357788
29005,14.9,13.365066051483154
37005,16.0,14.743763446807861
48487,16.5,14.51149034500122
01009,13.8,12.978034019470215
13269,20.2,18.28616428375244
55043,11.5,10.10654592514038
30051,13.1,13.604089260101318
31033,12.9,11.499416828155518
26113,13.3,12.772615909576416
18037,13.2,10.973066806793213
38029,13.5,12.051351547241211
01019,16.0,14.471339702606201
17133,10.1,9.87662124633789
42087,,14.343217849731445
29125,13.6,13.621548175811768
42091,,9.531163215637207
22055,13.0,12.23718547821045
39007,16.2,14.363268375396729
22061,13.5,13.799611568450928
39019,14.9,13.427544116973877
06003,11.6,12.51968765258789
54053,17.0,15.328571319580078
37099,12.1,12.370744705200195
01105,24.6,20.895936965942383
54011,14.9,13.113752841949463
54045,18.2,16.203309059143066
51045,14.3,12.228291988372803
54057,15.2,12.924456119537354
54059,20.4,16.298116207122803
28097,19.6,18.045397758483887
29185,16.2,15.30397367477417
37027,13.2,13.027501106262207
45031,17.6,16.53958034515381
53073,8.8,8.979304790496826
54023,16.6,14.54677438735962
31081,10.5,10.520998477935791
30015,12.2,12.360610961914062
05067,15.4,15.39025068283081
37067,12.4,11.941903591156006
05075,14.4,13.80541181564331
34001,12.7,12.818282127380371
29510,13.3,11.620027542114258
48205,12.0,11.415901184082031
18049,14.6,12.714516162872314
10003,12.2,11.151898384094238
39063,12.5,10.900506496429443
35013,13.7,11.77593994140625
29109,13.7,13.544360637664795
37009,14.0,13.669942855834961
05027,14.4,14.789507389068604
26041,13.8,12.562722206115723
37021,10.9,11.052354335784912
28119,22.8,22.286215782165527
28133,19.3,18.12004280090332
51750,9.2,10.342767715454102
51063,13.5,12.458988189697266
54107,16.6,13.664271831512451
54105,18.1,15.794439792633057
48027,12.6,11.800590515136719
53043,11.7,11.95574140548706
53045,12.2,12.796107769012451
26117,12.4,12.381269454956055
27057,13.3,11.78198766708374
37017,16.6,17.839539527893066
48231,12.3,12.716273307800293
48307,15.5,15.088817596435547
29011,15.2,14.09375286102295
29149,16.5,15.97654104232788
30067,10.5,9.924077033996582
13219,10.1,9.399155139923096
13225,14.9,14.217471599578857
13251,17.8,17.172739028930664
48505,20.8,19.476752281188965
24009,10.9,10.324912071228027
20043,11.5,11.814234256744385
13283,18.3,17.984230041503906
48349,15.3,14.453509330749512
31165,16.0,12.171002388000488
37023,13.8,13.927917003631592
36059,10.1,10.101734638214111
34025,9.8,9.316301822662354
51179,10.7,9.68927526473999
53055,10.9,11.084668159484863
53057,10.8,11.163630485534668
53067,10.3,9.702603816986084
13047,12.5,11.525866031646729
13065,17.3,17.979233741760254
53029,10.2,11.5811767578125
50007,6.6,7.924894332885742
51820,13.2,12.825902462005615
48149,13.8,13.464109420776367
48089,14.9,13.686950206756592
19003,13.2,12.30326509475708
25019,8.6,8.719117403030396
47009,13.4,12.002450466156006
46039,11.9,11.613775730133057
16079,13.5,13.7906813621521
17119,11.2,11.122657775878906
48321,16.4,15.121598720550537
40097,14.6,15.618422031402588
05013,14.6,14.14342451095581
17153,18.4,17.506664276123047
27165,12.9,12.823065280914307
39005,13.9,11.949941635131836
06043,13.5,12.755316257476807
35009,12.0,12.178092956542969
33019,11.2,10.83601999282837
37191,14.2,14.266558647155762
31029,12.7,12.430572509765625
31057,14.2,12.152661800384521
46069,13.6,12.313894271850586
26005,11.6,10.853027820587158
21091,,12.763952255249023
19033,12.5,11.034268856048584
19037,12.6,11.31207799911499
32013,11.5,11.393946647644043
48491,9.8,9.920950889587402
19049,8.8,8.429960250854492
13263,22.1,18.936386108398438
37047,15.6,16.67411708831787
30109,11.6,12.025739192962646
16087,14.5,13.71498155593872
17159,12.5,12.02259635925293
08007,11.7,11.25352144241333
40153,12.1,11.108664989471436
35027,14.4,13.423621654510498
35053,15.7,15.08502721786499
19193,12.1,10.701558113098145
31013,13.0,11.828256130218506
36021,11.8,10.6289644241333
31005,12.1,11.546739101409912
13291,15.7,14.051411151885986
06023,11.4,11.047721862792969
13297,13.0,12.039970874786377
37121,12.8,13.314266204833984
29115,13.5,12.659930229187012
13307,21.0,18.24958038330078
20155,13.2,12.55508804321289
47139,15.1,14.206124782562256
24510,14.4,12.681933879852295
48091,11.2,10.375335693359375
48497,11.9,11.834848403930664
19067,12.9,12.357828617095947
21109,,16.128889083862305
20049,15.8,14.650219917297363
26045,11.4,10.205283641815186
19085,12.5,10.79980754852295
46093,9.5,9.70915174484253
12029,16.1,16.371896743774414
13155,16.2,15.53850793838501
30087,13.6,14.556856632232666
26013,14.5,14.066005229949951
20005,11.2,12.378832817077637
25007,10.6,10.536761283874512
12001,10.5,14.967031002044678
29077,11.0,10.560250282287598
29103,15.1,14.51833724975586
32011,16.1,13.678978443145752
30039,12.3,12.22124195098877
39045,12.2,11.506289005279541
38063,12.4,12.083232879638672
38003,11.5,10.813138484954834
41059,12.5,11.360398292541504
13133,15.6,15.408477306365967
55079,13.1,11.953292846679688
55081,12.8,11.072439193725586
05037,16.1,15.127186298370361
20111,11.5,12.048722267150879
48121,9.9,9.220643997192383
21129,,17.066574096679688
20125,13.8,13.468145847320557
26071,15.3,13.590152263641357
20197,11.5,11.188159465789795
27023,12.8,12.48697805404663
49057,9.0,9.325697898864746
37085,11.8,12.103192806243896
22109,15.2,14.081669807434082
47035,17.3,14.961935997009277
18017,15.3,13.319041728973389
19177,13.9,13.435900211334229
32023,15.7,15.577076435089111
29189,11.5,11.451023578643799
17171,12.3,12.01221227645874
26011,14.7,13.559953212738037
05093,15.2,14.816776752471924
12063,15.6,16.288286685943604
12127,13.5,15.422877311706543
13083,12.6,12.914547443389893
26095,14.1,13.054502964019775
37101,11.6,11.672342777252197
18153,14.1,12.824238777160645
34017,10.5,10.171316146850586
46035,12.2,10.929772853851318
12031,12.8,12.016144275665283
39129,12.6,12.09311056137085
28007,16.9,17.817691802978516
21173,,12.834700584411621
49049,6.9,7.862353563308716
55027,11.3,10.54406213760376
21189,,16.4709153175354
26133,13.7,13.086014747619629
21221,,14.007391929626465
27051,12.7,11.552374839782715
17047,14.1,13.045839309692383
17059,14.6,14.440637588500977
26091,12.4,11.648054599761963
55039,11.5,10.40590524673462
26099,11.4,11.862664222717285
18183,12.6,11.754081726074219
26017,12.6,12.663954257965088
26157,13.2,12.748061656951904
32005,12.2,12.059691429138184
18003,12.9,11.586291313171387
45073,15.3,13.009495258331299
13275,16.0,14.07839298248291
20175,13.4,13.740650177001953
24003,10.4,9.876492023468018
34041,10.0,10.355942249298096
42117,,12.573691368103027
48071,10.8,10.462830066680908
29047,10.8,9.994482040405273
39049,11.8,10.742336750030518
48337,13.4,13.454864025115967
49013,11.0,11.12502908706665
49019,11.2,11.1797776222229
29219,12.3,12.056278228759766
13077,12.4,10.782073974609375
19021,13.0,11.02413558959961
27011,13.2,12.361680507659912
48365,13.8,14.023733139038086
27009,10.2,9.860234260559082
21023,,13.750825881958008
40103,13.3,12.932892799377441
25009,10.3,10.15703010559082
47039,17.8,15.192441463470459
47059,15.4,14.51773977279663
32007,11.0,10.342757225036621
22123,16.5,14.645352363586426
01063,27.1,23.0366153717041
18103,14.6,13.192471027374268
18107,13.5,11.611371040344238
06051,10.5,10.23759937286377
20095,12.0,11.65244722366333
46105,14.3,11.40911340713501
56045,12.6,11.981244087219238
17129,11.7,10.651970863342285
21143,,14.416340827941895
21051,,16.085535526275635
27067,12.3,11.089284896850586
31071,12.3,11.209684371948242
48285,14.6,14.287306785583496
47021,12.4,11.614009857177734
47145,14.7,13.288122653961182
08037,8.5,7.298673629760742
16001,9.0,9.069465160369873
19029,13.9,12.269107341766357
12061,14.3,11.847022533416748
13009,15.3,14.182536125183105
51007,16.6,13.7453031539917
39101,14.8,13.602657318115234
51035,15.9,14.360294342041016
08063,11.4,11.336779117584229
42027,,8.88978624343872
46081,11.4,10.465157985687256
42029,,8.991454601287842
47083,14.7,14.108177661895752
47085,15.0,13.89769172668457
48241,16.3,16.1502685546875
45043,16.9,15.104499340057373
53001,13.3,13.896736145019531
49043,8.7,6.811376333236694
46085,15.8,14.355859756469727
16069,10.8,11.108519554138184
31021,13.1,12.443262100219727
27119,11.3,10.38238000869751
29119,15.8,14.852278232574463
55135,13.1,11.201961994171143
12085,13.6,15.155901432037354
55111,12.3,10.133599758148193
41029,12.7,11.11241865158081
37061,15.5,16.49838161468506
19145,13.6,12.090484142303467
19045,12.7,11.92616605758667
13055,16.0,14.881718635559082
12071,14.5,15.519864082336426
19061,10.4,9.667499542236328
48283,15.5,15.750346183776855
20113,10.5,10.524656772613525
12099,13.7,16.149847984313965
20109,12.5,12.08227252960205
48309,12.5,12.824992656707764
12093,15.6,16.15291404724121
19089,12.4,11.00086498260498
30009,11.8,11.894244194030762
51760,12.9,10.94534683227539
49005,7.8,7.359440088272095
53039,11.7,11.305737495422363
45049,20.2,18.03018569946289
49025,11.8,11.430150032043457
55007,13.9,11.938491344451904
55013,15.5,12.714216709136963
22041,18.4,17.323047637939453
22027,22.8,19.29404926300049
51131,18.5,15.584965229034424
27157,11.6,10.829593181610107
22047,16.5,15.726368427276611
17111,10.5,8.599926948547363
18075,15.0,13.57306957244873
35037,17.2,15.190330028533936
37171,13.7,13.954452991485596
48369,15.0,13.42266035079956
39037,14.3,12.748593807220459
17149,13.3,12.749213218688965
39121,18.0,14.649100303649902
19097,12.7,11.552459716796875
13045,12.8,12.197519302368164
51081,17.1,15.146138191223145
17161,13.1,12.052202701568604
08113,8.7,7.710813522338867
08115,13.0,13.174281597137451
55093,9.8,8.741291999816895
48037,13.8,13.226248741149902
47181,15.4,14.580926895141602
47187,10.0,9.349966287612915
45065,20.6,17.314846992492676
55119,12.8,11.487245559692383
56027,13.0,13.981189250946045
36027,9.9,10.54853630065918
37073,15.8,15.500968933105469
06113,9.3,9.818305492401123
29091,14.9,14.858532428741455
26141,15.6,14.276681900024414
29101,9.6,9.14414644241333
22067,20.3,18.89122200012207
29157,12.5,11.783882141113281
13303,18.7,17.873780250549316
20115,12.2,11.791895389556885
21029,,11.463247776031494
27101,12.6,11.320826530456543
39041,10.1,9.384728908538818
40117,14.3,14.398566246032715
49011,8.2,7.6841065883636475
48049,14.0,13.382246017456055
39141,15.0,13.068471431732178
17181,14.1,12.939210891723633
08039,8.9,9.280670642852783
39145,15.3,14.859205722808838
19153,10.1,8.968934535980225
48443,15.0,14.761034965515137
13119,14.7,14.756274223327637
17203,10.6,9.431087970733643
51093,13.8,12.301681995391846
44005,10.3,9.09333324432373
55131,10.5,9.179840564727783
29023,15.3,15.178759574890137
41043,12.0,11.304388999938965
51105,17.3,15.640308856964111
53017,11.0,11.501269817352295
20149,9.7,9.320613384246826
23019,11.5,10.928843975067139
36095,11.3,11.96565055847168
13151,13.4,13.105072021484375
39127,14.3,14.38034439086914
51133,16.8,16.15247917175293
28083,20.9,19.773138999938965
38033,13.7,11.803561210632324
26097,16.4,14.658648490905762
53053,10.6,10.023744106292725
32021,17.6,16.61811399459839
27127,12.8,12.084184169769287
45071,16.1,15.814545631408691
18083,13.2,12.486614227294922
12089,11.6,15.277586936950684
45077,12.1,11.57936716079712
39075,12.7,12.975239276885986
12075,16.1,16.251713752746582
19167,9.8,8.892331600189209
48183,13.5,14.242720603942871
35059,14.7,15.607043266296387
37039,15.2,15.27303171157837
39151,13.7,12.672813892364502
06039,13.5,13.384046077728271
28071,10.9,10.640658855438232
53065,12.6,12.562911987304688
32033,12.6,12.293427467346191
01071,16.0,14.271574020385742
27173,12.4,11.278787612915039
23009,11.2,10.557551860809326
34027,9.0,9.058835983276367
40111,15.4,15.051900386810303
36003,11.1,12.269011497497559
48087,15.5,15.020928859710693
49045,8.9,8.991707801818848
13057,11.0,9.981037139892578
17073,11.9,11.203325271606445
21001,,13.802127361297607
22097,18.2,16.267414093017578
30047,12.2,13.285444736480713
01111,16.1,14.680447578430176
06081,10.6,10.080543994903564
26123,13.2,12.416901588439941
37135,9.3,9.26515007019043
19151,13.3,12.397793769836426
48153,17.0,14.949066638946533
42013,,12.37800645828247
37029,10.7,11.132318496704102
31027,11.3,10.89707612991333
05119,12.9,14.003477573394775
55073,10.9,9.793741226196289
06097,10.7,10.66982126235962
27071,13.4,12.330101490020752
28025,19.1,18.3272123336792
38013,11.1,10.509066581726074
24031,10.8,9.987460136413574
54101,19.5,18.567091941833496
47071,17.1,15.250547885894775
36035,12.1,12.83315896987915
48093,14.8,13.554034233093262
48453,9.0,9.399904727935791
48203,13.8,14.06200647354126
54065,16.8,13.687468528747559
08021,13.8,12.702818393707275
12033,12.8,12.767588138580322
48001,13.9,13.645091533660889
47019,15.9,14.557054996490479
37087,12.4,12.88314437866211
49053,10.7,11.509660243988037
30003,15.1,15.75619649887085
35045,14.5,14.2938551902771
01003,13.4,12.77172565460205
22017,17.2,15.339056015014648
36051,10.1,10.742531776428223
51041,12.4,11.079694271087646
13257,14.9,13.050424575805664
40085,14.4,14.731236457824707
17091,13.0,12.443326473236084
05145,12.6,12.295115947723389
13157,11.6,10.676527500152588
35011,15.3,15.587846755981445
38057,12.2,11.434781074523926
20117,13.0,11.78506326675415
06073,10.0,9.509274005889893
50021,10.3,10.939732551574707
24013,10.3,9.586350917816162
06019,12.7,12.231076717376709
16035,13.1,13.266340255737305
24023,14.1,12.021047115325928
48277,14.3,13.991942405700684
13127,15.3,13.486001014709473
39163,15.4,14.949792385101318
48373,15.4,14.635725021362305
47043,12.7,12.293701648712158
55029,13.0,11.29029655456543
44009,9.0,8.99073600769043
01033,15.0,14.199617862701416
21097,,13.209167957305908
55117,11.5,9.53426218032837
29187,12.9,12.366816997528076
17021,12.3,11.5897216796875
46023,15.3,15.535366535186768
21101,,12.948150634765625
51155,14.1,13.218350410461426
06061,9.8,9.849502563476562
18047,13.7,12.093614101409912
31133,14.4,14.173142910003662
31107,14.1,12.679735660552979
37019,13.5,12.651721000671387
21231,,15.730509281158447
22003,15.3,13.744756698608398
36029,10.8,11.41320276260376
28093,18.5,16.725284576416016
05107,21.7,20.422389030456543
46102,21.1,17.83294677734375
46099,10.6,9.209449768066406
39021,12.7,12.488232135772705
13197,18.7,16.798643112182617
51095,12.5,12.060840129852295
19111,12.9,12.19983434677124
48113,12.5,11.179921627044678
41065,13.3,11.860769271850586
30007,10.4,12.377498149871826
41061,12.2,11.410971641540527
12087,13.2,15.765471458435059
25027,10.4,9.483200073242188
28059,15.0,13.192386150360107
45013,12.7,13.06116247177124
16049,12.8,13.116636753082275
24033,15.2,13.369771003723145
28109,14.4,14.081584930419922
34009,11.7,11.69999361038208
22057,14.7,13.154766082763672
38053,9.6,10.545974254608154
41005,10.5,9.706070899963379
08073,10.8,11.591399669647217
41033,14.8,13.66637659072876
21121,,15.757556915283203
01041,16.6,15.029114246368408
06089,11.7,11.509486198425293
13013,12.2,12.544047355651855
18067,14.4,13.055283069610596
20193,10.2,11.253947734832764
21179,,11.554205417633057
32027,12.1,12.465385437011719
31053,11.9,11.428891658782959
40113,14.4,14.592069625854492
49027,11.8,11.15505313873291
51001,18.2,16.724671363830566
41015,15.7,13.44217824935913
05007,10.3,10.567989826202393
22099,15.5,14.311717510223389
51147,13.5,13.145171642303467
16007,11.6,11.727715969085693
48377,22.2,18.224084854125977
48457,15.3,15.279163360595703
40033,15.4,14.363452911376953
22095,17.2,15.943740844726562
51061,11.6,10.064494132995605
48367,10.7,10.78491497039795
48073,14.7,14.395781993865967
01027,16.5,15.365943908691406
49023,9.0,10.254205703735352
06105,15.9,14.613831520080566
06103,13.0,13.069488525390625
16023,15.2,13.571479797363281
17113,9.5,8.888874530792236
29095,12.1,11.44634485244751
37041,17.0,16.096956729888916
48197,15.2,14.865659236907959
36121,11.2,11.343976974487305
25013,12.1,11.5336332321167
21125,,14.062957286834717
18093,13.9,12.59539270401001
55115,12.9,11.951606273651123
06045,13.7,12.522775173187256
32031,10.0,10.736242294311523
46033,13.9,12.658446311950684
01079,15.5,14.574250221252441
16047,13.0,12.756433010101318
23021,13.8,13.688804149627686
46013,11.2,9.944642066955566
20167,13.9,13.118815898895264
40075,16.6,15.059062004089355
33013,9.1,9.13065242767334
41031,13.4,12.447755336761475
47117,13.6,12.762582778930664
29003,11.6,11.671291828155518
51019,13.5,12.027917385101318
47189,11.3,10.760771751403809
48455,16.4,15.695932865142822
53035,9.8,9.56115198135376
49041,10.5,10.365220069885254
36047,12.0,11.234958171844482
55003,13.9,12.506130695343018
55123,12.9,11.946511268615723
28149,16.2,15.397624492645264
08014,7.1,7.383206844329834
48041,9.7,9.916868209838867
30031,6.7,7.384483337402344
30107,13.0,13.843851566314697
51520,14.8,13.8327956199646
18063,11.1,9.764891147613525
55053,13.4,12.25861406326294
01125,12.0,11.739141941070557
51127,11.9,11.357754230499268
05011,17.6,16.045780658721924
32510,12.1,11.718438625335693
37013,15.6,15.674911499023438
01127,15.1,14.224626064300537
13005,14.9,14.492036819458008
18045,14.1,12.861237525939941
21073,,12.201851844787598
49037,15.4,14.909453392028809
56029,11.7,10.819060802459717
18139,14.3,12.905852794647217
26165,13.0,11.804985523223877
37117,17.8,17.812443733215332
48473,11.1,12.645225048065186
48407,16.4,15.63761043548584
51069,11.8,10.13132619857788
30055,11.1,12.272153854370117
54047,21.6,17.56118106842041
01037,18.6,15.997259616851807
16065,4.9,8.416764736175537
17147,10.9,10.398755550384521
42097,,12.444183826446533
23029,14.9,13.877264022827148
37143,15.3,15.935295104980469
42035,,11.972282886505127
30069,12.4,11.420397758483887
06021,12.6,12.339305877685547
17143,12.6,11.740607738494873
20067,11.8,11.54542875289917
21233,,14.319780349731445
35051,18.2,16.28549098968506
35043,11.8,11.569385528564453
06065,12.4,12.126794815063477
53007,10.7,10.857402801513672
05133,15.2,15.039599418640137
48333,14.1,15.492278099060059
39149,13.3,11.605470180511475
22075,13.8,12.500880718231201
06093,13.9,13.805850982666016
30023,12.9,13.36845588684082
21195,,16.36241054534912
01049,15.7,14.738071918487549
06077,12.3,11.55779504776001
36007,10.9,11.40545654296875
05073,20.6,18.27283000946045
51015,13.2,11.870072841644287
42111,,13.468456745147705
48033,13.2,10.6756010055542
50015,8.3,8.734929084777832
54039,15.6,12.566438674926758
13099,18.9,18.299013137817383
13321,16.9,15.862690925598145
26147,12.2,11.542001724243164
30081,10.4,11.608963012695312
28015,18.6,16.29954242706299
48043,12.8,11.774749279022217
53025,11.5,12.295258522033691
51111,18.9,16.776641845703125
12067,14.6,15.448520183563232
36019,10.7,11.06416940689087
22025,17.7,15.691981792449951
39095,14.0,13.047638416290283
12133,15.1,15.020182609558105
53037,9.7,9.28428840637207
41067,9.9,9.059037208557129
04005,9.3,10.735523700714111
36075,11.2,11.947073936462402
01055,16.3,14.427334308624268
21225,,14.215733051300049
47121,15.9,14.73991870880127
01113,17.3,16.137372970581055
08123,9.5,8.933983325958252
48287,15.4,13.608911514282227
53041,12.1,11.826476097106934
51735,11.0,9.486172199249268
41017,10.2,9.315287590026855
30035,15.5,15.460005283355713
56013,12.4,12.207992553710938
29165,10.0,9.349678039550781
34037,9.5,9.746556282043457
40059,14.0,13.774380683898926
01073,15.1,13.46577787399292
48141,15.4,12.576726913452148
06085,10.5,9.444561004638672
28027,21.8,20.60277271270752
48177,16.0,15.087676525115967
16059,12.7,12.736302852630615
01069,15.7,14.820330619812012
50027,9.5,10.234023094177246
47045,14.9,13.643907070159912
18019,12.5,11.699694633483887
05005,15.0,14.51520299911499
13179,11.6,12.711379051208496
22077,17.1,16.53187656402588
30083,9.2,9.938658714294434
08049,9.1,9.211863994598389
05051,14.8,13.68249797821045
48097,13.0,12.441551685333252
08103,9.6,10.387977123260498
47013,15.7,15.486491203308105
27075,12.5,11.575218200683594
37175,12.9,13.289015769958496
28163,18.5,17.462804794311523
53031,13.1,11.252492904663086
27133,11.4,10.904998302459717
50005,10.1,10.711959838867188
48219,14.1,13.862312316894531
48063,16.1,15.29221773147583
29087,14.1,13.257502555847168
06025,15.0,13.387347221374512
48077,13.2,11.946913242340088
40141,16.2,15.146836757659912
26101,13.7,12.369863033294678
30105,11.6,12.64589786529541
36105,12.1,12.217377185821533
41019,14.3,12.967036724090576
53015,11.4,11.71727466583252
55075,13.9,11.97855520248413
17071,14.1,11.662511825561523
05103,17.7,16.17212152481079
32019,12.3,12.292364120483398
42101,,12.885263919830322
13023,14.7,14.373536109924316
41007,12.6,11.330170631408691
23003,14.8,13.18486213684082
30057,10.6,11.819581031799316
13001,17.4,15.553032398223877
08081,10.8,11.23737621307373
34013,12.0,11.649377822875977
13175,16.4,16.377604961395264
55041,16.7,14.740700721740723
05077,19.7,18.245694160461426
55083,12.9,10.784518241882324
56017,14.5,12.620041370391846
46119,12.5,11.740424156188965
48319,14.4,12.799384117126465
20019,15.2,14.746321201324463
28063,23.6,21.186331748962402
01103,14.7,13.043290615081787
28079,17.0,17.73985004425049
54033,15.6,13.416164875030518
48485,12.1,12.061651229858398
20073,14.4,13.5272216796875
56033,10.9,10.33665418624878
51510,9.9,9.364275932312012
28117,13.9,14.114119529724121
12079,16.8,17.717395782470703
13239,23.6,19.16437816619873
27149,9.7,9.930646896362305
13305,15.8,14.523094177246094
17105,12.2,12.147491455078125
13073,11.9,10.504225254058838
04011,10.6,11.401890754699707
26031,14.6,13.411707401275635
36061,8.9,10.02565622329712
01099,19.7,19.17536735534668
08097,8.4,8.43019151687622
19065,13.1,12.443873882293701
40133,16.1,15.843955039978027
37103,17.0,17.42232322692871
48245,15.6,14.616334438323975
18009,16.4,13.975520133972168
22081,19.8,18.25578212738037
47151,16.6,14.738513946533203
55078,18.2,15.138823986053467
05045,10.8,10.191151142120361
13309,16.0,15.028240203857422
05097,16.4,16.0849027633667
51187,12.7,11.535392761230469
54021,15.5,12.805445671081543
54037,13.4,10.685945987701416
13033,18.3,16.40577220916748
54073,14.9,12.868404865264893
21069,,14.498256206512451
24001,13.3,12.031604290008545
08065,8.4,8.552985668182373
37151,13.2,13.46364688873291
47037,11.2,11.062432289123535
29071,12.2,11.631654739379883
48109,19.3,17.863990783691406
21227,,10.769622802734375
48425,12.3,13.091339588165283
53075,7.4,7.730520963668823
42003,,10.63237714767456
51570,12.3,12.149664878845215
46117,11.1,10.463156700134277
54015,18.8,18.135421752929688
13213,13.3,12.823389530181885
48323,17.8,15.677388191223145
47101,14.9,15.546075344085693
28013,18.2,16.54200839996338
28035,13.1,12.484161376953125
54109,18.7,16.94884967803955
13181,18.2,16.60162925720215
42049,,11.611172199249268
19047,14.3,12.786898136138916
28049,17.0,15.868387699127197
47119,12.6,11.541581630706787
01133,16.5,14.634208679199219
48123,16.0,15.259243965148926
47171,16.5,14.18389368057251
22031,17.8,16.086040019989014
42099,,11.320571899414062
46037,14.7,13.19433069229126
55107,14.9,12.541269302368164
20101,13.1,12.16285228729248
51670,17.7,16.941190719604492
13311,13.2,12.574573516845703
40017,10.4,10.232298374176025
40107,17.3,16.470290184020996
13285,15.0,14.90187931060791
20021,13.4,13.093078136444092
40115,15.2,15.509471416473389
01035,22.1,18.80522346496582
08087,10.9,11.612153053283691
18023,13.4,12.38151741027832
21153,,17.36544895172119
29055,14.1,14.186901569366455
28161,19.0,17.41552734375
54083,16.0,14.40089225769043
35023,16.4,16.064109802246094
20191,12.4,12.106977939605713
30041,12.1,11.129294872283936
05137,17.0,15.900146007537842
19125,10.5,9.159421920776367
37139,13.0,13.293706893920898
34035,10.1,9.719420433044434
48201,13.2,11.518280506134033
55129,14.4,12.26198959350586
48209,10.2,9.161431789398193
17157,12.9,12.409294605255127
42059,,11.188547611236572
27029,12.8,13.455149173736572
36025,12.5,12.590598583221436
51059,10.7,9.123193264007568
45059,15.6,15.313487529754639
47105,15.1,12.989656925201416
56025,11.1,9.555866241455078
47175,16.0,15.854152202606201
51197,14.3,13.953877449035645
16041,9.4,10.913436889648438
21045,,16.025859355926514
26081,10.3,9.09609842300415
28043,17.6,16.29396629333496
13313,14.1,12.880616188049316
26151,13.8,13.017524719238281
21039,,14.085788249969482
31035,11.8,12.055359840393066
42075,,12.169761657714844
47093,12.0,10.410768032073975
08047,9.6,9.684844493865967
42131,,11.59798288345337
42025,,12.329917907714844
39153,13.7,12.378497123718262
37049,12.5,12.898793697357178
51145,12.1,10.51454782485962
18057,9.6,8.56857681274414
05141,16.2,15.690209865570068
30019,11.2,11.966992855072021
48451,12.9,11.548394680023193
01045,15.8,13.980196475982666
13071,16.7,16.531554222106934
20099,13.4,13.311373710632324
51193,18.3,16.103049278259277
23027,11.7,11.215925693511963
47025,15.0,14.200376987457275
05085,11.3,10.844751358032227
17065,13.9,12.699612617492676
18109,13.4,11.94651985168457
40039,11.8,11.543165683746338
31149,12.5,11.684167385101318
37001,12.2,12.852208614349365
46135,11.8,10.625572204589844
17127,14.1,13.81514310836792
55061,12.1,10.515331745147705
46107,13.1,12.838095664978027
21049,,12.106027603149414
13233,14.1,14.019713878631592
18145,13.9,12.116633415222168
22111,18.4,15.960155963897705
35029,17.7,15.96440315246582
18171,14.1,12.048739910125732
27045,11.8,11.010165691375732
31147,14.0,13.105323314666748
26077,9.7,9.688836097717285
26115,12.3,11.710312366485596
39165,11.0,9.823779582977295
29211,15.1,14.066466808319092
26037,10.6,9.654615879058838
01051,13.0,12.174365997314453
37197,13.3,14.442662715911865
12055,18.3,16.35732650756836
12111,14.5,12.757656574249268
40041,16.7,16.92986011505127
39103,11.9,10.346761226654053
19055,12.5,10.69068717956543
39109,12.7,12.078930377960205
01031,14.8,13.058384418487549
48251,11.9,11.500208854675293
48291,13.9,14.000528812408447
54097,16.5,14.979954719543457
55059,11.4,10.370893001556396
31115,13.5,11.956222534179688
16005,9.7,10.40937089920044
45087,19.1,17.394468307495117
20165,13.9,12.19984769821167
37111,13.0,13.20979356765747
36083,9.9,10.821097373962402
23001,12.1,11.673133850097656
19073,13.1,11.315746307373047
48125,16.7,15.232908725738525
26085,17.2,15.633668422698975
27017,11.7,11.056025505065918
20025,12.1,12.188631534576416
26061,10.0,9.78062629699707
39079,14.9,14.208966255187988
37081,12.2,11.446471214294434
28075,16.7,15.882256984710693
22009,17.7,16.723445892333984
21217,,12.464710712432861
18141,12.9,11.69771671295166
51630,10.2,9.914986610412598
13031,11.5,11.49164342880249
19083,12.9,11.303304195404053
13037,18.5,19.032706260681152
48361,12.4,13.149530410766602
08111,10.2,10.668163776397705
51085,11.6,10.096303462982178
21053,,15.209380149841309
39147,13.2,12.39584732055664
17191,13.6,13.05267858505249
51036,19.4,16.913891792297363
21065,,16.82645893096924
21075,,16.701515674591064
06107,13.1,12.662828922271729
19011,11.1,10.389602661132812
17169,14.4,13.22047472000122
38023,12.6,12.651114463806152
21203,,15.672565460205078
47029,17.2,15.48781681060791
21215,,10.676258087158203
38007,12.1,11.710360527038574
48259,11.1,11.276636600494385
55051,14.8,12.778947353363037
47053,14.7,13.55302619934082
45027,19.6,18.733216285705566
20007,13.8,12.957991123199463
33007,13.0,12.159626483917236
17077,11.6,10.574418067932129
37187,20.6,19.114341735839844
06071,12.1,11.66042423248291
17035,11.9,12.085718631744385
12011,13.5,15.976846694946289
13195,14.7,13.293603897094727
48305,15.2,13.391568660736084
48329,10.8,10.432859420776367
29123,13.2,12.706346035003662
08041,8.7,8.522781610488892
22083,17.7,16.589245796203613
08119,10.2,10.106709957122803
40139,13.7,12.994592666625977
18165,14.3,12.985785007476807
38025,11.5,12.01415205001831
30017,10.5,10.537253856658936
17017,13.4,12.193243503570557
42055,,11.709324836730957
21123,,13.14395523071289
35025,12.0,12.309459209442139
01091,19.8,17.666970252990723
21061,,15.220734596252441
31041,12.2,11.583733558654785
48139,11.6,11.511803150177002
55077,14.6,12.569394588470459
20011,12.7,12.484619140625
27113,11.2,10.62417221069336
23017,13.7,12.796363353729248
36071,11.2,10.760982513427734
22103,13.3,11.8479323387146
31145,12.1,11.640328407287598
36031,11.8,11.371466636657715
29213,13.3,13.227004051208496
48379,14.1,14.026204586029053
36023,9.3,10.212388038635254
48343,15.9,16.24591064453125
36001,9.2,10.190404891967773
51113,13.7,13.082551956176758
51157,14.7,12.668465614318848
48395,15.4,14.713787078857422
40077,17.0,16.086292266845703
21151,,10.743218421936035
42067,,12.737700939178467
29107,11.8,11.79278039932251
26093,9.7,9.283277034759521
29135,11.9,11.719636917114258
36005,16.1,13.334078311920166
31123,13.3,11.632163047790527
05023,15.1,14.407929420471191
05089,16.4,14.857728958129883
36081,14.3,12.712228298187256
01121,17.2,15.251696109771729
18105,9.9,9.384610176086426
31073,12.4,11.734051704406738
45009,19.5,18.907471656799316
48409,15.4,13.799412250518799
21229,,13.184683322906494
41001,13.6,12.357493877410889
01089,12.1,11.278502941131592
38079,17.9,17.41721534729004
28031,15.6,15.811201572418213
28151,21.0,20.305100440979004
46129,13.4,12.270295143127441
48439,11.7,10.864991664886475
39053,15.3,13.889458656311035
39111,16.1,15.414841651916504
42051,,13.447572708129883
28053,24.7,20.690784454345703
51021,13.8,14.038604736328125
39051,13.3,12.232382774353027
12109,10.6,10.98660945892334
13017,19.1,18.2802152633667
01123,16.8,15.879066944122314
48147,13.2,12.651209354400635
35005,14.3,13.321603775024414
26103,10.6,9.728900909423828
29195,12.4,11.685177326202393
34033,11.9,12.039611339569092
17009,11.7,10.802257061004639
19195,12.4,10.876227378845215
28139,15.3,14.451940059661865
01085,24.1,21.40873908996582
16045,11.5,13.174936294555664
27043,12.8,11.947232723236084
21019,,13.5482497215271
54069,15.0,12.110366821289062
28143,21.4,18.603873252868652
41037,14.7,13.241166114807129
22043,13.7,13.541357040405273
21165,,17.32160186767578
39057,11.2,10.796950340270996
19169,8.1,7.7537994384765625
54003,13.5,11.428032398223877
01093,15.5,14.557302474975586
55021,11.3,9.866642475128174
36009,12.1,12.534180641174316
26025,13.3,13.022913932800293
39015,14.5,13.961650371551514
47141,12.4,11.967314720153809
39171,14.4,12.786957740783691
38027,13.5,13.194262981414795
17173,13.0,12.057308197021484
48081,15.9,14.551855564117432
47137,19.1,16.357557773590088
37167,12.7,12.683761596679688
48099,10.3,11.807791709899902
17029,11.4,11.748636245727539
47153,16.7,15.020713329315186
19053,12.4,12.030198574066162
21127,,16.262470722198486
46059,11.9,11.320007801055908
42037,,11.71308183670044
29009,15.0,14.402734279632568
41069,16.5,14.025598526000977
29041,14.0,13.37292194366455
51119,16.5,14.945826053619385
50023,8.9,8.894494533538818
13075,16.5,14.83108901977539
51195,15.1,14.592390060424805
45007,13.3,12.99221134185791
47061,16.5,14.997842788696289
18161,13.0,12.477189064025879
26073,10.5,11.32236099243164
05055,12.5,12.375696182250977
20133,13.1,13.030431747436523
41021,14.8,12.666114807128906
08017,11.3,11.619648456573486
17187,12.3,11.730823993682861
22063,12.7,11.157950401306152
26119,16.5,14.67477035522461
18015,13.9,12.731274604797363
26047,11.5,10.855328559875488
18169,13.8,12.756420612335205
26075,12.5,11.900129318237305
49031,15.2,13.553600788116455
37183,9.5,10.057755947113037
37123,15.1,14.926498413085938
37165,17.4,18.368903160095215
17061,13.2,12.527420997619629
06009,13.2,13.211727142333984
21031,,13.998709678649902
38005,15.4,15.18632173538208
19009,13.6,11.866387844085693
20045,8.4,8.245981693267822
37189,9.8,9.641707420349121
30103,12.5,12.099910736083984
55121,12.3,10.270059585571289
40011,14.3,13.230381488800049
47067,20.3,17.237364768981934
55033,9.9,8.96229600906372
37059,12.1,12.328117370605469
05019,12.9,12.932209968566895
40023,17.2,17.16879177093506
05063,13.4,13.030662536621094
20195,12.3,11.995573043823242
21077,,12.64853048324585
20177,12.5,11.73426866531372
19171,13.6,12.5697660446167
29019,9.5,9.58487319946289
19115,12.8,12.031684875488281
20039,13.4,13.116401195526123
45091,11.8,10.956182956695557
55005,13.2,11.307714462280273
22021,16.7,14.790077686309814
22037,16.1,15.583441734313965
46009,12.8,11.662023067474365
47073,16.0,14.42649793624878
45033,20.3,18.41548252105713
45037,16.2,14.70339822769165
29027,11.9,11.194422245025635
47113,16.2,14.728813648223877
56001,7.5,7.474616050720215
51029,16.6,16.1075758934021
12045,14.1,15.274895191192627
13315,17.4,16.25355339050293
05131,13.1,12.971507549285889
05129,17.6,16.000012397766113
22019,14.2,13.130127906799316
40079,15.1,15.302441120147705
21187,,14.189743518829346
38075,11.1,10.366979598999023
27125,12.0,11.131068706512451
40095,15.7,15.427508354187012
24005,13.1,10.73759651184082
28055,16.4,19.17049503326416
39083,12.6,12.064959049224854
51175,15.9,14.304127216339111
55011,12.8,11.302095413208008
22065,22.6,20.32960319519043
51800,13.7,12.354308128356934
28051,23.3,21.804962158203125
45063,12.3,11.886151790618896
55105,12.3,10.879124164581299
56023,11.4,10.677128791809082
53013,12.2,12.311095714569092
27117,12.7,11.687292575836182
51099,11.6,9.876474857330322
29043,10.7,10.482563018798828
01011,24.6,20.463570594787598
13237,17.1,15.56028127670288
40007,13.9,13.729748249053955
31043,12.8,12.86634111404419
05105,14.1,13.46708059310913
48351,18.6,17.4267520904541
29039,15.6,13.95804738998413
31049,14.2,13.38603687286377
41071,11.2,10.051017761230469
20079,12.2,11.187356948852539
27159,12.7,11.984204769134521
44001,9.8,8.221966743469238
47135,16.4,15.854660034179688
34039,11.6,11.6787691116333
29147,10.6,10.377382278442383
27095,12.0,12.020703792572021
20071,11.7,11.184848308563232
13141,22.8,20.716508865356445
12037,15.3,15.519711971282959
12117,11.0,14.819038391113281
28157,20.6,20.8253755569458
05121,14.7,14.549872398376465
26019,12.8,11.948472023010254
40045,14.1,14.114720821380615
54071,18.2,14.845025062561035
29209,15.6,14.721640586853027
29029,14.7,13.845242500305176
38097,10.5,10.55748176574707
42005,,12.611518383026123
20013,13.5,13.289542198181152
18129,12.9,11.298528671264648
08029,12.4,13.275109767913818
13231,11.9,12.030580997467041
13319,17.7,17.978731155395508
39115,16.0,16.1231427192688
46121,20.7,17.28975486755371
30021,10.1,10.824447631835938
20091,9.4,9.070924758911133
20153,14.7,13.270389080047607
20127,13.5,12.344261169433594
48445,16.4,16.396248817443848
13171,13.6,14.452125072479248
13199,17.6,18.221549034118652
39143,14.4,12.72520399093628
48353,16.5,14.624448299407959
22089,13.2,11.940161228179932
13277,15.8,14.891144752502441
38089,9.5,9.177849769592285
32009,17.7,13.911787986755371
28089,12.4,11.582128047943115
55063,10.1,8.996265888214111
29177,13.3,12.741257190704346
31037,13.2,11.366984367370605
45041,15.5,14.339178085327148
54001,16.9,15.58372163772583
13287,18.5,19.35051155090332
37089,12.5,13.126068592071533
17183,14.4,13.180588722229004
37129,10.6,10.88246774673462
21071,,16.30460262298584
48211,11.6,11.780607223510742
20077,14.8,13.839772701263428
27093,12.2,10.565367221832275
27059,10.5,10.14328145980835
27143,11.5,11.12587594985962
28121,12.1,11.927945613861084
37003,12.7,13.004712581634521
39001,15.7,14.310535907745361
38017,7.9,8.186076164245605
06031,12.1,12.189356327056885
04019,11.0,11.536821365356445
05125,11.3,11.250113487243652
41047,12.5,11.328788757324219
23005,8.9,8.703687191009521
48363,14.4,14.91995096206665
41035,14.1,12.743541240692139
05059,13.9,13.81538438796997
08059,8.3,7.960262060165405
04001,17.5,17.811376571655273
12083,14.9,16.600963592529297
25005,10.8,10.621490001678467
49015,11.2,10.56488037109375
22117,17.8,16.466182708740234
40089,15.5,16.39675807952881
29171,13.6,13.778438091278076
35061,14.6,12.243787288665771
30049,9.3,8.805394172668457
24047,13.7,13.251181602478027
47157,15.9,15.030956745147705
56043,13.7,11.776371002197266
39061,13.2,11.438714027404785
51199,11.1,9.84817123413086
04007,15.0,15.988980770111084
05049,17.1,15.868053436279297
13051,13.1,13.099242687225342
30059,12.5,12.251933574676514
29035,15.7,14.313147068023682
28137,14.2,14.331516742706299
17015,13.3,12.632063865661621
12121,15.0,15.718120574951172
17121,13.3,12.889056205749512
13221,14.1,13.29123592376709
35041,11.5,12.548211574554443
16013,10.2,9.702859878540039
35006,16.6,15.422205448150635
18025,17.8,15.027178287506104
47027,17.8,15.957818508148193
30063,8.3,8.695108413696289
32003,12.4,11.725512027740479
22033,13.9,13.249242305755615
12039,19.2,17.80620002746582
12091,10.8,13.68808126449585
06033,14.1,13.89420223236084
42021,,12.698489665985107
48437,16.6,16.149988174438477
08045,8.9,9.518137454986572
17075,13.9,12.685381412506104
01067,16.7,15.264825344085693
05135,16.2,16.29866361618042
48273,14.0,12.801502227783203
51153,11.4,9.895278453826904
51097,17.0,14.913200378417969
16021,12.6,13.389484405517578
37119,10.1,11.21909761428833
36069,10.5,10.123359203338623
28105,10.9,12.375324249267578
34003,9.7,9.805793762207031
06053,12.5,11.729536056518555
38051,14.4,13.226014614105225
26029,12.3,11.221230506896973
38095,15.0,12.75452184677124
13205,18.4,17.261714935302734
08057,13.9,13.213176727294922
30027,11.4,12.18921184539795
48065,11.7,11.056290626525879
21147,,16.154841423034668
48401,13.9,13.564048767089844
01057,16.6,15.452746868133545
42081,,11.774200439453125
05001,15.2,14.526973724365234
48085,9.5,9.597560405731201
37051,12.2,12.234714031219482
25001,10.7,10.26000452041626
29143,16.1,16.00913715362549
42107,,11.958543300628662
30079,16.2,13.7390456199646
54041,16.9,15.494875431060791
49047,10.5,11.618395805358887
41057,13.5,12.30401611328125
16077,12.1,12.004169940948486
48419,16.4,15.546998023986816
06083,10.8,10.28525686264038
20131,11.4,10.890933513641357
06063,13.5,12.668482780456543
12105,13.6,16.602177619934082
12119,16.0,15.202001094818115
39159,10.2,9.793548583984375
45089,20.4,20.238389015197754
30097,10.9,11.806233882904053
18005,12.4,10.799747943878174
22101,18.1,16.150634288787842
16053,12.6,12.590946674346924
51091,15.2,14.087475299835205
06005,11.8,12.951794147491455
06013,11.3,10.199536800384521
12123,15.9,15.703946590423584
46071,18.6,18.06567668914795
45081,16.8,15.63856315612793
56009,11.5,10.739884376525879
51610,8.9,8.500661373138428
13049,16.1,15.91555643081665
47097,17.2,16.00737714767456
06049,14.9,15.276196479797363
51079,12.7,11.156527996063232
45019,11.4,11.461377620697021
01077,12.9,13.123075008392334
17109,11.4,10.935147285461426
41039,10.8,10.40180492401123
44007,11.6,11.278251647949219
50009,12.5,12.994081020355225
21155,,14.029463291168213
54067,16.8,15.716755390167236
51181,17.3,15.325485706329346
56035,11.2,10.54314374923706
26021,13.5,11.99742317199707
12086,15.4,16.163177013397217
39031,15.3,13.656543731689453
13259,17.9,19.383689880371094
41045,13.9,12.601468563079834
13317,18.9,18.578600883483887
33009,9.3,10.03649616241455
08069,7.3,7.5095860958099365
39113,14.5,12.669306755065918
08077,9.8,10.583853721618652
13035,13.8,14.31059455871582
01101,16.4,14.537313461303711
51087,12.3,10.605174541473389
50001,8.2,9.58938217163086
46061,12.1,10.231174945831299
26035,15.4,14.440747261047363
47129,14.8,14.978384971618652
37157,14.5,15.307474136352539
39125,14.1,12.635684967041016
48461,16.6,15.750597953796387
48189,15.6,14.677408695220947
46045,12.4,10.328999996185303
55025,8.2,8.767202854156494
21087,,15.761130332946777
41053,10.9,10.073987007141113
45045,12.2,10.856852531433105
54043,18.5,16.69141674041748
51143,17.5,15.730238914489746
21015,,10.122108936309814
48167,12.3,11.669397830963135
53047,13.3,13.66407060623169
53005,10.4,9.800880432128906
56007,12.9,11.089730739593506
49017,11.6,11.905345439910889
30043,10.3,10.215007305145264
29037,11.5,11.812813758850098
48215,17.4,16.178446292877197
08109,15.1,13.81629753112793
48061,18.3,17.019630432128906
39013,14.5,13.002995491027832
18133,12.4,11.2995924949646
22013,22.1,18.51868724822998
29065,14.6,14.423147201538086
35055,15.2,13.76595401763916
35017,15.9,14.250097274780273
51177,12.6,11.064027786254883
37131,20.3,19.379209518432617
48083,15.4,15.226014614105225
12021,13.7,15.383093357086182
49029,8.1,8.164624691009521
48355,15.8,13.343751907348633
55101,12.5,10.781413078308105
30073,13.6,13.662636280059814
39091,14.0,12.7432861328125
21043,,14.797110080718994
46103,12.1,11.007213592529297
36049,11.8,11.798879623413086
06095,12.1,11.35883092880249
23025,13.9,13.352544784545898
45057,14.1,13.17288589477539
51077,17.5,15.121610641479492
42077,,11.446116924285889
47107,15.4,14.457287788391113
18061,12.8,11.78938627243042
08083,11.8,12.767387866973877
24029,13.7,12.559475898742676
36011,11.8,11.903397560119629
51141,16.4,14.323704242706299
05043,15.2,13.808434009552002
49051,8.4,7.6563897132873535
13107,16.4,16.42794895172119
37057,12.7,12.78913688659668
47077,15.4,13.82337760925293
31177,10.7,9.458553791046143
51003,10.2,9.814411640167236
53049,14.9,14.206279754638672
24015,13.2,11.225057601928711
17131,12.4,11.759182929992676
22113,15.0,13.323938846588135
18163,12.8,12.527338981628418
13093,18.3,18.51785659790039
48371,16.5,14.948266983032227
06001,11.0,10.113703727722168
41025,15.0,12.694917678833008
27155,13.2,12.662505626678467
18021,14.2,12.0568265914917
30053,14.0,14.298767566680908
42127,,12.286499977111816
30045,12.9,12.229830741882324
06037,12.6,11.177536487579346
24045,12.6,12.348725318908691
48143,10.8,11.28778600692749
48119,13.7,13.185850143432617
06079,10.0,9.876854419708252
30033,11.5,12.640259265899658
48175,15.6,14.606281757354736
42119,,10.765305995941162
34011,13.5,13.832059383392334
16085,13.1,12.08462142944336
12101,12.8,14.649064064025879
51049,16.1,16.15555763244629
51057,18.0,17.22076416015625
55095,12.4,10.426005840301514
56039,8.4,8.167242765426636
42089,,11.58585500717163
05101,15.3,13.992740154266357
36091,9.6,9.278604984283447
48423,13.2,11.937777996063232
22107,25.1,21.07670497894287
22005,12.2,11.172286987304688
36015,11.5,12.293808460235596
17049,11.3,10.973451137542725
47163,15.2,12.554740905761719
56011,11.5,11.234513282775879
27103,9.8,8.871678829193115
30013,10.4,10.689735889434814
37179,10.5,9.298945426940918
24037,11.4,10.510581016540527
24039,14.2,15.39844036102295
24041,13.1,12.340487480163574
12125,14.5,15.61819839477539
16029,10.5,10.866052627563477
17135,12.6,12.205612182617188
45083,13.5,12.870022296905518
22051,16.2,13.930085182189941
36089,11.9,12.35779333114624
30029,9.3,10.248978614807129
21193,,14.909486293792725
26033,12.7,12.771513938903809
35057,16.5,15.03565788269043
21237,,17.689297676086426
31047,13.5,11.75114107131958
28125,25.2,19.774106979370117
46041,18.0,16.44602108001709
36045,10.0,10.950180530548096
08031,7.1,7.221679925918579
30001,10.5,10.751734733581543
37055,11.2,11.206827163696289
46055,13.5,13.249742984771729
38085,20.2,18.05601692199707
31169,13.2,12.314700603485107
06007,10.7,11.031665802001953
45029,17.3,17.128841400146484
41023,14.6,13.777502536773682
39133,11.8,11.219630718231201
54089,19.4,16.22980785369873
53027,13.6,12.632685661315918
18119,14.5,13.349268913269043
17025,13.9,12.944804191589355
42071,,11.11988639831543
51047,12.8,11.929280757904053
40013,13.4,14.227125644683838
48185,14.4,13.949827194213867
06011,13.4,11.28388261795044
38067,12.8,11.866150856018066
51005,15.1,14.494914054870605
12005,11.9,14.288609981536865
54035,17.2,14.841582298278809
28091,17.2,16.758867263793945
37011,12.9,13.395155429840088
13169,14.4,13.512506008148193
41055,14.2,12.96556806564331
23023,10.8,9.754927635192871
35015,11.6,12.293159008026123
23007,11.3,11.237562656402588
21183,,13.451420783996582
37153,16.4,16.13164710998535
26159,13.5,12.770619869232178
17031,11.8,10.638261795043945
26049,13.2,12.926836490631104
40121,14.3,14.214402198791504
06067,11.2,10.983591079711914
13185,12.9,12.875392436981201
23013,11.2,10.529510021209717
39017,12.5,11.302053451538086
50013,9.7,9.294633865356445
01023,20.1,18.26640033721924
53023,11.5,12.226070404052734
16073,13.4,13.865146160125732
28011,20.5,18.154211044311523
28037,18.5,16.708261489868164
21119,,15.849823951721191
38101,8.8,8.75835132598877
27007,11.3,11.964345932006836
40101,15.2,14.698742389678955
30005,14.3,14.585100173950195
20085,12.3,12.44867467880249
20069,11.2,10.511862754821777
13103,11.3,10.859345436096191
22087,15.3,13.819875717163086
12095,11.7,14.573498249053955
21005,,11.338100910186768
36043,11.3,12.10755968093872
28081,13.9,12.42936372756958
06027,12.4,11.999922752380371
17067,13.2,11.801822185516357
04009,11.4,13.770596504211426
04012,17.5,17.889792442321777
48247,22.8,17.193256378173828
17097,11.2,9.529054164886475
37199,13.7,14.009357929229736
38021,11.2,10.282307624816895
27167,12.3,11.046607971191406
26089,12.2,11.48405122756958
13063,16.2,15.946810722351074
30011,12.3,13.720866680145264
36103,10.0,10.100349426269531
49003,9.3,9.426065444946289
48293,16.1,15.449798107147217
48229,14.3,16.51316261291504
27163,10.3,8.87761116027832
42095,,11.146308898925781
34007,11.4,12.303132057189941
55047,13.7,11.628194332122803
29069,16.0,15.967106342315674
39105,17.3,15.4402494430542
04015,14.2,14.516721725463867
40067,16.3,16.433887004852295
29153,18.3,17.528074264526367
05117,15.1,14.35289192199707
10005,14.2,13.303326606750488
37035,12.1,12.698739528656006
48137,19.3,15.449821472167969
23031,10.4,10.349610328674316
48015,14.7,13.423185348510742
46027,8.1,8.68349027633667
54099,16.9,15.960179805755615
39167,13.8,13.58708667755127
51171,14.1,12.170789241790771
30077,11.3,11.191084384918213
48249,18.0,15.77120304107666
51149,11.5,11.140729904174805
05041,21.2,19.411832809448242
54081,17.7,13.76861047744751
04027,14.5,14.750936031341553
20183,13.3,13.253074169158936
22015,13.2,11.586137294769287
21135,,16.57905101776123
21139,,14.135547161102295
21145,,12.706383228302002
21159,,15.16844654083252
06109,12.1,12.944663524627686
33003,10.7,10.332802772521973
36065,11.5,11.99134349822998
21105,,14.708351612091064
16037,13.4,13.740203857421875
05069,17.6,16.89043617248535
05083,14.4,13.682373523712158
51620,18.1,15.615744590759277
42009,,13.718749523162842
39087,15.1,14.385408878326416
33015,9.1,9.00844669342041
51191,13.8,12.511613368988037
48105,16.5,15.292868614196777
37155,18.4,18.805665016174316
