county_fips,per_obesit,pred_outcome
17127,38.4,38.722673416137695
27017,41.3,38.09089279174805
37181,41.0,42.18697166442871
47079,39.5,35.463003158569336
06021,33.6,36.75420379638672
17093,37.0,33.34952926635742
19095,36.0,37.74725151062012
22003,41.1,38.952043533325195
18055,40.4,39.95180702209473
33001,30.9,32.700565338134766
46065,35.0,34.24106407165527
55027,40.7,36.90629577636719
28125,49.6,44.89034080505371
18103,41.8,39.213287353515625
20189,39.9,40.20185852050781
47047,37.4,38.243330001831055
01017,45.6,41.30182647705078
18127,36.9,35.700843811035156
25011,25.9,29.22486114501953
30051,37.0,37.69404602050781
48273,38.8,37.29082107543945
12007,38.6,40.20965766906738
17057,39.4,38.444101333618164
27065,37.8,38.874698638916016
20067,40.4,37.774539947509766
46035,36.4,36.06177520751953
48011,34.6,35.55191230773926
51740,45.0,41.391096115112305
31147,43.8,38.906904220581055
26037,36.2,34.00577163696289
27159,42.6,38.519344329833984
48171,33.0,33.37303924560547
13137,36.1,36.98836135864258
19155,42.5,37.63349533081055
25019,28.8,27.668450355529785
27027,33.9,33.72178649902344
31177,38.5,34.66964340209961
47165,38.7,35.796142578125
20031,39.6,37.129207611083984
21211,36.4,37.279632568359375
28111,41.9,40.178218841552734
17053,37.7,37.74587059020996
40127,43.3,40.81066703796387
40105,41.1,41.19797325134277
48209,33.4,30.810837745666504
55063,33.1,32.54140758514404
29039,41.5,38.86065483093262
19189,38.3,36.03287887573242
48369,39.6,37.84807586669922
48329,38.3,35.5900764465332
17201,38.1,38.80339050292969
26151,38.0,38.69090270996094
31127,39.7,35.899484634399414
40059,43.3,38.63858985900879
13123,37.1,36.468149185180664
18005,34.2,34.80381965637207
18131,41.0,38.695648193359375
26107,32.4,36.780582427978516
28145,40.1,37.15699768066406
36093,34.0,34.02333450317383
48189,42.0,39.871612548828125
54041,40.5,39.80483055114746
13201,40.9,39.75132942199707
40099,44.3,40.176116943359375
36051,31.4,35.525407791137695
28129,41.7,40.506120681762695
01089,35.3,33.35539436340332
18163,38.8,38.08611869812012
26053,37.9,35.22050857543945
37157,38.0,40.057260513305664
51520,40.8,36.865718841552734
12117,31.5,38.28217315673828
18045,39.1,39.440284729003906
21167,39.2,37.94999313354492
28019,41.3,38.94758987426758
29059,40.7,39.959524154663086
48395,37.7,38.65859794616699
48221,33.5,33.758646965026855
56005,35.5,36.66100883483887
31093,37.5,38.15753936767578
36037,35.3,37.04966163635254
38037,39.9,35.987220764160156
47169,38.4,36.537187576293945
49053,28.2,31.789573669433594
01075,38.4,38.16689491271973
24047,35.3,33.80809211730957
40053,44.5,38.084367752075195
46033,38.5,34.942604064941406
08001,34.2,31.999603271484375
13003,42.2,42.22426223754883
18145,40.0,39.717002868652344
19141,38.3,38.735652923583984
27161,40.9,38.555986404418945
29063,42.3,37.857343673706055
48437,41.9,39.68915367126465
53063,33.7,32.60780620574951
13023,41.2,39.33108139038086
29123,37.7,38.99208450317383
19063,38.0,39.3544921875
38073,37.9,38.53803634643555
48315,40.9,39.539306640625
01061,38.6,39.853763580322266
19159,41.0,36.88103675842285
27091,37.6,38.17919921875
31045,36.6,32.01875019073486
36009,36.4,39.237905502319336
05011,41.5,41.567705154418945
13113,31.2,32.86211013793945
19081,35.7,36.98713493347168
27039,38.0,36.38916206359863
46069,34.4,36.52198600769043
48063,39.4,40.31134605407715
48335,40.3,39.46428298950195
05059,38.7,39.41817855834961
31157,41.3,39.28146171569824
37137,36.2,36.60753631591797
20065,38.5,37.57302284240723
48045,43.3,36.944217681884766
08023,33.6,35.12296104431152
22067,44.2,44.87053298950195
37175,31.8,31.816251754760742
39153,39.0,34.37826919555664
04013,32.6,30.004530906677246
17165,39.6,37.84723663330078
26025,39.0,40.399993896484375
18113,36.2,35.99256706237793
35051,32.1,33.922637939453125
48373,41.1,39.912540435791016
01033,40.6,38.550907135009766
19115,45.0,38.654422760009766
26065,32.1,32.35892963409424
39171,41.3,40.06329536437988
27025,38.5,37.99361610412598
56011,31.5,35.27204704284668
48103,40.1,38.63719940185547
33019,32.4,34.86906433105469
42117,38.5,38.030128479003906
42119,33.7,35.29602813720703
48069,39.5,38.6962947845459
21063,42.5,42.14049530029297
35003,32.2,33.81984901428223
22081,46.3,42.919321060180664
17117,38.1,38.44432258605957
47069,47.5,42.029314041137695
24025,35.1,32.35519599914551
31117,40.0,37.41816329956055
51595,46.5,45.73942947387695
19109,36.4,38.47085762023926
46021,33.7,37.7414665222168
19099,39.0,39.270389556884766
19117,41.6,39.10835647583008
55015,40.4,34.209938049316406
18091,39.7,37.026248931884766
19193,38.0,35.093040466308594
26067,38.8,37.523712158203125
48123,40.7,39.57698059082031
37037,30.8,31.303963661193848
48325,40.0,35.91303634643555
21165,41.6,42.33867263793945
55055,39.7,35.60359191894531
26117,39.0,38.416948318481445
26123,39.2,37.872901916503906
26149,37.2,38.42012405395508
48079,43.3,41.1362419128418
26023,39.8,36.400482177734375
37147,35.4,36.63144493103027
37151,32.5,38.30698585510254
20011,41.9,38.53109359741211
48075,39.8,37.21106147766113
48105,38.9,40.44444465637207
37069,38.3,39.88112258911133
20115,37.9,36.52292251586914
17061,37.8,38.376441955566406
48131,41.4,40.88530158996582
21025,43.4,40.266305923461914
46125,34.1,36.37089157104492
47005,39.9,37.51991081237793
45011,42.9,42.08161544799805
48013,42.8,37.874794006347656
48017,37.3,38.69090270996094
42021,36.6,37.031816482543945
47067,42.7,40.234148025512695
47073,37.6,39.489797592163086
45039,41.0,41.31546401977539
51760,35.1,34.496999740600586
27079,39.0,36.68406677246094
48255,40.0,39.61600303649902
31003,39.7,38.39658546447754
29007,40.2,38.509756088256836
48035,36.7,36.89229965209961
48047,43.6,41.47534370422363
55107,37.2,38.4986515045166
51065,38.9,35.397626876831055
55131,37.7,33.6627836227417
27103,35.5,32.718727111816406
27117,39.0,36.25277900695801
27129,38.1,38.90596580505371
51111,43.0,42.0678825378418
51115,33.8,34.54016876220703
01057,39.0,38.908870697021484
42055,38.9,36.73550987243652
28049,46.3,41.77280616760254
18095,39.3,38.284650802612305
48177,39.1,39.350263595581055
16067,34.3,38.608131408691406
42085,34.8,36.597938537597656
29113,41.7,38.617746353149414
26093,35.4,33.244632720947266
26143,35.3,36.778648376464844
36005,37.1,38.86511039733887
39021,40.0,39.72567939758301
26161,28.2,29.958738327026367
31135,38.7,36.92660140991211
27151,38.9,37.32331657409668
38063,38.5,37.75265693664551
35047,34.6,36.02126693725586
29181,42.8,41.811805725097656
20173,33.0,35.58139228820801
13001,40.6,41.43695068359375
19021,40.3,36.43271255493164
17137,36.9,37.788442611694336
29229,41.1,42.72617530822754
17075,38.3,38.085594177246094
48271,40.2,36.89303016662598
17095,37.9,36.5963249206543
20041,38.6,37.15403747558594
13237,41.7,37.1403751373291
13165,44.1,43.774784088134766
48507,47.0,41.28544807434082
39041,32.8,33.476033210754395
13255,40.0,40.59634971618652
13005,41.2,39.97500801086426
16003,31.8,34.389719009399414
48413,39.1,38.90741157531738
29147,38.8,35.47721481323242
31001,40.0,35.73017120361328
31005,38.3,34.89241409301758
48279,41.1,40.746795654296875
48275,39.4,38.9950008392334
48345,35.5,36.32992744445801
29115,41.3,38.662200927734375
13085,35.0,32.55620193481445
05037,38.5,40.084022521972656
55113,40.9,35.256797790527344
55129,35.4,36.34870529174805
42019,32.3,32.83842849731445
36013,33.8,36.72089195251465
29079,39.0,40.043392181396484
48281,38.6,37.49559020996094
48057,36.2,38.37627983093262
16065,29.0,33.24538230895996
19069,40.3,38.047000885009766
16007,33.5,35.48082447052002
19079,35.4,35.87465858459473
01101,44.2,38.740068435668945
13043,44.0,41.099525451660156
13051,35.5,36.28651428222656
19137,39.6,37.44362831115723
48385,41.1,39.959815979003906
08115,29.5,37.95354461669922
19161,40.4,36.954477310180664
48399,37.7,36.79171180725098
13119,36.2,39.363834381103516
12049,39.3,42.46873474121094
13147,35.6,36.88839149475098
39033,43.9,42.218345642089844
13199,40.7,42.79551315307617
34033,36.1,38.16327667236328
38083,35.4,37.6494083404541
05063,39.2,37.81565856933594
31043,45.3,41.53216361999512
51590,45.0,44.14844512939453
51640,41.0,39.13992691040039
51660,34.8,37.08099174499512
18049,41.6,38.327341079711914
39105,49.0,42.67197799682617
54045,41.2,41.05713653564453
54013,44.5,41.53425979614258
28053,50.6,47.22503089904785
29025,40.2,40.467681884765625
37133,29.3,36.356529235839844
54091,40.7,40.3895378112793
12121,44.6,38.993242263793945
53045,37.6,35.58896255493164
50003,28.0,28.353753089904785
54093,38.4,37.3179988861084
32027,35.0,35.14588737487793
32510,32.3,33.20683193206787
19131,44.1,36.75508117675781
13229,40.1,38.626760482788086
37061,39.1,40.69898796081543
37127,42.0,40.94595718383789
13211,36.0,35.75569725036621
18035,37.2,39.623605728149414
20185,38.0,35.89133834838867
26035,42.7,39.237470626831055
08017,27.3,39.15715217590332
26007,38.5,38.792213439941406
26011,38.6,39.16658401489258
20051,38.8,33.68559455871582
20165,36.8,37.752803802490234
26157,39.4,39.04520225524902
18009,37.7,40.52358436584473
46101,32.8,38.285139083862305
01071,38.9,37.66769790649414
18011,35.8,32.64877128601074
18133,38.8,38.0051155090332
18159,36.2,36.456993103027344
40021,42.7,38.40804481506348
46029,39.6,36.77350616455078
27087,43.6,42.51209831237793
20171,40.2,36.841827392578125
55025,30.8,30.947726249694824
13197,39.8,40.22866630554199
26095,38.8,38.504329681396484
29013,38.2,41.23381805419922
55121,39.3,37.17533874511719
51650,41.6,39.43052101135254
48301,35.7,37.334896087646484
40015,40.7,42.180545806884766
08019,25.9,21.279292106628418
08027,27.4,28.169530868530273
08005,25.7,27.717141151428223
48431,36.5,36.50933837890625
48485,37.8,38.56960487365723
48261,47.2,38.763729095458984
48263,33.7,34.171470642089844
48259,32.8,32.2296142578125
37113,31.0,33.039127349853516
40049,42.2,39.933279037475586
48449,39.9,40.65900230407715
31067,42.7,40.09344673156738
40109,39.1,36.79293441772461
36001,32.2,28.110397338867188
40005,42.7,41.287471771240234
40019,40.4,40.00825119018555
48287,38.9,38.10499572753906
51079,37.1,35.463111877441406
28061,43.6,42.1871452331543
28085,43.1,40.4132080078125
28041,42.6,40.495033264160156
54109,46.6,41.20726776123047
38023,36.8,36.2847900390625
21153,45.3,42.419416427612305
48375,38.3,40.59141540527344
13053,38.1,36.66504669189453
19053,35.6,36.23384094238281
31095,39.9,39.66379165649414
51179,37.6,32.822463035583496
37117,38.5,41.75438690185547
22007,41.1,41.637495040893555
31167,38.0,37.88757133483887
29141,43.1,39.888790130615234
48401,39.5,39.03506660461426
04003,32.6,33.53354549407959
29137,41.1,40.47722053527832
21213,41.3,38.324913024902344
05121,37.2,40.36427688598633
28003,42.4,40.03378677368164
48421,37.4,37.7788143157959
18179,40.7,38.84181594848633
18125,41.7,38.20060348510742
26165,38.2,37.44553565979004
31183,38.4,36.24286079406738
48475,40.8,38.796308517456055
51840,37.2,35.40320587158203
35028,22.6,24.395334243774414
18061,36.9,36.645944595336914
27009,37.4,38.249555587768555
31137,41.9,37.636505126953125
40111,43.9,41.73422050476074
05061,39.2,40.790109634399414
31163,39.5,37.89015579223633
19005,38.0,38.94244194030762
13143,34.1,36.72307777404785
24015,38.0,36.864990234375
31105,42.9,37.23385238647461
05019,37.1,38.11781311035156
13177,37.0,33.548593521118164
18183,34.7,37.47473907470703
28037,41.7,41.818763732910156
46107,33.9,37.45430374145508
48493,42.5,36.00615119934082
51600,32.1,25.505374908447266
28091,43.9,43.06993103027344
05111,40.6,38.44274711608887
12091,33.4,36.12166404724121
13007,42.2,40.62522315979004
40119,34.8,33.52158451080322
48087,39.7,38.58443069458008
48099,36.8,38.16092872619629
17037,33.9,34.18638801574707
48149,35.1,36.845970153808594
42015,34.7,36.94662857055664
46061,33.9,36.993064880371094
46073,36.1,37.18440055847168
47101,39.0,38.787466049194336
51049,38.3,40.2970085144043
48307,38.7,36.749046325683594
20071,36.5,34.37004470825195
38013,35.0,37.732322692871094
47171,36.6,36.60019302368164
12119,32.2,37.933956146240234
19147,40.8,36.913272857666016
27041,38.0,36.674394607543945
20055,42.9,40.54642868041992
48467,36.2,37.28630828857422
51820,37.7,36.537710189819336
29175,41.6,38.86365509033203
18105,34.0,32.04862403869629
19107,40.0,37.168142318725586
28127,41.6,41.3986759185791
12005,35.1,37.49723815917969
34023,27.1,27.357961654663086
01013,45.0,44.277971267700195
18081,42.3,35.97325134277344
29055,38.8,41.67635726928711
40073,41.2,37.80255126953125
48225,40.2,39.84403419494629
17045,37.3,38.72648239135742
51117,40.9,38.21846389770508
05133,41.4,41.87640380859375
26163,36.7,40.17381477355957
48071,39.1,36.16221237182617
05083,38.0,39.320518493652344
20081,40.0,37.5577449798584
17155,34.4,37.97456359863281
42113,36.8,36.04167556762695
48251,41.7,36.60677719116211
42013,36.0,38.458106994628906
46089,37.1,37.18842887878418
13191,42.2,38.37101364135742
20005,38.5,37.53368377685547
46027,34.9,31.972403526306152
48205,35.3,37.87692642211914
08035,21.4,27.024489402770996
19025,38.5,37.223093032836914
31069,41.2,36.52889633178711
20157,38.3,37.253726959228516
55087,39.8,33.96004104614258
31081,41.6,38.79316329956055
18137,37.5,39.09544372558594
13285,41.7,40.306650161743164
21191,40.4,39.97092056274414
46007,42.2,42.60267639160156
31153,38.5,34.150251388549805
35031,37.3,42.730167388916016
17151,37.2,37.37933349609375
17177,41.5,37.18330192565918
18085,39.0,35.76459503173828
21175,39.2,40.21584129333496
37125,32.1,32.067681312561035
37159,33.7,36.99954414367676
13157,41.9,35.23637580871582
51007,42.9,39.05914497375488
39103,36.7,32.92431640625
13283,42.8,41.15681838989258
27145,37.0,35.14978218078613
13209,42.1,39.392879486083984
41071,34.2,33.8512020111084
39125,39.5,39.68448257446289
20141,37.8,37.97344207763672
17089,37.5,31.6901798248291
19031,38.1,37.06377029418945
20027,39.7,37.18967247009277
55001,39.4,35.19894981384277
20179,37.0,38.510990142822266
51830,31.8,27.653944969177246
40011,43.1,39.42755317687988
48151,37.4,36.814626693725586
48253,42.4,38.53974533081055
48173,34.7,36.041038513183594
40001,43.5,43.70418167114258
48231,41.4,38.565176010131836
48471,40.7,38.24982833862305
40147,41.3,36.75897407531738
55137,41.5,38.0484676361084
08003,30.2,34.93857192993164
13253,41.7,39.86489677429199
01133,36.8,38.335697174072266
48219,41.1,39.42389678955078
31129,37.6,37.98630905151367
13081,44.3,41.870100021362305
31047,41.1,38.554054260253906
06091,31.3,33.25060844421387
28075,38.8,41.37263488769531
47085,38.2,38.62368583679199
51800,41.8,39.155704498291016
29199,38.6,37.65927314758301
48235,35.9,38.768646240234375
17129,35.2,36.02567672729492
13045,36.3,39.059024810791016
19181,42.2,35.0536003112793
17199,38.4,36.47111511230469
13171,40.9,37.81777572631836
51510,30.1,27.577316284179688
31053,37.9,38.617584228515625
05097,39.8,37.865108489990234
19001,41.6,38.881343841552734
29129,42.2,37.986602783203125
31099,38.2,38.386709213256836
28051,52.2,47.43659210205078
51580,38.5,39.29055404663086
13173,41.2,39.68032646179199
13075,40.6,40.44705772399902
47051,38.4,36.43793296813965
48181,37.2,36.960466384887695
55133,32.7,29.04305648803711
29053,40.8,36.827274322509766
51159,38.4,39.80618476867676
17077,36.1,36.55227088928223
29125,38.7,38.0246524810791
22111,43.5,39.63768196105957
31119,40.0,36.7139778137207
26073,34.9,36.44386863708496
39075,42.1,38.373531341552734
20191,39.7,37.59408760070801
19033,38.1,36.50271415710449
20079,36.4,35.671470642089844
40047,41.8,38.23573303222656
25003,28.6,31.51691246032715
27107,37.1,37.74466323852539
31169,40.0,36.49068069458008
37021,26.3,32.68605136871338
12055,34.0,39.41151237487793
48081,39.0,37.46271896362305
31145,38.7,39.962507247924805
37169,33.3,37.18473815917969
54019,39.5,39.701093673706055
37145,40.6,40.72042274475098
39063,36.9,35.70105171203613
22093,43.9,40.72504806518555
46003,33.1,36.22791862487793
20131,33.3,36.42375564575195
48199,37.7,37.13473320007324
27011,41.9,36.07933235168457
20083,36.4,34.08838653564453
31097,40.2,37.96806526184082
16021,31.0,34.55730056762695
27023,41.0,36.90170478820801
47137,39.6,40.08865547180176
48153,40.5,40.07771873474121
47147,38.0,36.78366661071777
56031,32.1,36.268449783325195
51103,38.8,35.610435485839844
29077,33.1,37.018455505371094
39007,42.9,40.17260932922363
37197,36.0,37.67123794555664
08063,30.1,38.59284973144531
40097,43.0,40.53956413269043
39093,39.5,38.69441795349121
08075,29.3,37.1354923248291
20193,33.0,33.432077407836914
51685,38.0,40.06474685668945
39111,42.7,40.05959510803223
13047,36.7,35.96623611450195
12019,35.7,39.19499969482422
17187,36.9,37.58775329589844
18003,38.1,36.06960868835449
48267,36.7,35.05388259887695
48389,42.1,39.76904487609863
40029,42.6,40.570512771606445
47055,37.9,36.83529853820801
28005,44.6,42.93145179748535
48359,37.5,38.04256248474121
45087,42.9,40.8484001159668
26055,31.0,31.55844783782959
47033,39.1,39.58578300476074
21083,40.5,38.552045822143555
55065,39.0,37.24520683288574
55099,42.1,38.084903717041016
17005,36.6,37.646257400512695
18101,39.5,38.104928970336914
08047,26.5,26.70516300201416
26027,35.2,37.07719421386719
28137,39.9,39.810646057128906
20029,40.9,37.990163803100586
21197,40.2,41.01914405822754
19177,40.9,38.0850944519043
28163,45.6,45.699649810791016
48425,33.8,34.8197135925293
20125,44.8,38.933868408203125
30107,35.3,36.68886375427246
55017,40.2,37.930721282958984
06005,27.5,32.701626777648926
48341,38.8,38.958866119384766
47003,41.2,37.95351219177246
18107,42.2,38.583866119384766
13261,42.5,40.75619697570801
29185,40.4,39.42061424255371
28039,40.8,38.92803955078125
55105,38.1,37.81153106689453
21215,37.9,36.16004943847656
39003,46.6,39.073814392089844
20129,38.4,36.690839767456055
28031,41.3,41.97288513183594
39107,37.5,37.00028610229492
27131,33.9,35.050798416137695
48283,42.0,40.33176803588867
20045,34.8,31.877808570861816
48393,36.0,37.16884231567383
13189,43.6,41.05732727050781
29075,37.6,39.76504325866699
47071,37.3,37.481733322143555
31037,38.5,38.49776649475098
47159,37.1,38.29292869567871
05053,35.4,38.00168991088867
16075,37.5,36.03148078918457
17103,37.6,38.72746467590332
46071,39.0,44.58008003234863
47059,37.6,37.92728233337402
27099,40.3,36.751800537109375
31013,40.1,37.1273193359375
48139,37.8,35.683494567871094
08079,27.0,26.038869857788086
40043,40.7,37.1605281829834
48297,40.5,38.621843338012695
13309,47.1,41.17500686645508
19101,37.1,32.73663139343262
08125,27.6,37.81222152709961
29217,40.6,39.55633544921875
50013,27.2,28.12434673309326
17171,35.4,39.017234802246094
26135,37.3,39.38055419921875
20123,39.1,37.778438568115234
45063,39.4,34.4821834564209
48357,38.3,38.60236167907715
13187,32.8,34.228105545043945
31185,38.3,37.668527603149414
27147,37.0,37.813791275024414
18171,36.3,37.783504486083984
48303,34.1,36.70917320251465
20137,39.9,38.07682800292969
48371,42.3,39.67887496948242
51135,44.1,41.46977424621582
13057,35.9,33.08034133911133
37025,35.1,35.47269630432129
31057,40.3,36.6066951751709
19165,34.9,36.62344551086426
29510,36.8,35.348690032958984
20139,40.1,39.16801643371582
20003,36.2,39.421762466430664
39159,37.8,36.563615798950195
31085,39.8,37.41878700256348
21071,40.1,43.303274154663086
13297,35.8,35.653608322143555
46017,43.7,45.7818660736084
19065,38.9,38.82009315490723
39047,40.9,41.10211372375488
37081,32.7,34.166276931762695
54085,41.3,40.163089752197266
13299,39.2,40.80946731567383
26001,35.8,36.66933822631836
37033,35.8,41.568302154541016
48007,39.5,36.28331184387207
41055,33.0,34.321083068847656
05105,37.7,39.254486083984375
08089,31.1,37.0833625793457
13097,43.3,38.075178146362305
40125,42.4,40.757144927978516
28035,41.7,39.87670135498047
37071,36.7,38.42940139770508
08087,30.9,38.9154167175293
42123,34.5,37.82604789733887
48143,37.3,35.15999794006348
17157,37.3,38.95859146118164
27073,34.5,36.87459373474121
48111,39.9,38.16217613220215
21163,38.2,37.402719497680664
51139,40.4,37.948843002319336
51125,35.0,35.17711639404297
31075,37.0,32.867831230163574
48175,38.9,38.05423164367676
40081,42.2,40.123430252075195
13301,44.1,43.286848068237305
28161,42.9,41.7043399810791
17059,38.5,39.09261894226074
08103,27.4,33.5964412689209
28079,45.2,43.21356773376465
18023,39.0,38.45526313781738
27085,40.2,36.46259307861328
19027,41.4,36.72421455383301
21121,41.0,43.49382019042969
13055,38.9,39.280616760253906
18029,35.5,38.408504486083984
22123,40.8,40.7435188293457
34041,29.6,34.17246055603027
36007,31.4,35.318796157836914
38077,39.8,39.310163497924805
38005,41.5,43.035003662109375
08109,30.6,34.23331642150879
13235,43.0,42.103607177734375
18117,41.3,39.74269485473633
19197,41.4,37.18719291687012
20087,41.7,36.74054527282715
21001,36.8,39.14279747009277
27149,35.1,35.868247985839844
28101,43.5,42.47480583190918
26057,34.6,38.73698806762695
31101,36.7,36.751325607299805
21019,40.9,38.471731185913086
39137,40.1,36.683746337890625
45041,38.9,39.5019474029541
48407,37.9,38.957204818725586
54049,39.4,38.776655197143555
53051,33.3,34.461164474487305
31133,38.5,39.798038482666016
19163,39.1,33.63473415374756
21079,40.2,38.44802474975586
13265,43.3,41.52528762817383
48211,36.0,37.5833854675293
27089,41.8,36.680341720581055
51121,31.8,29.764650344848633
16081,30.1,28.69365119934082
17013,34.7,36.95746612548828
20035,41.1,38.58486366271973
23023,30.7,29.738265991210938
28047,34.4,39.62947463989258
28139,41.7,39.39861869812012
51113,37.3,37.54342460632324
51107,29.4,29.295628547668457
56009,37.3,35.84574508666992
21017,40.6,39.2415885925293
21007,39.5,38.68208885192871
18059,36.2,36.21627235412598
13213,38.1,38.24574089050293
39011,42.5,37.47794151306152
28025,42.0,43.01981163024902
18093,39.7,37.78100776672363
20057,38.1,38.73520088195801
21209,36.5,35.90092849731445
22059,39.6,38.85144805908203
28089,37.3,36.148067474365234
31077,37.1,39.42612266540527
36053,33.3,37.527427673339844
21139,41.1,39.543134689331055
40055,41.2,41.506296157836914
46055,34.9,39.390920639038086
48293,39.6,40.090036392211914
51775,33.6,37.00662040710449
50007,23.6,28.763818740844727
55125,35.2,34.1998291015625
31181,39.6,37.17167091369629
31011,34.5,38.18369102478027
32009,34.8,36.322593688964844
20161,30.7,31.978435516357422
13271,45.7,43.003530502319336
48331,37.2,38.282169342041016
51155,35.5,37.153507232666016
16031,38.0,35.57246398925781
17033,36.8,37.77803993225098
49007,34.9,37.84213447570801
08113,25.7,20.696114540100098
13149,41.3,38.535491943359375
18077,38.0,39.04280471801758
20199,39.9,33.37015914916992
26031,37.1,35.71479606628418
28141,39.9,38.55251693725586
29031,38.9,37.72800827026367
36117,37.2,37.901344299316406
40071,43.4,39.79056358337402
39015,42.9,40.620412826538086
54095,41.7,38.23027801513672
01109,37.7,41.09366035461426
05001,40.9,40.156150817871094
08015,25.7,25.6852970123291
37051,38.2,38.12399482727051
34031,31.5,34.462645530700684
17189,35.8,37.10077095031738
18069,38.7,37.872474670410156
26039,38.2,36.78298568725586
27001,35.3,36.53553009033203
31151,40.8,37.250925064086914
20101,39.8,37.56706428527832
46095,42.3,43.52627754211426
47187,29.6,32.30620861053467
51143,43.6,39.991783142089844
51187,38.4,37.09379768371582
13009,37.6,37.99130439758301
29163,43.3,38.827999114990234
36057,35.9,37.73330497741699
37101,36.8,38.26258087158203
20069,39.2,35.35018539428711
39091,39.1,39.51559066772461
56021,34.0,32.68028736114502
21091,38.3,38.928192138671875
27157,33.1,35.58079719543457
27163,31.1,33.550167083740234
30011,33.4,38.19435501098633
36011,40.7,37.396305084228516
45083,36.4,37.98849678039551
39087,44.9,41.31672286987305
55037,41.2,36.1039924621582
13091,44.4,40.00211524963379
17167,37.9,34.17963218688965
19077,39.1,38.24648475646973
21217,37.4,38.50248718261719
22039,45.9,42.801557540893555
31035,44.0,36.53715705871582
35019,34.9,38.34638023376465
51710,38.6,36.35177993774414
48459,40.8,39.83386993408203
48441,34.9,37.25472831726074
53001,37.8,40.62191390991211
53043,34.9,33.94554901123047
55013,42.2,35.757131576538086
56015,33.8,34.499996185302734
53015,39.3,37.11599349975586
17139,35.2,36.81563377380371
35059,35.0,36.68779754638672
37129,31.6,32.35198783874512
13011,37.0,37.08297920227051
54059,41.8,44.91486358642578
48355,43.6,38.61623764038086
05081,38.6,39.752376556396484
19173,40.0,39.44682312011719
20187,42.4,37.539512634277344
24013,31.9,33.97398567199707
28109,39.9,39.90074920654297
29197,39.1,40.09385108947754
30041,34.4,35.284406661987305
12123,42.9,39.623775482177734
37095,39.5,42.17299461364746
01055,41.4,36.76641273498535
05141,37.0,38.81592559814453
08101,31.2,37.26604461669922
18065,44.1,38.63456916809082
21169,41.8,40.66786003112793
24510,38.1,33.77565002441406
23019,38.4,34.72980499267578
28043,45.1,40.8057861328125
28107,46.0,43.02547836303711
37027,35.2,36.96529960632324
47023,38.2,38.04008674621582
48091,39.3,31.63815689086914
51145,36.8,35.51156234741211
40057,43.3,41.169172286987305
42105,38.1,38.96859931945801
05149,38.6,39.88509750366211
05137,36.9,38.37744140625
34013,29.3,30.040597915649414
18031,41.6,37.95878601074219
20047,42.1,38.82049369812012
27005,39.0,36.459367752075195
29219,37.6,37.37848091125488
29223,41.9,40.37980842590332
18129,36.6,35.71283149719238
19185,38.7,39.91548156738281
24005,32.9,32.79335594177246
27045,37.0,36.254825592041016
30057,26.9,31.753132820129395
47115,40.7,38.4249267578125
56033,31.4,33.03360366821289
06103,31.9,36.09345817565918
12111,34.1,36.550453186035156
13223,39.1,37.31083679199219
20169,37.4,36.53603553771973
20203,40.3,35.1128044128418
21187,38.7,40.3838005065918
30101,35.0,37.21701240539551
31089,39.0,38.01357650756836
40153,41.8,36.500104904174805
47037,32.1,34.53795051574707
48187,39.6,36.85302925109863
51157,35.6,31.150954246520996
54083,41.0,40.40900802612305
53073,27.4,32.07245922088623
29085,43.1,39.01040267944336
41031,34.8,35.08469009399414
48179,40.4,40.72190284729004
49033,32.4,33.66860580444336
49001,32.3,32.72212791442871
51735,33.7,30.938830375671387
55073,35.9,35.87923049926758
28099,42.0,42.288522720336914
35006,38.1,39.865989685058594
08021,30.3,34.304137229919434
20113,34.1,37.689659118652344
27119,38.5,38.35052680969238
38075,37.4,36.5809383392334
46137,44.2,46.46455001831055
47121,38.3,38.757511138916016
51610,30.8,26.692731857299805
01023,46.0,42.61730766296387
08095,29.7,36.66443061828613
35023,34.1,38.31105041503906
01111,40.3,39.58773994445801
12009,32.2,34.825801849365234
13181,37.5,39.68275833129883
20119,40.0,37.95775604248047
21147,43.8,43.08396530151367
28059,38.4,38.65094566345215
40025,38.3,34.76675987243652
38103,37.1,36.86203575134277
21051,43.9,42.760860443115234
37007,42.7,42.47687339782715
19007,43.2,38.84995079040527
21205,38.8,38.912471771240234
22017,45.6,41.217647552490234
21065,43.0,43.034013748168945
16045,31.4,35.28340148925781
19187,37.8,37.74570846557617
13259,42.4,44.68093490600586
13245,43.7,42.160789489746094
21085,42.8,41.719993591308594
31015,39.5,37.03792381286621
04023,31.5,34.63414669036865
10005,38.0,34.20283508300781
16041,32.8,34.14145088195801
20033,37.9,36.67652702331543
23027,34.0,29.945170402526855
26019,35.0,33.317134857177734
36047,26.9,31.599897384643555
41009,37.2,36.25178146362305
01031,34.2,37.14744186401367
48141,38.8,38.90408515930176
56045,35.2,36.94712829589844
01073,39.5,38.72956085205078
06085,22.2,22.62753963470459
16013,25.9,28.096019744873047
37059,33.9,35.221221923828125
21201,40.7,41.70094299316406
27143,40.6,38.629981994628906
31041,38.5,37.63969802856445
28083,45.3,46.62661933898926
35001,27.7,31.30231761932373
39059,41.5,41.83477783203125
42121,35.8,37.641971588134766
47179,36.3,33.426438331604004
55085,38.1,35.28280258178711
51045,36.2,38.42546463012695
51033,42.3,39.59728813171387
53067,33.5,31.29552459716797
42107,39.0,39.86026954650879
19153,39.0,33.91361618041992
26085,41.6,35.988868713378906
37017,38.6,40.878997802734375
12023,38.1,39.195068359375
13103,39.3,36.21131134033203
21231,42.3,40.794864654541016
21069,41.1,41.27872276306152
47095,44.7,42.78085708618164
47153,39.1,38.9177188873291
47053,40.2,37.607059478759766
19045,40.5,37.91526222229004
48119,36.5,37.116594314575195
48129,35.8,37.28639221191406
48239,39.1,38.12289237976074
26109,37.1,36.95081901550293
38069,35.8,36.511281967163086
30075,32.8,33.04882621765137
13321,39.1,40.5743522644043
42071,35.1,35.58489418029785
29069,42.9,42.702980041503906
01051,36.4,37.82578086853027
13319,43.2,41.34405708312988
05123,44.5,44.27836799621582
13025,39.7,38.24970054626465
19029,44.5,38.17801856994629
27047,40.3,38.2141227722168
27141,38.2,38.10079765319824
06059,25.7,24.382287979125977
13251,42.5,40.25016975402832
13083,35.5,35.55112648010254
26121,42.8,36.62060356140137
39079,44.3,41.852333068847656
48117,42.9,40.13717079162598
48433,37.7,36.53668212890625
36065,38.1,36.763519287109375
37043,32.5,34.243974685668945
36041,37.6,35.78982734680176
36033,36.7,38.29958534240723
51031,42.1,36.79257774353027
40095,42.7,39.8775634765625
40079,42.5,41.61734199523926
45007,38.7,36.5532112121582
46057,33.8,37.216922760009766
45037,39.2,39.33711242675781
56023,32.0,32.642635345458984
41003,24.1,25.685080528259277
21151,34.5,36.600669860839844
42131,35.7,36.31496047973633
17191,37.0,37.99560546875
51191,36.8,35.13722229003906
38043,37.3,36.34358596801758
54011,40.3,38.113651275634766
54073,41.7,39.64381408691406
49029,32.0,30.361257553100586
27057,39.6,35.279558181762695
17007,39.5,37.451087951660156
18057,28.5,33.05546474456787
48403,38.0,37.15424728393555
05117,37.8,38.27858543395996
08041,27.7,26.31584358215332
17091,39.7,38.78460693359375
21045,41.6,41.05421829223633
32029,31.1,29.988265991210938
39143,42.1,40.96761512756348
47117,40.6,39.17145919799805
48213,36.9,37.854549407958984
34037,29.6,32.80873489379883
05041,45.1,43.11782455444336
12073,30.8,39.74054527282715
12113,31.5,38.17159461975098
53061,33.3,30.837401390075684
39145,43.3,41.57827949523926
18015,38.7,37.655723571777344
29151,36.4,36.90879821777344
29011,42.3,39.17521095275879
35029,37.8,38.39339065551758
35041,31.9,36.842010498046875
12061,31.8,35.21101760864258
48503,38.4,36.38364601135254
39081,39.7,38.045188903808594
31155,36.2,36.0557918548584
06057,29.8,29.984530448913574
29015,38.2,38.82038879394531
08031,23.6,24.496251106262207
29133,44.4,42.26961135864258
31031,41.8,36.58055114746094
26009,34.9,34.04571723937988
28095,40.8,39.57739448547363
29221,39.4,40.55037879943848
18079,41.9,37.8193302154541
12089,32.8,37.827383041381836
55049,39.7,36.85679244995117
51101,39.2,37.90830039978027
12099,29.6,37.89963722229004
31109,32.0,33.06481170654297
28155,40.0,38.63017463684082
51540,32.8,28.509380340576172
13127,35.4,34.777305603027344
01121,42.6,40.08234405517578
21155,41.2,39.70823860168457
51075,32.3,34.026620864868164
53011,32.8,32.458770751953125
56013,37.7,36.529659271240234
18173,40.3,35.872154235839844
20153,40.7,37.030221939086914
19129,40.9,36.16841125488281
13161,41.2,40.34675598144531
48197,36.8,38.51112747192383
42133,34.8,35.52465629577637
48479,41.0,40.53049659729004
26159,39.6,37.0711784362793
51095,33.6,28.70565700531006
37105,38.5,38.721683502197266
41059,37.3,35.06366729736328
29093,40.0,39.16873550415039
28057,37.0,37.2363166809082
18007,40.3,37.094478607177734
21057,43.2,38.93742561340332
27031,35.4,30.663654327392578
35007,35.0,33.3724422454834
37055,30.1,31.28458881378174
01043,40.0,36.766597747802734
13273,46.8,44.51066780090332
56041,35.6,36.96029853820801
18143,40.0,40.550682067871094
31073,38.5,36.16522216796875
17009,40.3,35.6933479309082
36015,34.2,36.47331619262695
01035,44.4,41.37273979187012
20195,36.2,37.268930435180664
48337,37.2,36.59114074707031
05119,38.1,38.24178695678711
28143,50.2,46.7672004699707
50015,25.5,28.257688522338867
19127,40.2,36.407480239868164
38089,38.8,35.55325698852539
05113,36.6,37.178104400634766
18053,41.7,40.451961517333984
08077,29.9,33.96954536437988
01015,37.7,39.01127624511719
12125,42.5,41.108192443847656
21011,38.4,42.09183883666992
27121,37.9,36.38044357299805
18181,39.2,38.0413818359375
31019,41.6,33.01253032684326
46067,33.4,36.07215118408203
48125,37.0,38.08771514892578
55135,36.8,38.329158782958984
19135,37.2,37.904441833496094
21021,37.1,37.405771255493164
26087,36.1,36.9219970703125
31171,36.3,37.414794921875
48067,38.3,38.64057540893555
51195,41.5,37.473819732666016
51023,36.2,35.98834037780762
49027,34.7,33.544432640075684
19083,38.5,37.57144737243652
39121,44.6,38.5651741027832
17149,37.1,37.35210990905762
39135,38.7,39.14020347595215
48443,35.2,35.83251190185547
17195,34.9,37.46364402770996
17015,35.6,36.651145935058594
19057,36.5,39.47007751464844
20117,41.5,38.81427192687988
48215,46.8,41.59321403503418
40031,42.9,39.275333404541016
34003,26.0,26.11582660675049
40143,36.7,37.06724548339844
39013,42.6,39.831525802612305
23021,36.7,35.38188362121582
54069,37.1,33.43124961853027
17003,42.8,41.1928825378418
51017,40.6,38.96138572692871
12017,33.8,37.768348693847656
18083,37.5,37.50590896606445
20021,42.3,39.122684478759766
28045,36.2,37.96213912963867
01019,39.9,36.53150177001953
18051,40.2,36.85320281982422
18167,39.2,35.968828201293945
39025,40.3,36.82008361816406
13195,39.3,38.07512283325195
51197,38.4,39.1082649230957
29161,37.4,34.2370548248291
51620,46.5,42.11203575134277
20013,41.3,38.95499229431152
01127,43.1,37.333984375
28159,44.5,42.645286560058594
30091,32.8,35.2811393737793
08069,20.4,25.364065170288086
54039,40.3,37.1066837310791
05093,42.9,41.471126556396484
17133,33.2,33.813743591308594
25015,25.2,27.028270721435547
36035,36.5,37.86894226074219
54015,42.7,43.01776313781738
51630,36.2,34.5892276763916
40039,36.6,37.18972969055176
48313,39.3,39.12212562561035
31125,40.5,39.001033782958984
28077,43.4,42.0131950378418
13069,41.3,40.82278823852539
20015,40.2,34.651344299316406
17029,37.1,40.2125129699707
26059,36.6,38.32515335083008
37099,30.6,34.13827896118164
47103,40.5,36.6184024810791
42125,38.0,34.98804473876953
01085,49.4,47.295997619628906
37067,31.6,35.55574035644531
17175,37.2,38.69523620605469
20205,39.9,38.65807914733887
21229,37.5,37.83523178100586
30105,35.6,36.63660430908203
39051,42.6,38.86137390136719
13065,45.1,42.73320770263672
55127,32.2,33.93411827087402
32019,36.0,35.40700149536133
28015,41.7,40.57554626464844
12063,42.4,39.119157791137695
13067,29.0,28.976792335510254
06003,29.3,28.112403869628906
19041,40.0,37.703773498535156
22089,37.6,35.399269104003906
46117,33.4,35.456382751464844
55101,39.7,35.55914115905762
31175,40.0,36.95504188537598
26101,37.1,34.77767562866211
39077,41.8,41.979217529296875
48051,38.5,37.96897506713867
18147,35.6,36.55820655822754
28103,46.5,47.41507530212402
36021,32.7,32.266905784606934
38035,34.5,32.4274845123291
13017,41.9,43.17833137512207
29095,38.7,37.39620780944824
35021,33.8,30.559496879577637
37187,40.4,43.268123626708984
47145,39.7,37.59678840637207
55041,42.9,37.79348564147949
51147,38.9,38.33313179016113
40115,43.3,42.16644859313965
26015,34.1,35.466997146606445
26113,38.4,38.0674991607666
25007,29.2,29.033808708190918
20209,41.6,39.61116409301758
38071,35.3,38.144609451293945
47035,37.1,35.86397743225098
51043,33.8,33.56528091430664
49055,33.0,32.43993663787842
30097,32.0,35.94760704040527
30043,30.5,32.22698974609375
39175,39.8,37.754587173461914
51077,42.2,38.096229553222656
13215,41.6,40.63832473754883
42083,35.9,37.554243087768555
21223,39.1,40.44429397583008
45075,46.1,43.56865310668945
21137,40.3,40.535858154296875
50023,26.6,26.327205657958984
08091,25.1,23.044992446899414
27095,43.0,38.95688056945801
48049,37.9,37.894609451293945
20109,38.7,36.357595443725586
20061,35.0,35.12045097351074
38099,38.1,37.70586585998535
13183,41.7,40.24987983703613
46091,32.8,36.955810546875
47155,39.4,36.685611724853516
54075,44.1,39.06486701965332
39083,34.3,37.118581771850586
51183,44.1,40.81943321228027
51097,41.8,37.330305099487305
29057,44.4,39.545631408691406
50027,25.6,27.6002197265625
25005,33.1,34.00261688232422
29105,44.3,39.11253356933594
22117,43.1,42.86783218383789
31087,42.9,35.76844024658203
39085,41.0,34.700761795043945
48347,38.4,36.98558807373047
45065,36.5,37.3305606842041
46121,43.6,45.745323181152344
17019,32.5,30.29280185699463
30061,35.3,34.54073905944824
46031,45.7,42.75952911376953
21143,38.8,36.60835075378418
21093,39.1,37.304176330566406
31173,47.7,39.69304084777832
13305,41.6,39.549577713012695
48115,41.9,41.11742973327637
22031,40.2,41.65997314453125
24017,43.4,38.540077209472656
17131,36.9,38.734689712524414
19011,42.1,36.65596580505371
46041,40.9,45.22547912597656
47031,39.7,37.338823318481445
47189,37.2,35.525583267211914
32011,35.1,36.24958801269531
37199,32.8,36.411848068237305
42097,37.9,38.935441970825195
42109,35.5,37.064287185668945
29149,43.9,40.689069747924805
21189,41.1,41.79078483581543
17051,37.0,39.12211036682129
19183,40.4,37.062204360961914
51730,46.2,44.87318992614746
48391,40.6,38.39897346496582
18097,39.0,34.508628845214844
39071,43.1,39.41421699523926
21031,43.4,39.29417037963867
20107,38.9,39.10450553894043
55059,43.0,35.761526107788086
24011,38.7,39.88312530517578
17049,35.2,36.12716484069824
26155,36.3,38.712120056152344
13263,43.6,41.55796432495117
47001,38.9,36.677066802978516
01087,46.0,44.15789604187012
08085,33.0,31.51707363128662
48003,39.3,38.33307456970215
40133,42.2,42.48716926574707
35053,33.7,38.057586669921875
20059,34.3,37.88726043701172
21161,39.9,39.75481986999512
27043,37.2,37.44500160217285
21193,41.5,42.1567440032959
37153,39.2,41.73735237121582
33017,31.8,33.96325874328613
42057,35.6,39.38165473937988
26045,35.1,36.0265007019043
17067,34.8,36.63760566711426
46011,34.2,31.92694854736328
47163,40.7,35.32271385192871
45051,34.6,35.9261474609375
26021,39.9,36.77924919128418
13233,41.7,39.353172302246094
18149,40.0,39.7601432800293
38059,35.9,35.30813980102539
21037,35.8,34.126699447631836
21049,40.2,39.80545234680176
19145,43.6,37.942237854003906
51131,41.3,38.93023681640625
22083,43.1,42.89523696899414
48159,34.0,34.75798797607422
36113,34.7,32.6997184753418
06101,31.6,33.98992347717285
13061,43.6,45.381113052368164
39149,37.7,36.99872398376465
48191,40.1,40.63113975524902
29029,34.2,37.04758071899414
39039,41.9,38.47518539428711
48027,38.4,36.598798751831055
32021,34.4,34.43985176086426
05127,38.3,38.46038818359375
06087,28.2,27.768190383911133
39101,44.9,40.41838264465332
17099,36.7,38.54827880859375
12071,30.6,37.67557430267334
48321,40.9,38.40146064758301
05013,38.4,38.71985054016113
38105,37.7,36.5213623046875
38051,40.1,36.64979553222656
05039,43.6,40.552717208862305
01069,37.2,37.271766662597656
48505,45.4,43.31389808654785
41067,29.9,28.013070106506348
51141,40.9,38.81340789794922
40121,41.0,40.26843070983887
26017,37.3,40.664838790893555
29049,38.0,37.45700645446777
08011,32.7,36.60279083251953
55019,42.9,37.33835792541504
18155,39.8,39.42987251281738
51570,38.8,36.46103096008301
13315,41.0,41.85107612609863
17119,35.3,38.10417556762695
21173,42.7,40.32406425476074
23001,36.1,37.53096389770508
48249,42.1,41.407365798950195
18169,36.7,38.04515266418457
48207,39.1,38.30875205993652
51009,35.7,38.501129150390625
29087,39.1,37.49553680419922
27035,37.8,36.53767013549805
17153,42.6,41.707969665527344
33005,31.1,31.674053192138672
37119,34.2,32.826778411865234
29089,38.6,36.23154640197754
13307,42.9,42.25885200500488
06065,33.7,33.03230285644531
27167,41.3,37.72489929199219
45005,44.3,44.97573280334473
41053,33.5,34.033443450927734
13193,48.1,46.54298400878906
04011,32.5,37.51784706115723
06029,35.6,35.44464111328125
37019,31.1,32.968666076660156
13037,46.6,43.953575134277344
30077,33.0,35.80377960205078
35013,34.1,33.77796745300293
40123,43.0,37.42574119567871
01029,39.6,36.87948417663574
17001,38.6,37.45151901245117
05075,41.0,39.138498306274414
16029,33.0,35.33973693847656
35037,35.3,35.10358428955078
39045,39.0,37.46694755554199
47127,36.7,35.415292739868164
20019,39.7,38.4759578704834
32017,31.7,35.801584243774414
45029,44.8,40.61559867858887
39129,42.9,39.31299018859863
26147,41.4,38.66464805603027
05009,39.0,39.72686576843262
31131,36.6,37.81378936767578
17109,36.2,35.080583572387695
36099,37.5,37.38638114929199
53023,37.0,33.71590328216553
13039,37.3,37.78579521179199
46081,33.9,32.57377243041992
28071,37.6,34.572081565856934
48333,33.8,36.946868896484375
41049,37.0,37.21734046936035
55053,44.9,38.67845916748047
28001,43.6,44.02874565124512
51133,37.6,35.56888389587402
39043,36.7,38.227176666259766
30003,41.3,43.26468849182129
38033,40.9,36.25465202331543
48183,39.4,39.55110168457031
40087,38.3,37.60692596435547
40069,42.8,40.53108215332031
27111,37.6,36.58534240722656
51550,41.4,36.47209358215332
38019,35.9,39.117326736450195
38041,36.7,37.678470611572266
37149,31.3,32.54418754577637
46085,39.5,40.296234130859375
20039,37.9,35.75247383117676
06089,28.8,35.26416015625
19049,32.7,33.30722713470459
13099,44.6,42.281471252441406
31007,40.4,37.90877151489258
22013,46.0,42.451881408691406
19191,34.8,35.37051963806152
38061,40.2,39.61902046203613
27033,38.0,37.202735900878906
17185,37.2,37.66316032409668
17047,37.0,38.30027961730957
24021,31.6,32.72277641296387
38015,38.6,34.354591369628906
27053,27.3,28.7351131439209
17023,35.4,37.96107292175293
47019,41.5,38.27789306640625
46087,34.3,35.86775016784668
27133,37.8,37.471750259399414
26137,34.4,34.75245666503906
33009,28.4,29.224714279174805
17169,39.7,38.575538635253906
22047,45.7,41.708696365356445
01083,36.4,36.50961112976074
35015,39.1,38.33268737792969
39165,34.8,33.999956130981445
22021,38.8,40.7194766998291
37073,37.6,40.23920440673828
55123,40.1,36.303213119506836
29067,38.9,39.4262809753418
29101,38.0,37.36923599243164
22071,38.1,38.62624931335449
48487,41.0,43.03365516662598
20063,39.5,36.73868942260742
20089,39.1,36.02513122558594
27173,39.3,37.754920959472656
38079,45.2,44.26148796081543
30103,30.3,33.237077713012695
55007,37.6,32.76913261413574
55043,38.6,36.02116775512695
05115,35.2,38.4146671295166
17025,38.4,40.504642486572266
21009,40.6,39.50461959838867
26111,31.1,31.708107948303223
30069,32.5,32.84757137298584
20149,31.2,34.790016174316406
05143,32.3,37.026798248291016
51137,36.6,35.5235538482666
55047,41.5,37.2696590423584
21117,34.7,35.478376388549805
47039,41.7,37.15797805786133
45035,36.9,36.85616111755371
47063,38.5,38.502174377441406
45025,39.8,41.23247146606445
45027,45.1,41.52170181274414
45033,42.1,43.876224517822266
42031,34.5,38.42509460449219
44001,25.3,23.10582160949707
27113,30.6,37.9426155090332
12031,33.0,36.303321838378906
12041,36.8,38.9776725769043
28007,44.2,43.13895797729492
29047,35.5,35.661869049072266
22035,50.9,46.58366775512695
22037,40.7,41.601829528808594
37029,35.1,37.5539493560791
55103,41.1,38.58390808105469
36027,34.1,32.8215389251709
51720,41.6,39.640310287475586
36079,30.5,32.264864921569824
36087,31.4,28.13784885406494
48317,39.1,36.746755599975586
51005,40.7,38.26960754394531
54101,37.9,42.859384536743164
54035,37.7,40.46039962768555
39095,42.2,38.31270790100098
12013,43.7,39.398841857910156
47093,36.8,32.89005661010742
42037,36.0,36.39949417114258
53039,32.9,32.137210845947266
27081,37.6,37.45722770690918
45049,43.7,42.57726860046387
49025,36.3,28.779549598693848
29001,36.7,35.3709659576416
29061,37.1,39.080698013305664
29165,39.9,33.91997718811035
30027,32.4,32.54690933227539
49023,34.0,34.9409294128418
48165,40.0,39.12209510803223
16053,39.9,37.45273017883301
20121,35.7,35.53078651428223
06055,28.4,28.086188316345215
08014,24.7,24.3789644241333
48033,32.9,35.330312728881836
36119,26.7,26.63516616821289
29065,38.8,40.07079315185547
48327,37.2,36.169965744018555
48353,41.3,38.04206657409668
29153,44.1,40.95073127746582
12045,38.4,38.63152885437012
12133,41.2,40.76862335205078
12107,39.2,41.68575477600098
13275,38.9,38.660024642944336
13287,43.2,43.703290939331055
20073,40.2,38.078256607055664
48109,42.7,40.47768020629883
17041,36.4,37.27100372314453
37155,41.5,44.51901435852051
55093,33.5,34.74688911437988
29009,38.2,40.155853271484375
55097,34.7,33.468732833862305
45057,35.9,37.048126220703125
47183,38.0,37.28153419494629
45067,42.5,44.22412109375
56039,22.6,24.805428504943848
06081,21.7,22.83986186981201
12081,33.1,36.66960525512695
37131,40.3,42.55828857421875
01041,40.3,38.273345947265625
01045,44.3,38.829708099365234
17121,38.2,39.438188552856445
19089,37.6,37.18474197387695
40141,42.5,41.408565521240234
48461,41.3,40.7341423034668
08055,28.5,34.38776397705078
08061,29.1,37.170278549194336
37091,42.5,44.10064125061035
48319,35.0,33.67250061035156
48061,46.4,40.761016845703125
40083,42.1,37.11357116699219
46013,35.3,35.656700134277344
46083,32.7,34.44252586364746
21043,42.8,41.0326042175293
37087,31.7,35.52337646484375
42017,30.4,30.485539436340332
44003,33.0,33.11617851257324
55069,41.0,36.93312072753906
56001,31.3,25.411871910095215
56037,36.5,32.53554058074951
45081,39.0,39.433088302612305
45089,47.2,44.35650634765625
30023,32.8,35.97441291809082
29201,43.4,38.374298095703125
25013,35.4,35.34260368347168
51099,35.7,35.096046447753906
48055,38.8,38.85856056213379
08081,29.7,35.37787628173828
51051,42.5,42.078819274902344
19097,41.9,38.16792297363281
51073,37.1,36.868356704711914
51081,46.6,43.86534118652344
08105,26.0,31.10419273376465
08111,27.8,30.666475296020508
19149,37.0,38.16408729553223
13241,36.5,34.04652786254883
05015,35.7,36.7100944519043
05033,39.7,39.6426887512207
42127,35.2,37.41307830810547
42103,34.0,34.97390937805176
48499,35.2,36.854652404785156
31059,38.8,37.79283332824707
22095,43.9,41.26373291015625
30031,22.6,27.222704887390137
37139,35.3,39.280555725097656
47077,43.0,39.27427101135254
48059,36.6,35.94585418701172
55141,40.5,37.03224754333496
55091,39.3,37.26785659790039
53013,37.6,33.21663188934326
50021,30.3,31.128210067749023
29041,36.1,39.82861137390137
53071,31.4,33.03853893280029
42047,38.3,37.627037048339844
29051,36.4,34.175594329833984
27155,37.8,37.235544204711914
19071,35.9,38.51832962036133
48387,39.9,39.92318916320801
39141,42.6,41.37527084350586
08039,25.7,29.864766120910645
48083,38.3,37.44079780578613
48427,46.8,44.25244140625
12021,25.9,37.97968864440918
08067,24.9,26.329598426818848
17069,37.9,38.47684860229492
22099,41.0,40.94944190979004
40117,40.7,40.49294471740723
48041,32.8,30.50055503845215
36107,35.5,35.059194564819336
40023,45.3,41.90027618408203
48339,35.8,33.70718765258789
25001,25.7,28.318540573120117
32007,35.8,33.86342811584473
37005,36.2,37.75467491149902
40113,40.3,41.224365234375
45019,28.7,33.48456573486328
48157,33.7,31.98109245300293
13115,39.7,38.754995346069336
12083,38.4,40.24119758605957
17145,39.2,39.588626861572266
12001,30.2,40.70981979370117
29073,38.4,38.35534477233887
20147,37.3,37.61566162109375
42063,37.7,37.759613037109375
39163,41.8,41.14679527282715
13179,44.1,40.61646270751953
12057,31.4,37.50603103637695
36083,34.5,33.23080253601074
05057,40.8,41.46228218078613
36085,29.4,31.78283405303955
29209,39.8,37.82188415527344
29225,38.9,39.71548271179199
40061,43.4,40.95667839050293
39053,40.3,39.288787841796875
28013,41.7,42.064117431640625
28023,44.4,42.843894958496094
46049,36.8,36.53814125061035
46129,34.3,35.344600677490234
54067,40.0,39.86124038696289
18135,38.9,40.318138122558594
08097,21.1,23.367762565612793
18037,38.1,36.53890037536621
21239,35.6,34.36273956298828
30095,32.6,35.746646881103516
41047,39.1,32.8659553527832
42065,35.7,39.15218162536621
18161,40.4,37.096405029296875
29103,38.0,40.514047622680664
29119,41.5,39.57275390625
19151,36.9,38.083003997802734
29127,35.6,39.404842376708984
51149,39.8,40.81510353088379
06011,32.0,35.830339431762695
38067,34.3,35.977840423583984
38091,36.2,33.553314208984375
37077,37.9,39.55253028869629
42003,31.7,31.501891136169434
37109,33.5,35.56351661682129
37115,31.8,32.871795654296875
35049,22.9,28.951425552368164
01007,41.4,41.17691230773926
01081,33.9,32.82279968261719
20023,39.2,35.53623008728027
26063,38.4,38.68111610412598
29023,41.1,41.68529510498047
40035,43.6,41.45893096923828
56019,31.5,32.54121398925781
45079,32.7,35.257802963256836
45085,40.2,40.76705551147461
54029,45.3,39.738271713256836
05139,41.1,40.41179656982422
13257,37.5,35.73170852661133
18033,37.6,38.662635803222656
19167,32.6,35.15776824951172
24033,36.5,38.589744567871094
34015,36.4,34.0679931640625
38017,32.8,31.89928150177002
34019,26.8,28.000630378723145
42043,34.1,33.57101917266846
05021,37.7,38.90299606323242
37009,33.8,36.77658271789551
51041,37.8,35.21251678466797
37075,33.7,36.6194953918457
01065,44.5,43.704803466796875
54099,45.4,39.46799659729004
08013,18.0,24.174235343933105
18013,37.4,36.45239067077637
20007,41.4,38.141347885131836
20155,37.3,39.297637939453125
48023,35.4,35.47268295288086
01053,43.4,42.08676338195801
16071,31.8,35.42230987548828
20175,44.7,40.3378849029541
37063,32.2,33.664910316467285
17115,36.5,38.383705139160156
37079,41.1,41.55409240722656
19179,41.6,38.40797996520996
17147,33.9,36.24331283569336
06099,34.5,35.56570053100586
47097,44.5,43.15508270263672
22009,45.6,42.32631874084473
35017,33.7,32.69056510925293
26041,35.6,36.5178279876709
39065,43.7,38.71684455871582
38095,36.5,36.76378059387207
51173,40.5,39.489030838012695
48155,39.4,39.479658126831055
24001,36.5,38.7777042388916
42051,34.7,38.70207405090332
54057,42.8,37.19708251953125
05043,40.4,38.0621395111084
28097,45.4,41.36045265197754
29081,42.1,38.6965217590332
29211,39.7,39.71172523498535
51015,37.6,37.210886001586914
28087,43.6,39.33456802368164
29227,39.4,38.77362632751465
36075,38.3,38.25868606567383
39173,34.3,34.544410705566406
55109,34.4,33.55143165588379
17135,36.2,38.83234214782715
18099,35.5,36.98838424682617
20151,37.4,35.929931640625
22121,40.7,40.33700752258301
21171,39.2,40.308481216430664
04019,31.5,30.530858993530273
48295,37.6,38.86852836608887
40139,41.0,39.74102592468262
47129,40.6,38.84943771362305
46043,34.6,38.880197525024414
18165,40.6,37.94895553588867
46063,33.9,35.68618965148926
19123,42.2,37.55371284484863
36059,27.0,28.548641204833984
38003,36.5,33.51686668395996
34025,29.2,28.79646873474121
38045,37.3,35.57571983337402
17083,37.5,36.710227966308594
54047,44.7,42.293174743652344
54031,43.0,38.91307830810547
54097,40.7,38.6939754486084
48021,40.1,37.038753509521484
51127,38.1,36.74141883850098
12109,26.7,34.65476036071777
53055,25.9,27.06509780883789
55009,36.4,35.19766616821289
18017,40.2,39.22610092163086
28133,47.3,46.6590633392334
29027,41.5,36.864234924316406
42077,34.0,32.97831630706787
47043,35.3,36.610700607299805
40063,47.3,41.93731880187988
16083,36.2,36.63075828552246
44005,26.5,26.525707244873047
20201,39.5,38.501882553100586
38025,37.7,36.640052795410156
47013,39.3,40.312246322631836
18157,31.1,31.41176414489746
47027,39.7,40.56746864318848
21131,44.6,43.0003719329834
21133,40.6,44.362436294555664
21141,40.4,39.32676887512207
20197,41.3,37.61549758911133
06053,32.3,31.45851230621338
08029,28.5,31.85356044769287
13077,44.4,36.49817085266113
18039,42.0,38.084903717041016
18087,41.5,37.724952697753906
16001,28.8,30.253023147583008
37161,36.9,37.33518028259277
13313,36.7,39.20120620727539
54003,40.9,38.402048110961914
13101,41.9,40.39801597595215
50005,29.5,32.99479293823242
55021,39.0,35.45468711853027
55029,36.7,31.662931442260742
48491,30.1,31.267704010009766
28055,44.4,45.78210258483887
56007,36.2,33.33360481262207
08099,30.8,36.73665809631348
18019,41.2,38.413856506347656
31103,38.3,36.532915115356445
36003,32.7,36.64508247375488
39155,44.2,39.85543251037598
01115,33.4,36.43401908874512
21145,41.5,38.16468811035156
49057,34.2,33.85994911193848
21157,38.4,37.47086143493652
21159,43.6,41.585439682006836
37183,25.8,31.458810806274414
37193,35.0,37.2310791015625
46037,37.4,36.71688461303711
37093,35.9,41.56261444091797
20099,43.1,38.736867904663086
13141,47.1,45.31459426879883
08053,25.7,26.726665496826172
18111,41.6,38.88210105895996
18151,33.8,35.4178352355957
19055,40.1,37.83277130126953
39073,43.1,41.45624923706055
48501,40.0,38.22125244140625
39031,40.3,39.985212326049805
16005,36.4,34.561344146728516
12115,27.7,37.0657844543457
37047,38.8,40.64010047912598
41051,29.2,27.25083351135254
47141,36.8,37.17550086975098
47091,39.5,38.81390380859375
13227,36.9,34.91348648071289
13247,45.1,39.167043685913086
19035,40.1,36.218177795410156
21107,41.1,39.670637130737305
27013,38.9,33.244028091430664
40145,43.6,39.004207611083984
48163,40.6,40.22725296020508
48367,37.1,34.56706237792969
55031,40.5,36.46464729309082
21195,41.2,42.290443420410156
21219,39.8,38.68737983703613
47109,43.2,37.35552406311035
17173,36.7,36.97705268859863
26005,31.8,35.50141143798828
47111,40.6,38.15111541748047
24039,42.1,41.839237213134766
22019,43.0,39.30615425109863
39035,37.3,36.24452018737793
13117,32.2,30.409358978271484
19133,40.2,39.65646171569824
20043,37.7,38.81025505065918
48285,36.7,38.10040855407715
24035,32.7,32.641358375549316
05025,40.9,38.93303298950195
19017,38.4,34.411272048950195
37083,41.2,44.375173568725586
12003,37.8,40.43686103820801
22069,42.6,41.40402412414551
26013,37.9,39.807979583740234
38081,35.8,35.53154182434082
40149,40.7,38.257911682128906
41041,31.9,31.850932121276855
26051,38.0,39.09495162963867
28117,39.5,38.86713981628418
29083,40.2,40.20559310913086
17085,34.3,34.98209762573242
37141,31.9,36.29668617248535
13249,38.2,38.86429023742676
19125,37.8,35.71023368835449
21115,42.5,41.172048568725586
28105,36.0,35.91803550720215
19175,37.2,39.80405616760254
29203,41.8,39.827125549316406
24041,31.4,32.64264488220215
20001,40.5,40.1714973449707
20017,38.4,36.14297676086426
48093,38.8,36.61862373352051
48497,41.0,36.96871757507324
19059,36.5,32.99904251098633
26003,34.3,35.42180633544922
26043,32.0,35.81588554382324
19085,40.1,37.18706703186035
10001,38.9,39.33984184265137
19075,38.6,36.621713638305664
08107,25.2,23.516966819763184
05147,40.9,41.04353713989258
05073,42.7,41.50815391540527
06043,31.8,32.42054080963135
39067,41.4,40.962310791015625
32023,31.5,34.224525451660156
20105,41.2,37.69228744506836
01001,38.9,36.266592025756836
51810,33.1,31.494598388671875
13021,48.1,40.802473068237305
55039,41.6,36.41961860656738
56043,38.8,36.50407409667969
19111,41.0,38.06059646606445
39169,39.4,37.09424591064453
42069,32.8,33.78159427642822
48447,37.3,36.17522621154785
51109,39.2,36.97531700134277
31111,39.6,38.28904914855957
18139,41.3,40.45104789733887
37089,33.6,32.67801475524902
46053,36.2,35.61822700500488
48311,42.3,35.290587425231934
12011,31.9,38.01181221008301
21125,41.5,39.69417381286621
48121,31.3,32.749205589294434
26061,31.1,32.91973686218262
21237,45.1,43.53933525085449
37057,34.3,36.62812042236328
23005,29.5,27.297314643859863
27019,33.7,32.53400230407715
13291,36.9,34.73053169250488
06007,30.2,33.32001304626465
06023,32.1,32.495914459228516
37011,32.6,34.38095474243164
29097,35.3,38.29985809326172
13175,41.2,40.85925483703613
22057,42.8,38.56779479980469
31039,38.8,35.82699394226074
38011,36.9,34.99932670593262
20085,43.3,38.55940246582031
22091,45.7,43.51668167114258
22105,42.0,39.81318283081055
21041,40.5,40.053049087524414
19043,40.6,38.88843536376953
27049,36.4,36.156301498413086
40135,41.2,43.2473030090332
01047,50.2,47.225425720214844
08049,25.4,27.093942642211914
12069,34.2,40.44024085998535
25009,30.2,30.116511344909668
47131,40.6,39.64944076538086
25025,27.0,27.103480339050293
48005,40.8,38.217918395996094
46127,32.8,33.03879737854004
46039,35.0,35.98945236206055
45017,38.2,39.76804161071777
13063,45.6,42.35234832763672
13133,38.4,36.050031661987305
27093,40.6,36.92457580566406
55111,39.6,35.54147529602051
05095,43.0,40.639469146728516
34017,30.9,26.869502067565918
05017,44.4,44.09259796142578
19171,41.0,38.394601821899414
06109,30.4,32.40793323516846
38047,37.0,35.489349365234375
29019,30.7,33.517170906066895
37179,31.7,31.79619789123535
55115,45.6,37.89035606384277
21067,33.7,34.60479164123535
46115,36.5,35.71337699890137
06025,38.0,35.74427032470703
06097,28.2,30.255699157714844
23013,27.8,31.1388578414917
28121,36.3,37.518320083618164
08043,29.3,35.52095603942871
27165,38.5,37.837059020996094
01093,39.7,38.279253005981445
06015,33.9,36.763139724731445
26131,38.0,36.05720329284668
31107,43.0,36.45138168334961
48113,34.7,34.927494049072266
48019,35.9,35.30034065246582
51177,38.6,36.462440490722656
48167,40.2,34.25786018371582
13093,43.6,42.929914474487305
17107,38.4,37.17221260070801
18027,38.0,38.059587478637695
50001,25.4,29.524940490722656
51003,30.3,28.843172073364258
41017,27.2,29.50730037689209
41033,32.5,34.73329544067383
31055,35.7,33.57041358947754
34001,33.0,35.52457237243652
05109,36.9,38.476348876953125
54065,38.9,38.895395278930664
51750,33.1,33.55580997467041
41065,32.7,34.18694496154785
30083,36.2,35.12833023071289
37053,34.3,36.245548248291016
04007,33.8,34.70817947387695
21103,41.1,40.423866271972656
31143,39.9,36.772159576416016
28119,50.3,48.315128326416016
28081,40.7,37.86740493774414
28029,45.8,42.75419807434082
20037,40.7,35.37771415710449
25017,22.0,24.666010856628418
35025,35.1,38.90706253051758
36063,34.8,36.867109298706055
01027,39.5,39.94078254699707
12087,30.0,38.24163818359375
48323,44.3,42.36272621154785
22109,40.8,39.46682167053223
17035,37.6,38.0718994140625
53037,29.6,30.50417709350586
36029,32.3,33.2841854095459
35011,32.3,39.380531311035156
24019,41.4,39.69936752319336
13243,47.3,45.19671440124512
21023,37.9,39.57247352600098
40009,42.4,39.54265594482422
47173,38.2,39.23433876037598
05047,40.2,41.01290512084961
29117,38.3,39.38103675842285
36055,35.6,32.758928298950195
12075,38.6,38.91785430908203
21199,39.5,41.25126647949219
22049,40.3,40.753944396972656
30017,35.8,36.31045341491699
19105,39.2,36.68217658996582
37013,38.4,38.375919342041016
46093,32.7,35.158708572387695
48161,39.3,38.5888786315918
53033,22.9,26.431991577148438
12037,36.8,40.096933364868164
30021,35.4,37.885154724121094
47081,40.1,38.0800895690918
31065,40.6,37.51400566101074
48001,39.9,40.167436599731445
46103,34.6,33.9361686706543
51153,33.6,32.5511531829834
54023,40.9,38.439945220947266
04005,25.2,31.360727310180664
21221,40.6,36.28613471984863
25021,27.1,26.66941738128662
29173,40.5,40.05551528930664
46015,36.3,35.7498722076416
48383,39.6,39.65694236755371
51683,35.5,36.64818572998047
50009,33.0,35.467756271362305
51067,33.9,36.77600860595703
28073,39.6,36.00065612792969
33013,30.7,32.922149658203125
06033,30.2,35.08994483947754
06061,25.9,27.733612060546875
17087,36.0,38.544416427612305
18141,37.1,36.6739387512207
16073,34.4,37.048227310180664
06019,38.6,34.42922592163086
16087,37.6,35.38168716430664
24031,24.2,27.23609161376953
54103,37.1,41.04931449890137
53065,32.5,35.816654205322266
31017,40.0,36.010820388793945
29005,39.1,38.32789421081543
27071,37.1,37.29573440551758
21225,39.5,41.620845794677734
48465,40.8,38.95456314086914
49049,28.7,25.986973762512207
53031,25.8,27.48515033721924
30005,41.4,39.66339874267578
46105,32.3,34.7713508605957
17101,37.7,38.72665596008301
30007,32.5,36.4340763092041
06113,26.2,30.628003120422363
48241,40.4,40.744972229003906
30111,34.3,34.10087013244629
13121,30.0,30.786730766296387
39119,41.1,41.45813179016113
20163,37.6,38.70237731933594
29099,39.5,38.74519729614258
30089,35.3,35.35439109802246
54079,38.3,38.53419303894043
13087,39.8,41.396793365478516
22043,39.1,40.76151466369629
13217,42.3,39.525068283081055
30047,33.7,33.11827373504639
35005,41.4,36.36038589477539
42091,31.5,27.350892066955566
48237,37.7,38.35397529602051
41021,31.2,35.62887001037598
12103,31.9,37.0124626159668
16049,32.1,33.02498531341553
06013,28.6,26.48168659210205
12033,32.0,34.666988372802734
37189,29.8,31.86527919769287
01117,32.0,35.39717674255371
20077,42.0,39.5722541809082
37003,33.9,37.19254112243652
13135,33.7,33.20487594604492
13109,44.5,41.33794403076172
47061,38.0,40.02005386352539
51013,25.9,26.638577461242676
51193,41.6,39.62236785888672
51019,34.8,34.91241645812988
53021,39.4,37.32171058654785
13035,40.2,39.25969314575195
13277,41.6,39.73281288146973
46023,37.7,38.957950592041016
06111,28.9,29.309374809265137
13105,42.1,40.0634880065918
26141,35.6,36.51333427429199
29021,39.9,38.26361274719238
39089,36.1,38.934099197387695
21055,40.9,38.834829330444336
06001,19.6,23.560296058654785
41061,34.5,34.92704391479492
24003,34.8,31.9025239944458
45015,36.5,37.373565673828125
17143,35.0,35.97982215881348
49037,37.0,37.547428131103516
48039,40.1,33.67692565917969
55067,39.9,37.181692123413086
29145,36.8,38.98240852355957
16035,32.3,32.487823486328125
05107,50.7,46.167287826538086
39001,45.5,41.496110916137695
04001,38.8,43.8636531829834
18153,38.2,37.739248275756836
06017,24.7,29.821773529052734
38065,39.9,37.5322265625
53053,35.9,33.91156196594238
35045,38.1,38.32632827758789
21059,35.4,38.5347900390625
54051,42.5,38.751272201538086
18177,39.1,39.082733154296875
42039,37.4,37.73312950134277
49019,31.1,30.19821262359619
48377,42.6,37.739057540893555
06105,32.5,34.513240814208984
36101,36.1,35.95284843444824
36043,37.8,36.482608795166016
42067,36.0,38.299381256103516
51163,31.3,35.500701904296875
16079,34.9,37.48205757141113
22115,38.6,38.18722724914551
28093,44.1,42.097238540649414
41029,35.5,32.86433124542236
44007,32.1,35.1057071685791
48015,35.8,36.558488845825195
49021,31.8,31.530343055725098
04027,40.5,37.33139991760254
22045,43.5,40.65431022644043
34021,30.6,28.555538177490234
39019,40.8,38.97479248046875
04009,39.8,36.764286041259766
17031,32.8,31.25408363342285
51161,34.3,31.636205673217773
12131,31.5,37.98321342468262
51035,38.7,37.07197380065918
35039,38.7,38.299686431884766
13049,42.1,43.029855728149414
16039,35.6,36.06481170654297
16051,37.3,33.57272529602051
17105,37.7,38.79240417480469
21179,35.0,38.77078628540039
29043,37.0,35.78296089172363
29195,37.5,37.47627067565918
38101,36.5,34.97536087036133
51185,40.7,38.86675834655762
04021,38.4,35.340654373168945
36069,33.5,29.95297908782959
19023,39.9,38.39392852783203
21207,40.1,39.82668685913086
22075,40.1,38.42413520812988
32031,29.6,29.48944854736328
47099,41.4,38.050580978393555
05045,36.3,37.411067962646484
06107,37.6,34.63029479980469
54055,42.0,37.911720275878906
29155,43.5,42.56397819519043
53047,38.3,36.929378509521484
42027,31.5,31.31263256072998
48455,38.6,37.57223701477051
54061,34.2,32.33495044708252
53005,39.9,32.09176731109619
22073,41.9,38.62592124938965
12129,38.0,38.82045364379883
38001,37.1,35.150808334350586
22001,36.8,40.66500663757324
31179,33.0,33.687217712402344
37167,34.2,36.78846549987793
48029,37.0,36.85533905029297
05103,42.4,41.83836364746094
53035,31.6,31.642542839050293
31061,41.3,37.589420318603516
21015,38.6,35.92390251159668
28151,44.5,47.170223236083984
42007,37.4,35.90830612182617
46109,42.4,39.72248458862305
51027,44.3,41.70724868774414
54021,39.5,39.31571960449219
51025,44.7,42.30155944824219
16059,32.5,33.4975471496582
38021,37.4,36.64231300354004
38085,49.0,44.99193572998047
46019,34.6,36.60086441040039
17161,36.9,37.01602554321289
23009,28.5,30.860280990600586
38057,36.1,35.60019874572754
13207,37.6,36.23788261413574
27037,33.3,33.0695686340332
53009,33.5,31.631102561950684
28017,46.9,43.60757255554199
46075,35.7,36.01677894592285
42081,35.5,37.694339752197266
06037,26.2,31.45641040802002
37085,39.5,38.257646560668945
06063,29.1,31.915172576904297
12093,39.7,41.47863960266113
21111,37.0,36.2717170715332
20143,36.6,36.634952545166016
26115,38.2,36.956417083740234
20097,34.1,35.838117599487305
40075,45.6,39.74962043762207
48363,36.5,39.041805267333984
53075,26.7,27.559849739074707
55075,41.9,37.71932792663574
29186,37.0,38.45778465270996
51181,39.9,40.352643966674805
36081,24.7,32.67240810394287
48201,35.2,33.9044189453125
54107,38.4,39.47102737426758
39113,41.0,39.62389373779297
49045,39.3,35.91995811462402
06041,23.5,23.69591236114502
30015,34.3,35.169822692871094
54027,42.7,40.06445121765137
53029,32.9,31.48816967010498
32013,34.0,35.44433403015137
30067,28.1,31.597466468811035
28027,47.8,47.23051071166992
49017,35.7,31.287907600402832
54025,42.8,39.045562744140625
55083,40.8,37.89949607849121
42075,36.8,36.777334213256836
18047,37.9,37.97177696228027
19093,37.1,37.79179763793945
37049,35.4,35.37540626525879
05031,36.9,37.22209358215332
01037,42.9,37.78577995300293
27171,38.0,35.52385711669922
47025,40.6,38.77935981750488
51165,34.1,34.96877479553223
01003,36.8,34.44779968261719
12097,31.3,41.25423812866211
16085,34.6,32.613030433654785
13139,34.9,35.968017578125
22025,42.9,40.612144470214844
28149,41.8,39.93325424194336
40051,41.2,38.11714744567871
32003,32.8,32.735647201538086
30001,30.2,30.06870937347412
39109,40.1,38.59260368347168
28135,44.8,45.58092498779297
04017,38.1,40.993831634521484
17183,40.4,39.589494705200195
22103,35.4,35.90548324584961
25027,32.8,31.18843936920166
42101,34.2,33.18003177642822
24023,37.4,36.53875160217285
37031,31.7,33.36551856994629
36077,33.3,33.12595081329346
01095,38.3,38.76179122924805
40013,40.8,39.6648006439209
54009,39.2,38.18247413635254
36091,32.6,29.82416343688965
54063,40.6,37.1436824798584
46123,40.2,36.53276824951172
30045,33.4,34.44710922241211
04012,33.7,38.454322814941406
05091,43.7,40.49568176269531
23025,37.8,39.76111602783203
49043,23.7,25.24701976776123
30039,32.5,33.55481243133545
48077,34.7,35.79652404785156
01009,37.3,36.615060806274414
13311,35.2,34.27812194824219
19015,38.6,36.171504974365234
21081,37.9,40.724416732788086
27109,35.3,32.438700675964355
36097,37.6,35.015615463256836
39069,42.7,38.65041542053223
48305,40.3,38.53257942199707
01129,41.4,41.20444869995117
28147,41.3,41.09823036193848
53059,36.5,34.45104789733887
36123,35.0,34.940317153930664
21203,40.8,41.65597152709961
20177,39.4,37.264217376708984
29169,33.3,37.16540718078613
39167,44.1,37.95684242248535
08009,30.2,32.64223098754883
20025,38.2,37.107826232910156
17079,35.0,38.16500473022461
20093,42.7,38.47493934631348
35033,36.4,38.24487495422363
48457,39.4,39.86765098571777
40003,38.7,37.085004806518555
21003,42.4,38.92818260192871
38027,39.3,36.072805404663086
47087,36.4,37.632463455200195
48405,42.3,41.47544479370117
01059,39.4,40.07857131958008
29167,41.0,38.463706970214844
39131,40.7,42.83524703979492
51057,39.1,40.98282814025879
48495,39.5,40.41349220275879
42005,37.9,38.67152214050293
29205,41.2,39.20944023132324
37039,31.5,35.38268280029297
01119,42.4,47.29324531555176
51091,33.2,34.94762420654297
29171,40.0,38.64655685424805
30085,40.3,43.2276611328125
42087,38.3,38.79203987121582
37001,37.3,36.025604248046875
27067,36.4,37.02375602722168
56027,36.6,34.87150001525879
48365,38.2,39.52131462097168
05051,37.6,34.855735778808594
05055,37.5,39.11044692993164
47143,39.6,36.62349319458008
26105,38.9,34.64659309387207
21233,38.4,40.51666259765625
55089,34.0,30.369972229003906
22055,35.0,36.227426528930664
38039,36.2,34.686073303222656
48409,43.1,39.753915786743164
39049,36.1,33.34744358062744
48463,40.4,39.528289794921875
18025,41.4,40.637624740600586
26099,36.9,36.52203369140625
38049,37.4,37.720069885253906
45045,30.2,32.697649002075195
12043,38.9,41.14655685424805
17017,38.4,38.32777976989746
20009,40.8,39.21933174133301
26075,39.3,37.45077896118164
31149,40.2,35.41469192504883
53027,36.9,36.19491195678711
13027,42.3,41.63911819458008
55071,43.6,36.747379302978516
30035,35.9,40.22607421875
13107,42.6,41.32896041870117
42033,37.2,38.88179016113281
24029,37.7,33.79018592834473
47015,36.6,38.80879592895508
37135,24.5,30.954031944274902
48439,37.8,32.65636444091797
17055,39.7,39.47299385070801
18121,38.3,37.5363883972168
19047,43.9,40.09000205993652
48243,39.0,33.479371070861816
13279,42.1,40.54461479187012
54017,43.3,39.71015930175781
19087,40.0,38.1107234954834
13293,41.7,40.131439208984375
47185,39.7,39.090837478637695
20127,40.0,37.5380802154541
48379,37.7,36.44723701477051
48397,35.4,32.940826416015625
48477,36.0,35.3704833984375
40091,41.6,40.3655948638916
49031,34.5,34.9193058013916
51053,38.6,38.58778190612793
08007,25.1,28.21571445465088
37035,33.8,37.28714942932129
38087,36.5,35.23430633544922
28065,43.3,44.02056312561035
55119,41.0,38.1033992767334
48009,36.4,34.98745346069336
13155,40.2,39.86210823059082
48065,34.2,35.885475158691406
20145,41.5,36.27916145324707
18001,39.3,38.51199913024902
34029,32.5,31.870327949523926
22033,36.4,36.45347023010254
26091,42.1,38.70468711853027
19009,41.1,39.87537956237793
26049,39.0,38.10350227355957
27075,35.0,35.50442695617676
13303,43.3,41.23571014404297
32005,30.0,31.4794921875
16061,35.9,36.22713088989258
22027,44.9,44.24762535095215
50019,33.0,35.85420799255371
41035,38.3,34.26510429382324
26103,30.7,32.365830421447754
08121,26.6,38.016605377197266
42089,37.5,36.870656967163086
28009,43.9,41.5518856048584
31161,35.1,37.28069496154785
37173,36.7,38.390146255493164
31029,38.2,37.753496170043945
22015,44.6,36.97955322265625
53049,36.8,32.441269874572754
17123,36.5,38.12135314941406
47075,44.0,43.37244987487793
47105,35.8,32.919071197509766
20053,39.1,36.94409370422363
55051,37.7,35.32577133178711
18109,38.3,38.85565376281738
51770,36.4,40.13351631164551
48419,40.8,41.38285446166992
16011,41.0,36.837106704711914
05049,38.8,39.552345275878906
22065,47.3,44.6595401763916
08119,27.6,27.477561950683594
40017,42.9,35.15701866149902
51047,38.4,36.844757080078125
40077,45.2,40.21921730041504
26079,36.1,38.92323112487793
12053,33.3,38.25929832458496
28157,49.1,45.80671310424805
40107,44.7,42.666290283203125
55078,42.8,41.22509765625
39097,42.1,37.91714859008789
26129,38.2,37.8641242980957
29157,37.5,37.019609451293945
48135,40.1,38.525312423706055
12051,38.4,42.675424575805664
28067,43.0,40.124563217163086
34035,27.2,29.768293380737305
17111,34.7,33.47170066833496
19091,43.2,37.332115173339844
37015,43.2,43.3551139831543
19103,28.4,30.2711238861084
47007,43.1,38.60606384277344
45069,46.0,44.09760856628418
26071,37.6,35.97867965698242
27055,38.2,35.795021057128906
27169,32.2,33.97679328918457
05129,40.9,38.2255973815918
37041,39.0,40.62636375427246
29035,40.1,40.35183143615723
05005,41.0,37.17727851867676
34027,26.1,28.52660369873047
40137,42.2,39.215986251831055
29187,40.0,37.948307037353516
26077,34.1,33.049580574035645
37171,35.5,38.05296516418457
18071,43.3,39.1684627532959
51036,41.9,42.16750717163086
21177,41.3,39.869022369384766
37195,38.9,40.663429260253906
46119,36.6,37.72078323364258
41011,30.7,32.80228519439697
54089,42.9,39.31684112548828
26127,37.3,36.27105522155762
27051,38.1,37.638357162475586
19019,41.0,36.254262924194336
22119,45.5,41.76285362243652
19037,37.4,36.18499183654785
17193,38.0,38.8852596282959
48133,36.4,37.834646224975586
21109,42.5,42.0450439453125
08065,26.5,30.2400541305542
48417,37.5,31.19634246826172
48257,37.9,38.12759590148926
48203,39.3,39.94105529785156
36023,31.7,37.30078315734863
31071,36.3,35.3786735534668
22097,48.1,42.54429054260254
36105,34.9,35.72908020019531
51680,36.1,34.85088539123535
06075,17.6,20.60310173034668
20181,39.3,36.9407901763916
39147,46.0,38.95587730407715
17203,34.3,33.23550224304199
48481,40.7,38.83931541442871
29177,40.5,39.728384017944336
51678,28.7,29.24808979034424
05003,41.9,40.90753173828125
54033,40.5,40.037065505981445
55077,41.3,38.07876014709473
05007,34.3,36.505584716796875
29091,40.4,40.16582107543945
12095,32.6,38.616891860961914
18041,41.0,40.20771026611328
40027,35.6,35.06304359436035
29183,36.3,34.197256088256836
48185,41.4,39.54365158081055
21119,42.5,41.238019943237305
20111,36.8,38.34919357299805
47167,39.7,38.15594291687012
21013,44.3,44.41201400756836
45001,38.4,38.2873420715332
40093,41.5,37.75804328918457
46025,37.4,37.4667911529541
46135,34.8,37.102895736694336
01103,38.7,36.514896392822266
39009,35.1,37.363887786865234
28021,49.2,44.430606842041016
13131,41.6,40.11088752746582
29111,38.3,40.536420822143555
28153,45.0,41.77541923522949
39037,39.9,39.870399475097656
30073,33.9,35.889427185058594
20159,35.9,37.458744049072266
41027,30.7,32.33888816833496
42041,32.8,32.572176933288574
21123,42.6,40.32876205444336
42061,35.0,38.20880317687988
55081,38.8,36.025136947631836
19113,36.8,32.72388458251953
17179,35.5,36.4448127746582
05099,41.4,42.089406967163086
13019,38.8,39.69227600097656
22063,37.5,38.30220031738281
47045,41.2,38.42662048339844
46079,34.7,34.57822227478027
45023,42.0,40.6117000579834
46047,36.7,37.24249267578125
47083,37.7,38.12936210632324
45043,33.2,35.23690986633301
49009,34.0,32.30700874328613
47135,38.7,39.750030517578125
47161,37.0,37.52223777770996
36049,36.0,37.07057189941406
12085,26.5,37.78234672546387
21077,40.8,38.672210693359375
12047,38.9,42.4852237701416
05071,38.9,39.47949409484863
19039,41.7,40.139875411987305
27153,40.3,38.3323974609375
31115,38.1,37.7194938659668
46045,34.9,36.7852725982666
47107,40.3,37.893192291259766
51169,38.5,39.86017036437988
37023,31.9,38.49035453796387
27063,39.8,37.53730583190918
48101,41.8,39.91411018371582
45021,32.4,39.42520332336426
45061,48.6,44.04379844665527
16063,36.4,36.37349319458008
08071,30.9,36.30184364318848
19195,40.0,37.07966423034668
29037,35.3,38.487688064575195
39005,40.0,37.23682403564453
38097,37.1,35.46866035461426
08059,25.1,26.65408992767334
17039,36.6,36.61255073547363
37191,38.6,40.31923484802246
45059,40.8,40.1618709564209
45077,34.8,35.32539749145508
51093,39.3,37.087642669677734
30093,29.4,33.76046943664551
29033,38.5,38.28879737854004
50011,31.3,36.508684158325195
29131,39.5,39.02958679199219
51790,39.5,35.10625648498535
26069,37.9,37.08170700073242
28131,41.1,39.375661849975586
13073,36.3,33.002920150756836
35035,37.7,36.855464935302734
06069,29.0,32.3468132019043
21005,38.4,38.63239669799805
36019,41.1,37.831172943115234
13219,33.4,28.489928245544434
19121,38.8,36.3750114440918
18043,36.7,36.60988235473633
22079,41.8,39.81093978881836
17063,35.3,36.432430267333984
05085,38.4,36.734642028808594
21061,42.9,40.130300521850586
31079,37.7,38.15405464172363
37163,38.3,40.97763633728027
47049,40.3,38.57980155944824
51037,40.7,40.11522102355957
13239,43.3,39.970537185668945
36109,29.6,28.64527130126953
47041,42.2,37.646780014038086
18021,42.3,38.56650352478027
17027,35.3,36.989349365234375
29071,39.1,38.17027282714844
20135,37.1,37.707292556762695
18119,40.4,38.40743637084961
17097,31.8,28.452401161193848
29121,36.8,38.548423767089844
29135,40.0,37.84415054321289
22061,38.1,38.4888916015625
47119,40.9,37.779293060302734
49011,30.1,30.100318908691406
53003,34.6,35.67477607727051
26153,37.6,37.576171875
21183,40.6,40.55551528930664
37097,34.0,33.04490852355957
48147,37.9,36.462175369262695
46077,33.8,37.631683349609375
48483,39.4,41.003082275390625
51029,41.6,41.49123573303223
48107,40.7,40.31354331970215
21075,44.9,40.67698097229004
37123,37.5,39.7022819519043
19067,42.6,36.85493087768555
42023,37.9,38.788164138793945
27101,40.1,35.54566955566406
01005,43.3,42.453365325927734
30109,34.2,37.18219566345215
39099,39.2,35.5462703704834
08037,23.2,24.073885917663574
13169,40.2,37.83350372314453
21099,38.7,39.529151916503906
31159,40.5,36.87690734863281
42093,35.3,34.2389030456543
27105,40.1,37.236013412475586
42099,35.1,37.92250442504883
05023,35.9,37.87224769592285
05027,38.5,40.90937423706055
05029,41.5,40.162681579589844
31165,39.7,35.573951721191406
37111,33.5,37.641733169555664
11001,24.7,26.857669830322266
12027,43.1,42.30721092224121
13089,33.8,31.151681900024414
47181,40.4,38.44204521179199
20075,40.0,36.6909236907959
28033,40.0,38.18339920043945
47065,33.0,34.9702091217041
16047,36.9,37.00027656555176
36039,32.2,36.33121299743652
31121,39.9,38.4600887298584
50025,25.4,28.91215991973877
38031,39.4,35.57708549499512
27097,39.9,37.55331611633301
13267,46.0,41.930280685424805
13167,42.7,41.959360122680664
13015,38.0,36.914628982543945
01011,49.6,45.953189849853516
51021,39.8,37.89909553527832
48031,35.0,33.70693397521973
51690,44.3,41.798484802246094
51085,38.1,34.59368705749512
21035,38.6,38.833194732666016
27061,34.4,36.05590629577637
08083,30.3,32.063504219055176
21185,34.4,33.06599044799805
17011,37.5,36.76776123046875
40037,39.4,40.60346031188965
48269,41.2,36.528160095214844
40041,42.7,40.67526817321777
13013,40.1,37.902021408081055
39017,36.1,36.66555976867676
39027,41.2,38.49738311767578
13159,40.0,37.81030464172363
24009,34.4,34.78994369506836
21087,42.4,38.795074462890625
51071,36.6,38.03867721557617
54005,41.8,43.24236869812012
01079,41.1,39.899471282958984
12039,44.2,43.47832489013672
13095,43.6,43.69557189941406
28113,45.3,44.39965629577637
50017,26.8,33.02072525024414
39029,46.9,39.517791748046875
48169,40.6,39.90109062194824
48223,37.2,38.72526550292969
36121,35.8,37.605674743652344
36067,34.7,33.74905204772949
31083,36.0,37.51386833190918
48489,47.4,42.38082313537598
01113,47.1,41.62763595581055
19013,37.5,36.5272331237793
26133,38.3,38.516136169433594
19157,40.6,36.62875938415527
37103,38.4,41.53018379211426
48415,38.7,39.31616973876953
51199,33.6,30.2151517868042
13281,36.0,32.81731033325195
23011,33.6,32.83959484100342
16023,35.6,38.69025802612305
48429,38.1,39.760690689086914
29159,38.7,38.53675651550293
30065,33.6,36.92670440673828
40129,40.4,39.19717597961426
19073,41.0,38.61140823364258
27015,39.0,37.369943618774414
21033,38.0,38.11940002441406
46097,35.5,37.17572021484375
54001,40.2,42.26839828491211
47113,38.7,38.82558631896973
55117,40.9,34.64738845825195
26047,31.2,31.376117706298828
45071,38.3,38.75362205505371
18067,41.4,39.49399375915527
13079,41.7,39.55611801147461
36017,37.5,38.37601280212402
55079,39.0,35.54293251037598
48265,33.9,33.840131759643555
37065,40.2,43.38526153564453
48145,42.3,41.261396408081055
01039,43.8,38.90480995178223
12065,38.3,38.42875671386719
48233,37.5,38.95106315612793
12035,33.1,36.29257583618164
13033,45.0,40.46826934814453
16009,34.3,35.39373970031738
31051,40.6,36.83354568481445
13163,44.2,43.35984230041504
36061,20.9,26.929548263549805
27139,34.1,33.64967727661133
39057,38.7,33.88565254211426
37107,40.1,40.667293548583984
13029,37.7,34.03858184814453
01025,44.0,43.00234413146973
26119,37.8,38.437129974365234
28123,45.9,42.88408660888672
42025,34.7,38.638132095336914
31009,40.2,37.67978286743164
20207,38.6,39.28014373779297
05089,37.2,38.32982635498047
19139,37.6,35.52121353149414
31025,38.6,35.248558044433594
05079,39.5,39.68174171447754
34009,31.4,32.870887756347656
17081,38.6,37.838666915893555
13205,46.4,42.65883827209473
19003,38.3,38.79917335510254
31021,40.7,36.56290245056152
17159,37.4,37.16174507141113
01099,42.5,41.64139747619629
17113,34.0,32.647274017333984
22127,43.4,40.87116622924805
36095,36.7,35.83157539367676
46005,34.8,37.918861389160156
51011,42.3,37.248573303222656
55011,40.3,36.312265396118164
18073,38.3,38.66746711730957
48289,37.1,38.30990028381348
48309,37.3,37.171085357666016
13151,39.6,39.01261901855469
16057,26.6,27.14580535888672
13059,33.6,34.31568145751953
19143,39.3,38.23711585998535
12101,34.4,36.00758647918701
21053,39.6,41.151376724243164
42049,36.5,34.44302558898926
16077,37.3,36.55405235290527
20095,40.9,36.83631706237793
31091,38.1,36.25179100036621
47177,39.2,40.00411796569824
55023,38.7,38.76584053039551
27059,39.1,36.17853355407715
48089,38.9,36.61796188354492
55005,39.5,37.097206115722656
08025,33.6,35.95870590209961
48227,41.9,40.18812561035156
48423,39.2,36.250953674316406
46051,32.8,37.232418060302734
48247,44.1,43.2797966003418
18175,42.2,38.4497013092041
42011,34.8,35.75951385498047
51530,38.1,41.75271797180176
53069,39.7,33.46047878265381
13111,38.5,34.674522399902344
18115,38.4,39.47844696044922
19051,40.1,36.92662048339844
29213,38.4,37.15481948852539
48195,36.2,38.40898513793945
01131,47.8,47.98004341125488
17065,37.4,37.94647026062012
48451,36.7,35.30020332336426
39157,43.7,39.75101089477539
39151,38.1,39.867319107055664
29207,45.1,39.643144607543945
31023,38.9,37.76400566101074
48193,36.8,36.16030502319336
05065,35.9,37.390480041503906
29215,40.7,41.04290771484375
18075,42.1,39.91463279724121
28069,45.4,44.62797164916992
33011,30.1,30.265338897705078
17021,36.4,38.01626968383789
21129,44.3,43.723514556884766
47017,39.9,36.94864273071289
51063,37.2,36.918174743652344
31113,37.1,35.27480888366699
20183,40.4,37.22085380554199
35055,28.7,29.862706184387207
05131,35.7,39.35820770263672
23015,31.7,30.659531593322754
13221,36.3,36.03755187988281
30055,33.0,36.94840049743652
48361,41.7,38.13498115539551
48043,35.8,29.456183433532715
06045,29.0,33.326927185058594
56017,38.8,34.898075103759766
51001,43.3,38.2654914855957
30063,28.2,29.330812454223633
51105,40.7,39.23894500732422
17181,37.0,36.122928619384766
36031,35.9,34.354336738586426
22005,37.4,36.33990287780762
06073,25.3,25.130072593688965
51059,27.2,26.38926124572754
22125,41.8,38.257246017456055
53017,37.5,35.5627498626709
05135,37.3,38.69394874572754
27021,37.6,36.49563789367676
20103,40.5,35.532257080078125
37185,41.1,42.51114463806152
26029,36.6,32.758498191833496
13225,41.6,39.45540237426758
21027,40.4,39.937705993652344
45003,36.8,37.110164642333984
47009,33.3,35.316946029663086
25023,30.4,29.5070858001709
45053,37.2,39.13127326965332
55057,39.4,39.21454620361328
05077,44.9,44.47735595703125
01063,50.4,48.26638603210449
06051,29.2,32.77256107330322
33003,28.8,31.020614624023438
17141,35.8,36.46297836303711
41005,29.0,29.27981472015381
45047,39.9,37.73107147216797
27125,37.1,40.02451515197754
47175,39.4,38.368181228637695
21113,36.6,38.536903381347656
55045,40.4,36.33590316772461
31141,36.0,36.815568923950195
47011,38.9,38.27956962585449
16017,26.9,32.52729415893555
48351,42.1,41.63639450073242
51089,43.0,40.226118087768555
41057,30.6,33.00316905975342
51119,39.1,36.35814094543457
46009,35.7,36.559329986572266
48127,49.0,41.84250450134277
37165,40.8,42.88042068481445
38009,39.1,36.293527603149414
29143,41.6,40.457122802734375
06049,29.7,34.242109298706055
22077,42.1,41.45041465759277
47123,36.2,37.64400863647461
06035,32.7,35.288482666015625
18123,40.7,38.22873497009277
38055,35.9,35.970266342163086
16055,34.4,33.95258331298828
32033,33.3,35.1125545501709
41045,37.8,38.34295654296875
28115,43.2,39.20161247253418
21235,40.8,40.27428436279297
27127,38.3,36.445688247680664
35043,30.9,32.94083213806152
41023,30.2,35.45260047912598
27115,39.4,37.49562644958496
06031,31.6,36.02592849731445
53025,41.4,36.85225296020508
22107,46.1,44.39325141906738
48037,40.8,38.22112274169922
55033,39.3,35.73748016357422
55095,39.9,37.679317474365234
56029,32.5,31.211444854736328
06047,34.0,36.239681243896484
13031,36.3,37.96133613586426
54077,41.3,38.948720932006836
24027,27.2,29.652490615844727
17163,38.1,36.569908142089844
22085,46.1,41.78004264831543
33007,35.6,35.24123954772949
24043,42.2,37.96274185180664
48097,37.1,38.45940399169922
23007,32.5,34.195247650146484
20049,42.1,38.21145820617676
47151,41.4,40.52406120300293
21101,40.2,39.04810333251953
38029,36.4,35.40780258178711
21127,40.3,42.336761474609375
27029,38.7,38.54936981201172
48453,29.6,29.68885898590088
27137,35.9,35.090213775634766
39117,43.2,37.80887222290039
16037,33.1,31.722710609436035
08073,30.1,34.18013000488281
08117,23.5,22.831436157226562
41019,34.6,34.490617752075195
26089,31.3,29.153468132019043
51171,37.9,38.19084548950195
29045,40.5,39.90446090698242
30019,31.5,36.015380859375
30079,36.4,36.39863586425781
30009,29.4,33.05995178222656
05145,40.1,38.28841972351074
06079,26.6,28.18159580230713
16027,37.2,37.70364570617676
35009,34.0,38.377798080444336
29189,33.1,33.35976696014404
41007,30.2,33.18806457519531
48137,41.8,36.90374565124512
18063,39.3,35.22572708129883
48411,38.1,36.43068313598633
12067,39.9,40.202253341674805
36073,36.3,38.70268630981445
45009,42.9,40.606210708618164
45013,26.9,31.51183319091797
46099,34.1,34.00385093688965
56035,30.1,32.82048034667969
41069,34.1,33.90483093261719
42029,29.6,27.135831832885742
01091,46.2,42.059024810791016
21073,37.5,36.06075096130371
21029,38.5,37.564422607421875
40007,38.6,37.98576736450195
55061,39.3,37.02358627319336
40045,40.9,37.64741897583008
01097,42.1,39.10280418395996
26125,29.8,29.907299995422363
26145,42.4,39.087703704833984
20167,36.5,37.69809341430664
45031,41.2,39.80431365966797
55139,38.4,33.24093246459961
53077,41.3,38.02595138549805
39133,37.3,39.31321334838867
49003,31.8,33.935752868652344
01077,35.2,35.21463394165039
42009,34.9,40.02809524536133
41039,31.0,31.371933937072754
41043,34.6,37.526126861572266
39127,43.1,41.84086990356445
06039,34.9,36.80636024475098
17073,34.3,36.481393814086914
16033,35.3,35.715620040893555
48217,36.8,37.3541259765625
54105,42.1,41.63520622253418
12079,36.3,41.36227607727051
49051,26.2,26.112629890441895
36045,36.3,37.93165588378906
51083,42.8,40.53029823303223
39139,39.8,39.36042785644531
45073,32.1,34.020259857177734
05087,36.0,38.22450065612793
05101,39.2,35.931907653808594
48343,40.1,39.93745422363281
36025,35.7,35.74976921081543
30049,30.7,30.65583610534668
31049,39.2,38.991167068481445
37121,34.2,35.108070373535156
13125,37.5,37.50638389587402
06083,30.1,29.452317237854004
27077,38.5,37.03589630126953
19169,30.8,30.190434455871582
39123,41.3,38.40811729431152
26139,34.6,30.993043899536133
35061,35.1,35.72173500061035
48381,33.4,33.65230369567871
48073,38.8,40.114830017089844
49015,34.5,34.775407791137695
45091,31.6,35.89924621582031
08057,28.9,33.584835052490234
53019,36.2,33.76884365081787
53057,36.3,33.54838466644287
38007,35.8,34.44757270812988
47021,38.3,35.53426551818848
48445,42.2,40.94212532043457
54071,37.9,39.72946739196777
05035,41.3,41.6543083190918
06071,35.1,35.068803787231445
55035,34.1,33.57008171081543
38053,35.7,38.54573440551758
29003,42.3,37.28349685668945
48085,29.2,33.91870594024658
27003,36.4,34.31856918334961
21149,39.8,39.5267333984375
24045,35.4,39.1351432800293
41001,34.2,33.616024017333984
49005,32.6,30.68595790863037
30013,35.2,33.92191123962402
41025,34.5,35.96839904785156
42053,39.7,39.242366790771484
30053,30.7,33.12580108642578
21227,35.4,37.50250244140625
21039,40.6,39.7926139831543
35027,30.3,34.19147300720215
21047,39.5,37.113311767578125
34005,33.0,31.627670288085938
21135,46.6,43.703895568847656
06077,33.7,33.95606803894043
01107,43.8,42.460988998413086
47157,42.6,40.767738342285156
20133,42.4,39.51028633117676
06009,29.6,33.56654357910156
23017,37.4,36.75265312194824
23031,29.8,32.957895278930664
30033,32.0,35.37364196777344
40101,44.3,40.47121810913086
13269,42.6,41.87081718444824
36089,35.7,37.49227333068848
40065,42.0,38.530391693115234
08093,25.9,29.534592628479004
12105,40.9,40.1915397644043
08123,31.4,34.19589042663574
39161,42.0,40.0873966217041
36071,37.0,36.421051025390625
28063,51.7,46.87464141845703
36115,36.1,37.83624839782715
10003,37.7,32.10004425048828
48229,42.2,41.31202697753906
01021,36.7,39.201351165771484
08045,26.9,30.866583824157715
01067,38.4,39.12961959838867
48435,41.4,40.00677490234375
27123,32.3,29.125917434692383
33015,31.8,29.862435340881348
49039,31.5,34.357418060302734
06093,32.6,34.268733978271484
47139,38.1,37.39664077758789
47029,41.9,39.16272735595703
41015,31.9,32.51549816131592
27135,33.7,38.52249526977539
22041,44.8,42.39215087890625
22029,41.5,40.98871994018555
48473,39.4,38.60264015197754
48291,39.7,39.71588325500488
06067,34.1,31.12276840209961
30099,30.8,33.92423629760742
13129,40.1,37.47233200073242
16043,33.7,34.0054874420166
54037,35.2,35.27609825134277
32001,33.3,35.30379104614258
32015,33.9,36.59916687011719
13295,41.5,38.237932205200195
17197,36.7,32.27849292755127
22011,36.8,38.37943458557129
31033,41.0,38.27987480163574
56025,37.9,32.94846725463867
41013,32.9,35.927846908569336
19119,38.0,36.48585891723633
16069,35.0,34.359235763549805
51700,39.6,39.167280197143555
22051,39.7,37.93058967590332
35057,34.5,37.15087890625
45055,36.7,38.217111587524414
54053,44.1,41.61244773864746
42115,32.9,35.4074592590332
47057,38.6,38.96549415588379
48025,42.6,39.02958297729492
41037,34.0,35.34151268005371
13153,39.1,34.642165184020996
48469,38.7,38.16334533691406
37045,37.6,40.83791923522949
34011,36.6,40.55875015258789
34039,28.3,31.97492218017578
12015,33.2,39.049015045166016
01123,41.8,36.856658935546875
26081,33.4,32.36196041107178
26083,33.3,32.77790069580078
49035,32.8,28.753695487976074
21181,40.7,41.92386054992676
22087,44.6,39.832271575927734
51061,33.7,33.90825653076172
13145,33.2,33.97711944580078
42059,35.6,38.06974983215332
51069,37.8,33.58170700073242
13071,40.1,41.43880271911621
12029,43.0,39.1470890045166
46059,33.8,36.327775955200195
42045,30.9,30.338284492492676
27069,38.3,36.90473747253418
42035,33.7,38.66136169433594
39115,42.0,40.52065849304199
44009,24.0,27.463842391967773
06095,32.7,30.59894561767578
36111,31.7,31.821377754211426
01125,39.5,38.938560485839844
28011,45.2,44.246910095214844
53041,40.5,35.0072135925293
54081,39.8,36.95471382141113
05125,37.4,37.10870361328125
20091,31.7,34.472978591918945
48277,38.3,38.59406661987305
13231,34.7,35.74555015563965
12086,30.5,38.525917053222656
29139,41.3,41.40614128112793
13185,37.6,39.23857498168945
16019,35.0,32.06862545013428
06115,32.5,34.90138816833496
13317,43.4,40.30042266845703
17071,36.7,38.02076530456543
16015,31.9,34.49046516418457
34007,32.7,33.79157257080078
51175,42.6,39.13760566711426
29017,41.4,40.494956970214844
37143,33.9,38.35348892211914
48299,36.9,32.06559085845947
54007,39.4,40.54378700256348
31063,39.2,35.650238037109375
21097,39.9,40.593645095825195
18089,38.3,38.92891883850098
42073,35.5,39.089643478393555
42079,38.2,35.25897026062012
22053,42.4,38.920162200927734
42095,33.0,34.37144470214844
36103,29.8,30.639972686767578
16025,32.9,36.61992263793945
29107,38.8,37.27836036682129
37177,37.0,42.46759605407715
08033,27.1,33.66780090332031
08051,22.8,21.161134719848633
31139,41.1,36.41177749633789
04025,27.1,32.103187561035156
01049,39.0,39.954566955566406
46111,34.9,36.44468688964844
53007,28.4,33.006643295288086
51087,35.4,31.884870529174805
48245,38.0,39.016775131225586
27083,45.1,36.91902542114258
47125,42.2,36.47964286804199
56003,34.2,36.366737365722656
05067,40.6,41.56593704223633
05069,43.7,42.454315185546875
31027,39.9,37.262468338012695
06027,29.6,32.03543567657471
51670,45.5,41.12286567687988
22101,44.6,41.05581092834473
42129,31.2,35.087833404541016
54087,39.8,39.51266288757324
17043,29.5,29.98908805847168
21089,43.7,41.86422348022461
24037,35.5,36.09479331970215
21095,45.0,46.465850830078125
30071,39.2,37.84555435180664
42111,36.5,38.7308464050293
12059,36.1,39.21762466430664
23003,41.6,35.59336471557617
38093,39.4,36.47164344787598
30037,34.1,33.86030960083008
39061,38.2,34.45517921447754
49013,33.1,36.2960090637207
49041,35.0,33.87308597564697
49047,34.6,37.446237564086914
19061,40.6,36.08979797363281
30025,33.4,35.313711166381836
42001,36.5,37.1981258392334
47133,38.0,39.70718765258789
39055,36.1,32.87168884277344
22023,39.8,38.60865020751953
48349,41.9,41.034942626953125
40085,43.2,40.23445510864258
55003,37.6,37.8746280670166
26033,38.2,36.75042533874512
30081,32.9,32.65472984313965
30029,30.1,30.593470573425293
40033,42.3,40.3700008392334
40067,45.2,40.60299301147461
29179,40.5,37.80927848815918
12077,41.0,40.836524963378906
04015,36.2,37.77826118469238
21105,40.2,37.960466384887695
23029,37.9,36.00700569152832
22113,39.2,39.15600776672363
30087,39.2,40.67572212219238
27007,39.9,35.51498985290527
40131,41.0,38.66425895690918
41063,30.1,31.767258644104004
48053,41.4,34.97177696228027
13289,42.2,40.09792137145996
26097,38.2,35.92519569396973
47089,38.9,36.580881118774414
40151,38.4,33.83646297454834
12127,32.9,39.07981491088867
48095,38.9,35.9250602722168
47149,33.6,34.40745162963867
40103,40.2,38.313255310058594
30059,33.6,32.48723220825195
39023,41.5,40.237403869628906
31123,38.6,35.708213806152344
29109,41.8,39.676544189453125
51167,39.7,39.95734786987305
40089,44.9,41.796749114990234
01105,48.3,44.86529731750488
54043,45.1,42.97983169555664
17125,35.6,38.135446548461914
