county_fips,per_HighBP,pred_outcome
13027,47.9,46.11151695251465
31095,37.6,39.18740463256836
51683,30.9,31.58398151397705
56021,30.3,29.838627815246582
13135,33.4,32.76727867126465
20001,36.5,39.78102111816406
27065,35.8,36.755313873291016
28107,48.6,48.06583786010742
31185,34.0,35.17865562438965
42063,,35.33926200866699
48327,44.2,43.42804145812988
29173,41.8,40.38445472717285
48151,40.0,39.32824897766113
51183,43.5,43.61747169494629
47183,38.3,39.2146110534668
26105,40.7,39.08934783935547
48159,38.4,38.2650146484375
08075,33.6,33.953168869018555
22119,49.4,47.29570388793945
31045,32.2,33.28464126586914
51139,40.0,39.24215316772461
13161,41.2,43.685041427612305
18117,41.8,40.74056053161621
27015,34.3,34.626792907714844
31079,32.8,33.33477210998535
21223,,41.08101272583008
55113,41.4,40.24168395996094
41027,32.1,31.849708557128906
21169,,44.605960845947266
26007,41.6,40.50198173522949
19095,36.8,33.700937271118164
13061,52.1,53.030975341796875
18177,40.9,38.21325492858887
29227,43.8,41.35104179382324
31157,37.7,36.12075614929199
39107,37.8,35.39425849914551
01015,44.8,41.652143478393555
37095,46.5,44.211618423461914
19019,35.6,33.596792221069336
27121,36.8,37.104644775390625
21181,,44.18158721923828
42053,,42.93254089355469
46077,35.5,36.44442176818848
48375,37.6,35.34819030761719
48413,37.1,41.9102668762207
51580,42.4,40.557931900024414
54063,47.7,43.30423355102539
48499,41.2,42.12550926208496
18041,42.6,41.45071983337402
28023,49.5,47.53660202026367
04023,35.7,33.51807403564453
17007,34.9,32.584699630737305
28039,39.8,40.012081146240234
37113,43.5,44.20783615112305
40025,41.9,38.95851135253906
01043,42.3,38.7365837097168
39065,38.1,36.917484283447266
20105,42.0,39.160390853881836
22059,38.4,39.0892448425293
36123,35.8,35.27021598815918
21035,,36.08182334899902
48045,43.4,42.891441345214844
48265,40.3,41.07437324523926
20009,38.3,40.15887641906738
16075,35.5,35.566707611083984
48269,45.0,37.83720588684082
39161,38.8,38.005062103271484
46125,34.3,35.042911529541016
19129,35.9,33.18458938598633
26001,46.0,43.06786918640137
48165,30.8,33.116902351379395
13201,46.1,45.586124420166016
18013,43.0,37.624935150146484
19023,38.8,36.01691246032715
40043,41.8,39.69154167175293
31151,32.0,35.781511306762695
37069,38.6,39.01125144958496
21219,,41.00175857543945
48393,36.3,37.74283218383789
54031,48.7,41.89877510070801
48399,38.2,39.21138954162598
48301,,42.16182518005371
31089,36.6,35.837547302246094
17175,38.5,38.23004341125488
48193,41.3,41.03261184692383
16009,38.0,38.683162689208984
19109,38.0,36.34008026123047
28141,44.5,42.903141021728516
31131,36.7,35.4124641418457
46051,36.5,36.24853324890137
16067,34.0,33.79341506958008
19157,35.2,35.71021270751953
22001,44.6,41.01095390319824
37079,43.0,44.02566146850586
42011,,34.65622901916504
51600,31.2,29.877042770385742
48335,35.4,35.215553283691406
51790,37.1,36.260141372680664
20171,35.0,34.78046226501465
31001,35.6,32.560298919677734
45053,43.3,44.751380920410156
38047,40.5,38.42940330505371
29081,41.3,40.60195541381836
20157,41.9,39.93441390991211
28087,45.1,43.02944755554199
51590,47.7,48.03731918334961
51650,39.9,38.177547454833984
05029,46.8,42.55806350708008
17139,36.1,36.05660438537598
19105,36.4,35.18404006958008
27097,35.4,35.29155349731445
29151,35.9,34.82794189453125
40061,44.1,43.60036277770996
46057,30.3,32.06394290924072
54007,49.0,46.60424995422363
05111,43.0,42.740488052368164
21137,,42.748884201049805
17027,35.5,34.32350540161133
37147,34.7,37.44032859802246
29207,40.2,41.841386795043945
17045,40.3,37.094682693481445
21191,,39.75489807128906
36073,35.7,38.231435775756836
38011,36.7,36.59752655029297
01117,40.2,35.25620651245117
13217,40.4,41.33001518249512
39157,39.9,38.5323543548584
19135,36.7,34.248857498168945
18113,37.3,35.618295669555664
29141,43.0,42.63809776306152
36067,35.6,34.35541915893555
48493,34.2,35.27870750427246
46087,32.8,34.1427001953125
48233,36.0,35.82012367248535
51840,37.5,33.547861099243164
40105,43.5,43.18983459472656
31129,40.0,40.53652763366699
48325,37.1,34.26009750366211
17005,35.5,35.78075981140137
45069,49.1,47.498497009277344
39069,38.1,38.076433181762695
21007,,41.866817474365234
46111,35.9,36.374656677246094
48009,38.1,37.435821533203125
21063,,46.97231483459473
38065,37.3,37.5251579284668
37063,32.9,33.07956123352051
19165,37.4,35.45440483093262
19175,37.2,36.8659610748291
47065,38.3,36.93769836425781
55087,33.3,29.95573902130127
17165,39.2,38.07763481140137
47109,44.3,43.21173858642578
31103,41.7,38.51623344421387
31113,38.8,37.30512809753418
40053,42.4,39.89276885986328
46007,38.9,37.55484580993652
48195,34.6,34.96557426452637
19103,28.1,26.474194526672363
17081,38.5,37.14507484436035
47015,41.5,39.14100646972656
18085,39.8,35.932830810546875
20059,36.2,36.71458053588867
27153,38.0,38.5533504486084
38077,34.7,32.628971099853516
23015,38.8,34.889657974243164
20057,33.2,34.31161689758301
17145,38.5,38.85612869262695
17093,29.6,30.188867568969727
29099,35.5,35.92832565307617
29105,39.8,39.25882911682129
26039,42.4,40.80079650878906
29127,38.2,38.458438873291016
42093,,36.63395309448242
26143,45.1,43.63433074951172
12009,38.8,36.04403495788574
31119,35.1,33.245574951171875
31135,36.7,38.45997619628906
35021,47.5,41.284677505493164
51173,40.9,42.85997772216797
27085,33.5,33.904266357421875
48155,45.4,43.82902145385742
31167,34.3,34.22662925720215
31179,29.0,30.444132804870605
38045,38.2,38.08283042907715
39089,35.5,35.17424011230469
05053,40.2,39.12251853942871
47111,39.4,39.06563377380371
20107,37.4,39.034305572509766
20061,29.5,30.808159828186035
19041,37.0,34.3421630859375
20169,35.5,35.228511810302734
20037,35.1,33.78017997741699
48095,38.5,36.09930419921875
48107,39.5,40.70407485961914
26043,39.2,35.32839393615723
37163,42.6,44.19978141784668
48117,35.5,33.09439659118652
26067,35.8,34.820613861083984
21141,,40.93750762939453
48127,42.3,40.32197189331055
27055,33.2,35.050567626953125
51025,45.6,46.78472137451172
27039,29.6,31.190922737121582
27047,35.9,36.59480667114258
26149,37.6,37.87672805786133
17051,37.6,39.91719055175781
17055,38.7,39.851139068603516
48131,38.4,37.3773193359375
21025,,44.20947265625
27041,33.5,35.03787803649902
46067,35.3,34.905195236206055
48023,41.3,41.46287155151367
46047,43.1,40.477670669555664
46097,37.7,36.847665786743164
25003,34.8,33.27880096435547
27073,36.3,36.924964904785156
44003,36.8,33.39848327636719
51011,41.4,41.79919624328613
31003,38.7,37.80031394958496
56005,29.6,29.172117233276367
45061,48.3,48.143028259277344
48047,38.3,39.31408500671387
51013,25.9,25.68750286102295
51065,37.3,39.23083686828613
53021,27.8,31.203103065490723
53059,36.2,34.804080963134766
51109,40.0,39.22994422912598
51115,43.1,41.69627571105957
48191,42.7,43.13652229309082
31023,34.8,35.68952560424805
05065,47.6,44.05715751647949
38043,39.7,38.20071029663086
37077,40.7,39.192392349243164
37109,37.6,35.345441818237305
51660,27.8,31.069473266601562
51690,44.9,44.13746643066406
19001,39.6,36.39303398132324
39073,42.5,41.7547550201416
13243,54.6,53.4764404296875
48507,40.6,36.14567184448242
48011,38.0,37.48214340209961
13265,52.2,51.70284461975098
19035,40.3,37.54730415344238
05025,46.5,42.97722816467285
08091,34.0,31.500764846801758
05147,49.8,47.99119186401367
48429,37.7,38.43466377258301
27109,30.1,30.229158401489258
13301,50.3,52.35326385498047
48359,36.3,34.792123794555664
29089,36.7,36.555952072143555
13125,40.5,40.91566467285156
13085,35.8,36.45740509033203
05123,50.1,50.68365287780762
55125,41.6,40.50120735168457
39093,38.8,35.46481895446777
28135,50.7,50.040245056152344
29021,37.9,35.4668083190918
48187,33.8,34.75712585449219
48235,37.7,40.699493408203125
12027,42.4,44.43654823303223
18039,38.3,35.69318962097168
48237,37.5,37.61555290222168
40037,39.5,41.03575134277344
29169,28.5,31.943567276000977
19039,38.2,37.38465118408203
08079,34.3,32.7916202545166
01061,45.5,44.14979934692383
01017,48.7,45.74733543395996
12081,39.5,42.986825942993164
08121,32.6,36.19764518737793
19079,36.9,33.19832420349121
20139,39.0,38.119205474853516
48311,42.1,37.1035213470459
19093,37.4,35.607994079589844
08099,32.5,34.87545967102051
39135,39.0,37.821041107177734
39137,36.6,34.64093208312988
17179,35.3,34.86984443664551
19161,37.9,36.25740432739258
48403,45.9,43.417327880859375
19181,32.3,30.11902904510498
19107,39.6,35.194419860839844
39155,40.2,39.24222946166992
48463,35.5,36.5405330657959
48469,35.4,36.62567329406738
08025,31.0,34.630170822143555
08027,38.2,36.58247375488281
08005,27.8,25.884151458740234
08043,32.6,34.91608810424805
48261,38.2,41.408742904663086
48433,42.7,39.69098663330078
48227,34.8,34.330881118774414
40001,44.0,41.65761184692383
36039,36.6,35.843278884887695
05047,44.6,44.71034049987793
36041,41.5,38.910627365112305
36113,35.8,35.02799034118652
36057,35.3,36.44274711608887
36093,33.0,34.46193504333496
51137,38.4,38.0557975769043
40091,49.1,46.046037673950195
37075,40.5,42.768327713012695
01131,56.7,55.0015983581543
01107,48.3,47.8419132232666
54061,31.9,27.70188045501709
29063,39.2,36.08145523071289
54085,47.6,45.36443901062012
31061,41.9,41.794023513793945
12007,38.5,41.93389892578125
48021,35.7,36.002342224121094
53051,38.5,38.57424736022949
13019,41.7,42.35659217834473
28067,46.5,43.90568161010742
51023,39.4,36.3626594543457
51067,41.2,40.319013595581055
32029,38.5,36.38846015930176
29139,40.4,40.68255043029785
13229,39.5,40.54851150512695
37127,42.5,42.881351470947266
47051,40.7,40.23982048034668
18035,36.2,37.346601486206055
20159,36.0,36.84963798522949
38049,38.4,36.40309715270996
20103,32.9,31.801236152648926
13079,42.5,41.28847312927246
20141,40.7,39.97071838378906
20163,38.1,38.51292419433594
26087,37.2,35.91357231140137
38041,37.3,39.5554084777832
18179,39.2,36.634389877319336
19087,37.3,34.30184364318848
22091,49.3,49.821144104003906
18097,38.2,35.395748138427734
18159,39.7,37.12198066711426
17141,36.9,34.534645080566406
20161,23.2,24.970142364501953
20089,44.5,40.25865173339844
20143,37.6,36.263221740722656
20179,37.0,38.344900131225586
13193,49.4,49.404239654541016
29015,45.5,43.886762619018555
13249,41.5,41.256418228149414
22049,47.9,46.4819450378418
51720,40.0,39.46390914916992
29067,42.9,43.918701171875
51710,36.2,33.12522888183594
08001,27.3,28.217443466186523
51740,40.5,40.8680477142334
12023,41.5,43.896352767944336
54019,45.6,43.100345611572266
28099,44.4,46.93215370178223
12053,38.5,43.69708824157715
53069,42.9,42.431297302246094
40119,30.6,32.69523811340332
27139,30.3,28.540968894958496
20145,38.7,36.23197364807129
19155,35.3,34.65681266784668
27089,36.1,35.751617431640625
47131,43.7,43.18442726135254
13227,40.7,37.69753456115723
18095,40.6,38.21207046508789
19141,36.9,34.687150955200195
31143,37.0,37.86403846740723
48035,40.0,41.2681827545166
51167,42.9,44.57648277282715
35028,28.0,27.562705993652344
20047,39.9,39.5500431060791
06075,27.0,26.753108024597168
20075,33.7,34.460479736328125
28003,45.7,41.346914291381836
47115,44.0,41.56210899353027
05095,52.3,49.847808837890625
17039,37.2,35.49283027648926
21085,,42.87372589111328
29205,42.6,40.380502700805664
48347,35.0,37.16558265686035
29181,41.8,43.92075538635254
18147,40.9,37.86343002319336
20173,34.7,34.85313034057617
28005,52.4,49.54183006286621
28033,40.0,37.81960487365723
28085,45.3,45.023799896240234
01007,46.3,42.053314208984375
34019,31.7,30.36155128479004
54095,48.0,43.19091606140137
18031,37.9,36.24272155761719
27013,28.9,28.027644157409668
38061,34.7,35.96151351928711
49007,33.6,33.51618194580078
31009,39.7,40.58071327209473
18087,36.1,34.55435371398926
19015,36.4,32.028061866760254
19099,36.8,33.520124435424805
11001,28.5,28.850013732910156
17195,37.1,36.23025703430176
45003,38.9,38.75730895996094
51043,37.1,36.36201858520508
18157,29.4,27.430933952331543
19081,38.0,35.00419616699219
31101,38.4,39.56145095825195
48171,40.3,40.66351127624512
55015,31.0,29.70878791809082
29051,36.9,34.5670108795166
28155,43.2,42.32478713989258
36037,35.1,35.04184913635254
49039,28.4,29.93755340576172
05127,44.1,42.977190017700195
51135,43.2,43.11492729187012
13123,41.9,41.917192459106445
19069,39.0,36.56439971923828
19123,36.0,34.898786544799805
47079,45.1,43.90721130371094
17115,39.2,36.808603286743164
17151,43.0,41.63114356994629
17155,37.4,35.70798301696777
46043,38.2,38.878318786621094
40145,38.7,38.6794376373291
48069,36.2,35.682861328125
29073,40.7,38.89314651489258
42065,,41.53104209899902
27105,33.0,35.521907806396484
38031,37.8,36.0615177154541
51169,43.6,42.83828163146973
38039,41.0,37.1247444152832
38073,36.9,35.72752380371094
17197,32.0,30.20169448852539
21107,,40.60202980041504
17041,35.4,36.31211853027344
21157,,39.34785270690918
28017,47.8,48.95087242126465
18151,39.2,36.743770599365234
36033,36.4,37.01413917541504
13129,38.2,37.88281440734863
39047,41.6,40.166229248046875
18053,41.0,40.02614402770996
29059,41.0,41.83048629760742
29057,43.8,43.26591873168945
48441,32.7,33.83365249633789
48303,30.3,32.05903244018555
29155,45.0,46.394317626953125
48449,37.8,38.89507484436035
39077,37.7,37.493146896362305
13215,40.9,40.7815055847168
26023,39.6,38.191720962524414
42001,,37.7824821472168
08003,29.0,30.21103858947754
19183,37.3,34.37530326843262
39097,37.5,36.02763748168945
28123,46.7,45.429046630859375
45079,36.5,35.500404357910156
55017,34.7,33.33675765991211
31059,36.9,37.13998985290527
48103,34.3,34.87617492675781
20119,36.4,38.11079788208008
19139,35.4,32.758724212646484
39123,41.9,37.3912239074707
08019,30.3,30.541945457458496
08035,25.8,25.408321380615234
20081,34.9,37.26751136779785
27083,31.8,33.57462120056152
31017,39.3,40.15957260131836
12113,35.3,41.5750675201416
13025,40.3,42.23565101623535
17199,37.2,35.333030700683594
48243,50.1,42.47070121765137
39139,38.9,38.48315620422363
20033,40.2,39.92818069458008
26009,39.9,39.09829902648926
31105,40.9,41.49254035949707
45001,43.7,45.09800910949707
08011,36.9,36.49910926818848
18011,33.4,30.9110746383667
21099,,42.36524963378906
54087,49.1,45.055335998535156
26127,39.2,37.06967735290527
27019,26.8,27.63804054260254
46079,35.8,33.93615913391113
48255,35.3,37.142669677734375
47125,33.9,32.21490478515625
55099,40.1,40.062185287475586
55133,33.6,31.328946113586426
54029,46.3,41.862382888793945
48435,39.2,35.82450294494629
55045,35.9,33.382686614990234
19127,34.7,33.45255088806152
40149,40.5,39.335636138916016
41041,41.6,39.25718307495117
26135,45.4,43.44839859008789
17079,36.9,37.01787757873535
26155,37.6,35.96864318847656
51770,39.6,40.15473937988281
39029,42.1,39.24748611450195
20123,38.7,38.36636924743652
55031,35.5,33.18456268310547
29093,42.5,43.81113243103027
40015,41.6,42.34047889709473
28045,43.3,39.4780387878418
12131,36.3,43.1812744140625
27111,33.5,36.72347640991211
18099,40.1,36.856435775756836
22007,45.3,44.982011795043945
18143,40.6,39.71677017211914
13097,37.4,38.840688705444336
20151,35.9,36.4926700592041
35007,39.2,39.98810005187988
48281,38.5,38.12431335449219
29161,35.4,32.83264636993408
38091,38.8,36.79913139343262
29217,40.5,39.5637321472168
40035,44.7,43.386552810668945
13273,49.6,52.76421928405762
19017,33.4,31.973265647888184
19075,35.4,34.394601821899414
29159,36.3,38.68325996398926
13149,39.6,40.80104446411133
38099,37.4,34.90331840515137
28019,47.9,44.67413330078125
20003,39.2,39.58541297912598
37169,41.0,39.68300247192383
06091,42.8,39.05644416809082
20041,37.1,36.90151596069336
08095,34.1,33.090474128723145
16081,29.7,28.74351692199707
13059,31.1,33.20962715148926
48447,43.1,41.42165184020996
12049,36.9,43.40261650085449
13183,36.1,38.02642250061035
48431,31.1,34.50576972961426
48417,36.8,35.41898536682129
48207,39.3,41.22879219055176
48051,39.3,39.84539794921875
36017,37.1,38.17577934265137
54009,44.6,38.886268615722656
05003,49.4,44.28050422668457
29197,38.2,39.88505744934082
19163,32.8,32.24459934234619
19189,36.4,33.64052391052246
31085,40.8,37.819732666015625
05021,43.3,43.209999084472656
48025,34.2,33.086517333984375
42123,,38.35739326477051
21021,,37.22585678100586
19185,38.8,40.085418701171875
47055,43.1,41.65683364868164
48161,41.0,40.535844802856445
17163,39.0,36.67893409729004
18065,40.8,37.46505355834961
21079,,40.46005439758301
26129,43.4,43.04228973388672
55069,38.4,35.459285736083984
48391,40.8,40.40118408203125
17117,38.2,37.4295711517334
31181,37.4,37.34585380554199
20135,39.1,39.49189567565918
42083,,35.6319637298584
31139,34.4,34.56766700744629
47133,43.5,42.01851844787598
19027,37.2,33.0354118347168
26107,37.4,35.91707992553711
17053,37.1,36.03494644165039
17063,32.3,31.39500141143799
48053,38.3,38.16263771057129
17083,36.2,34.783294677734375
18131,41.7,39.34846878051758
31117,40.3,40.07708740234375
37083,49.7,49.148664474487305
21033,,41.42095947265625
19119,37.3,33.89087677001953
31055,30.6,30.432357788085938
27131,31.8,31.378653526306152
05113,44.8,44.85760307312012
38035,28.2,27.91445255279541
51700,37.6,37.94194984436035
08125,31.4,33.727776527404785
39023,41.6,39.99955749511719
37105,38.4,39.60841941833496
38001,41.2,39.71116256713867
29221,41.0,40.53041076660156
33001,35.7,34.4130859375
24043,38.9,34.08304023742676
20203,39.2,39.30206871032715
48129,39.4,40.0703010559082
42023,,41.48453712463379
51089,45.9,45.24726676940918
05099,51.0,45.68320083618164
40055,40.8,40.30655097961426
55057,39.7,37.40662384033203
46017,35.6,35.67778015136719
06047,31.2,29.212854385375977
16057,28.1,26.58455181121826
39169,37.1,36.119211196899414
48471,36.2,34.32959175109863
54013,51.4,47.72956466674805
32001,35.4,33.396432876586914
19197,38.4,35.24070358276367
31039,37.5,36.15043640136719
47123,45.2,42.539241790771484
13253,47.0,46.35783576965332
13235,43.6,48.12609100341797
13173,41.5,41.195173263549805
13255,43.1,42.41353225708008
17095,38.7,37.41762161254883
29201,39.8,40.35097122192383
48239,38.6,37.413021087646484
12041,36.3,43.94786834716797
37161,41.7,40.16792106628418
13043,42.7,44.67328071594238
19121,33.5,34.00767517089844
48383,34.3,31.540770530700684
40049,41.7,41.4440975189209
54051,45.7,39.61406898498535
55009,31.5,31.701151847839355
21197,,40.76121139526367
18033,38.2,36.14277648925781
27005,37.9,37.07093811035156
36117,34.0,35.540143966674805
26069,45.7,43.530967712402344
28073,40.5,38.96807289123535
48179,37.6,36.65535354614258
18081,37.8,34.01931381225586
18111,40.7,38.68399238586426
27147,33.3,32.67276096343994
28131,43.0,41.7902717590332
46025,36.6,36.82114028930664
51595,47.6,47.983476638793945
21047,,34.459489822387695
31091,39.8,41.95356559753418
17201,38.2,36.80545425415039
21133,,47.79174995422363
47057,43.3,42.539533615112305
27099,33.2,34.35846710205078
13245,41.9,41.94664764404297
12069,38.9,42.61846733093262
48279,38.2,38.50890922546387
39099,40.2,38.41032028198242
39011,37.6,36.31938362121582
48253,36.2,37.40201950073242
40125,40.9,41.19451713562012
56041,31.6,31.850594520568848
13105,44.2,45.85183525085449
20065,42.4,40.46559143066406
29229,41.3,41.76771926879883
31093,37.6,36.64265441894531
47099,42.0,40.39348030090332
51775,35.4,34.9703311920166
51101,36.5,37.02277183532715
01013,51.0,49.153221130371094
16063,32.1,34.01348304748535
17189,36.5,35.62450981140137
27107,36.8,37.13507270812988
27141,28.7,29.522047996520996
18167,37.5,34.67048645019531
08105,33.4,32.726691246032715
48213,40.6,40.649885177612305
31083,39.4,39.36772918701172
40021,40.6,41.134958267211914
17011,37.9,36.97348594665527
37159,37.7,38.8095703125
18029,38.4,36.4980354309082
55103,37.2,38.073974609375
53061,29.6,30.03668975830078
54017,45.5,41.79268264770508
48003,31.9,32.81562423706055
13081,47.5,47.775177001953125
13167,47.5,46.00604820251465
17125,39.1,38.33743667602539
26161,28.2,28.857202529907227
27115,38.5,37.41657066345215
20083,36.8,35.81287384033203
29075,38.9,38.88273048400879
05031,39.1,36.294803619384766
16083,31.0,34.06696128845215
19143,39.4,35.94995307922363
16071,33.2,34.45411491394043
21055,,40.77038764953613
28009,48.3,47.26029586791992
28153,47.7,47.37195014953613
31015,43.0,39.492666244506836
06015,36.0,33.094099044799805
18091,41.7,36.74093246459961
20181,37.4,35.76472854614258
22011,39.7,38.30629539489746
34023,33.2,29.572543144226074
46031,40.1,36.399112701416016
46127,32.0,32.5471134185791
45055,40.1,40.7003059387207
36109,26.1,25.863920211791992
29045,42.0,40.524105072021484
13089,37.4,35.33853530883789
54079,43.7,37.87772750854492
01059,44.4,41.88957595825195
48467,38.8,38.7923526763916
37093,38.2,38.76723861694336
26015,35.3,35.14666748046875
31007,39.2,37.26997375488281
55089,30.3,31.402124404907227
37033,44.1,44.03925895690918
29113,34.3,35.4980525970459
45021,39.8,40.42832374572754
12003,36.7,40.559940338134766
18069,40.7,36.079769134521484
28057,40.0,38.763431549072266
25015,26.7,27.809797286987305
05149,43.5,41.61696434020996
19149,35.0,33.66398048400879
08061,36.1,36.829280853271484
01119,50.0,51.609357833862305
18175,42.3,38.5943603515625
01001,42.0,38.18927574157715
13091,44.7,43.29544258117676
19091,38.8,35.541818618774414
19013,33.9,31.994121551513672
20207,40.8,41.091285705566406
27021,39.2,40.1660270690918
21207,,43.76164245605469
28029,48.6,47.615318298339844
29225,37.1,36.86899757385254
30093,32.5,32.464515686035156
39131,43.7,42.545331954956055
47177,42.1,40.28834342956543
48059,38.5,38.652278900146484
55001,43.5,40.78105163574219
54055,45.3,42.091814041137695
47147,38.2,37.31095886230469
39081,41.9,41.28304100036621
01025,49.5,48.87042808532715
12019,36.9,40.24618339538574
18055,41.5,38.81568717956543
20055,32.9,33.426557540893555
29085,50.1,47.40090751647949
28065,54.8,50.986101150512695
22127,46.6,44.18891906738281
35047,37.1,36.792171478271484
01087,50.6,48.180667877197266
13029,32.8,32.31333351135254
17089,30.4,30.726337432861328
18149,41.2,39.93901443481445
20087,35.6,35.46754837036133
22039,45.1,44.73012351989746
40093,40.8,40.275590896606445
31171,36.0,36.39236259460449
41003,27.4,26.08717918395996
47007,45.7,42.19644355773926
21013,,47.000497817993164
47143,43.2,39.98589324951172
10001,39.5,38.11189651489258
54049,41.9,37.13364791870117
51810,35.4,31.03256320953369
13039,35.7,35.36358451843262
24035,38.4,34.516963958740234
19031,36.6,35.07090187072754
19113,31.3,29.94584369659424
39003,38.7,37.62139892578125
06059,29.1,27.261998176574707
12057,34.4,40.50450325012207
16019,29.9,29.405226707458496
48385,45.5,43.82220649719238
46137,39.4,37.758750915527344
47159,39.1,39.84364700317383
04017,40.7,40.7589054107666
55019,33.7,34.904306411743164
13147,42.1,42.66269874572754
31111,37.5,37.035268783569336
21037,,33.63942623138428
26027,39.3,38.306657791137695
36111,37.0,32.31267547607422
18125,40.9,39.00493049621582
18173,35.3,33.735270500183105
46073,39.2,39.6516227722168
12015,45.1,41.87078285217285
13111,44.8,42.16560745239258
19159,37.9,37.61434555053711
22125,44.4,39.5919132232666
28147,49.6,46.713993072509766
30061,39.3,40.81474685668945
34021,31.2,29.14064884185791
45011,45.7,48.52547073364258
47095,48.3,44.79006767272949
49009,39.6,32.982004165649414
39043,41.6,38.08203887939453
12013,40.3,43.229726791381836
16011,33.0,34.17428398132324
18071,37.8,36.87954139709473
20015,34.5,33.27947235107422
40137,43.7,41.282793045043945
27145,30.1,31.28187847137451
29117,38.3,39.371389389038086
40031,37.5,36.95676803588867
38093,33.7,35.6612434387207
45067,49.6,48.61633491516113
48115,36.0,37.054155349731445
08009,37.8,37.494619369506836
55085,39.1,37.32892608642578
40071,41.4,40.29443550109863
51037,45.2,44.94869804382324
42109,,35.51129722595215
16055,30.1,32.4556884765625
17023,36.8,35.848060607910156
27151,37.9,37.26910591125488
38071,36.8,34.88169479370117
28061,50.6,48.90645217895508
17085,40.4,36.414703369140625
18077,39.2,37.55751991271973
29163,40.3,38.89679527282715
36055,33.7,31.527155876159668
36063,37.0,35.13378715515137
47167,42.1,39.52821159362793
51121,29.4,25.719003677368164
55091,36.3,36.98786544799805
05079,43.2,42.57348442077637
16061,42.3,40.831199645996094
39055,37.5,34.514230728149414
21067,,33.16292381286621
27061,37.8,39.14853286743164
28145,43.0,41.21816635131836
30095,35.1,37.29698181152344
42047,,37.578739166259766
21041,,39.86603546142578
47023,39.8,41.768009185791016
51685,33.1,34.28269004821777
48481,38.1,37.31869316101074
54091,44.9,40.3813419342041
55065,36.4,33.95880317687988
29083,41.3,40.42973709106445
30099,35.0,37.410709381103516
31025,34.5,33.83991050720215
48405,49.7,48.35711479187012
26145,40.1,38.17162322998047
28077,50.2,45.55411338806152
20035,37.6,38.8455753326416
12017,42.6,44.19758987426758
13281,45.5,40.390363693237305
25023,32.6,31.14100456237793
26153,43.9,43.533546447753906
28095,47.9,44.405887603759766
34015,36.6,32.95983600616455
39039,37.2,37.17867088317871
42085,,38.68605041503906
51051,44.3,45.787729263305664
01053,48.6,46.03123664855957
01039,46.4,43.300315856933594
13101,36.1,42.41073226928711
17003,47.9,47.35465431213379
27169,30.0,31.73076057434082
34031,32.4,32.761061668395996
38087,44.4,37.60576057434082
42105,,40.50674247741699
45005,50.1,51.381263732910156
16043,30.9,33.01110649108887
17069,42.1,41.06012535095215
18123,40.4,36.11001014709473
27031,37.2,38.21115493774414
49033,33.9,35.021928787231445
51185,43.1,41.14085388183594
53063,31.1,29.64634609222412
37181,45.1,46.98666954040527
05071,42.5,41.41314697265625
08051,24.2,24.97668170928955
12107,43.4,43.48195457458496
18079,40.7,36.67546463012695
40109,37.1,35.13384437561035
28115,42.0,41.40180206298828
21175,,42.3811092376709
31019,32.0,30.909483909606934
27079,32.8,33.36160469055176
37125,38.3,37.76433753967285
45047,40.8,41.048912048339844
49035,27.5,25.99739360809326
48297,40.0,40.87269973754883
56015,35.8,34.77720069885254
47161,41.4,41.510040283203125
01021,43.1,41.39378356933594
04021,36.2,35.264020919799805
13177,36.8,33.86384963989258
13109,43.2,46.08134078979492
19117,39.7,37.999250411987305
21211,,35.13802909851074
27087,38.1,42.7369384765625
29167,38.0,38.685407638549805
30037,43.3,40.36430740356445
38069,36.9,36.48179817199707
48067,42.8,43.388532638549805
21111,,36.33697319030762
48339,31.9,33.02255439758301
48075,34.0,35.52027130126953
56003,35.7,36.40943145751953
48489,36.5,38.6411190032959
21167,,38.66019821166992
21117,,32.68949604034424
13117,30.2,30.161151885986328
26131,47.8,42.81652069091797
27003,31.3,29.84437656402588
28103,52.2,54.613569259643555
01029,42.9,40.94326400756836
42015,,38.64352226257324
29061,41.1,39.98947715759277
21235,,39.389739990234375
42115,,38.78531837463379
48163,33.1,34.298770904541016
45023,43.8,44.702049255371094
48217,38.8,39.47034454345703
47031,41.6,39.05116081237793
46083,28.9,28.34775733947754
25025,27.4,26.28697109222412
48005,41.3,39.34920120239258
48007,43.5,41.28573226928711
42017,,32.323227882385254
19007,43.3,41.16654014587402
21205,,37.51993370056152
17019,28.7,27.742178916931152
35003,47.1,44.97384262084961
17167,37.0,33.0745964050293
35039,36.8,37.98806571960449
35031,38.2,39.93142509460449
38055,39.0,37.856910705566406
37195,44.7,45.72241020202637
19191,34.1,33.57753372192383
51107,29.8,28.009325981140137
47075,51.2,47.1136531829834
53019,41.1,41.218915939331055
37007,46.6,46.06225776672363
21209,,31.91576385498047
13299,43.3,44.157100677490234
48341,34.5,32.402381896972656
17001,37.2,35.41623497009277
26053,43.8,40.16830825805664
39027,38.1,38.60121726989746
29179,43.2,42.11598014831543
01083,40.7,35.40235900878906
19133,39.5,39.314109802246094
20187,36.6,38.489437103271484
18155,42.8,40.34414291381836
22045,44.8,43.628976821899414
25021,29.8,28.58523654937744
22115,38.8,35.67498970031738
36119,29.8,30.85836410522461
40009,40.9,36.224958419799805
47155,40.8,38.76557159423828
37133,28.8,31.03129291534424
06099,31.8,31.01311683654785
08055,37.6,39.45899963378906
13069,41.5,40.67484092712402
18101,41.5,38.893341064453125
18073,38.6,36.47453689575195
19137,38.7,35.62226486206055
26065,32.0,30.23237419128418
35033,40.9,41.888071060180664
22121,42.6,41.50504112243652
36053,33.7,34.26676368713379
27171,30.8,29.499868392944336
40083,39.8,35.75615882873535
21027,,43.300636291503906
42033,,37.680328369140625
54077,43.1,39.76004219055176
51163,40.9,40.25167655944824
30071,35.8,37.753644943237305
31127,33.7,35.406755447387695
05039,49.8,47.8731803894043
13121,33.4,32.00416088104248
13289,47.8,48.31115531921387
17057,39.2,36.65460014343262
20097,37.2,38.03156661987305
05081,46.3,43.20353317260742
48501,32.6,32.637572288513184
39035,38.5,35.58098220825195
23011,34.6,34.11630058288574
08107,27.9,26.269654273986816
13007,51.6,50.18628120422363
08023,38.1,39.834686279296875
37141,37.3,36.53762245178223
21201,,44.96198844909668
21113,,34.935523986816406
51009,41.2,39.02512741088867
22053,42.8,39.69278526306152
47179,36.9,32.79848670959473
25011,36.3,32.121131896972656
42041,,32.10097026824951
29031,35.4,34.85101318359375
41013,37.7,37.08566474914551
50003,35.6,33.62970161437988
55071,36.9,35.41231918334961
55055,31.1,31.860515594482422
27137,32.1,33.2080192565918
42007,,35.44181442260742
36013,37.3,37.28242301940918
37107,46.9,45.17051124572754
48029,33.5,32.2215518951416
48271,39.2,39.46543312072754
08053,34.1,32.60059356689453
17087,38.4,38.35873222351074
47005,46.0,44.357093811035156
42073,,39.00098419189453
22079,43.8,41.40814781188965
21057,,45.27235221862793
55097,29.0,30.63718032836914
37045,41.1,41.32470512390137
47011,40.8,38.600446701049805
55049,33.3,32.74307441711426
18007,39.8,38.14011192321777
27035,36.3,34.99017906188965
18001,39.2,36.414798736572266
08015,32.3,32.13299369812012
31063,36.5,37.96148490905762
31173,35.8,37.18360710144043
50017,34.3,34.70055961608887
35001,33.5,30.840031623840332
19131,37.8,35.42268753051758
13211,39.9,40.49874305725098
27037,29.7,29.79161834716797
22093,46.0,45.00668144226074
05139,46.4,44.07488441467285
19051,37.0,37.32176971435547
39117,38.2,38.33615493774414
06101,33.3,32.004326820373535
06035,33.7,32.1989860534668
48381,32.8,33.00668144226074
48427,36.6,35.24488830566406
08067,28.6,28.502960205078125
46109,39.6,40.8991813659668
12073,32.6,41.409257888793945
37149,43.8,40.80673408508301
37031,40.5,38.86039352416992
20121,33.5,33.8015251159668
12059,41.0,43.472700119018555
21163,,38.009286880493164
46101,34.1,35.80988121032715
06087,30.5,27.24266815185547
47003,39.4,39.21769142150879
46019,35.8,35.44342041015625
13067,32.1,33.865882873535156
12051,37.2,42.583133697509766
41009,34.9,33.26710510253906
13015,36.8,35.21402931213379
40135,44.7,44.03622245788574
37145,43.2,42.193037033081055
20051,31.7,30.810641288757324
51550,36.5,35.3316707611084
38037,44.5,40.23321342468262
19057,35.5,36.426509857177734
19173,39.1,36.26119613647461
20063,38.0,39.57074737548828
39175,39.1,37.96586227416992
13191,50.8,45.58216667175293
48483,39.8,41.10862350463867
37091,48.1,47.79608345031738
30089,40.4,42.0006046295166
13241,43.8,41.87137031555176
37043,44.3,41.71592140197754
38103,40.6,38.47340202331543
21131,,47.19213104248047
21017,,38.92019271850586
31141,34.9,32.68989372253418
51053,40.8,40.98651695251465
29013,40.2,40.5506534576416
36107,36.9,34.20897102355957
18115,41.7,38.03248596191406
30111,31.7,32.8599910736084
12129,37.4,40.055742263793945
48181,36.1,37.097373962402344
12115,41.4,43.421499252319336
13003,42.5,41.16340637207031
24021,33.9,31.233464241027832
48135,30.5,30.971678733825684
46115,37.3,37.14103889465332
27077,37.2,37.59031105041504
31051,36.8,35.72451591491699
13261,43.6,44.85500907897949
48031,38.7,40.49484443664551
51830,28.5,29.8799409866333
06055,33.0,30.143383026123047
22071,41.9,41.020591735839844
40143,35.6,35.30795097351074
36115,36.2,36.091535568237305
51031,39.3,38.514822006225586
51027,44.2,46.41486740112305
51165,36.6,36.689781188964844
29025,39.1,39.94939613342285
30091,37.5,36.829240798950195
47081,41.4,40.38109588623047
48057,36.8,37.1468505859375
06115,30.9,29.746691703796387
51083,47.4,46.478515625
13137,37.1,38.333303451538086
41011,40.7,39.23830223083496
05087,44.1,42.051185607910156
38059,32.6,32.13167381286621
27063,35.3,34.83455848693848
20201,37.3,38.823774337768555
01097,43.1,41.79440689086914
26059,40.5,38.60970687866211
28159,50.8,48.84307670593262
20209,37.0,36.217817306518555
53033,26.7,26.368712425231934
12035,39.2,36.413307189941406
12103,37.3,42.45902061462402
13087,44.8,44.76840591430664
22085,47.1,46.53773307800293
54027,46.0,43.31803321838379
29145,38.4,39.03323936462402
30101,34.1,33.05917549133301
45017,45.3,47.10635566711426
48479,31.6,32.0609712600708
40127,46.9,46.05713653564453
19043,41.3,38.45703125
21239,,35.25941276550293
47127,42.7,40.08247184753418
40123,40.2,38.26223182678223
30085,36.0,35.53283500671387
50019,36.0,33.90330505371094
37193,41.5,41.21653366088867
29007,39.6,38.729360580444336
47173,41.2,41.90163612365723
48299,44.8,41.064992904663086
54103,45.6,44.06349182128906
56037,31.1,31.141111373901367
25017,27.6,26.95258903503418
42113,,39.047319412231445
49055,37.9,35.734378814697266
48397,30.5,30.708439826965332
19005,39.6,37.59071922302246
38009,38.8,37.28828239440918
29137,42.2,41.975948333740234
54025,46.9,43.33097457885742
17013,38.0,37.397573471069336
32015,36.0,32.813974380493164
39085,37.9,35.79379463195801
21003,,40.502370834350586
06069,29.9,29.44062042236328
20031,38.5,37.81284523010254
48289,41.6,42.607818603515625
46091,36.0,36.06581115722656
32017,37.0,37.056772232055664
41051,28.5,26.950636863708496
20185,38.3,37.4902229309082
47047,45.1,41.42865180969238
55035,29.0,28.990734100341797
06057,37.5,34.71179389953613
05115,38.7,37.5161190032959
48317,32.3,33.51865577697754
26079,40.3,39.72343063354492
30065,38.8,41.22064208984375
05009,40.7,40.142520904541016
18089,39.0,38.782535552978516
45051,42.0,40.745140075683594
05109,44.3,41.2549991607666
18137,38.2,37.233829498291016
39071,40.1,40.07759666442871
31097,34.3,37.21162223815918
48017,35.6,34.11528778076172
04013,30.8,30.038289070129395
29079,41.0,38.56586265563965
55141,35.9,34.72637176513672
13143,37.3,38.77488708496094
51530,36.2,38.386348724365234
37097,36.4,34.80581283569336
08093,32.7,32.66141986846924
37015,50.0,48.97808265686035
48079,39.8,39.489498138427734
33011,31.5,31.578124046325684
27161,32.4,34.30941581726074
48415,35.3,34.82683753967285
54093,48.1,40.49911880493164
48503,38.1,38.29870796203613
08033,35.1,38.16598129272461
12077,39.5,40.74811363220215
28041,43.1,40.184959411621094
29111,37.2,40.06308937072754
04003,39.0,35.99081802368164
21199,,41.99440956115723
51678,25.3,27.47318458557129
42031,,37.20576286315918
26121,36.7,35.74653434753418
49001,29.6,31.487668991088867
31183,40.6,38.49581718444824
21083,,41.366947174072266
51540,30.2,26.864930152893066
01075,47.7,44.22773361206055
51125,43.4,41.51560020446777
21103,,41.815948486328125
35019,37.2,38.30981636047363
19101,39.1,34.990434646606445
20129,38.2,40.203060150146484
17101,38.1,38.48301315307617
37115,38.3,37.71496391296387
48221,38.0,39.39686393737793
20023,41.5,40.830881118774414
22023,41.3,40.294925689697266
13267,42.5,43.2534294128418
16015,38.0,36.386030197143555
13053,25.7,29.4570369720459
13139,36.4,35.734893798828125
34029,35.0,35.73179626464844
13223,35.0,34.83295822143555
42019,,31.925429344177246
21059,,37.6100959777832
47049,45.6,43.4604606628418
40003,42.7,39.19301795959473
35035,34.2,33.64917182922363
13279,41.1,42.67507362365723
33005,33.3,34.475820541381836
29199,38.3,37.652421951293945
29097,37.3,35.3444766998291
46053,38.9,39.935943603515625
18121,42.4,40.695465087890625
18027,38.8,36.22480010986328
31077,37.8,37.73865509033203
39173,33.1,31.441862106323242
48275,40.3,39.80243492126465
31155,34.8,31.740233421325684
48345,41.8,42.39547920227051
13189,44.4,44.97224235534668
41063,38.5,36.34701156616211
16039,31.7,32.75701141357422
26137,38.2,36.57258415222168
48039,34.6,31.786182403564453
31153,30.1,28.77619743347168
21089,,41.819644927978516
20199,39.9,35.967247009277344
19059,38.5,36.359561920166016
21149,,39.50775337219238
29183,31.9,32.870649337768555
37177,46.2,47.07360649108887
01081,37.5,31.489018440246582
08085,34.1,34.41720199584961
13207,39.1,39.541236877441406
55023,38.5,37.40519905090332
05033,41.9,40.29632759094238
53003,37.4,37.1776065826416
47063,41.4,39.52643966674805
37185,50.4,48.299415588378906
38083,44.1,40.36324119567871
05091,44.8,41.72288513183594
26063,41.8,41.45108413696289
31065,39.6,38.464773178100586
42057,,40.37934875488281
26083,42.7,40.2528076171875
26055,35.2,33.24968338012695
31087,40.4,39.76439666748047
31031,37.5,37.35219955444336
49021,27.6,29.141860961914062
13159,40.2,41.77425193786621
20205,40.3,40.33346366882324
40069,42.3,43.38568305969238
47165,37.0,35.541852951049805
21011,,41.71749305725098
47089,40.9,39.6049747467041
51033,39.4,38.585187911987305
45085,41.6,42.73037147521973
31069,44.0,39.846323013305664
51640,40.9,42.47915458679199
42121,,38.04492378234863
48225,43.4,44.147783279418945
01129,47.4,47.397953033447266
30025,32.7,34.26711845397949
46021,40.0,37.69381904602051
17137,38.0,36.129417419433594
39009,33.4,32.68561840057373
01065,51.1,49.88582229614258
31121,36.1,36.11991500854492
55037,40.7,40.00556564331055
13095,47.1,46.553611755371094
17107,35.6,35.12474060058594
26051,43.4,42.81037521362305
31175,38.5,38.0298957824707
31125,37.4,37.40508460998535
47169,35.9,37.24896430969238
48267,43.8,40.81681823730469
56019,37.1,36.87130546569824
27053,28.7,27.727577209472656
13271,47.5,47.938804626464844
47087,44.8,43.7475471496582
46015,37.0,35.836992263793945
51161,36.3,34.757253646850586
48013,36.8,35.37724304199219
21081,,37.91021728515625
46063,34.0,32.92368698120117
12047,44.3,45.640581130981445
13163,47.1,48.292497634887695
24017,41.4,36.29520606994629
17099,36.4,34.365644454956055
29017,41.7,42.090097427368164
26057,35.8,36.77836990356445
21213,,38.79291343688965
31161,40.7,42.66314125061035
51730,46.4,46.48429298400879
05017,53.0,50.60104560852051
13113,37.1,36.492916107177734
40063,43.0,43.22740364074707
27027,29.8,29.379623413085938
16025,36.0,36.101165771484375
31163,39.9,40.00405693054199
46011,25.5,25.907776832580566
51680,32.5,32.581125259399414
13165,45.5,48.89794731140137
48055,34.9,36.227102279663086
28111,46.7,44.641923904418945
12065,46.3,43.00489044189453
24011,41.3,38.291893005371094
33017,30.9,31.210256576538086
51103,49.1,44.7039852142334
51073,38.5,37.144676208496094
28069,49.9,50.08766746520996
19063,38.4,36.021589279174805
13295,39.6,38.60130500793457
16003,40.7,41.21237564086914
20137,37.8,37.23768997192383
22029,50.1,45.41902160644531
51017,47.3,42.15015411376953
31075,37.6,36.03232765197754
47041,43.6,40.3818302154541
37053,35.2,35.8543815612793
26139,31.3,29.43112277984619
22069,43.6,43.962005615234375
45075,47.3,48.40130043029785
17123,38.9,36.841854095458984
47069,45.9,47.11540603637695
40081,43.3,41.81327438354492
50025,32.5,31.92958354949951
55067,39.2,38.07369422912598
37025,34.7,32.22644901275635
31011,37.4,37.12911605834961
21115,,41.936553955078125
17043,30.7,30.190942764282227
13011,39.0,38.3734188079834
19147,37.3,35.457923889160156
21009,,41.735300064086914
31137,35.3,34.421377182006836
39067,43.0,42.20359992980957
29129,43.4,38.90713119506836
48331,40.2,39.623748779296875
56031,38.7,38.17927932739258
01095,41.7,38.53341293334961
06029,32.0,29.5056095123291
19179,35.8,36.04213333129883
26111,35.5,32.10290050506592
28101,44.6,45.21067237854004
20189,37.8,38.236310958862305
27069,36.9,37.49704551696777
01047,55.2,51.11340141296387
31159,32.0,32.393616676330566
47033,42.7,42.3712158203125
46005,34.9,35.00832176208496
47017,42.0,42.62196159362793
19187,36.9,32.411582946777344
24025,35.9,31.943307876586914
51117,46.7,44.9737663269043
45039,49.1,49.79888725280762
53011,31.1,30.828288078308105
29033,39.9,40.135719299316406
42133,,34.350196838378906
16027,30.9,33.223175048828125
13209,42.1,42.94158172607422
46095,42.5,41.296661376953125
19025,37.1,35.84359359741211
13293,42.1,44.38746452331543
48421,34.2,35.18320846557617
48169,35.5,33.712303161621094
36079,30.4,31.211261749267578
36101,35.7,34.7142448425293
13021,44.6,43.58762168884277
18181,40.3,37.94228744506836
29223,45.4,46.02178192138672
27001,41.9,41.11396408081055
48387,44.8,45.24034118652344
47149,34.0,33.14199447631836
01005,50.2,49.577693939208984
41049,35.5,34.0248966217041
16017,36.7,37.36182975769043
16033,36.3,34.47788619995117
20093,34.4,37.38814926147461
29121,39.1,39.29852867126465
29133,44.4,43.25424766540527
42043,,35.804264068603516
37071,37.1,37.20926856994629
16031,32.3,31.960710525512695
06041,32.6,31.108729362487793
48389,35.6,34.57470703125
48315,46.8,46.13625144958496
40029,45.5,45.37228775024414
31099,33.3,35.07383728027344
55127,32.7,32.5618257522583
40131,37.8,38.114816665649414
21177,,41.40488624572754
40073,38.1,38.60422897338867
46003,34.7,35.09402656555176
48019,42.6,41.11285591125488
45025,44.6,44.397247314453125
42045,,31.424488067626953
53077,32.7,33.698259353637695
29001,30.3,30.63388442993164
48173,32.4,33.56250858306885
27129,35.6,36.291847229003906
28001,51.7,49.823747634887695
29186,39.4,38.14148712158203
17033,37.6,36.46758460998535
17177,40.1,37.6875114440918
22035,53.0,50.867502212524414
27025,32.3,32.46514892578125
21095,,45.61789894104004
26003,40.6,39.3432559967041
21161,,39.94618797302246
48145,40.9,43.44394111633301
51075,38.4,37.062076568603516
27081,35.8,37.453067779541016
55109,32.0,28.961875915527344
48199,36.7,37.77518844604492
26163,40.3,38.51783752441406
47091,46.2,43.73859214782715
38081,36.7,35.753347396850586
26125,34.5,31.809316635131836
38019,39.7,38.85365676879883
27135,32.5,34.84286880493164
36087,32.3,28.012197494506836
50011,34.0,32.64663505554199
27049,34.4,34.435516357421875
29131,38.8,39.49165153503418
01109,40.6,41.31375312805176
36085,34.1,32.24183464050293
05061,44.3,43.75529098510742
42129,,36.20764350891113
08013,21.9,24.53402328491211
29049,38.3,37.02302360534668
51071,39.9,38.34315490722656
54005,48.1,45.398996353149414
05035,47.4,45.878204345703125
53009,38.8,37.17377281188965
42103,,37.79205322265625
31109,30.0,27.42893123626709
48295,38.6,38.16433525085449
28113,50.2,49.8369197845459
28021,51.2,53.180381774902344
46049,38.6,38.47406578063965
46089,40.9,40.14126014709473
28047,42.3,40.436561584472656
24027,34.5,30.587008476257324
46065,32.0,33.270978927612305
28129,48.5,45.56022644042969
46123,39.9,39.48879814147949
21185,,29.878538131713867
13153,38.7,36.98305892944336
48465,33.0,32.84205627441406
29175,37.8,37.55192756652832
13145,37.5,36.245845794677734
12043,44.0,44.47945785522461
39025,36.2,36.007429122924805
39033,40.0,41.81277084350586
39059,40.2,42.207136154174805
40065,39.1,36.59893989562988
22073,44.6,39.96475601196289
29203,42.5,42.242156982421875
54075,49.9,44.94060516357422
18135,41.0,39.63075256347656
55137,39.1,39.507577896118164
35049,33.2,32.555891036987305
06111,30.7,28.942245483398438
24019,44.2,42.61620903015137
13131,44.0,43.679141998291016
27123,30.1,29.24231243133545
26109,42.0,39.46112060546875
05057,46.2,46.13838577270508
17193,40.9,39.76016044616699
20017,40.0,38.21217727661133
48133,38.7,40.670162200927734
19077,37.8,35.00432777404785
17037,30.4,30.932519912719727
18051,38.4,36.38816833496094
37137,46.0,43.11286163330078
48357,34.8,33.540016174316406
47185,43.3,41.41580390930176
38015,30.8,30.360042572021484
46075,41.0,37.54001426696777
40151,36.1,34.04054069519043
18127,38.5,32.46677207946777
17103,38.0,35.17234230041504
08101,32.2,35.146623611450195
48411,38.2,39.95406913757324
48475,34.8,33.69706153869629
08071,35.5,38.64032173156738
08089,35.6,37.045196533203125
08117,26.3,25.967455863952637
48263,38.9,37.911720275878906
48257,32.5,33.73681640625
05143,34.6,32.68690299987793
40057,44.7,43.74851989746094
48495,33.8,32.92967224121094
01115,41.8,38.522830963134766
12097,34.8,40.62032890319824
20053,37.9,37.44558143615723
36099,36.4,37.0837287902832
37065,47.6,47.46691703796387
48101,45.1,44.74954605102539
48313,36.1,37.754783630371094
37037,39.9,38.55242729187012
27033,37.0,37.96017265319824
17185,38.4,37.71549415588379
39119,39.9,38.787302017211914
29215,43.8,42.524566650390625
21093,,36.423377990722656
27091,35.1,37.27429008483887
40129,43.8,41.879493713378906
42039,,39.27051544189453
34005,34.0,31.8253173828125
45015,36.4,35.80454063415527
29053,37.5,37.28932189941406
30075,37.1,37.64484214782715
20029,38.6,36.55038070678711
19071,38.6,36.91111373901367
51159,42.5,42.426156997680664
48157,31.8,31.577301025390625
40051,39.3,36.73087120056152
05015,45.3,40.12214279174805
36077,32.1,33.82646179199219
40027,34.2,32.149842262268066
48459,38.8,40.227956771850586
40087,38.8,37.61367416381836
31067,39.6,35.43267250061035
48223,37.5,37.60989761352539
55139,32.4,30.660786628723145
53071,31.6,31.564784049987793
40047,38.9,37.683738708496094
22105,40.7,41.5675106048584
18043,38.8,36.51833724975586
38105,30.4,30.326904296875
46029,33.2,32.95428657531738
04025,38.0,39.0380744934082
13187,33.7,35.25446128845215
18059,37.4,32.75137519836426
20027,39.9,37.00461769104004
28127,46.2,46.325626373291016
36097,37.8,36.39991569519043
45035,35.3,37.1393985748291
47001,41.8,38.512474060058594
13115,38.6,39.51740264892578
13247,43.2,41.40006637573242
16051,28.7,30.187302589416504
42061,,37.11957550048828
20147,39.8,36.4835090637207
48111,35.1,34.66024971008301
42069,,34.0037956237793
42079,,35.68441581726074
47103,42.1,39.82376480102539
37173,41.7,42.94308853149414
40005,42.7,42.786794662475586
40019,41.3,41.078853607177734
48477,38.5,38.731529235839844
40099,43.0,41.30686569213867
40147,39.6,39.16026306152344
42125,,34.832454681396484
06017,33.6,32.091386795043945
21171,,42.25747489929199
29005,43.5,40.71519660949707
37005,44.9,42.5579833984375
48487,40.3,41.8693790435791
01009,41.2,39.02705764770508
13269,48.6,48.24679756164551
55043,31.7,32.64262580871582
30051,39.4,40.406578063964844
31033,37.5,36.654951095581055
26113,40.2,38.83099937438965
18037,38.0,35.547189712524414
38029,40.8,38.532644271850586
01019,45.9,43.56941795349121
17133,33.9,33.28520584106445
42087,,41.278072357177734
29125,40.1,41.44831657409668
42091,,30.41424560546875
22055,39.1,37.54928207397461
39007,41.7,40.29567909240723
22061,38.9,38.69944763183594
39019,41.1,39.93221473693848
06003,35.7,35.204376220703125
54053,45.8,43.60069465637207
37099,35.5,39.298248291015625
01105,56.9,53.20134162902832
54011,39.8,39.20535469055176
54045,47.8,45.80655479431152
51045,40.7,38.14764213562012
54057,43.0,38.1970272064209
54059,50.1,46.505422592163086
28097,51.2,48.52532196044922
29185,45.0,44.56658172607422
37027,39.8,38.99751091003418
45031,44.6,44.81806564331055
53073,28.4,28.54698944091797
54023,45.6,42.101369857788086
31081,34.3,34.856441497802734
30015,37.5,37.3287239074707
05067,44.4,43.31101417541504
37067,36.7,36.0888786315918
05075,43.7,40.72317123413086
34001,36.1,36.010459899902344
29510,37.5,33.87934494018555
48205,34.9,35.771440505981445
18049,41.2,38.39416313171387
10003,35.2,33.94332504272461
39063,36.2,34.88239669799805
35013,32.5,31.773690223693848
29109,39.1,39.68102836608887
37009,42.9,40.668479919433594
05027,42.8,44.221120834350586
26041,40.1,38.84403991699219
37021,36.1,35.380287170410156
28119,54.8,54.27311706542969
28133,50.4,48.24492645263672
51750,27.5,28.572912216186523
51063,39.4,38.73021125793457
54107,45.3,40.68089485168457
54105,47.6,44.17106246948242
48027,33.2,34.534109115600586
53043,36.7,37.9164981842041
53045,36.8,37.12973594665527
26117,37.7,37.405344009399414
27057,35.2,37.689002990722656
37017,46.3,47.35348129272461
48231,35.6,37.59758758544922
48307,40.4,39.0153865814209
29011,41.8,42.19431114196777
29149,43.8,44.52079772949219
30067,34.0,33.40093994140625
13219,33.4,33.08259296417236
13225,40.3,41.681352615356445
13251,46.1,45.43960380554199
48505,38.2,36.2277889251709
24009,36.9,34.246299743652344
20043,35.9,37.29072380065918
13283,44.3,46.234731674194336
48349,38.4,40.65475654602051
31165,43.9,38.62973594665527
37023,40.4,39.92914581298828
36059,31.8,31.30781650543213
34025,32.9,29.742935180664062
51179,31.5,30.631742477416992
53055,37.0,36.41659736633301
53057,33.2,33.59128189086914
53067,34.5,30.76820182800293
13047,36.3,36.3714656829834
13065,43.8,44.45805740356445
53029,34.7,35.78318977355957
50007,25.2,25.91171169281006
51820,37.6,37.49254608154297
48149,39.3,39.72430229187012
48089,40.0,39.74711799621582
19003,39.8,37.98195457458496
25019,29.4,27.856117248535156
47009,40.8,36.391082763671875
46039,34.6,36.42730140686035
16079,37.4,39.2189884185791
17119,35.5,35.18181610107422
48321,39.6,40.36324882507324
40097,43.2,43.7417106628418
05013,45.5,42.23162841796875
17153,45.3,47.69150733947754
27165,34.5,36.94670104980469
39005,40.4,36.7913932800293
06043,39.0,37.669607162475586
35009,32.2,30.926657676696777
33019,36.1,34.2673282623291
37191,41.1,39.662641525268555
31029,36.8,39.07249641418457
31057,41.2,38.20697593688965
46069,37.4,38.365230560302734
26005,34.7,34.85357666015625
21091,,40.100616455078125
19033,37.6,35.74356269836426
19037,38.6,36.14003944396973
32013,32.0,33.06253623962402
48491,29.2,31.092924118041992
19049,29.4,28.847545623779297
13263,52.4,50.39619445800781
37047,44.6,44.815467834472656
30109,37.2,37.205848693847656
16087,38.3,39.52718925476074
17159,37.5,36.7509765625
08007,35.4,33.29971694946289
40153,39.5,36.16836738586426
35027,41.3,38.577640533447266
35053,36.6,37.048349380493164
19193,34.5,33.56306076049805
31013,36.6,35.01930236816406
36021,37.0,33.90081787109375
31005,37.3,36.41190147399902
13291,45.0,42.56484794616699
06023,32.9,31.283206939697266
13297,38.0,37.24906349182129
37121,40.3,40.58882713317871
29115,39.3,38.91581726074219
13307,50.7,48.50711250305176
20155,35.4,38.30091094970703
47139,43.8,40.96651077270508
24510,40.6,36.27835273742676
48091,34.3,33.470314025878906
48497,34.5,35.02092170715332
19067,37.9,37.09683799743652
21109,,45.10733413696289
20049,43.7,43.52403450012207
26045,35.9,33.31347846984863
19085,37.0,34.727081298828125
46093,31.3,31.274544715881348
12029,43.3,44.91018295288086
13155,43.1,42.40814971923828
30087,39.4,38.55627632141113
26013,40.9,40.510101318359375
20005,34.8,36.90321159362793
25007,36.0,34.49053955078125
12001,30.7,39.41345977783203
29077,33.1,33.400386810302734
29103,42.0,41.18855667114258
32011,41.5,38.38511848449707
30039,39.4,39.094404220581055
39045,36.3,35.516998291015625
38063,40.0,38.68598937988281
38003,36.2,34.77818298339844
41059,32.7,33.50080108642578
13133,44.9,44.027570724487305
55079,35.2,34.02396202087402
55081,36.0,34.02376365661621
05037,46.5,44.32025909423828
20111,34.0,36.526275634765625
48121,29.5,31.088626861572266
21129,,46.498430252075195
20125,40.0,40.528785705566406
26071,45.0,42.30525779724121
20197,36.2,36.499305725097656
27023,34.8,37.01258850097656
49057,29.4,28.935072898864746
37085,37.7,35.58122253417969
22109,41.4,40.51393699645996
47035,49.0,43.33139228820801
18017,41.0,38.44585990905762
19177,40.2,41.15980911254883
32023,42.3,42.34976387023926
29189,36.9,35.96553993225098
17171,37.4,36.57257843017578
26011,42.7,41.56768989562988
05093,46.4,43.179832458496094
12063,41.9,45.4650993347168
12127,39.1,41.773048400878906
13083,37.9,39.21556091308594
26095,41.7,39.42690467834473
37101,35.1,36.402061462402344
18153,41.1,38.69761848449707
34017,28.6,27.099114418029785
46035,35.6,35.070526123046875
12031,35.4,36.395586013793945
39129,38.7,35.915910720825195
28007,48.4,48.26301956176758
21173,,38.614728927612305
49049,23.0,24.972639083862305
55027,33.4,34.10105323791504
21189,,45.91280937194824
26133,40.4,39.4566535949707
21221,,41.1418399810791
27051,36.9,36.107723236083984
17047,40.2,40.0585823059082
17059,41.6,42.906354904174805
26091,37.6,36.03787422180176
55039,34.4,34.232778549194336
26099,37.7,36.17405700683594
18183,38.1,36.71120834350586
26017,37.7,37.336246490478516
26157,39.4,39.654449462890625
32005,38.2,35.3374137878418
18003,36.7,34.915096282958984
45073,39.8,39.696651458740234
13275,43.2,42.285329818725586
20175,31.5,34.622894287109375
24003,34.5,31.175033569335938
34041,34.5,34.1850643157959
42117,,39.07251167297363
48071,32.1,31.314114570617676
29047,34.9,33.06271839141846
39049,32.9,33.63504600524902
48337,38.7,39.16635704040527
49013,31.3,31.912700653076172
49019,33.3,31.806885719299316
29219,37.8,37.26063346862793
13077,35.7,35.11843490600586
19021,34.3,32.754408836364746
27011,37.0,39.66731071472168
48365,39.3,39.80962562561035
27009,30.8,32.62948703765869
21023,,41.46410369873047
40103,41.7,39.17590141296387
25009,32.1,31.150352478027344
47039,46.5,44.3456916809082
47059,42.3,42.39712715148926
32007,32.1,31.362404823303223
22123,45.6,43.762935638427734
01063,59.8,55.85830879211426
18103,40.1,38.77030372619629
18107,39.7,35.64784812927246
06051,31.5,30.160605430603027
20095,37.3,37.92475509643555
46105,38.7,37.15529251098633
56045,34.6,36.67416191101074
17129,36.8,34.98531913757324
21143,,42.80306625366211
21051,,43.160125732421875
27067,33.4,33.910369873046875
31071,38.0,37.39933395385742
48285,40.6,41.07118606567383
47021,38.1,35.7696475982666
47145,43.3,41.068838119506836
08037,25.2,24.914098739624023
16001,31.2,28.198756217956543
19029,39.8,36.79905891418457
12061,40.0,37.17652893066406
13009,40.1,39.560508728027344
51007,43.0,40.277950286865234
39101,41.3,40.103864669799805
51035,43.4,42.22125816345215
08063,33.3,34.369035720825195
42027,,28.174077033996582
46081,33.0,33.61340141296387
42029,,29.876361846923828
47083,42.4,41.60881805419922
47085,42.4,41.569828033447266
48241,43.2,43.44628143310547
45043,44.1,43.35739707946777
53001,32.4,32.17580318450928
49043,27.7,24.800477027893066
46085,38.7,40.308095932006836
16069,35.7,34.29426574707031
31021,39.9,39.48551559448242
27119,32.0,32.66773986816406
29119,41.0,40.56130790710449
55135,36.7,35.74713134765625
12085,37.0,41.26712226867676
55111,34.0,33.06272888183594
41029,36.1,34.56768608093262
37061,42.9,43.61482048034668
19145,40.8,36.727638244628906
19045,38.4,35.72978210449219
13055,42.0,41.621904373168945
12071,39.6,41.711029052734375
19061,31.2,32.083126068115234
48283,33.6,37.815425872802734
20113,35.0,35.19717788696289
12099,36.3,42.906837463378906
20109,37.2,37.723575592041016
48309,34.3,35.794965744018555
12093,41.4,42.479400634765625
19089,37.2,34.88326835632324
30009,40.1,37.58853530883789
51760,36.2,32.724361419677734
49005,24.6,23.988558769226074
53039,34.1,35.1407527923584
45049,46.7,47.36014938354492
49025,35.6,33.88351821899414
55007,41.2,38.934669494628906
55013,41.2,40.03939247131348
22041,48.1,46.95960998535156
22027,54.3,49.64032173156738
51131,47.1,43.939096450805664
27157,33.6,35.17260551452637
22047,44.4,45.140625
17111,33.7,29.35072612762451
18075,42.0,38.54213905334473
35037,41.9,38.49954414367676
37171,40.4,40.15743446350098
48369,34.9,34.944488525390625
39037,39.7,38.42962837219238
17149,39.4,39.083621978759766
39121,47.9,43.74334526062012
19097,38.5,35.353294372558594
13045,36.7,38.093915939331055
51081,44.3,42.96907424926758
17161,36.1,35.894392013549805
08113,28.7,26.544886589050293
08115,37.8,36.589216232299805
55093,30.8,29.9174747467041
48037,38.9,40.34164047241211
47181,42.7,41.63638114929199
47187,35.0,31.59474468231201
45065,51.5,45.68319320678711
55119,37.3,35.03858184814453
56027,36.4,40.7015495300293
36027,33.4,32.461435317993164
37073,44.6,44.13096809387207
06113,26.0,26.93411922454834
29091,40.7,42.335758209228516
26141,44.5,43.374393463134766
29101,30.1,30.774410247802734
22067,52.6,49.624067306518555
29157,38.4,37.12259483337402
13303,47.1,45.32502555847168
20115,37.7,37.24359130859375
21029,,36.202606201171875
27101,36.8,36.858713150024414
39041,31.3,31.28903865814209
40117,42.1,42.492340087890625
49011,26.9,25.9891300201416
48049,38.1,38.55226707458496
39141,40.7,39.7194709777832
17181,39.8,37.83550262451172
08039,29.9,29.06003475189209
39145,43.6,43.09875679016113
19153,31.2,28.880805015563965
48443,39.6,42.2589225769043
13119,40.7,41.495187759399414
17203,34.7,31.69613265991211
51093,39.2,39.12606430053711
44005,35.1,30.725502014160156
55131,32.9,31.961177825927734
29023,42.5,42.17070960998535
41043,34.4,34.307926177978516
51105,44.4,44.68078422546387
53017,32.4,33.413368225097656
20149,33.2,31.773951530456543
23019,37.2,33.79345893859863
36095,36.8,36.013431549072266
13151,38.8,38.750701904296875
39127,40.5,40.65606689453125
51133,46.5,45.30647659301758
28083,51.5,51.88443565368652
38033,41.1,37.90896797180176
26097,43.2,42.332603454589844
53053,32.3,30.066059112548828
32021,44.0,43.35733413696289
27127,35.1,36.685489654541016
45071,42.4,43.04709434509277
18083,38.6,37.39963340759277
12089,36.9,41.64091873168945
45077,34.9,34.527530670166016
39075,35.3,37.40214538574219
12075,42.6,44.90195846557617
19167,32.5,30.92471218109131
48183,37.6,38.708255767822266
35059,38.2,40.48657417297363
37039,44.8,44.30333709716797
39151,38.5,37.64985466003418
06039,33.2,34.377004623413086
28071,34.1,34.37376594543457
53065,37.6,37.34824562072754
32033,36.4,36.06167411804199
01071,45.9,41.35371971130371
27173,35.6,34.77615547180176
23009,35.8,35.18606185913086
34027,31.0,29.1720027923584
40111,43.8,42.558406829833984
36003,35.5,35.88355255126953
48087,39.9,41.45907402038574
49045,28.8,29.52977466583252
13057,34.1,32.07392501831055
17073,36.4,34.878156661987305
21001,,41.71170425415039
22097,47.3,44.774837493896484
30047,36.4,39.21056938171387
01111,46.1,42.72930908203125
06081,29.2,27.4452486038208
26123,39.8,39.22905731201172
37135,30.2,29.920740127563477
19151,38.7,37.55649375915527
48153,38.9,38.76743125915527
42013,,37.05724906921387
37029,35.6,35.32915496826172
31027,35.5,35.00911331176758
05119,42.2,41.114234924316406
55073,34.4,32.98283386230469
06097,31.6,31.58342933654785
27071,39.0,37.82735824584961
28025,50.5,49.48971748352051
38013,37.2,33.77650260925293
24031,32.7,30.671039581298828
54101,49.9,48.97881317138672
47071,45.7,43.204545974731445
36035,38.3,38.164833068847656
48093,40.1,38.99258804321289
48453,26.6,28.711652755737305
48203,38.6,40.11518859863281
54065,46.7,40.813364028930664
08021,32.9,36.04133224487305
12033,38.8,39.18523597717285
48001,38.6,38.769296646118164
47019,44.7,41.24758720397949
37087,40.2,38.75024604797363
49053,34.2,35.08743476867676
30003,35.6,37.58576583862305
35045,34.2,37.96672821044922
01003,43.8,38.89744186401367
22017,47.1,45.54179000854492
36051,33.7,33.987741470336914
51041,36.5,35.47204399108887
13257,41.1,39.3433837890625
40085,41.6,41.64423370361328
17091,37.7,36.42859649658203
05145,40.4,38.42254066467285
13157,34.7,35.00008201599121
35011,40.6,39.197092056274414
38057,38.2,34.99961853027344
20117,38.9,36.179765701293945
06073,28.7,25.925551414489746
50021,36.5,33.83646583557129
24013,34.4,32.164931297302246
06019,31.7,29.171425819396973
16035,38.5,39.310617446899414
24023,42.4,38.38918495178223
48277,39.9,39.50659370422363
13127,44.0,39.538835525512695
39163,41.2,42.99281883239746
48373,40.7,40.87926483154297
47043,37.6,37.46767234802246
55029,38.8,37.73840141296387
44009,33.1,30.75712299346924
01033,44.3,41.841243743896484
21097,,40.218143463134766
55117,35.4,32.563597679138184
29187,39.2,37.428306579589844
17021,37.5,35.780826568603516
46023,38.3,40.11280059814453
21101,,39.571245193481445
51155,39.3,39.79082679748535
06061,32.7,29.42092990875244
18047,40.4,37.46234130859375
31133,42.2,41.84617233276367
31107,38.8,38.90943145751953
37019,41.6,38.06276893615723
21231,,44.92225456237793
22003,44.0,41.55254554748535
36029,33.0,33.80475616455078
28093,49.3,46.80668640136719
05107,55.6,51.83148002624512
46102,38.9,35.42473602294922
46099,31.7,30.132256507873535
39021,38.0,37.88903617858887
13197,46.5,47.161399841308594
51095,38.4,37.11280822753906
19111,37.7,36.76823616027832
48113,33.1,31.541383743286133
41065,35.4,35.68238830566406
30007,35.3,38.29974365234375
41061,35.9,35.40803337097168
12087,38.0,42.23618698120117
25027,33.2,29.378253936767578
28059,45.0,39.69291687011719
45013,38.2,38.79856300354004
16049,37.9,39.26905632019043
24033,40.0,38.838666915893555
28109,42.8,41.87171745300293
34009,38.9,36.12988090515137
22057,43.1,39.176286697387695
38053,30.4,32.32011032104492
41005,32.1,30.749611854553223
08073,32.6,34.978322982788086
41033,39.0,38.62532043457031
21121,,44.71290969848633
01041,46.6,44.06223678588867
06089,35.9,34.40802764892578
13013,35.6,37.4686279296875
18067,40.1,37.74324989318848
20193,33.0,35.294145584106445
21179,,35.64624786376953
32027,35.4,35.0086669921875
31053,34.1,35.346384048461914
40113,45.6,42.51034164428711
49027,33.8,33.445661544799805
51001,47.4,45.01318168640137
41015,43.6,40.86813163757324
05007,32.8,34.11410331726074
22099,43.7,42.70345115661621
51147,35.8,37.767845153808594
16007,34.1,36.34057807922363
48377,42.9,42.090606689453125
48457,42.0,42.19783973693848
40033,44.2,42.18973731994629
22095,46.4,43.2425594329834
51061,34.0,34.375261306762695
48367,34.0,34.367055892944336
48073,38.7,38.871463775634766
01027,47.6,44.33626747131348
49023,28.5,30.199438095092773
06105,43.7,40.35292434692383
06103,35.9,34.95075607299805
16023,40.3,37.880685806274414
17113,30.9,28.689594268798828
29095,35.7,35.114023208618164
37041,47.1,45.293609619140625
48197,40.5,41.39592361450195
36121,36.6,35.691978454589844
25013,34.7,32.9295597076416
21125,,41.7860164642334
18093,40.1,38.769269943237305
55115,35.9,36.31670379638672
06045,38.5,35.172447204589844
32031,29.7,29.78963279724121
46033,40.3,40.621992111206055
01079,44.3,43.59762763977051
16047,34.9,35.64809036254883
23021,40.5,40.08253288269043
46013,31.7,32.60704231262207
20167,41.3,40.504234313964844
40075,45.4,42.20248985290527
33013,31.8,31.93056583404541
41031,35.5,36.097442626953125
47117,39.9,38.91655921936035
29003,38.3,36.58098602294922
51019,37.8,38.33753204345703
47189,35.7,34.98164939880371
48455,43.9,43.509361267089844
53035,33.2,31.037839889526367
49041,32.9,31.83842945098877
36047,30.4,30.20047378540039
55003,36.3,37.52982521057129
55123,36.5,36.59014129638672
28149,46.4,43.93014717102051
08014,24.5,25.637778282165527
48041,27.8,27.493318557739258
30031,23.7,25.115639686584473
30107,38.9,40.02484321594238
51520,41.0,39.04970741271973
18063,35.2,31.85256862640381
55053,38.1,36.82394218444824
01125,38.9,36.649587631225586
51127,35.6,36.70145034790039
05011,48.7,45.20241737365723
32510,34.5,33.70924186706543
37013,45.0,43.90353202819824
01127,44.1,41.41426086425781
13005,40.4,41.02710151672363
18045,40.7,37.88640213012695
21073,,37.25800132751465
49037,37.3,35.83823585510254
56029,34.0,35.174339294433594
18139,40.1,37.77735900878906
26165,39.2,37.09558296203613
37117,47.5,47.35538291931152
48473,31.2,33.52692985534668
48407,42.7,42.48986053466797
51069,35.1,33.556400299072266
30055,38.1,38.2188835144043
54047,51.0,46.82064628601074
01037,50.2,44.42059135437012
16065,17.3,25.53281021118164
17147,35.4,34.143110275268555
42097,,37.2544002532959
23029,43.1,40.06460189819336
37143,44.9,45.44915199279785
42035,,36.35784912109375
30069,39.6,36.21089744567871
06021,32.7,32.462368965148926
17143,36.9,34.58107566833496
20067,31.5,33.0518684387207
21233,,42.20283317565918
35051,46.2,40.04363822937012
35043,34.0,33.998390197753906
06065,33.3,31.63103199005127
53007,32.4,32.350708961486816
05133,40.2,42.23916244506836
48333,40.4,42.49116897583008
39149,38.2,36.94283485412598
22075,40.0,38.105825424194336
06093,39.4,38.47118949890137
30023,38.1,39.09141540527344
21195,,45.42264366149902
01049,44.5,42.75909423828125
06077,30.4,29.162774085998535
36007,35.0,33.169342041015625
05073,52.6,49.2323055267334
51015,38.1,37.31417655944824
42111,,40.16783142089844
48033,39.6,34.94342613220215
50015,29.4,29.383066177368164
54039,46.2,37.98602104187012
13099,47.4,48.27519607543945
13321,44.5,44.69782066345215
26147,38.7,35.805206298828125
30081,34.3,36.649497985839844
28015,50.1,46.57842826843262
48043,35.0,35.7594108581543
53025,32.7,33.14112663269043
51111,46.0,45.99114418029785
12067,39.4,43.81184387207031
36019,34.1,33.28731918334961
22025,46.5,44.950538635253906
39095,37.2,37.95262336730957
12133,42.3,43.75531578063965
53037,30.2,29.08447265625
41067,29.9,28.11043930053711
04005,27.0,29.031543731689453
36075,35.2,35.33452606201172
01055,46.3,40.580387115478516
21225,,41.78695297241211
47121,44.9,42.76005172729492
01113,46.7,45.3475456237793
08123,27.8,28.785245895385742
48287,40.6,39.29745864868164
53041,36.3,36.732967376708984
51735,34.8,33.00476264953613
41017,33.0,30.436506271362305
30035,36.2,35.27737808227539
56013,35.4,36.1160774230957
29165,33.9,31.522741317749023
34037,33.3,32.64990520477295
40059,41.9,40.75201416015625
01073,42.7,39.73544692993164
48141,33.1,31.5358304977417
06085,27.0,26.231691360473633
28027,53.4,53.99758720397949
48177,38.8,40.14790916442871
16059,39.6,39.13682746887207
01069,44.5,42.692983627319336
50027,33.2,33.27171325683594
47045,42.6,40.42577934265137
18019,39.8,36.23904991149902
05005,47.0,42.983795166015625
13179,34.3,34.20547008514404
22077,47.5,46.02886199951172
30083,31.3,31.99465274810791
08049,29.8,29.526226043701172
05051,45.8,39.75586128234863
48097,37.4,37.89238166809082
08103,31.1,32.531402587890625
47013,43.5,42.5469970703125
27075,35.8,38.00304412841797
37175,42.3,40.23906707763672
28163,49.5,46.9572639465332
53031,41.0,36.32011604309082
27133,33.2,34.59766960144043
50005,34.9,33.556222915649414
48219,35.1,35.243743896484375
48063,40.9,41.89451217651367
29087,41.3,40.324174880981445
06025,33.2,30.88308811187744
48077,39.3,37.97500419616699
40141,43.6,43.84824180603027
26101,40.8,38.51130485534668
30105,39.3,38.45468711853027
36105,35.8,35.831661224365234
41019,39.4,38.78841781616211
53015,35.4,34.696096420288086
55075,38.2,37.58534240722656
17071,41.8,37.29451370239258
05103,49.5,47.59375
32019,37.5,35.689239501953125
42101,,34.08777618408203
13023,40.2,40.561025619506836
41007,37.1,34.712162017822266
23003,43.3,39.58615303039551
30057,35.8,37.67120552062988
13001,43.5,43.437849044799805
08081,32.3,31.78057098388672
34013,31.7,31.4454927444458
13175,45.3,44.52827262878418
55041,43.2,42.09866523742676
05077,51.7,50.12739944458008
55083,37.1,35.55659294128418
56017,39.1,38.61406707763672
46119,37.6,37.92786979675293
48319,41.2,37.91716003417969
20019,42.6,43.02598190307617
28063,57.1,51.69078254699707
01103,44.5,38.85500144958496
28079,47.9,47.518028259277344
54033,43.0,39.68789482116699
48485,34.8,34.50767707824707
20073,42.0,40.276756286621094
56033,34.0,33.831838607788086
51510,30.3,29.351840019226074
28117,41.9,41.58832550048828
12079,43.9,47.118600845336914
13239,54.7,46.40802001953125
27149,28.7,31.027189254760742
13305,42.7,40.720218658447266
17105,36.6,35.751258850097656
13073,36.7,33.990379333496094
04011,29.8,30.692042350769043
26031,42.4,41.15032768249512
36061,27.2,28.126574516296387
01099,51.3,49.451250076293945
08097,28.8,28.65654468536377
19065,38.8,37.455671310424805
40133,44.4,43.25863838195801
37103,46.3,46.112491607666016
48245,39.8,37.765625
18009,43.9,40.84556007385254
22081,49.7,48.54679298400879
47151,44.1,42.19766807556152
55078,38.9,38.72812843322754
05045,35.4,34.836355209350586
13309,43.8,40.37687301635742
05097,47.8,46.093292236328125
51187,36.1,35.11650466918945
54021,43.5,38.56680870056152
54037,40.5,34.86381912231445
13033,45.7,45.00920486450195
54073,43.5,37.63945960998535
21069,,41.86594772338867
24001,39.6,36.24832344055176
08065,26.4,25.973060607910156
37151,39.1,39.20363998413086
47037,33.3,34.26955795288086
29071,37.4,36.76618003845215
48109,40.2,42.60943031311035
21227,,35.01276397705078
48425,36.6,37.555171966552734
53075,23.9,24.161681175231934
42003,,32.895551681518555
51570,36.4,38.22480010986328
46117,33.6,34.99616241455078
54015,48.4,48.13492202758789
13213,36.8,37.702531814575195
48323,34.4,32.75225830078125
47101,42.0,42.96103286743164
28013,49.0,46.96520233154297
28035,39.5,38.977359771728516
54109,49.7,46.40034294128418
13181,47.1,46.38652992248535
42049,,34.1375675201416
19047,37.7,36.410491943359375
28049,47.9,45.36797332763672
47119,39.0,36.27269172668457
01133,46.9,42.7618408203125
48123,40.2,40.51492500305176
47171,45.2,41.49065589904785
22031,47.4,45.93893241882324
42099,,36.356122970581055
46037,39.2,39.43518257141113
55107,39.7,39.62737846374512
20101,39.1,38.82332420349121
51670,43.4,44.80865287780762
13311,39.8,39.374380111694336
40017,35.6,33.42881393432617
40107,46.0,44.16055488586426
13285,40.5,43.61389923095703
20021,38.8,39.07835388183594
40115,41.0,43.111215591430664
01035,54.7,49.16049766540527
08087,31.6,32.314879417419434
18023,38.2,35.71466827392578
21153,,46.374399185180664
29055,39.2,40.79580307006836
28161,50.7,47.06686592102051
54083,45.7,41.78026580810547
35023,39.2,38.59921455383301
20191,37.5,37.78912925720215
30041,36.3,32.34075927734375
05137,47.9,46.29433631896973
19125,34.5,30.388371467590332
37139,39.3,38.95012855529785
34035,30.6,29.417678833007812
48201,32.8,31.80940532684326
55129,40.4,39.034732818603516
48209,29.0,28.171707153320312
17157,39.1,37.57753372192383
42059,,36.37115287780762
27029,34.8,38.86347579956055
36025,39.6,37.524818420410156
51059,29.6,28.600419998168945
45059,40.5,42.26854133605957
47105,44.8,39.52931785583496
56025,30.2,31.166540145874023
47175,45.1,43.97481155395508
51197,40.3,40.3216438293457
16041,30.9,32.884063720703125
21045,,44.108489990234375
26081,32.2,28.366640090942383
28043,48.2,46.69548225402832
13313,35.7,37.159568786621094
26151,40.8,40.22436332702637
21039,,42.20988845825195
31035,35.5,37.58644485473633
42075,,36.31674575805664
47093,36.5,33.35693168640137
08047,31.1,30.63511848449707
42131,,35.61520195007324
42025,,37.26309394836426
39153,37.5,36.576873779296875
37049,39.5,37.67489433288574
51145,37.6,34.78742599487305
18057,32.0,29.478862762451172
05141,47.4,45.96071243286133
30019,36.5,37.53179359436035
48451,34.8,33.72622489929199
01045,44.3,41.4472770690918
13071,43.0,43.79376411437988
20099,40.4,40.36897277832031
51193,45.4,44.98738670349121
23027,36.1,36.24711799621582
47025,42.6,41.394962310791016
05085,39.0,36.750701904296875
17065,39.9,38.27590560913086
18109,38.9,35.6958065032959
40039,35.1,34.71989440917969
31149,38.3,38.62844276428223
37001,36.5,38.68162536621094
46135,35.0,34.14422607421875
17127,39.9,40.82376289367676
55061,35.4,34.82976722717285
46107,37.9,39.609718322753906
21049,,37.91878700256348
13233,38.8,41.09415817260742
18145,40.3,36.68438911437988
22111,48.4,45.0480842590332
35029,39.0,37.56593704223633
18171,40.5,37.211341857910156
27045,36.2,36.04347610473633
31147,41.1,39.5739688873291
26077,31.4,30.455971717834473
26115,37.6,35.55924606323242
39165,32.2,33.17866897583008
29211,41.1,41.56949996948242
26037,33.9,32.696624755859375
01051,41.6,39.6148567199707
37197,40.6,40.76358985900879
12055,46.1,42.941484451293945
12111,39.9,39.15034866333008
40041,47.1,45.0631217956543
39103,37.1,33.71623420715332
19055,37.7,34.11341667175293
39109,37.2,37.168270111083984
01031,43.5,39.998952865600586
48251,33.8,33.11280822753906
48291,35.4,36.92377281188965
54097,44.9,42.760698318481445
55059,33.6,31.893839836120605
31115,40.1,39.87797546386719
16005,31.0,31.3444881439209
45087,47.4,47.31818771362305
20165,41.2,39.084970474243164
37111,39.8,39.34556579589844
36083,32.1,32.03691005706787
23001,33.5,35.89701461791992
19073,38.6,34.94118690490723
48125,43.0,41.01394271850586
26085,45.7,44.87763595581055
27017,33.3,34.43070602416992
20025,37.8,38.577362060546875
26061,31.5,31.475863456726074
39079,42.7,42.16594314575195
37081,36.9,34.19173812866211
28075,47.5,45.34387969970703
22009,48.2,45.9068660736084
21217,,38.97026824951172
18141,37.2,34.74677085876465
51630,30.2,30.755141258239746
13031,35.1,33.0083065032959
19083,38.5,36.24817085266113
13037,46.9,49.11006164550781
48361,36.6,36.9212589263916
08111,32.4,32.10126781463623
51085,34.9,34.40963554382324
21053,,44.144073486328125
39147,36.0,37.45045471191406
17191,39.7,38.98194885253906
51036,47.7,46.59458923339844
21065,,44.97044563293457
21075,,45.79024314880371
06107,31.2,29.354849815368652
19011,36.2,33.21416473388672
17169,41.4,38.82745552062988
38023,38.6,39.407127380371094
21203,,44.52226638793945
47029,45.5,43.03162384033203
21215,,34.13426208496094
38007,38.5,37.651817321777344
48259,34.9,35.524587631225586
55051,39.6,40.87770462036133
47053,41.5,41.502811431884766
45027,48.1,48.655160903930664
20007,40.9,38.35523223876953
33007,38.2,37.81303405761719
17077,33.6,32.90556526184082
37187,51.8,48.847585678100586
06071,31.9,29.73658561706543
17035,37.2,36.97162437438965
12011,36.3,42.01410675048828
13195,40.0,40.0252628326416
48305,37.5,37.97477149963379
48329,30.5,31.06950092315674
29123,38.6,37.95219612121582
08041,28.1,26.986451148986816
22083,46.7,46.36732482910156
08119,33.4,32.563772201538086
40139,37.5,35.613582611083984
18165,40.9,38.722599029541016
38025,35.2,35.83282470703125
30017,33.7,33.638214111328125
17017,37.4,36.04511070251465
42055,,36.842185974121094
21123,,41.191572189331055
35025,32.3,33.2963752746582
01091,51.5,48.37948989868164
21061,,44.37208938598633
31041,37.9,37.10241508483887
48139,34.2,34.80118751525879
55077,40.6,38.7149600982666
20011,38.2,38.10465431213379
27113,34.2,34.00225639343262
23017,38.1,38.28679656982422
36071,31.9,32.76894283294678
22103,38.9,37.70418930053711
31145,38.6,36.47248458862305
36031,37.9,34.8710994720459
29213,39.4,40.28105545043945
48379,40.5,40.74308967590332
36023,31.1,32.291178703308105
48343,42.7,44.71583366394043
36001,31.7,29.70197868347168
51113,39.4,40.90568923950195
51157,42.0,39.059959411621094
48395,40.8,42.69352340698242
40077,45.1,43.593828201293945
21151,,34.232540130615234
42067,,38.1910343170166
29107,37.0,37.34990310668945
26093,32.3,31.52461051940918
29135,36.3,36.241920471191406
36005,36.5,35.16129112243652
31123,37.2,37.14374542236328
05023,45.3,43.8089656829834
05089,46.3,45.53754425048828
36081,33.6,32.758503913879395
01121,48.2,43.62344551086426
18105,29.7,28.55041217803955
31073,37.6,38.215919494628906
45009,47.1,49.232967376708984
48409,38.0,35.2870979309082
21229,,40.62725067138672
41001,38.7,36.33541488647461
01089,38.6,35.60747718811035
38079,40.3,37.61833953857422
28031,46.3,45.48080253601074
28151,53.9,51.39629936218262
46129,36.7,37.71458435058594
48439,31.4,31.96835231781006
39053,41.5,41.16318702697754
39111,43.3,45.13338851928711
42051,,39.78402519226074
28053,57.3,52.884193420410156
51021,40.0,41.513288497924805
39051,37.8,37.86536979675293
12109,34.6,35.478097915649414
13017,46.6,46.576541900634766
01123,48.5,44.826189041137695
48147,37.5,37.98954391479492
35005,36.9,34.78465270996094
26103,34.0,31.509645462036133
29195,35.3,35.460296630859375
34033,37.4,35.63227844238281
17009,36.4,34.17232894897461
19195,38.1,35.26408004760742
28139,43.5,42.98000144958496
01085,56.5,53.65615463256836
16045,35.1,37.01846122741699
27043,36.5,37.59522247314453
21019,,40.985727310180664
54069,42.5,36.486135482788086
28143,52.8,49.08044624328613
41037,40.6,38.46513748168945
22043,42.0,41.01401329040527
21165,,47.132171630859375
39057,35.4,34.08373832702637
19169,26.4,24.766353607177734
54003,39.6,35.55006408691406
01093,45.9,43.2921028137207
55021,32.8,33.773237228393555
36009,38.1,37.82069778442383
26025,39.4,37.57136917114258
39015,42.2,41.13421440124512
47141,37.0,35.797386169433594
39171,39.9,38.30430793762207
38027,39.1,39.66692543029785
17173,38.9,36.93651008605957
48081,42.3,42.04189109802246
47137,49.0,45.79641914367676
37167,38.4,37.46904373168945
48099,30.4,33.1438045501709
17029,34.0,35.34086799621582
47153,44.7,41.97164535522461
19053,35.3,36.802433013916016
21127,,44.878456115722656
46059,35.7,36.73541259765625
42037,,35.48920249938965
29009,40.9,42.87076759338379
41069,45.2,41.494415283203125
29041,41.0,41.03629493713379
51119,45.0,43.47093200683594
50023,30.3,30.298810958862305
13075,42.6,42.33737754821777
51195,41.8,41.002017974853516
45007,38.0,37.90892028808594
47061,44.5,43.262969970703125
18161,39.2,38.4007453918457
26073,32.1,33.373138427734375
05055,42.5,37.98064041137695
20133,38.3,38.82081413269043
41021,41.1,39.07794761657715
08017,33.8,34.863335609436035
17187,36.1,35.03101348876953
22063,40.1,35.100481033325195
26119,45.7,44.32781791687012
18015,40.6,38.086687088012695
26047,37.6,36.5256233215332
18169,40.0,38.3281307220459
26075,38.9,35.76965141296387
49031,40.6,39.57246780395508
37183,32.2,30.936400413513184
37123,42.8,42.157785415649414
37165,46.1,46.5413818359375
17061,38.9,38.08024978637695
06009,37.8,37.77803611755371
21031,,41.37691879272461
38005,40.3,39.891334533691406
19009,40.2,37.32520294189453
20045,26.6,26.741671562194824
37189,31.3,30.382716178894043
30103,40.0,37.83084487915039
55121,35.3,34.148197174072266
40011,43.1,40.576927185058594
47067,49.5,45.76749610900879
55033,29.9,30.32078266143799
37059,39.1,37.919551849365234
05019,40.3,38.96725845336914
40023,46.1,45.771230697631836
05063,41.3,39.924835205078125
20195,39.2,38.724199295043945
21077,,38.39178276062012
20177,39.0,37.37295913696289
19171,37.7,38.52776908874512
29019,30.1,29.752161979675293
19115,36.3,35.4330997467041
20039,40.2,40.07672691345215
45091,35.5,34.43895149230957
55005,36.6,35.57623863220215
22021,45.2,43.36469078063965
22037,47.7,46.3715763092041
46009,36.7,35.70576858520508
47073,43.9,41.73483657836914
45033,47.4,46.92677307128906
45037,40.3,42.06018829345703
29027,37.0,35.510623931884766
47113,43.7,43.02937316894531
56001,25.4,23.845458984375
51029,43.6,44.37166404724121
12045,40.5,43.49213981628418
13315,46.2,44.46066856384277
05131,40.7,38.657920837402344
05129,49.3,47.138742446899414
22019,42.2,39.95370101928711
40079,42.5,42.59131622314453
21187,,41.77558517456055
38075,36.2,33.84420967102051
27125,35.6,35.19659233093262
40095,43.9,43.047855377197266
24005,36.7,34.02792549133301
28055,46.1,49.293785095214844
39083,37.5,36.53799629211426
51175,43.2,39.8798770904541
55011,36.6,36.504878997802734
22065,53.4,50.46858215332031
51800,39.2,38.45343589782715
28051,55.3,53.65580749511719
45063,37.1,36.07290458679199
55105,33.4,33.21044921875
56023,34.5,33.17368698120117
53013,36.8,37.992271423339844
27117,36.3,35.944515228271484
51099,34.3,34.66325378417969
29043,35.0,33.67044639587402
01011,56.6,51.89794921875
13237,45.2,45.206295013427734
40007,41.3,40.68450927734375
31043,31.7,33.79009246826172
05105,43.8,41.8065071105957
48351,46.2,45.602386474609375
29039,42.6,41.398704528808594
31049,41.6,39.708513259887695
41071,33.2,32.2487211227417
20079,35.0,36.22503852844238
27159,34.9,37.14730453491211
44001,32.4,29.14145851135254
47135,44.6,44.24188995361328
34039,33.7,31.11842918395996
29147,33.0,30.694655418395996
27095,35.8,36.79555892944336
20071,35.7,36.73712730407715
13141,53.0,51.07395362854004
12037,44.0,43.12412452697754
12117,32.2,39.539106369018555
28157,52.9,51.36582565307617
05121,43.6,42.95158576965332
26019,39.9,38.903303146362305
40045,43.7,41.61408805847168
54071,48.4,43.48286437988281
29209,45.5,43.06191444396973
29029,42.3,42.806522369384766
38097,34.3,34.574668884277344
42005,,38.19892120361328
20013,40.4,40.12609100341797
18129,39.7,36.15127754211426
08029,37.5,36.35957908630371
13231,36.6,37.53151321411133
13319,45.9,47.42010498046875
39115,43.1,44.07821846008301
46121,38.5,37.02853202819824
30021,33.2,34.27060508728027
20091,32.0,30.491186141967773
20153,41.7,40.94193458557129
20127,40.8,38.946306228637695
48445,37.6,37.99812126159668
13171,38.7,40.67881393432617
13199,45.0,48.59851264953613
39143,39.7,37.86611557006836
48353,40.3,39.14614295959473
22089,41.2,37.02270698547363
13277,41.0,40.508548736572266
38089,31.7,31.08407211303711
32009,44.8,40.66487693786621
28089,40.3,37.53577423095703
55063,30.0,29.40151309967041
29177,39.8,38.30933380126953
31037,32.1,32.75321865081787
45041,42.6,41.42130661010742
54001,46.4,44.648040771484375
13287,45.9,47.91167449951172
37089,38.8,39.01622772216797
17183,42.2,37.96414756774902
37129,34.7,32.60841464996338
21071,,46.07565498352051
48211,34.1,36.06412315368652
20077,40.6,41.4272403717041
27093,34.2,34.010427474975586
27059,31.9,32.75642967224121
27143,34.0,35.07339668273926
28121,40.7,37.86280632019043
37003,39.1,38.5368595123291
39001,40.6,42.936838150024414
38017,27.5,27.32955551147461
06031,30.4,28.953022956848145
04019,34.1,32.61206817626953
05125,40.0,36.740108489990234
41047,33.3,32.389620780944824
23005,32.1,29.551552772521973
48363,38.6,40.70127868652344
41035,40.0,36.53469467163086
05059,43.3,41.44604301452637
08059,27.7,27.495800971984863
04001,36.0,41.137813568115234
12083,40.9,43.455440521240234
25005,33.5,32.07290744781494
49015,34.0,33.2040958404541
22117,46.9,45.596059799194336
40089,42.6,44.61212158203125
29171,40.8,40.671098709106445
35061,35.2,33.60918998718262
30049,30.6,29.622584342956543
24047,42.1,38.87850761413574
47157,43.0,42.992788314819336
56043,36.1,37.08114433288574
39061,36.3,34.23806953430176
51199,33.4,32.77629470825195
04007,39.3,42.69665718078613
05049,49.1,44.90383720397949
13051,38.8,37.90982627868652
30059,39.0,38.503074645996094
29035,43.3,40.63031196594238
28137,41.8,42.88260078430176
17015,39.3,39.982004165649414
12121,40.9,43.83303642272949
17121,38.5,38.8037166595459
13221,39.9,39.46202850341797
35041,30.9,32.25547790527344
16013,31.0,30.904111862182617
35006,36.8,38.92002868652344
18025,45.6,43.58923149108887
47027,47.4,44.6173152923584
30063,26.3,28.937642097473145
32003,34.5,31.695951461791992
22033,40.3,39.303672790527344
12039,44.6,47.006256103515625
12091,32.7,41.25641441345215
06033,39.6,36.47426986694336
42021,,38.328495025634766
48437,39.3,41.01366424560547
08045,27.2,27.972442626953125
17075,40.0,38.84373474121094
01067,48.1,44.16070747375488
05135,46.7,47.370880126953125
48273,31.5,32.15516662597656
51153,32.8,30.692468643188477
51097,44.9,43.2956428527832
16021,36.1,38.33070945739746
37119,31.0,33.71277046203613
36069,34.1,32.879953384399414
28105,34.6,35.8217658996582
34003,32.5,29.874125480651855
06053,32.0,28.83271312713623
38051,42.4,40.38815498352051
26029,38.9,36.89163017272949
38095,43.3,39.12635803222656
13205,47.2,46.068830490112305
08057,38.8,37.17819023132324
30027,37.3,36.2730827331543
48065,36.0,36.84264945983887
21147,,44.10745620727539
48401,39.0,38.09055709838867
01057,47.6,44.213191986083984
42081,,35.96035957336426
05001,45.4,43.465877532958984
48085,30.4,29.62154769897461
37051,37.6,34.61942481994629
25001,38.2,35.20521926879883
29143,43.6,44.27988052368164
42107,,38.471527099609375
30079,44.8,39.41182327270508
54041,44.2,43.972599029541016
49047,30.7,31.07162570953369
41057,37.6,37.44405174255371
16077,33.6,34.08651351928711
48419,42.0,41.945167541503906
06083,30.4,28.588003158569336
20131,36.9,35.853302001953125
06063,40.4,37.24783134460449
12105,36.2,43.57654571533203
12119,48.0,41.618019104003906
39159,32.0,32.30623245239258
45089,49.9,50.276132583618164
30097,36.1,38.49993133544922
18005,37.1,34.06565284729004
22101,47.4,44.394954681396484
16053,33.0,33.67265510559082
51091,44.0,42.437997817993164
06005,37.6,36.65846252441406
06013,31.2,28.676247596740723
12123,44.3,43.89313888549805
46071,40.2,37.41875648498535
45081,42.4,43.28611373901367
56009,34.3,32.82276916503906
51610,29.2,29.215147972106934
13049,41.2,42.6527214050293
47097,45.5,45.72210502624512
06049,41.3,40.584943771362305
51079,37.6,36.68430137634277
45019,32.3,33.92152404785156
01077,39.6,38.77511024475098
17109,34.1,32.47879219055176
41039,33.3,31.707165718078613
44007,33.0,32.523871421813965
50009,39.9,39.153032302856445
21155,,42.20897102355957
54067,46.6,44.495201110839844
51181,45.8,44.75349044799805
56035,34.4,33.6032075881958
26021,39.8,37.376949310302734
12086,33.8,42.07669639587402
39031,41.3,40.39380645751953
13259,43.1,48.949419021606445
41045,36.3,34.29921340942383
13317,47.4,48.09352111816406
33009,31.8,33.3089485168457
08069,25.6,25.770021438598633
39113,37.0,37.496456146240234
08077,31.1,32.22456932067871
13035,39.6,41.73035430908203
01101,46.3,41.72014045715332
51087,36.6,34.10450839996338
50001,31.8,32.54610061645508
46061,33.9,32.57663059234619
26035,44.5,42.80635452270508
47129,42.4,42.31929588317871
37157,42.5,42.27647590637207
39125,40.0,38.41245460510254
48461,37.9,41.03193664550781
48189,36.3,34.80967903137207
46045,36.5,34.547203063964844
55025,25.6,26.8152437210083
21087,,44.96928596496582
41053,31.5,31.226272583007812
45045,35.6,32.751386642456055
54043,47.2,46.31899642944336
51143,45.9,44.8514461517334
21015,,32.09634017944336
48167,35.7,34.35616874694824
53047,37.6,38.11929702758789
53005,29.2,29.88010025024414
56007,34.6,34.24744987487793
49017,34.7,35.231916427612305
30043,33.4,34.440229415893555
29037,35.3,38.0189094543457
48215,33.4,33.44369888305664
08109,38.3,37.93304443359375
48061,34.0,35.38150405883789
39013,41.4,39.31850051879883
18133,36.5,35.67155838012695
22013,52.5,49.81724739074707
29065,41.7,41.68404579162598
35055,38.1,36.12070083618164
35017,39.7,37.91613006591797
51177,36.5,35.422189712524414
37131,52.0,49.81696319580078
48083,41.9,41.10429382324219
12021,39.2,41.98506164550781
49029,27.9,27.203460693359375
48355,36.2,34.25278282165527
55101,34.6,32.63865089416504
30073,37.6,37.4104118347168
39091,39.0,38.35948371887207
21043,,43.25606727600098
46103,34.6,32.903794288635254
36049,36.3,36.495784759521484
06095,33.3,31.28453254699707
23025,39.3,39.49619674682617
45057,37.3,39.17828178405762
51077,45.0,42.856977462768555
42077,,33.6823673248291
47107,43.3,40.97100639343262
18061,39.2,36.85539436340332
08083,33.9,35.90538215637207
24029,43.0,39.2708797454834
36011,36.8,36.33424758911133
51141,43.4,41.1195068359375
05043,44.7,41.30876541137695
49051,27.1,26.00572109222412
13107,43.9,44.605655670166016
37057,38.6,38.00509262084961
47077,43.0,41.169551849365234
31177,34.2,32.68304443359375
51003,32.2,32.78636646270752
53049,42.1,40.02673530578613
24015,39.2,34.890668869018555
17131,37.6,35.98140525817871
22113,42.5,40.71706771850586
18163,38.4,37.448843002319336
13093,47.2,47.81282615661621
48371,36.2,35.06714630126953
06001,28.5,27.547865867614746
41025,42.0,37.48679542541504
27155,37.9,38.3730583190918
18021,41.5,36.387956619262695
30053,42.6,40.95681571960449
42127,,37.78712844848633
30045,39.9,37.321523666381836
06037,30.2,28.526309967041016
24045,36.7,37.51994323730469
48143,30.9,33.77671813964844
48119,39.1,39.47856903076172
06079,31.8,29.310593605041504
30033,36.6,38.12190818786621
48175,40.5,39.98449897766113
42119,,34.01477241516113
34011,38.8,38.150299072265625
16085,39.0,37.11141777038574
12101,38.2,41.99169921875
51049,43.2,43.4554443359375
51057,45.9,46.65178108215332
55095,36.1,34.74563217163086
56039,27.0,27.470635414123535
42089,,34.28266716003418
05101,47.4,43.49801063537598
36091,32.3,31.333003044128418
48423,36.4,36.7639045715332
22107,57.3,51.59272575378418
22005,38.9,36.03752899169922
36015,36.8,35.29398727416992
17049,35.2,34.739967346191406
47163,42.0,38.54203414916992
56011,34.4,35.177900314331055
27103,29.5,29.66860008239746
30013,33.9,33.39438247680664
37179,33.6,30.040945053100586
24037,34.7,34.881452560424805
24039,42.7,41.689931869506836
24041,41.6,38.97539138793945
12125,41.0,42.00784873962402
16029,32.5,33.56916618347168
17135,37.4,37.05226135253906
45083,38.2,37.2866325378418
22051,42.7,40.29108238220215
36089,36.5,35.66705131530762
30029,31.1,33.30497360229492
21193,,43.6424617767334
26033,38.6,38.035491943359375
35057,39.8,39.40690803527832
21237,,47.56387519836426
31047,35.0,34.17791557312012
28125,58.4,51.80456733703613
46041,38.1,35.7990779876709
36045,30.8,32.96482276916504
08031,21.7,23.739683151245117
30001,34.0,34.14224815368652
37055,38.0,35.72982597351074
46055,38.0,39.197364807128906
38085,41.3,35.913644790649414
31169,38.4,38.80718231201172
06007,32.2,30.664908409118652
45029,44.1,46.148460388183594
41023,41.0,39.967607498168945
39133,34.7,34.57297706604004
54089,48.9,45.0463752746582
53027,39.4,36.22281455993652
18119,41.3,39.39208984375
17025,39.7,39.06332778930664
42071,,34.566017150878906
51047,37.4,36.68778038024902
40013,40.3,39.38300895690918
48185,38.7,39.48234558105469
06011,32.0,30.525741577148438
38067,38.5,37.46454429626465
51005,42.5,41.090227127075195
12005,37.7,42.436296463012695
54035,46.5,43.86043167114258
28091,48.0,46.17168617248535
37011,39.9,39.86234474182129
13169,40.2,40.09759712219238
41055,40.2,38.77288627624512
23023,35.0,32.89116287231445
35015,32.2,32.43291091918945
23007,36.6,35.28975296020508
21183,,41.11383056640625
37153,43.9,43.049564361572266
26159,38.4,37.8784122467041
17031,31.0,29.979185104370117
26049,39.0,38.3128776550293
40121,43.5,41.182010650634766
06067,30.9,29.417110443115234
13185,35.9,35.9387321472168
23013,36.2,34.362606048583984
39017,35.3,35.33951187133789
50013,35.5,31.91903305053711
01023,52.7,49.7667236328125
53023,37.7,38.54839515686035
16073,35.8,37.426225662231445
28011,51.9,47.82678413391113
28037,50.3,46.903587341308594
21119,,44.729610443115234
38101,31.4,30.1148681640625
27007,32.3,33.96317100524902
40101,42.6,42.157724380493164
30005,36.9,40.11733055114746
20085,36.5,37.7576789855957
20069,33.7,33.20518684387207
13103,34.6,34.60034370422363
22087,42.0,38.28608703613281
12095,32.0,39.75026512145996
21005,,35.870771408081055
36043,36.4,35.99298286437988
28081,44.3,38.950706481933594
06027,35.1,36.02194404602051
17067,39.6,36.79313087463379
04009,32.2,32.878639221191406
04012,46.3,43.39023208618164
48247,41.6,34.19353103637695
17097,32.4,28.886757850646973
37199,41.4,42.10135459899902
38021,35.1,34.62175369262695
27167,35.4,34.54794692993164
26089,39.6,38.246591567993164
13063,41.4,40.63098335266113
30011,39.9,39.49628257751465
36103,31.7,31.334250450134277
49003,28.9,30.30490207672119
48293,41.9,41.70772361755371
48229,33.0,40.35239028930664
27163,29.4,29.207674980163574
42095,,34.13199996948242
34007,33.4,33.352006912231445
55047,37.8,36.963348388671875
29069,44.1,43.11386489868164
39105,45.1,43.88042068481445
04015,42.0,40.24666213989258
40067,45.6,43.9034423828125
29153,47.7,46.54685401916504
05117,46.7,43.625308990478516
10005,43.4,40.33173370361328
37035,37.4,37.42510414123535
48137,44.6,41.277809143066406
23031,35.3,35.40646934509277
48015,39.5,38.71455383300781
46027,24.5,28.316030502319336
54099,46.5,43.78137016296387
39167,41.2,40.56492805480957
51171,38.7,37.752689361572266
30077,35.0,36.18935966491699
48249,37.3,36.97291374206543
51149,34.0,36.47289848327637
05041,52.8,50.279401779174805
54081,47.2,41.14694786071777
04027,35.3,37.16762161254883
20183,40.8,41.04125785827637
22015,39.3,36.219322204589844
21135,,45.57272911071777
21139,,42.273658752441406
21145,,38.23833465576172
21159,,42.97291374206543
06109,36.8,36.44460678100586
33003,35.1,34.41521453857422
36065,36.6,35.23543357849121
21105,,42.93843650817871
16037,40.3,40.31426239013672
05069,50.9,47.06597900390625
05083,44.9,42.5440731048584
51620,45.2,43.87263488769531
42009,,41.909019470214844
39087,42.9,41.49032020568848
33015,34.7,31.232230186462402
51191,40.0,38.7517032623291
48105,37.7,37.553585052490234
37155,45.6,47.77670478820801
