county_fips,per_copd,pred_outcome
17127,10.1,9.774630069732666
27017,6.3,7.7163801193237305
37181,9.2,9.839109420776367
47079,13.8,11.779082775115967
06021,7.8,7.951462030410767
17093,4.7,5.176775932312012
19095,7.4,7.442555665969849
22003,9.9,9.56127119064331
18055,10.9,9.859650135040283
33001,8.6,7.804129123687744
46065,5.4,6.59031867980957
55027,8.0,7.111213207244873
28125,14.2,10.089282989501953
18103,9.8,10.10810375213623
20189,7.9,8.107303142547607
47047,9.7,8.952632427215576
01017,11.3,9.907824993133545
18127,7.9,6.781203746795654
25011,6.0,7.371863126754761
30051,13.1,10.405213356018066
48273,5.9,6.834604024887085
12007,11.8,9.467933654785156
17057,9.6,8.83692979812622
27065,7.8,8.48403263092041
20067,6.9,6.7195305824279785
46035,8.3,7.538556814193726
48011,8.5,7.281432390213013
51740,7.9,8.120139598846436
31147,10.0,8.596220016479492
26037,6.9,6.567316770553589
27159,7.9,8.850328922271729
48171,9.0,8.664046287536621
13137,9.5,8.582335948944092
19155,8.1,7.50190281867981
25019,4.5,4.852935791015625
27027,5.0,5.794164180755615
31177,6.4,6.468454360961914
47165,8.0,7.497008323669434
20031,10.8,8.4237642288208
21211,8.3,7.705209255218506
28111,13.4,10.480193614959717
17053,7.6,8.157080173492432
40127,13.8,12.118762493133545
40105,10.7,10.195996761322021
48209,5.8,5.305170297622681
55063,5.8,5.818599700927734
29039,13.4,11.547438144683838
19189,6.1,6.963467121124268
48369,8.1,7.573248386383057
48329,5.3,5.714693307876587
17201,8.9,7.952194690704346
26151,11.7,10.361175060272217
31127,7.4,7.146372556686401
40059,9.0,8.953895568847656
13123,9.7,10.05928373336792
18005,8.3,7.0788867473602295
18131,10.4,9.985398769378662
26107,10.8,8.887418746948242
28145,9.4,9.181120872497559
36093,6.2,7.0661468505859375
48189,7.9,7.293883562088013
54041,12.9,11.769258499145508
13201,12.2,10.325964450836182
40099,10.1,9.266386985778809
36051,7.4,7.687487363815308
28129,11.4,10.206945419311523
01089,6.4,5.907743453979492
18163,8.0,8.306201696395874
26053,12.3,9.631001949310303
37157,10.6,10.402885437011719
51520,11.4,9.52177906036377
12117,6.2,8.286790370941162
18045,9.3,9.84616231918335
21167,10.8,9.26581621170044
28019,10.4,10.042354106903076
29059,11.8,12.323111534118652
48395,8.5,9.578453063964844
48221,7.5,8.301496982574463
56005,7.6,6.033272981643677
31093,7.1,7.218743562698364
36037,8.8,8.447284698486328
38037,11.3,8.611865043640137
47169,9.4,8.835699081420898
49053,5.8,6.944387197494507
01075,11.2,11.08175802230835
24047,7.8,7.901939868927002
40053,12.0,8.114668846130371
46033,8.4,8.506868600845337
08001,5.5,6.043767929077148
13003,11.2,10.240403652191162
18145,10.4,8.76298713684082
19141,9.2,8.207318544387817
27161,6.2,7.422170400619507
29063,8.9,8.717645168304443
48437,9.2,9.767107009887695
53063,6.5,6.25724983215332
13023,8.6,8.495621681213379
29123,9.8,10.118743896484375
19063,8.4,8.332353591918945
38073,7.3,7.4004011154174805
48315,11.4,11.171122074127197
01061,11.0,11.012074947357178
19159,9.0,8.312942743301392
27091,7.4,8.537454843521118
31045,6.4,6.678032875061035
36009,9.3,9.109901905059814
05011,10.9,10.29018497467041
13113,5.7,6.060619592666626
19081,7.1,7.793492794036865
27039,5.1,5.860068321228027
46069,6.9,7.7433881759643555
48063,9.3,9.389143466949463
48335,7.8,7.572834730148315
05059,10.1,10.335772514343262
31157,7.1,7.802740812301636
37137,10.3,9.161420345306396
20065,9.6,8.925360679626465
48045,13.9,10.95665454864502
08023,9.6,9.667863368988037
22067,12.3,12.008054733276367
37175,8.1,8.604331493377686
39153,7.8,8.023893117904663
04013,6.3,5.87696385383606
17165,9.6,9.633776664733887
26025,9.8,8.989924430847168
18113,8.3,8.817464351654053
35051,11.1,9.755647659301758
48373,10.2,10.245854377746582
01033,9.3,9.593452453613281
19115,9.0,7.878113746643066
26065,6.2,5.8416361808776855
39171,11.0,9.555434703826904
27025,5.9,6.477313041687012
56011,8.8,7.479120254516602
48103,7.0,6.171943187713623
33019,8.8,7.791232585906982
42117,10.3,9.563253402709961
42119,8.3,7.742273807525635
48069,7.6,8.004476070404053
21063,14.5,14.102778434753418
35003,13.7,10.898659229278564
22081,12.0,11.564128875732422
17117,9.6,9.299452781677246
47069,11.1,10.635199546813965
24025,5.6,5.668618440628052
31117,8.8,8.49098539352417
51595,10.9,10.167754173278809
19109,8.2,8.043340682983398
46021,8.5,7.528528451919556
19099,6.8,7.555338382720947
19117,10.5,9.5867338180542
55015,6.2,5.388220548629761
18091,9.8,8.622354984283447
19193,7.3,6.886795520782471
26067,8.3,8.348786354064941
48123,9.1,9.476927757263184
37037,8.6,7.621362209320068
48325,6.7,7.578593730926514
21165,14.4,14.996207237243652
55055,6.3,6.195852756500244
26117,8.8,9.289357662200928
26123,10.2,9.534373760223389
26149,11.1,9.34969186782837
48079,10.1,9.534245491027832
26023,10.9,9.757899761199951
37147,6.6,6.669717311859131
37151,10.1,9.10138988494873
20011,10.1,8.926533699035645
48075,8.3,7.488541603088379
48105,7.5,8.289298295974731
37069,8.3,7.834665536880493
20115,8.0,7.666325569152832
17061,9.6,9.333841323852539
48131,6.3,8.518043041229248
21025,14.2,14.179495811462402
46125,6.5,7.352916479110718
47005,12.6,12.473724842071533
45011,9.9,10.781561851501465
48013,7.0,7.548814535140991
48017,6.8,7.018872976303101
42021,9.7,9.258948802947998
47067,17.8,14.731375217437744
47073,11.2,11.611762046813965
45039,11.5,10.19256067276001
51760,7.1,6.184199333190918
27079,7.6,6.588530778884888
48255,7.2,7.887196063995361
31003,6.8,8.259671688079834
29007,11.9,10.05565595626831
48035,11.4,10.045077800750732
48047,7.3,9.384655475616455
55107,10.3,8.884065628051758
51065,8.5,7.189451456069946
55131,6.6,5.89303731918335
27103,5.8,5.751290321350098
27117,7.7,8.266402006149292
27129,7.9,7.935143947601318
51111,11.4,10.722776889801025
51115,9.5,8.668538093566895
01057,12.1,11.046460628509521
42055,8.3,8.24153208732605
28049,9.1,7.442044019699097
18095,9.9,9.254775047302246
48177,8.6,9.026610374450684
16067,7.9,8.307223320007324
42085,8.8,9.148472785949707
29113,8.1,8.47811222076416
26093,7.2,6.394607305526733
26143,11.8,11.25439453125
36005,6.9,7.037064552307129
39021,10.5,9.350783824920654
26161,5.4,5.306481599807739
31135,8.0,7.590826749801636
27151,7.4,8.12553596496582
38063,8.4,7.718997001647949
35047,6.5,7.653640270233154
29181,12.1,13.450988292694092
20173,6.4,7.10871958732605
13001,10.2,10.654727935791016
19021,6.9,6.66258430480957
17137,8.5,8.375388145446777
29229,12.1,12.935378551483154
17075,9.2,9.170146942138672
48271,8.4,8.942393779754639
17095,9.3,8.606688499450684
20041,8.3,7.874196767807007
13237,11.0,9.410738945007324
13165,12.3,11.631472110748291
48507,7.4,8.385765790939331
39041,5.8,5.460149049758911
13255,9.5,9.156171321868896
13005,10.9,9.839601993560791
16003,10.1,9.503923892974854
48413,8.1,9.528666496276855
29147,9.2,7.383308410644531
31001,6.9,6.768480539321899
31005,7.6,8.055973529815674
48279,8.6,9.190613269805908
48275,9.7,9.27868127822876
48345,9.3,9.456158638000488
29115,12.1,10.136933326721191
13085,7.4,7.4138243198394775
05037,10.7,10.563742637634277
55113,8.5,9.013555526733398
55129,8.2,8.199177265167236
42019,6.2,6.637224435806274
36013,8.4,9.340351104736328
29079,11.9,10.559524536132812
48281,9.3,8.154262065887451
48057,6.9,8.10250997543335
16065,4.7,5.616493225097656
19069,8.5,8.369904518127441
16007,7.8,8.495896816253662
19079,7.5,6.928401231765747
01101,8.3,6.9424521923065186
13043,12.1,10.577724933624268
13051,6.6,6.68951940536499
19137,8.9,8.865009307861328
48385,13.1,11.722687244415283
08115,11.9,9.116552829742432
19161,7.3,7.79416823387146
48399,8.1,8.695884227752686
13119,10.0,10.038357257843018
12049,11.0,10.41431999206543
13147,9.1,9.523227214813232
39033,12.4,11.087993621826172
13199,10.9,10.499579429626465
34033,6.4,7.865276336669922
38083,9.1,8.523769855499268
05063,10.8,9.699824333190918
31043,7.0,7.132668733596802
51590,11.9,10.860232830047607
51640,11.8,10.283838272094727
51660,6.1,6.596843242645264
18049,11.3,9.607129573822021
39105,13.8,13.046367645263672
54045,15.5,13.431421756744385
54013,16.5,15.058304786682129
28053,13.6,11.364686012268066
29025,11.0,10.567452430725098
37133,5.6,6.0691237449646
54091,13.4,11.004484176635742
12121,11.6,10.193725109100342
53045,8.3,8.76589822769165
50003,7.6,7.726795196533203
54093,11.5,9.951982498168945
32027,7.5,8.546454429626465
32510,8.7,7.42250394821167
19131,7.7,7.28456974029541
13229,10.1,9.528962135314941
37061,9.7,9.598650455474854
37127,8.7,8.115071535110474
13211,7.8,7.686152696609497
18035,10.1,9.288663387298584
20185,8.6,8.231640815734863
26035,11.9,11.757544994354248
08017,7.3,7.439926385879517
26007,10.7,10.225389003753662
26011,11.7,10.812488555908203
20051,6.2,6.2167346477508545
20165,9.3,8.589795112609863
26157,11.8,9.779069423675537
18009,11.9,11.109518051147461
46101,6.9,7.523604154586792
01071,12.0,10.728458881378174
18011,6.8,5.657519102096558
18133,8.8,8.41443681716919
18159,9.1,8.329388618469238
40021,10.4,8.59597396850586
46029,7.3,7.1368749141693115
27087,10.0,10.787347316741943
20171,9.2,7.312195777893066
55025,4.6,5.109251022338867
13197,11.2,9.951182842254639
26095,12.0,10.270248889923096
29013,9.8,10.80610704421997
55121,7.1,6.844409227371216
51650,6.8,6.924259901046753
48301,5.7,10.018612384796143
40015,10.7,10.412636280059814
08019,5.4,5.824269771575928
08027,9.1,8.349913597106934
08005,5.3,5.040704965591431
48431,6.3,7.00014328956604
48485,7.7,7.15812349319458
48261,14.4,9.982189655303955
48263,8.6,7.518158435821533
48259,5.7,6.5278778076171875
37113,10.0,9.650461196899414
40049,10.3,9.952886581420898
48449,8.8,8.996375560760498
31067,9.1,8.021682500839233
40109,7.3,6.833646535873413
36001,5.1,6.05585241317749
40005,11.6,10.665305137634277
40019,9.1,8.944727420806885
48287,9.7,9.119180679321289
51079,8.3,7.263800144195557
28061,10.4,10.060336112976074
28085,10.1,9.32248067855835
28041,9.1,8.937159538269043
54109,16.2,15.036477088928223
38023,8.4,7.9544360637664795
21153,17.0,16.01180362701416
48375,9.3,8.233007669448853
13053,5.0,5.8834943771362305
19053,7.4,8.326128005981445
31095,9.0,8.512322902679443
51179,5.2,4.637251853942871
37117,12.0,10.45398759841919
22007,11.3,10.362847328186035
31167,7.5,6.75050687789917
29141,12.4,12.925538063049316
48401,7.6,8.69924259185791
04003,9.3,7.924950361251831
29137,11.6,10.811511993408203
21213,9.9,9.332627773284912
05121,12.4,11.760775089263916
28003,10.4,9.918652534484863
48421,7.6,8.030709505081177
18179,9.6,8.675846099853516
18125,10.5,9.753503799438477
26165,10.2,9.196659088134766
31183,8.6,8.218828201293945
48475,7.3,7.040226936340332
51840,8.0,6.542030096054077
35028,3.6,4.865727186203003
18061,9.7,8.76918077468872
27009,5.1,6.690861701965332
31137,6.3,6.986395597457886
40111,11.5,9.741463661193848
05061,8.6,9.77415657043457
31163,9.7,7.851278781890869
19005,8.5,8.64518690109253
13143,8.5,8.782951831817627
24015,7.9,7.354918479919434
31105,9.8,9.374433040618896
05019,9.1,8.117990016937256
13177,7.0,5.7405781745910645
18183,8.6,8.688163757324219
28037,10.5,10.486662864685059
46107,7.8,7.621111631393433
48493,6.9,7.2745561599731445
51600,5.1,4.2919827699661255
28091,11.0,10.934705257415771
05111,12.9,11.394185543060303
12091,7.0,8.703805446624756
13007,12.7,11.121129512786865
40119,7.6,6.717895746231079
48087,9.6,9.422208309173584
48099,7.2,6.7202308177948
17037,6.2,6.440702676773071
48149,8.0,9.167852401733398
42015,9.0,9.244840145111084
46061,6.8,6.867138862609863
46073,8.2,7.987431049346924
47101,14.0,12.417330265045166
51049,9.1,9.037901878356934
48307,10.1,9.24836254119873
20071,6.8,7.1721251010894775
38013,6.9,6.547036170959473
47171,13.0,11.571762561798096
12119,11.1,8.997895240783691
19147,7.5,7.412717819213867
27041,7.5,7.200093746185303
20055,6.8,6.769521474838257
48467,10.1,9.32829236984253
51820,7.9,7.991003513336182
29175,9.4,8.983806133270264
18105,6.4,6.1257593631744385
19107,8.6,8.38991641998291
28127,10.6,9.797972679138184
12005,8.6,9.382543802261353
34023,4.5,4.8563392162323
01013,10.9,10.628874778747559
18081,7.8,7.096408367156982
29055,12.1,11.64653730392456
40073,8.8,8.264820575714111
48225,10.5,10.660759449005127
17045,9.9,9.056731700897217
51117,10.9,9.775700569152832
05133,9.0,9.401656150817871
26163,9.1,8.75886583328247
48071,6.8,6.417474746704102
05083,11.8,10.33862018585205
20081,7.9,8.081607580184937
17155,7.2,7.651485204696655
42113,11.9,9.545815467834473
48251,8.1,7.547088861465454
42013,10.2,9.261195182800293
46089,8.5,8.830958366394043
13191,12.9,9.996233940124512
20005,8.3,8.224958896636963
46027,5.5,5.339522361755371
48205,6.6,7.298748970031738
08035,4.6,4.075652360916138
19025,8.3,7.748893737792969
31069,10.4,7.9166460037231445
20157,9.3,8.345447540283203
55087,6.7,5.841911554336548
31081,6.7,6.826951742172241
18137,9.8,9.14322280883789
13285,8.3,7.996805191040039
21191,12.2,11.362704277038574
46007,9.3,10.713631629943848
31153,5.1,4.991834878921509
35031,11.4,10.00726842880249
17151,10.1,10.396045207977295
17177,9.0,8.731856346130371
18085,8.7,8.578643321990967
21175,12.5,12.200973987579346
37125,7.6,7.428186655044556
37159,9.2,8.741766452789307
13157,7.9,7.082012414932251
51007,9.7,8.815187454223633
39103,9.4,6.820887327194214
13283,12.2,11.76962661743164
27145,6.5,6.283935546875
13209,10.6,9.097358226776123
41071,6.9,6.739590644836426
39125,11.4,9.627564430236816
20141,9.1,8.906030178070068
17089,5.4,5.717168092727661
19031,7.0,7.473353385925293
20027,9.7,7.662902355194092
55001,10.6,9.273041725158691
20179,7.2,7.848007440567017
51830,6.4,5.41904354095459
40011,10.5,8.814330101013184
48151,10.3,8.984439849853516
48253,9.2,8.356683731079102
48173,5.6,6.417474985122681
40001,12.1,11.937079906463623
48231,7.9,8.15727186203003
48471,8.2,7.630247354507446
40147,11.0,8.461883544921875
55137,9.6,9.294536590576172
08003,6.2,6.936012506484985
13253,11.1,10.379403114318848
01133,11.6,11.428276538848877
48219,8.3,7.358045816421509
31129,7.9,8.16122841835022
13081,9.9,10.440168857574463
31047,8.0,7.452723979949951
06091,9.3,8.987249851226807
28075,9.8,9.297983646392822
47085,13.9,10.474731922149658
51800,6.6,6.181676626205444
29199,11.5,10.170379161834717
48235,7.8,8.740250587463379
17129,7.5,7.566238880157471
13045,7.1,7.344795227050781
19181,7.3,5.978478908538818
17199,8.0,7.816012382507324
13171,9.0,8.357304096221924
51510,4.1,4.319664239883423
31053,7.5,7.3141021728515625
05097,12.7,12.153879165649414
19001,8.0,8.237359046936035
29129,11.3,10.031200885772705
31099,8.1,6.978971004486084
28051,12.1,11.14874792098999
51580,9.3,9.67638349533081
13173,12.3,9.42638349533081
13075,10.1,9.434432983398438
47051,11.4,9.724132061004639
48181,9.3,8.572381496429443
55133,5.7,5.3548338413238525
29053,9.7,8.256886005401611
51159,11.8,9.121455669403076
17077,8.0,7.172256708145142
29125,12.0,10.80027151107788
22111,11.2,11.047945499420166
31119,6.9,6.744482755661011
26073,7.9,7.958201885223389
39075,12.6,10.64940357208252
20191,8.7,8.3618803024292
19033,8.2,7.440939664840698
20079,7.4,7.205676317214966
40047,8.6,7.6650495529174805
25003,8.5,7.407053470611572
27107,6.8,7.531748533248901
31169,8.9,8.052866458892822
37021,6.6,7.100940704345703
12055,12.5,9.790489196777344
48081,12.3,9.84446382522583
31145,6.5,7.7976696491241455
37169,10.0,9.425681114196777
54019,14.5,11.800750255584717
37145,10.4,9.598780155181885
39063,8.6,7.732608318328857
22093,8.9,8.894676208496094
46003,7.1,7.222381830215454
20131,7.0,7.132301330566406
48199,8.5,8.717034816741943
27011,9.4,8.322418689727783
20083,7.8,7.383273601531982
31097,6.3,7.590834379196167
16021,9.0,9.790348529815674
27023,7.2,7.999858617782593
47137,16.5,13.09061861038208
48153,10.0,8.919461250305176
47147,8.7,8.463874340057373
56031,10.1,8.452388286590576
51103,10.3,9.049553394317627
29077,6.9,7.566362380981445
39007,11.2,11.53673267364502
37197,10.8,10.087308406829834
08063,7.9,7.437753200531006
40097,11.1,10.36768913269043
39093,9.7,8.459067344665527
08075,8.2,8.031773567199707
20193,7.2,7.334780693054199
51685,6.0,5.660209894180298
39111,12.8,12.258354663848877
13047,7.9,8.115509510040283
12019,7.5,8.57600474357605
17187,9.0,8.051775932312012
18003,8.4,7.374431371688843
48267,11.0,9.167872905731201
48389,7.1,6.92776346206665
40029,12.7,11.610092639923096
47055,11.6,10.290265083312988
28005,13.6,11.865940570831299
48359,8.1,7.4793620109558105
45087,11.8,11.036299228668213
26055,7.5,6.684413909912109
47033,11.7,10.054068088531494
21083,10.8,10.41305685043335
55065,7.9,7.488687515258789
55099,9.3,9.358134269714355
17005,9.3,8.301387310028076
18101,11.6,9.738704681396484
08047,6.8,5.908454418182373
26027,10.2,8.901969909667969
28137,8.7,8.967633247375488
20029,9.0,8.081310033798218
21197,11.1,11.423414707183838
19177,9.0,10.237985134124756
28163,9.9,9.428003311157227
48425,6.8,7.820479393005371
20125,11.1,9.346835613250732
30107,10.2,10.082077503204346
55017,7.1,6.853218078613281
06005,8.3,8.54486608505249
48341,8.4,6.934184551239014
47003,9.9,8.861589431762695
18107,11.4,8.663900375366211
13261,9.2,8.603970527648926
29185,12.1,12.724011898040771
28039,9.9,9.012978076934814
55105,6.9,7.1838767528533936
21215,9.6,7.622014045715332
39003,11.0,9.02178430557251
20129,8.4,8.72862958908081
28031,10.6,9.930914878845215
39107,10.0,8.014129877090454
27131,5.8,6.064306974411011
48283,6.8,8.234764814376831
20045,5.9,5.189020156860352
48393,8.8,7.751513481140137
13189,9.6,9.267807006835938
29075,10.8,10.3749361038208
47071,11.5,11.749831199645996
31037,7.4,6.334767818450928
47159,10.4,9.903775215148926
05053,8.8,9.351686000823975
16075,9.6,8.429546356201172
17103,8.8,7.964402914047241
46071,10.6,11.809347152709961
47059,12.4,11.478970050811768
27099,7.3,7.625399827957153
31013,6.9,7.61630916595459
48139,6.2,6.400676250457764
08079,8.6,6.835052490234375
40043,10.1,9.181199073791504
48297,9.3,10.540038108825684
13309,11.8,9.48801040649414
19101,8.8,7.437009572982788
08125,8.6,8.293238162994385
29217,10.3,10.790392875671387
50013,6.8,6.743676662445068
17171,7.8,8.622706890106201
26135,13.6,11.821154594421387
20123,8.8,8.006197214126587
45063,6.7,7.303709268569946
48357,6.9,7.052791357040405
13187,7.8,7.721482276916504
31185,6.2,6.9996044635772705
27147,6.3,6.661987543106079
18171,9.5,8.762616634368896
48303,6.0,6.31012225151062
20137,7.9,8.19612455368042
48371,6.7,6.9386937618255615
51135,10.5,9.984493732452393
13057,7.4,5.420921325683594
37025,6.2,5.747767448425293
31057,7.7,7.310811758041382
19165,8.6,7.769081354141235
29510,7.9,7.391896486282349
20139,9.1,8.76166296005249
20003,9.3,10.108049392700195
39159,5.4,6.326902151107788
31085,10.6,8.13479232788086
21071,12.8,15.148635387420654
13297,8.8,7.597504138946533
46017,11.3,10.823709964752197
19065,9.1,8.378759860992432
39047,12.7,11.044057369232178
37081,6.4,6.118823528289795
54085,16.4,13.444245338439941
13299,10.9,9.568447589874268
26001,13.3,10.55098295211792
37033,10.7,9.68655776977539
48007,10.2,9.939698696136475
41055,9.5,9.112281322479248
05105,10.3,10.412820816040039
08089,10.5,8.77488374710083
13097,7.2,6.0657799243927
40125,9.9,8.843105792999268
28035,7.5,7.265395164489746
37071,8.5,7.808115482330322
08087,6.6,7.775627851486206
42123,9.7,9.5191969871521
48143,8.0,7.109394788742065
17157,8.7,9.047726154327393
27073,8.1,7.68250584602356
48111,7.7,8.138191223144531
21163,9.4,9.32179069519043
51139,10.4,9.68470287322998
51125,10.1,8.813206195831299
31075,7.2,7.510347127914429
48175,8.9,8.927454471588135
40081,10.5,9.604800701141357
13301,10.9,11.21726655960083
28161,11.5,10.677802085876465
17059,11.0,11.584134101867676
08103,6.9,7.491102457046509
28079,11.7,10.13923168182373
18023,9.5,8.67524766921997
27085,6.7,7.146569013595581
19027,7.6,7.2291600704193115
21121,13.9,14.658478260040283
13055,11.3,10.662424564361572
18029,8.0,8.432921886444092
22123,12.0,11.201272964477539
34041,5.8,6.765291929244995
36007,7.1,8.114375591278076
38077,7.2,6.222914218902588
38005,10.6,9.085118770599365
08109,10.2,8.947364330291748
13235,10.5,10.447977066040039
18117,10.2,11.05882215499878
19197,9.4,7.598492622375488
20087,7.0,6.998789072036743
21001,11.6,10.882731437683105
27149,6.0,6.145465135574341
28101,10.5,9.57548999786377
26057,7.5,9.069135189056396
31101,8.4,8.436869144439697
21019,11.2,10.781074523925781
39137,8.6,7.374981880187988
45041,7.8,8.282679080963135
48407,10.4,10.435587406158447
54049,11.5,9.135322570800781
53051,8.9,8.737237930297852
31133,10.2,10.30517578125
19163,6.5,6.568392753601074
21079,12.9,10.356952667236328
13265,11.3,10.950997829437256
48211,7.5,7.295639276504517
27089,7.4,7.344213485717773
51121,6.2,5.38639235496521
16081,5.7,5.532734394073486
17013,7.7,8.50260591506958
20035,8.6,8.174577951431274
23023,8.2,7.756446123123169
28047,8.5,8.160546779632568
28139,9.8,10.045843601226807
51113,9.4,8.582427024841309
51107,4.3,3.966823697090149
56009,8.4,8.052634954452515
21017,11.7,9.486660480499268
21007,12.4,10.882303714752197
18059,7.9,7.018722057342529
13213,9.8,9.242949485778809
39011,8.9,8.056288242340088
28025,10.6,9.715846061706543
18093,11.1,9.491068363189697
20057,7.0,6.472940921783447
21209,7.7,6.543603181838989
22059,9.4,9.101487636566162
28089,6.1,5.9049882888793945
31077,7.4,8.105700969696045
36053,7.1,7.67093825340271
21139,10.9,11.38149118423462
40055,9.8,9.592531204223633
46055,8.0,8.587544441223145
48293,12.0,10.60167932510376
51775,6.5,7.181534051895142
50007,6.4,5.311344385147095
55125,8.9,8.130283832550049
31181,8.2,7.626626968383789
31011,7.8,7.631321907043457
32009,10.9,10.58828067779541
20161,5.6,5.19973349571228
13271,11.1,11.2358078956604
48331,8.9,9.722569942474365
51155,9.6,9.160730361938477
16031,6.6,7.287934303283691
17033,7.9,8.431029319763184
49007,8.2,7.770328760147095
08113,5.7,5.5604777336120605
13149,10.4,9.783908367156982
18077,9.8,9.354342937469482
20199,8.4,7.939655065536499
26031,12.1,9.743683338165283
28141,10.2,11.735154151916504
29031,8.5,7.834835529327393
36117,7.3,8.474846363067627
40071,9.2,9.209147453308105
39015,12.3,11.198390483856201
54095,12.7,10.970202922821045
01109,7.2,8.039606094360352
05001,11.1,9.921151161193848
08015,8.6,7.2376298904418945
37051,6.3,6.182891368865967
34031,6.0,6.197433948516846
17189,7.3,7.430555105209351
18069,9.0,8.69273328781128
26039,11.9,9.625545024871826
27001,8.3,9.43465518951416
31151,7.9,7.4266438484191895
20101,8.8,7.759778022766113
46095,11.0,12.151999950408936
47187,5.7,5.867337226867676
51143,11.2,10.285836696624756
51187,9.0,7.8487067222595215
13009,8.5,7.674841642379761
29163,11.3,10.141401767730713
36057,9.9,9.0831618309021
37101,7.7,7.047310829162598
20069,7.0,7.407420873641968
39091,11.0,9.647916316986084
56021,6.9,6.020757675170898
21091,10.1,10.105930805206299
27157,6.2,7.2564263343811035
27163,3.7,4.8665173053741455
30011,9.2,9.446758270263672
36011,9.5,8.634679317474365
45083,7.0,7.84434700012207
39087,11.7,11.37685251235962
55037,10.9,8.457709312438965
13091,9.1,9.923388004302979
17167,6.9,6.784116506576538
19077,7.1,7.759245872497559
21217,10.8,9.935997486114502
22039,12.9,11.906829833984375
31035,7.9,7.507885217666626
35019,6.9,8.465233325958252
51710,6.8,5.960909843444824
48459,11.0,9.875066757202148
48441,7.2,6.706889629364014
53001,7.5,7.767688989639282
53043,8.9,8.055943489074707
55013,9.2,8.52133560180664
56015,7.5,7.538168430328369
53015,7.7,7.944715738296509
17139,7.4,8.44385814666748
35059,10.1,9.621807098388672
37129,5.9,6.577469348907471
13011,10.3,8.894358158111572
54059,16.4,15.3181734085083
48355,6.9,6.732183933258057
05081,9.7,9.639317035675049
19173,9.0,8.189735412597656
20187,8.1,9.266167163848877
24013,6.5,5.798020839691162
28109,9.4,9.761919498443604
29197,8.9,10.689975261688232
30041,8.2,7.468579053878784
12123,12.4,9.974437236785889
37095,12.4,10.576325416564941
01055,10.4,9.072102546691895
05141,14.0,12.4551100730896
08101,6.9,7.317813158035278
18065,10.4,9.246169090270996
21169,12.5,12.777433395385742
24510,6.9,6.700697660446167
23019,8.5,8.245010375976562
28043,10.7,8.942768096923828
28107,11.5,9.587920665740967
37027,9.5,9.067042350769043
47023,12.0,9.909278869628906
48091,6.6,6.346254825592041
51145,7.4,6.638430118560791
40057,9.2,9.698551177978516
42105,9.7,10.198239803314209
05149,11.5,9.832340717315674
05137,13.6,12.862872123718262
34013,4.9,5.4458253383636475
18031,8.7,8.536722660064697
20047,8.8,8.657172679901123
27005,6.8,7.544667959213257
29219,9.5,9.088184833526611
29223,13.0,14.060621738433838
18129,8.1,7.9258952140808105
19185,10.2,10.531718730926514
24005,6.7,5.664454221725464
27045,8.5,7.691664934158325
30057,7.7,8.027719259262085
47115,10.8,11.28022289276123
56033,7.3,7.1642115116119385
06103,8.2,8.578431606292725
12111,9.3,7.452276945114136
13223,6.8,5.873433589935303
20169,8.2,7.265099048614502
20203,8.1,8.255892753601074
21187,11.6,11.210299015045166
30101,8.0,7.434039831161499
31089,8.6,7.232136249542236
40153,9.2,7.701199531555176
47037,7.6,6.602216958999634
48187,6.0,6.219496488571167
51157,9.7,8.227828979492188
54083,11.8,11.297863006591797
53073,6.9,6.100059986114502
29085,14.8,12.989301204681396
41031,7.9,8.30989694595337
48179,9.4,8.797961711883545
49033,6.1,7.490981101989746
49001,6.3,6.603085041046143
51735,6.5,5.8890061378479
55073,6.6,6.387401103973389
28099,11.9,10.596991539001465
35006,9.2,9.894954681396484
08021,7.5,8.2467942237854
20113,7.3,7.1291985511779785
27119,6.5,6.8583619594573975
38075,7.3,6.608782052993774
46137,10.1,10.978741645812988
47121,10.8,11.695912837982178
51610,4.4,4.104449033737183
01023,12.5,10.9563627243042
08095,8.9,7.818002462387085
35023,7.8,9.207886219024658
01111,10.6,10.309540271759033
12009,8.4,6.890722990036011
13181,9.7,10.517976760864258
20119,8.7,7.995962619781494
21147,15.3,14.985052108764648
28059,7.6,7.804044961929321
40025,7.7,8.710255146026611
38103,8.2,7.496810436248779
21051,14.9,14.142409801483154
37007,9.9,9.98945951461792
19007,9.8,10.381035804748535
21205,10.9,9.96703577041626
22017,8.9,9.128816604614258
21065,14.6,14.559052467346191
16045,7.8,8.84473180770874
19187,6.7,7.5931196212768555
13259,9.2,8.63262128829956
13245,8.2,7.5621747970581055
21085,13.1,13.057277202606201
31015,8.6,8.796831130981445
04023,6.5,8.122185230255127
10005,9.0,8.362537384033203
16041,7.3,7.74541711807251
20033,8.0,7.84971284866333
23027,9.3,8.566680908203125
26019,10.1,8.076972246170044
36047,5.6,5.864861965179443
41009,8.6,7.600688695907593
01031,8.2,8.334946632385254
48141,5.2,6.508950710296631
56045,8.7,9.168500423431396
01073,7.4,6.899486541748047
06085,4.1,3.7339247465133667
16013,6.2,6.287597179412842
37059,8.9,8.251203536987305
21201,14.9,13.165199756622314
27143,7.0,7.3960161209106445
31041,8.0,7.93790340423584
28083,12.2,9.848009586334229
35001,5.6,6.375485897064209
39059,12.8,11.622482299804688
42121,10.3,9.570495128631592
47179,10.8,8.063380718231201
55085,7.0,7.52065896987915
51045,10.6,8.648595333099365
51033,8.7,7.5168681144714355
53067,5.4,5.99152398109436
42107,9.8,8.781741619110107
19153,6.5,5.595412254333496
26085,13.2,11.921547889709473
37017,10.5,9.824934482574463
12023,11.2,10.048423767089844
13103,6.2,6.487827301025391
21231,16.1,13.113597869873047
21069,13.2,11.771207809448242
47095,13.0,11.584654331207275
47153,14.3,11.8617525100708
47053,11.5,9.574251651763916
19045,7.8,8.353345394134521
48119,8.6,8.809212684631348
48129,10.4,9.441762447357178
48239,9.7,8.959771156311035
26109,10.5,8.887844562530518
38069,7.3,7.680669784545898
30075,9.7,8.286529541015625
13321,10.2,10.259612560272217
42071,7.3,7.393787384033203
29069,12.2,11.772139072418213
01051,7.6,7.574052810668945
13319,11.0,10.245275497436523
05123,11.0,11.644465446472168
13025,11.4,10.28069543838501
19029,9.1,9.029572010040283
27047,8.6,8.48146915435791
27141,5.2,5.682875871658325
06059,5.1,4.821367263793945
13251,10.8,9.460865020751953
13083,8.1,9.106064319610596
26121,10.1,8.027806997299194
39079,12.7,11.610662937164307
48117,8.3,6.607075214385986
48433,10.4,9.004428386688232
36065,8.0,8.397356033325195
37043,10.5,9.1330246925354
36041,11.7,9.886009693145752
36033,9.5,9.589218139648438
51031,8.7,8.084820747375488
40095,10.7,10.641516208648682
40079,12.2,10.671801090240479
45007,8.5,8.312278270721436
46057,6.0,6.565760135650635
45037,9.4,8.766450881958008
56023,7.5,7.327930927276611
41003,5.6,5.31546425819397
21151,8.6,7.370458126068115
42131,10.4,8.327035903930664
17191,8.8,9.909043312072754
51191,10.8,9.10273265838623
38043,8.0,8.410842418670654
54011,11.8,9.42140817642212
54073,12.1,9.52586555480957
49029,5.5,5.129764080047607
27057,7.4,7.838149547576904
17007,7.6,6.67699122428894
18057,5.1,5.304361343383789
48403,12.5,10.968558311462402
05117,11.1,10.272294998168945
08041,5.6,5.282394647598267
17091,7.6,8.10125994682312
21045,17.4,14.035121440887451
32029,8.4,8.20831298828125
39143,10.3,9.370611667633057
47117,11.4,9.907185077667236
48213,10.5,9.887212753295898
34037,6.1,5.951111078262329
05041,13.1,12.472172260284424
12073,6.5,8.540722370147705
12113,8.4,8.943251609802246
53061,5.2,5.154381513595581
39145,12.1,12.365458488464355
18015,9.5,9.075758457183838
29151,7.7,7.95019006729126
29011,12.9,10.9837965965271
35029,10.0,9.573840141296387
35041,7.0,7.4454874992370605
12061,10.4,7.081418991088867
48503,9.4,9.059690475463867
39081,10.9,10.798035621643066
31155,6.4,6.408517360687256
06057,9.6,7.510008811950684
29015,13.1,11.814266204833984
08031,5.3,4.519820928573608
29133,13.2,11.96981143951416
31031,9.1,7.002478122711182
26009,8.8,8.191686153411865
28095,10.6,9.869804859161377
29221,10.9,11.842011451721191
18079,9.9,9.56444263458252
12089,8.3,9.014595985412598
55049,6.5,6.4300713539123535
51101,8.5,7.400287866592407
12099,9.1,9.061562538146973
31109,5.7,5.312518119812012
28155,9.8,9.53858995437622
51540,7.0,5.295032978057861
13127,7.9,7.8098485469818115
01121,10.3,9.506184577941895
21155,11.8,11.75552225112915
51075,7.0,6.600419998168945
53011,5.1,6.00894832611084
56013,8.6,8.162476062774658
18173,7.3,6.992594957351685
20153,9.7,8.730568408966064
19129,7.7,6.839603424072266
13161,12.3,10.034707069396973
48197,9.7,9.574194431304932
42133,6.5,7.003714084625244
48479,4.4,6.330590486526489
26159,11.4,8.586931705474854
51095,7.8,6.608006238937378
37105,9.2,8.14940071105957
41059,8.1,7.641431093215942
29093,12.1,12.111216068267822
28057,9.7,9.384512424468994
18007,11.8,9.721775531768799
21057,15.1,13.65315866470337
27031,6.6,7.489702224731445
35007,8.4,8.682278156280518
37055,7.2,6.70912766456604
01043,10.8,9.406503200531006
13273,12.3,11.724254131317139
56041,8.1,7.3189802169799805
18143,12.5,10.997595310211182
31073,6.9,7.19214653968811
17009,7.6,7.647538423538208
36015,9.0,8.934442043304443
01035,11.7,10.843374729156494
20195,8.5,7.77283239364624
48337,9.1,9.885753154754639
05119,7.5,7.669288396835327
28143,11.5,9.183259963989258
50015,7.2,6.304701805114746
19127,7.5,7.267026424407959
38089,6.6,5.811057806015015
05113,11.3,11.383007049560547
18053,10.3,10.001036167144775
08077,7.0,6.740296125411987
01015,9.1,9.063113689422607
12125,9.9,9.949553489685059
21011,10.1,11.782783508300781
27121,7.6,7.3539018630981445
18181,10.1,8.913798809051514
31019,7.1,5.650843381881714
46067,6.6,7.495142221450806
48125,9.9,10.354660034179688
55135,7.4,7.4565300941467285
19135,6.9,8.062257289886475
21021,9.7,8.513808727264404
26087,10.1,8.481059551239014
31171,7.7,7.5409605503082275
48067,10.8,10.860133171081543
51195,11.3,10.351442337036133
51023,9.1,8.160710096359253
49027,6.8,7.047203063964844
19083,8.3,7.651185035705566
39121,13.4,11.803454399108887
17149,8.9,9.607588768005371
39135,10.9,9.462789535522461
48443,6.5,8.209750652313232
17195,7.5,8.003673553466797
17015,8.4,8.309284925460815
19057,7.9,9.028010845184326
20117,9.3,8.263347625732422
48215,7.2,6.689588308334351
40031,7.8,7.100951433181763
34003,4.8,5.1092445850372314
40143,7.7,6.861846923828125
39013,11.0,10.031076908111572
23021,11.2,10.918671131134033
54069,9.1,8.35838508605957
17003,11.5,12.008354663848877
51017,12.2,11.039894104003906
12017,11.6,9.824604034423828
18083,9.8,9.385817527770996
20021,9.8,9.084478855133057
28045,11.0,8.765073776245117
01019,10.0,10.668074607849121
18051,10.9,8.52671480178833
18167,8.8,8.651302814483643
39025,9.3,8.161877632141113
13195,10.5,9.131156921386719
51197,8.9,10.620963096618652
29161,8.9,7.729974031448364
51620,9.7,8.78916072845459
20013,8.4,9.27921438217163
01127,12.4,10.452575206756592
28159,10.7,10.66609811782837
30091,7.3,7.975431680679321
08069,4.5,4.998617887496948
54039,11.9,9.003912925720215
05093,10.9,9.534453392028809
17133,6.1,6.834360122680664
25015,6.3,5.732277870178223
36035,9.7,10.070948600769043
54015,15.1,15.52584457397461
51630,6.7,5.473561525344849
40039,7.4,6.710264682769775
48313,8.5,8.493651866912842
31125,8.1,8.528462409973145
28077,12.1,9.882260799407959
13069,9.9,8.910423755645752
20015,6.9,6.473757982254028
17029,8.3,8.764905452728271
26059,10.5,9.824196815490723
37099,7.9,8.178133964538574
47103,10.4,9.669747352600098
42125,8.1,7.412322044372559
01085,12.0,11.173869132995605
37067,6.8,6.9291911125183105
17175,8.5,9.355919361114502
20205,8.8,9.588398456573486
21229,11.0,9.78757619857788
30105,8.1,8.167307615280151
39051,11.3,8.765737056732178
13065,12.5,11.263422966003418
55127,6.0,6.375790119171143
32019,9.0,9.028470993041992
28015,13.6,10.292966842651367
12063,12.0,10.096849918365479
13067,4.4,4.788306951522827
06003,7.1,7.62489914894104
19041,7.2,7.6670403480529785
22089,7.5,6.897905349731445
46117,6.9,6.696626424789429
55101,7.0,6.3025290966033936
31175,7.9,7.631366968154907
26101,8.8,8.655818462371826
39077,9.3,9.64690351486206
48051,9.7,9.041396141052246
18147,8.6,8.673129081726074
28103,10.9,10.798067569732666
36021,7.3,7.841174840927124
38035,5.9,5.014418125152588
13017,12.2,10.528749942779541
29095,7.0,7.405813455581665
35021,10.5,8.646875619888306
37187,11.4,10.871079444885254
47145,11.3,10.00568437576294
55041,10.2,9.919176578521729
51147,7.6,7.616300344467163
40115,12.0,10.137718200683594
26015,7.5,7.426708459854126
26113,10.7,9.549100399017334
25007,8.2,6.804037809371948
20209,8.5,8.23993706703186
38071,7.5,7.589168310165405
47035,13.6,11.140186309814453
51043,7.7,7.051356554031372
49055,7.4,7.8174967765808105
30097,7.4,8.185388565063477
30043,7.2,7.109833478927612
39175,9.0,9.053860664367676
51077,13.2,11.288733959197998
13215,8.0,7.170088291168213
42083,8.8,8.800022602081299
21223,10.6,11.021830081939697
45075,8.9,9.356874465942383
21137,12.8,11.787348747253418
50023,7.1,6.559462070465088
08091,6.9,6.430565118789673
27095,8.1,8.461511611938477
48049,8.9,9.056468486785889
20109,9.9,8.044551372528076
20061,5.8,5.992619037628174
38099,9.6,7.518685579299927
13183,7.6,8.213234424591064
46091,6.5,7.086126089096069
47155,9.3,9.426971912384033
54075,15.4,13.242642402648926
39083,7.4,8.928954124450684
51183,8.7,8.584579467773438
51097,10.7,9.071314334869385
29057,12.4,12.580385208129883
50027,6.1,7.436125755310059
25005,8.4,7.017059803009033
29105,11.1,9.909009456634521
22117,10.6,11.366945743560791
31087,8.8,8.315508127212524
39085,9.5,7.311310768127441
48347,8.1,7.967864751815796
45065,9.5,9.640586853027344
46121,11.5,10.221811771392822
17019,5.2,5.688943862915039
30061,8.8,9.78609561920166
46031,11.1,9.614840030670166
21143,11.4,10.72336196899414
21093,9.4,8.32420825958252
31173,8.6,8.920656681060791
13305,10.7,9.58978271484375
48115,8.3,8.196057558059692
22031,10.0,10.121909141540527
24017,6.1,5.363566160202026
17131,8.2,8.407266616821289
19011,8.2,7.288724899291992
46041,10.1,9.892893314361572
47031,12.0,9.223499774932861
47189,7.7,7.550838232040405
32011,9.4,10.435906887054443
37199,11.2,9.828920364379883
42097,9.7,9.147952556610107
42109,8.4,8.50937557220459
29149,12.4,12.998888969421387
21189,14.7,14.945574283599854
17051,8.0,10.231028079986572
19183,7.7,7.602795124053955
51730,8.6,9.494431495666504
48391,9.0,9.814765930175781
18097,8.4,7.28896689414978
39071,11.7,11.24479866027832
21031,12.8,11.78246021270752
20107,9.8,9.520907402038574
55059,7.6,6.238213539123535
24011,9.9,8.691676139831543
17049,6.6,7.933157444000244
26155,9.8,8.825064182281494
13263,11.5,10.759554862976074
47001,10.3,9.650008201599121
01087,10.3,9.889867782592773
08085,7.9,7.5982420444488525
48003,7.1,6.497338771820068
40133,11.2,11.006000518798828
35053,9.3,9.011804580688477
20059,7.0,7.900221586227417
21161,11.7,10.280941486358643
27043,7.4,8.258447408676147
21193,13.1,13.102036952972412
37153,9.0,9.72266435623169
33017,6.6,6.192253351211548
42057,8.6,9.922543048858643
26045,7.1,6.905073881149292
17067,7.8,8.463228225708008
46011,4.1,5.0501062870025635
47163,10.1,9.368569374084473
45051,8.8,8.741809844970703
26021,9.3,8.38896369934082
13233,9.1,9.102592945098877
18149,10.1,10.730904579162598
38059,7.4,5.926544189453125
21037,8.3,7.126247882843018
21049,10.4,9.953574180603027
19145,8.4,8.40066385269165
51131,9.8,9.249385833740234
22083,11.5,11.040362358093262
48159,7.0,8.050570487976074
36113,8.6,7.770650863647461
06101,7.6,6.823750257492065
13061,10.9,12.28705358505249
39149,10.3,8.521451473236084
48191,10.1,11.05743932723999
29029,11.0,10.293790817260742
39039,10.1,8.720841884613037
48027,6.5,6.301987648010254
32021,11.6,11.445273876190186
05127,12.1,10.652601718902588
06087,5.7,5.380288600921631
39101,10.8,10.520920276641846
17099,8.0,7.986957550048828
12071,9.6,9.01830768585205
48321,9.6,9.035122871398926
05013,9.4,9.694579601287842
38105,5.9,5.8487160205841064
38051,11.3,8.692288875579834
05039,11.0,10.443525314331055
01069,9.6,8.42671012878418
48505,9.1,8.082699060440063
41067,4.5,4.635558128356934
51141,12.2,10.902175426483154
40121,10.7,9.893877029418945
26017,8.2,9.37110424041748
29049,8.5,8.36475920677185
08011,8.8,9.263476848602295
55019,8.4,8.111356019973755
18155,10.3,11.394504070281982
51570,8.0,7.430564641952515
13315,10.0,9.974537372589111
17119,6.3,7.469109296798706
21173,12.0,10.52632761001587
23001,8.8,8.091137409210205
48249,6.9,8.343364477157593
18169,10.1,9.31239938735962
48207,9.6,10.141040325164795
51009,9.6,8.956518173217773
29087,12.0,9.674352169036865
27035,6.5,7.517200231552124
17153,10.2,11.647488594055176
33005,8.1,7.561879634857178
37119,5.3,5.286842107772827
29089,9.0,8.346481323242188
13307,11.9,10.268853187561035
06065,5.9,5.935141563415527
27167,7.4,7.4706761837005615
45005,10.4,11.103057384490967
41053,7.8,6.610882043838501
13193,13.2,10.831241130828857
04011,6.3,6.558085918426514
06029,7.1,6.561858415603638
37019,9.8,8.059173345565796
13037,10.5,9.6289701461792
30077,8.7,8.223640441894531
35013,6.0,6.952748537063599
40123,10.0,8.363603115081787
01029,12.0,10.10440731048584
17001,7.5,8.028962135314941
05075,12.5,10.645243167877197
16029,7.0,7.191077709197998
35037,10.2,9.633334636688232
39045,8.9,7.121384143829346
47127,10.4,9.048927783966064
20019,10.4,10.643884181976318
32017,9.9,8.093934535980225
45029,10.3,9.814814567565918
39129,9.2,9.172649383544922
26147,10.3,8.684317588806152
05009,9.2,10.085660457611084
31131,7.4,7.401955604553223
17109,8.6,7.779685974121094
36099,8.4,8.55372428894043
53023,8.3,7.495267629623413
13039,8.1,6.959399700164795
46081,6.3,7.183290958404541
28071,7.1,6.5271406173706055
48333,9.0,9.4150390625
41049,8.5,8.003355979919434
55053,8.3,8.478775024414062
28001,11.5,10.446782112121582
51133,10.3,9.140273094177246
39043,9.4,8.888830661773682
30003,9.5,9.78922700881958
38033,8.7,7.259586572647095
48183,8.5,8.325733184814453
40087,8.6,7.4557695388793945
40069,11.5,10.305487632751465
27111,9.3,7.192599296569824
51550,6.5,5.820837736129761
38019,7.2,7.629975080490112
38041,8.0,8.70227336883545
37149,7.1,8.294813632965088
46085,10.0,8.872414112091064
20039,10.0,8.878261089324951
06089,8.1,7.701801538467407
19049,4.8,4.673488616943359
13099,10.7,10.368551254272461
31007,7.5,7.585606336593628
22013,13.0,12.084148406982422
19191,5.9,6.850461483001709
38061,7.3,8.025449275970459
27033,7.3,8.15209698677063
17185,9.4,9.402557373046875
17047,8.4,9.552286148071289
24021,6.1,5.257827281951904
38015,5.7,5.832341432571411
27053,4.6,4.8630452156066895
17023,7.6,8.244385957717896
47019,13.2,11.106295585632324
46087,6.3,6.753210783004761
27133,7.2,7.5026984214782715
26137,11.4,8.318049907684326
33009,7.1,7.097141742706299
17169,9.4,9.591940879821777
22047,9.6,9.322855949401855
01083,7.5,7.468540906906128
35015,6.7,6.937337875366211
39165,7.4,5.892740488052368
22021,11.4,11.445099353790283
37073,9.7,9.345093250274658
55123,8.6,8.005245923995972
29067,12.1,12.84759521484375
29101,7.4,6.304940223693848
22071,7.3,7.628555536270142
48487,10.6,9.720255374908447
20063,8.1,8.584595680236816
20089,10.2,9.819495677947998
27173,7.4,7.806561231613159
38079,10.4,10.73951244354248
30103,8.5,8.247092008590698
55007,7.9,7.506718635559082
55043,8.2,7.033650159835815
05115,9.6,8.677663803100586
17025,9.8,10.45558214187622
21009,11.7,11.355571269989014
26111,7.9,6.54979681968689
30069,8.8,7.562021732330322
20149,6.6,6.027334928512573
05143,7.5,6.576030254364014
51137,8.2,7.514756917953491
55047,11.3,7.889769792556763
21117,8.3,7.040877819061279
47039,14.7,12.020534038543701
45035,7.3,6.6342527866363525
47063,10.1,10.10309886932373
45025,8.8,9.987181663513184
45027,10.3,10.578210353851318
45033,13.7,11.112009048461914
42031,8.9,9.380155563354492
44001,6.7,5.857454299926758
27113,6.3,7.080777645111084
12031,8.0,6.493551254272461
12041,11.9,10.16170597076416
28007,10.6,10.58633804321289
29047,6.8,6.32047963142395
22035,13.0,11.605451583862305
22037,9.0,9.615994453430176
37029,7.5,7.205458164215088
55103,8.5,8.77547025680542
36027,6.0,6.470019578933716
51720,11.0,10.73789119720459
36079,5.7,5.971255540847778
36087,6.3,5.5647804737091064
48317,7.0,7.554404258728027
51005,10.8,10.320672512054443
54101,15.9,14.889325141906738
54035,12.5,12.025364875793457
39095,9.9,8.573808670043945
12013,11.8,9.739113330841064
47093,7.9,6.584666728973389
42037,8.5,8.46683931350708
53039,9.0,7.916194438934326
27081,7.8,8.028688669204712
45049,10.3,9.995433807373047
49025,7.7,7.28928017616272
29001,8.2,7.310612201690674
29061,12.0,10.621121406555176
29165,6.7,5.818329572677612
30027,8.3,8.449524402618408
49023,6.2,6.247298955917358
48165,6.9,8.33261775970459
16053,7.8,7.891779184341431
20121,6.5,6.553154945373535
06055,7.0,5.802713871002197
08014,3.8,4.317372798919678
48033,5.9,6.985424518585205
36119,5.3,5.01546835899353
29065,13.1,11.625475406646729
48327,9.4,10.507309436798096
48353,9.3,8.893975734710693
29153,15.1,14.104515552520752
12045,10.2,9.33248519897461
12133,11.1,10.413748264312744
12107,13.0,10.298092365264893
13275,9.5,8.181741714477539
13287,12.1,11.319952964782715
20073,11.2,9.444669723510742
48109,8.5,9.367221355438232
17041,8.3,8.709093570709229
37155,11.5,10.206318378448486
55093,6.5,5.8328282833099365
29009,10.7,10.859645366668701
55097,6.5,5.941690921783447
45057,7.2,7.988373517990112
47183,9.4,9.580283641815186
45067,11.2,11.07583475112915
56039,4.9,5.538905143737793
06081,4.4,4.47324800491333
12081,10.0,9.1789231300354
37131,11.8,10.907764911651611
01041,10.0,9.497005462646484
01045,10.0,9.040466785430908
17121,9.1,9.622146129608154
19089,8.8,7.713193893432617
40141,10.9,9.74366807937622
48461,9.0,8.827365636825562
08055,9.2,9.323034763336182
08061,10.5,8.5496244430542
37091,10.6,10.02476978302002
48319,9.0,8.021284103393555
48061,8.0,6.995649099349976
40083,8.2,7.364840030670166
46013,5.8,6.296405553817749
46083,4.3,4.911331415176392
21043,12.9,13.3211088180542
37087,9.1,8.892017364501953
42017,7.6,6.209039926528931
44003,6.4,6.916626214981079
55069,8.5,7.454357624053955
56001,5.8,4.971534967422485
56037,7.2,6.695716857910156
45081,9.4,9.204262733459473
45089,9.7,10.670178890228271
30023,8.3,9.756473541259766
29201,10.9,9.634715557098389
25013,8.4,7.347655534744263
51099,7.1,5.739449501037598
48055,7.6,7.6981282234191895
08081,8.6,7.5545432567596436
51051,12.4,14.110146522521973
19097,8.7,8.655220985412598
51073,8.4,7.533885955810547
51081,8.6,8.163394689559937
08105,6.2,7.341368913650513
08111,6.7,7.531858444213867
19149,6.8,6.870372533798218
13241,10.4,9.865034103393555
05015,10.8,9.503061771392822
05033,10.5,9.363343238830566
42127,10.3,8.773001194000244
42103,7.7,7.6522674560546875
48499,9.7,9.750101089477539
31059,7.7,7.53438138961792
22095,9.2,8.35716724395752
30031,4.5,4.925316572189331
37139,7.7,7.437556743621826
47077,11.8,10.836969375610352
48059,9.4,8.499199867248535
55141,7.8,7.300378084182739
55091,7.9,7.373596429824829
53013,8.6,8.125042915344238
50021,7.5,8.156235694885254
29041,9.9,10.03065299987793
53071,6.9,6.783973693847656
42047,10.1,8.941277980804443
29051,7.1,6.956228017807007
27155,7.6,7.722128391265869
19071,6.7,8.176199913024902
48387,11.6,11.377947330474854
39141,11.5,10.263106346130371
08039,6.5,5.643519163131714
48083,10.6,9.958372592926025
48427,7.6,8.084613800048828
12021,8.8,9.037633895874023
08067,5.5,5.501422882080078
17069,10.2,10.65543794631958
22099,9.9,9.545782089233398
40117,9.8,9.716262817382812
48041,5.3,5.227932691574097
36107,7.6,8.068923950195312
40023,11.9,11.363467693328857
48339,7.2,5.967670679092407
25001,7.3,6.742474555969238
32007,6.6,7.036237001419067
37005,12.0,11.379543781280518
40113,10.0,9.293825626373291
45019,5.2,6.161169052124023
48157,4.6,4.776054620742798
13115,10.2,8.353915214538574
12083,11.8,9.876864910125732
17145,10.9,9.406118869781494
12001,6.6,8.537116527557373
29073,9.5,9.27970027923584
20147,9.6,8.592113018035889
42063,8.2,8.417752265930176
39163,14.0,12.622662544250488
13179,6.5,6.292421579360962
12057,6.7,8.387162923812866
36083,6.4,7.251325845718384
05057,10.0,10.135597705841064
36085,5.3,6.526749610900879
29209,11.9,11.045483589172363
29225,9.6,9.94826078414917
40061,11.7,10.949594974517822
39053,12.4,10.953568458557129
28013,12.6,10.471901893615723
28023,10.6,10.364052295684814
46049,9.0,8.720640182495117
46129,8.1,7.990641832351685
54067,13.9,12.082154273986816
18135,11.6,10.144343376159668
08097,4.5,5.275646448135376
18037,8.9,7.8388917446136475
21239,8.7,7.712991237640381
30095,6.6,7.544044494628906
41047,8.4,6.848113298416138
42065,10.2,10.98057746887207
18161,10.0,9.044384956359863
29103,12.3,11.695620059967041
29119,12.1,11.22120475769043
19151,7.7,8.560423374176025
29127,9.2,9.382416725158691
51149,7.3,6.215442180633545
06011,7.3,7.089980602264404
38067,8.5,7.587174654006958
38091,7.0,7.177187204360962
37077,8.8,7.9549500942230225
42003,7.2,6.898319482803345
37109,9.3,7.555209159851074
37115,9.5,8.299501895904541
35049,6.6,6.7241668701171875
01007,10.3,10.364402294158936
01081,6.9,5.488220930099487
20023,9.3,9.213261127471924
26063,11.1,10.315483093261719
29023,11.3,12.155628204345703
40035,13.5,10.24396800994873
56019,8.8,7.508310317993164
45079,5.6,5.761519432067871
45085,6.9,8.361835479736328
54029,13.2,10.330879211425781
05139,8.9,9.171748161315918
13257,10.5,9.040745735168457
18033,8.2,9.017803192138672
19167,6.7,5.215586185455322
24033,5.3,5.7515480518341064
34015,6.3,6.161520957946777
38017,5.1,4.71300745010376
34019,6.1,5.606215715408325
42043,7.9,6.744071960449219
05021,12.1,12.311844825744629
37009,10.0,9.846384048461914
51041,5.9,5.692500352859497
37075,11.1,10.173981666564941
01065,10.7,9.96625804901123
54099,13.1,12.322930812835693
08013,4.9,4.545725107192993
18013,9.8,8.679738998413086
20007,9.2,9.178011894226074
20155,8.4,7.990776300430298
48023,8.3,9.057444095611572
01053,10.9,10.688645839691162
16071,6.9,7.728941202163696
20175,6.4,6.841954946517944
37063,5.0,5.110316276550293
17115,7.9,8.602439880371094
37079,9.5,9.712828636169434
19179,8.5,8.855539321899414
17147,7.1,7.16376805305481
06099,5.8,6.543601036071777
47097,12.1,10.746729850769043
22009,12.5,11.722335815429688
35017,9.0,8.225952625274658
26041,9.4,8.79371166229248
39065,11.6,9.892537117004395
38095,11.1,8.798296928405762
51173,12.5,11.71376085281372
48155,12.5,10.49423360824585
24001,9.1,8.557170391082764
42051,10.7,10.212989807128906
54057,11.3,9.281026840209961
05043,8.9,8.455557346343994
28097,13.6,10.842719078063965
29081,11.2,10.549230575561523
29211,11.0,10.441961288452148
51015,8.2,8.15993595123291
28087,8.5,7.785796165466309
29227,11.5,10.295026779174805
36075,8.4,9.1209135055542
39173,7.8,6.256808519363403
55109,5.4,5.154462099075317
17135,8.6,9.123157024383545
18099,9.2,8.90333604812622
20151,8.5,7.225458145141602
22121,8.1,7.6679065227508545
21171,11.7,12.573071479797363
04019,6.8,6.737572431564331
48295,10.2,8.132095336914062
40139,8.0,7.203448057174683
47129,13.1,12.388123512268066
46043,7.8,8.662790298461914
18165,9.9,10.219220638275146
46063,6.3,6.553878307342529
19123,7.2,8.075398683547974
36059,4.8,4.952083110809326
38003,6.7,7.021753549575806
34025,5.4,5.65146279335022
38045,7.7,8.10419225692749
17083,7.7,7.790016412734985
54047,18.3,14.794675827026367
54031,13.1,10.769494533538818
54097,13.8,11.05704402923584
48021,7.6,7.4822893142700195
51127,6.3,6.320540189743042
12109,5.8,6.69889497756958
53055,7.7,7.454763412475586
55009,6.1,6.168038845062256
18017,10.8,9.582419872283936
28133,10.0,9.743476390838623
29027,8.9,8.127002954483032
42077,7.2,6.976369142532349
47043,9.9,9.307522296905518
40063,11.6,10.727911472320557
16083,6.6,7.2971086502075195
44005,5.9,6.321084499359131
20201,8.4,8.382312774658203
38025,6.8,7.238724946975708
47013,12.3,12.689228534698486
18157,6.8,5.929049968719482
47027,14.7,13.368495464324951
21131,15.2,15.808937549591064
21133,12.6,16.089951038360596
21141,11.0,10.620169639587402
20197,8.2,7.152690172195435
06053,6.5,5.724813461303711
08029,8.7,9.035557270050049
13077,6.6,6.102825880050659
18039,9.2,8.127370595932007
18087,11.0,9.559031009674072
16001,5.1,5.519919395446777
37161,11.0,9.49502944946289
13313,9.8,7.7302820682525635
54003,8.9,7.865414142608643
13101,8.1,9.478948593139648
50005,8.0,7.909445762634277
55021,6.7,6.616764783859253
55029,8.3,7.627704620361328
48491,4.8,4.9614269733428955
28055,9.3,11.016907691955566
56007,8.2,7.984867334365845
08099,8.0,8.474797248840332
18019,8.3,8.359840869903564
31103,8.3,7.482907772064209
36003,7.8,9.304101943969727
39155,12.0,9.589643001556396
01115,7.9,8.349460124969482
21145,12.0,8.945341110229492
49057,4.8,5.652182102203369
21157,11.0,9.54612112045288
21159,15.6,12.649576187133789
37183,4.5,4.93774676322937
37193,11.0,10.25525426864624
46037,8.4,8.878918170928955
37093,7.3,7.469952583312988
20099,8.5,8.945851802825928
13141,12.4,11.246286392211914
08053,7.5,6.833384275436401
18111,10.7,10.036474227905273
18151,8.3,8.092374324798584
19055,7.0,7.4609363079071045
39073,14.0,11.55367374420166
48501,7.9,6.623797416687012
39031,12.0,11.470371723175049
16005,6.7,6.332998991012573
12115,9.2,9.41136360168457
37047,11.2,10.142340183258057
41051,6.1,5.17481803894043
47141,9.2,8.862141609191895
47091,13.5,12.537381172180176
13227,9.0,8.643072128295898
13247,7.7,6.708088397979736
19035,8.7,7.678379774093628
21107,13.5,10.495820999145508
27013,6.5,5.648195743560791
40145,7.6,7.5808422565460205
48163,6.4,6.513775825500488
48367,6.4,7.094849109649658
55031,7.0,6.658444881439209
21195,13.2,14.325530529022217
21219,13.4,10.785497665405273
47109,12.8,11.65340280532837
17173,9.5,8.870459079742432
26005,8.7,8.124140501022339
47111,11.7,11.337356090545654
24039,9.5,8.848116397857666
22019,8.8,8.553516864776611
39035,8.2,7.783742427825928
13117,4.8,4.5209901332855225
19133,8.6,9.720629215240479
20043,7.7,8.138581991195679
48285,9.3,9.0684494972229
24035,6.8,6.554567337036133
05025,12.3,10.06941843032837
19017,6.8,6.233752965927124
37083,11.6,10.887079238891602
12003,9.1,9.024632930755615
22069,9.4,9.202894687652588
26013,10.0,8.97078800201416
38081,7.8,6.98901629447937
40149,9.8,8.806714057922363
41041,10.5,9.026334762573242
26051,11.1,11.760416507720947
28117,9.5,10.054189682006836
29083,11.2,10.753069877624512
17085,8.4,7.038189888000488
37141,8.5,7.620368480682373
13249,9.0,8.79994010925293
19125,6.1,6.014329195022583
21115,14.5,12.569375038146973
28105,6.5,6.1845786571502686
19175,8.3,8.568820476531982
29203,13.3,12.47161054611206
24041,8.1,6.9046103954315186
20001,9.9,9.311647415161133
20017,9.6,8.334835529327393
48093,11.0,8.792449474334717
48497,8.6,7.808430433273315
19059,8.7,6.8872222900390625
26003,10.4,8.954828977584839
26043,8.1,7.353970527648926
19085,8.5,7.941357374191284
10001,7.4,7.438785076141357
19075,6.9,6.890799045562744
08107,5.9,5.09910774230957
05147,12.2,12.093169689178467
05073,14.2,12.120347499847412
06043,10.9,8.761467695236206
39067,11.7,11.689210891723633
32023,10.9,10.853150844573975
20105,9.2,8.35170316696167
01001,7.8,7.02678108215332
51810,6.0,5.255137205123901
13021,9.3,8.040684223175049
55039,7.4,7.040463447570801
56043,9.2,7.492893695831299
19111,9.2,8.682918548583984
39169,9.0,8.818567752838135
42069,8.1,7.86478853225708
48447,9.9,9.844025135040283
51109,7.8,8.31056833267212
31111,10.1,7.422633409500122
18139,9.3,9.805290222167969
37089,8.4,8.397219181060791
46053,10.0,8.620084524154663
48311,10.4,8.464411735534668
12011,7.9,8.491455793380737
21125,12.5,11.714165687561035
48121,5.0,4.895582437515259
26061,7.2,7.323937177658081
21237,19.4,16.278106212615967
37057,8.1,8.665339469909668
23005,7.4,5.639131784439087
27019,5.0,4.4375927448272705
13291,11.3,9.779613971710205
06007,7.2,7.1337010860443115
06023,7.8,7.553852081298828
37011,9.0,9.142313003540039
29097,8.6,8.741032600402832
13175,10.0,9.630627632141113
22057,10.1,9.116408824920654
31039,7.8,7.064956426620483
38011,8.9,7.658409833908081
20085,8.3,8.034672260284424
22091,10.9,11.233016967773438
22105,8.9,8.649752616882324
21041,12.2,11.223906517028809
19043,8.7,9.376599311828613
27049,5.8,6.7255470752716064
40135,12.6,10.876145362854004
01047,11.0,10.666120529174805
08049,5.8,6.3405210971832275
12069,9.7,9.483654499053955
25009,5.4,5.9364564418792725
47131,11.5,10.735051155090332
25025,5.4,4.986160755157471
48005,9.8,8.432953834533691
46127,5.9,5.986633062362671
46039,8.8,7.251457452774048
45017,9.2,9.722665309906006
13063,7.2,7.121994256973267
13133,9.9,8.702189445495605
27093,6.3,7.365294933319092
55111,8.4,6.565253496170044
05095,13.0,12.189414978027344
34017,4.1,4.877470254898071
05017,12.3,11.897712230682373
19171,8.6,8.869678497314453
06109,8.0,8.821250677108765
38047,10.5,7.416609048843384
29019,5.5,6.1394195556640625
37179,6.4,5.518600225448608
55115,8.2,8.189703464508057
21067,7.7,6.521332263946533
46115,7.7,7.335364103317261
06025,6.1,6.752685785293579
06097,5.9,6.026611089706421
23013,8.7,7.930199861526489
28121,7.9,7.022290945053101
08043,8.7,8.149962425231934
27165,7.1,8.363212585449219
01093,12.4,11.229386806488037
06015,10.8,8.130421876907349
26131,12.5,10.260047435760498
31107,9.4,8.120412826538086
48113,5.5,6.093479871749878
48019,9.3,8.920877933502197
51177,6.7,6.197940349578857
48167,6.6,6.549314737319946
13093,9.8,10.161812782287598
17107,8.2,7.7297117710113525
18027,11.2,9.610307693481445
50001,5.5,6.778678894042969
51003,5.6,5.6912682056427
41017,6.0,6.240728378295898
41033,10.5,9.877054691314697
31055,6.2,5.497637033462524
34001,6.6,7.275144577026367
05109,10.0,10.112195014953613
54065,11.3,10.028607368469238
51750,6.0,6.522567987442017
41065,8.0,7.823973894119263
30083,7.1,6.871300935745239
37053,7.8,7.052082538604736
04007,11.5,10.466965675354004
21103,12.9,11.543162822723389
31143,7.9,7.738400459289551
28119,12.1,11.989356994628906
28081,8.9,7.14130711555481
28029,9.9,9.290039539337158
20037,7.7,8.148616313934326
25017,4.4,4.686898231506348
35025,6.9,6.767322778701782
36063,8.4,8.453192234039307
01027,11.9,10.94902515411377
12087,8.5,9.071261882781982
48323,6.9,6.627609014511108
22109,8.9,9.258631706237793
17035,8.1,8.833587646484375
53037,6.7,6.216226100921631
36029,6.6,7.279012441635132
35011,9.4,8.415848016738892
24019,9.2,8.894692420959473
13243,15.3,12.082951545715332
21023,11.3,11.18970251083374
40009,8.7,7.9434778690338135
47173,11.7,11.81814193725586
05047,11.7,11.96816873550415
29117,9.2,10.021562576293945
36055,5.0,6.710095167160034
12075,12.0,10.465156078338623
21199,13.2,11.572153091430664
22049,11.6,11.396911144256592
30017,7.4,7.125006675720215
19105,7.5,7.330615997314453
37013,10.9,9.634269714355469
46093,5.3,6.306592226028442
48161,9.7,9.27470588684082
53033,3.5,4.525189161300659
12037,11.4,9.572247982025146
30021,7.3,7.193679571151733
47081,12.0,10.344571590423584
31065,9.2,8.327167987823486
48001,8.3,8.53870677947998
46103,6.9,6.853902578353882
51153,5.4,4.543428182601929
54023,14.3,10.825160026550293
04005,6.7,5.664720058441162
21221,13.9,10.176051139831543
25021,5.5,5.201818466186523
29173,10.9,10.34282398223877
46015,8.2,7.714736461639404
48383,5.6,5.870601415634155
51683,5.3,4.986389875411987
50009,9.7,9.783406734466553
51067,10.1,9.274736404418945
28073,7.9,7.188191175460815
33013,6.6,6.630507707595825
06033,8.2,9.084265232086182
06061,6.1,5.584869861602783
17087,7.7,8.737011432647705
18141,8.2,6.937637090682983
16073,8.3,9.137462615966797
06019,6.5,5.990066289901733
16087,8.8,9.33025598526001
24031,3.9,4.458587646484375
54103,13.2,12.348628520965576
53065,9.4,8.838094711303711
31017,8.1,7.97798752784729
29005,10.4,9.650284767150879
27071,8.4,8.471285343170166
21225,12.0,10.497093677520752
48465,6.5,7.00071120262146
49049,3.3,4.5441203117370605
53031,7.7,7.626650810241699
30005,9.5,9.534840106964111
46105,5.8,7.914209604263306
17101,10.2,9.23897647857666
30007,9.4,8.321447372436523
06113,5.7,5.149802923202515
48241,11.0,11.344061851501465
30111,6.5,6.433326482772827
13121,4.6,4.633139371871948
39119,9.9,10.135169982910156
20163,7.4,8.053099870681763
29099,8.7,8.019537210464478
30089,9.8,10.36991262435913
54079,9.0,8.675518035888672
13087,10.3,9.23928689956665
22043,10.5,9.485339164733887
13217,7.2,6.866076707839966
30047,9.1,8.617537021636963
35005,7.6,7.836150407791138
42091,6.6,5.244239330291748
48237,8.7,9.217278003692627
41021,9.0,8.859111309051514
12103,10.1,9.367579460144043
16049,10.4,9.239677429199219
06013,5.5,4.623512506484985
12033,9.0,7.470855236053467
37189,6.8,6.9964919090271
01117,5.5,5.966202020645142
20077,11.9,10.069604396820068
37003,9.1,9.090571403503418
13135,5.6,5.029415845870972
13109,11.1,9.83962106704712
47061,12.9,11.925161838531494
51013,4.3,3.948482871055603
51193,11.8,10.065569877624512
51019,7.7,7.670022487640381
53021,6.6,6.2651402950286865
13035,8.6,9.301456928253174
13277,9.2,8.201463222503662
46023,8.1,9.83271074295044
06111,5.8,5.5647313594818115
13105,10.4,10.405780792236328
26141,11.7,10.560657024383545
29021,9.1,8.028469800949097
39089,9.0,7.570265293121338
21055,12.2,11.437278747558594
06001,4.3,4.1808964014053345
41061,8.1,7.936480760574341
24003,4.9,5.056098699569702
45015,6.0,6.563656330108643
17143,6.7,7.271174430847168
49037,8.5,8.566680908203125
48039,5.8,5.5163726806640625
55067,9.2,8.774131298065186
29145,8.3,9.269573211669922
16035,8.9,9.418170928955078
05107,12.8,11.514542579650879
39001,13.3,12.035040378570557
04001,13.5,10.440708637237549
18153,10.4,9.98145580291748
06017,6.0,6.46549129486084
38065,8.3,7.743108749389648
53053,5.8,5.933061122894287
35045,10.2,9.360239505767822
21059,10.2,9.150893688201904
54051,12.2,9.923532009124756
18177,11.1,9.881565570831299
42039,9.6,9.518161296844482
49019,7.7,6.230713844299316
48377,10.2,10.463109970092773
06105,10.4,9.530293941497803
36101,7.6,8.415959358215332
36043,8.6,8.868913173675537
42067,9.6,9.749495029449463
51163,9.5,8.904689311981201
16079,12.2,10.083755016326904
22115,8.1,8.076333045959473
28093,10.4,9.742995738983154
41029,8.4,7.734402894973755
44007,6.5,6.561933279037476
48015,8.1,8.20505952835083
49021,5.4,5.611217498779297
04027,7.6,8.491208791732788
22045,10.7,9.915998935699463
34021,5.1,5.419107913970947
39019,12.8,10.383474349975586
04009,7.1,7.888877868652344
17031,5.6,5.656065225601196
51161,7.4,6.926115274429321
12131,8.6,9.878974914550781
51035,11.2,10.80240774154663
35039,7.8,8.582127571105957
13049,10.0,9.574005126953125
16039,6.8,6.974209547042847
16051,7.2,6.074100017547607
17105,7.9,8.477383136749268
21179,8.9,8.26555871963501
29043,8.1,7.445873737335205
29195,8.5,7.997845649719238
38101,6.2,5.28934907913208
51185,10.9,11.277836799621582
04021,8.3,7.397549867630005
36069,7.0,6.808110475540161
19023,8.2,8.46670913696289
21207,16.6,12.316988468170166
22075,8.5,8.060030221939087
32031,6.9,6.279670715332031
47099,12.6,10.701226234436035
05045,6.8,7.186703443527222
06107,6.7,6.377597808837891
54055,11.4,10.18173885345459
29155,12.0,11.363127708435059
53047,9.7,9.045338153839111
42027,6.5,6.077287435531616
48455,10.8,11.237410545349121
54061,8.3,5.977694511413574
53005,6.2,5.95639705657959
22073,9.4,8.217942714691162
12129,8.4,8.68793249130249
38001,9.6,8.58733606338501
22001,10.2,10.217402458190918
31179,5.6,5.663616418838501
37167,8.3,8.563801288604736
48029,5.9,5.785791635513306
05103,10.0,10.316409587860107
53035,5.9,5.883798122406006
31061,9.1,9.895910739898682
21015,7.7,6.262152194976807
28151,9.8,10.133659839630127
42007,8.4,8.004085540771484
46109,10.4,9.917466163635254
51027,14.2,14.210532665252686
54021,10.2,8.71877670288086
51025,10.2,10.068416595458984
16059,9.0,9.020411491394043
38021,8.0,6.615883827209473
38085,14.0,11.020903587341309
46019,7.1,8.110361814498901
17161,6.9,7.895625114440918
23009,8.7,8.3803071975708
38057,7.9,7.5535173416137695
13207,8.7,7.446537494659424
27037,4.9,4.908663988113403
53009,8.3,8.164023876190186
28017,11.4,10.266355037689209
46075,7.1,7.533885717391968
42081,8.5,8.28238821029663
06037,4.8,5.24242377281189
37085,8.1,7.11505913734436
06063,8.7,8.671960353851318
12093,12.0,9.660535335540771
21111,8.2,7.629680871963501
20143,8.0,7.591457843780518
26115,9.5,8.08521556854248
20097,6.4,8.018196821212769
40075,12.5,10.612622737884521
48363,9.1,9.568662166595459
53075,5.6,4.912572145462036
55075,10.7,8.61696195602417
29186,10.6,8.95341444015503
51181,9.4,8.933093547821045
36081,4.6,5.964679479598999
48201,6.3,5.70250678062439
54107,12.1,10.251933574676514
39113,9.5,8.518821716308594
49045,5.1,5.574028730392456
06041,4.9,5.587165594100952
30015,8.3,8.499629497528076
54027,15.1,12.280338764190674
53029,5.9,6.94809365272522
32013,9.2,7.597641468048096
30067,7.2,7.051756858825684
28027,12.5,10.469061374664307
49017,7.0,7.645275831222534
54025,13.1,10.74820613861084
55083,9.3,7.957075119018555
42075,7.7,8.285089015960693
18047,8.7,8.779791831970215
19093,7.7,8.120165348052979
37049,8.8,7.690033435821533
05031,9.1,7.39672064781189
01037,10.9,9.361161708831787
27171,5.5,5.342263460159302
47025,11.4,11.393087387084961
51165,7.9,7.658147811889648
01003,7.9,7.790880441665649
12097,6.6,8.40682053565979
16085,10.0,7.8992602825164795
13139,9.5,6.958496570587158
22025,10.8,10.503875732421875
28149,8.6,8.033389568328857
40051,8.5,8.009483575820923
32003,6.8,6.261942386627197
30001,7.4,7.501875638961792
39109,8.8,8.380909204483032
28135,10.6,10.782402038574219
04017,11.7,9.304009914398193
17183,9.6,9.338943004608154
22103,9.0,7.371574878692627
25027,7.3,5.829505443572998
42101,8.3,6.780816316604614
24023,8.9,8.561540603637695
37031,9.7,8.058424711227417
36077,7.0,8.067245244979858
01095,8.8,9.155200004577637
40013,10.2,9.409919738769531
54009,11.7,9.35910940170288
36091,5.5,6.1721351146698
54063,12.9,11.343784809112549
46123,10.4,9.385334014892578
30045,8.8,8.420953750610352
04012,14.5,11.17658281326294
05091,10.6,9.55568790435791
23025,11.4,10.372973918914795
49043,4.8,4.44491982460022
30039,8.9,8.377394676208496
48077,8.4,8.290657043457031
01009,10.5,9.559548377990723
13311,8.9,8.68954849243164
19015,6.3,6.434220314025879
21081,10.2,9.631638526916504
27109,5.1,5.585932016372681
36097,9.6,8.959216594696045
39069,10.0,9.021681785583496
48305,9.8,8.947173595428467
01129,11.3,10.327783107757568
28147,10.6,9.982562065124512
53059,8.1,7.6367552280426025
36123,9.4,8.719844341278076
21203,14.7,13.359901905059814
20177,7.0,7.886215448379517
29169,5.3,6.639240503311157
39167,11.0,10.583353519439697
08009,10.9,9.69063425064087
20025,7.6,7.7053062915802
17079,7.6,8.871641635894775
20093,8.3,9.315537929534912
35033,7.4,9.698875427246094
48457,10.7,10.909401416778564
40003,8.3,8.012738466262817
21003,11.9,10.806899070739746
38027,9.2,8.803674697875977
47087,14.7,12.480140209197998
48405,13.5,12.399877548217773
01059,11.4,9.603021144866943
29167,11.4,10.232787132263184
39131,12.8,12.240816593170166
51057,11.3,10.418362617492676
48495,6.6,6.5219221115112305
42005,9.8,9.792937278747559
29205,11.8,10.803897857666016
37039,12.1,10.196645736694336
01119,9.5,10.252720355987549
51091,9.0,9.741515636444092
29171,9.1,10.419978618621826
30085,10.0,9.377153873443604
42087,10.3,11.140791893005371
37001,8.4,7.496310472488403
27067,7.1,6.895909070968628
56027,11.0,10.375634670257568
48365,10.1,9.32961130142212
05051,9.2,9.68575668334961
05055,10.8,9.895018577575684
47143,14.3,10.78379201889038
26105,9.4,8.88725233078003
21233,12.2,11.607999324798584
55089,5.7,5.599356412887573
22055,8.0,7.223184823989868
38039,8.9,6.972058534622192
48409,6.7,7.173844575881958
39049,7.2,6.697623014450073
48463,7.1,8.266810178756714
18025,11.6,12.881039142608643
26099,9.5,8.013813972473145
38049,7.9,7.256990671157837
45045,5.4,6.081878900527954
12043,13.5,10.20642375946045
17017,8.1,8.605633735656738
20009,8.0,8.836352348327637
26075,9.5,8.312761783599854
31149,8.0,7.193835020065308
53027,9.2,8.66538667678833
13027,12.3,10.24892520904541
55071,7.6,7.506975173950195
30035,11.4,9.21096134185791
13107,10.8,10.24575424194336
42033,10.6,9.335524082183838
24029,7.8,7.575494289398193
47015,11.2,10.772270679473877
37135,4.6,5.169321775436401
48439,6.3,5.69520115852356
17055,10.5,10.187973022460938
18121,10.3,10.733761310577393
19047,8.6,8.580004215240479
48243,11.3,9.86886215209961
13279,9.1,9.43836259841919
54017,12.2,10.895656108856201
19087,7.8,7.518454074859619
13293,11.2,9.877827167510986
47185,12.7,11.506337642669678
20127,9.2,8.26268720626831
48379,10.1,9.668282508850098
48397,5.5,5.033619403839111
48477,9.1,7.750168323516846
40091,12.9,12.362250804901123
49031,11.6,9.24207067489624
51053,9.3,8.329060077667236
08007,7.2,6.899632692337036
37035,8.0,8.004119873046875
38087,7.8,7.5106728076934814
28065,11.3,10.772096157073975
55119,9.0,7.78435206413269
48009,9.0,8.436492919921875
13155,10.9,9.838940620422363
48065,7.5,7.358851909637451
20145,7.5,8.17337417602539
18001,12.5,9.849245071411133
34029,7.3,7.472594738006592
22033,6.8,6.888944387435913
26091,8.9,8.250890493392944
19009,8.7,8.266199588775635
26049,8.1,8.800695419311523
27075,7.9,8.031081438064575
13303,9.8,9.4899320602417
32005,7.6,8.088963270187378
16061,9.7,9.920040607452393
22027,14.4,12.645945072174072
50019,8.8,8.422018051147461
41035,9.0,8.561338901519775
26103,8.2,6.602078437805176
08121,7.7,8.20211124420166
42089,7.5,7.23876953125
28009,10.7,10.574854850769043
31161,7.6,9.215165138244629
37173,10.3,9.551624774932861
31029,8.0,8.17735242843628
22015,8.0,7.18317174911499
53049,9.3,9.450037479400635
17123,9.5,8.603694438934326
47075,13.3,11.021376609802246
47105,11.4,8.61989164352417
20053,9.5,8.129557847976685
55051,9.3,8.734614372253418
18109,10.2,8.730833530426025
51770,8.9,8.470456600189209
48419,10.7,10.249916553497314
16011,6.7,7.313902854919434
05049,15.8,12.587611675262451
22065,13.3,10.852333545684814
08119,7.0,6.901277780532837
40017,7.0,6.07408881187439
51047,7.8,7.230956077575684
40077,12.7,10.5658540725708
26079,12.1,10.237375259399414
12053,11.0,9.704640865325928
28157,11.0,11.344051837921143
40107,12.1,11.284599781036377
55078,8.9,9.233973503112793
39097,9.8,8.534783363342285
26129,11.4,11.479679107666016
29157,10.6,8.966557502746582
48135,6.4,6.280442476272583
12051,8.7,9.39091682434082
28067,8.9,8.9700026512146
34035,4.0,4.598106145858765
17111,6.2,5.193469047546387
19091,8.1,7.9688568115234375
37015,11.3,10.803560256958008
19103,4.6,5.393993377685547
47007,13.8,11.754316806793213
45069,10.9,11.102787017822266
26071,12.5,9.88397216796875
27055,6.9,6.868643283843994
27169,5.6,6.474186897277832
05129,14.6,12.54762601852417
37041,10.5,9.566858768463135
29035,12.0,11.542445659637451
05005,12.3,11.234896659851074
34027,4.7,4.9429497718811035
40137,10.1,9.88314962387085
29187,9.5,10.405839920043945
26077,7.1,6.122746706008911
37171,11.1,10.014464855194092
18071,10.6,9.081286907196045
51036,10.2,9.693543910980225
21177,12.1,10.961050510406494
37195,10.2,8.883826732635498
46119,6.9,7.301846265792847
41011,8.9,9.373155117034912
54089,14.6,12.826408386230469
26127,9.3,9.021773338317871
27051,8.4,7.9937732219696045
19019,7.5,7.406312704086304
22119,12.3,12.102785110473633
19037,8.3,7.699388027191162
17193,11.3,10.565768241882324
48133,9.8,10.052439212799072
21109,16.7,14.979142665863037
08065,4.3,5.5642266273498535
48417,8.4,7.197616338729858
48257,7.2,6.820403337478638
48203,8.6,8.770796298980713
36023,7.5,7.418592691421509
31071,7.3,6.9745118618011475
22097,10.9,10.800999164581299
36105,8.0,8.128282070159912
51680,5.9,6.302145957946777
06075,3.4,4.2216349840164185
20181,9.4,7.246220588684082
39147,9.9,9.411943912506104
17203,8.6,6.353217363357544
48481,8.0,8.557820796966553
29177,9.5,10.187899589538574
51678,5.1,5.55225944519043
05003,11.3,10.966444492340088
54033,11.0,10.123786449432373
55077,10.8,8.636792659759521
05007,6.1,6.542041540145874
29091,13.0,12.300877094268799
12095,6.1,7.874197006225586
18041,13.4,11.05684757232666
40027,6.7,6.068796634674072
29183,6.7,6.219540119171143
48185,9.1,8.991116523742676
21119,16.9,14.60568904876709
20111,7.1,7.685420989990234
47167,9.8,8.343255043029785
21013,15.5,15.417632579803467
45001,9.5,9.795616626739502
40093,9.2,8.69916582107544
46025,7.6,7.470115661621094
46135,6.3,6.713186025619507
01103,9.8,8.17872953414917
39009,8.0,7.976066827774048
28021,10.5,9.599989891052246
13131,10.8,9.751916885375977
29111,11.0,10.596171855926514
28153,9.8,9.567110061645508
39037,10.7,9.92143440246582
30073,8.5,9.353360652923584
20159,7.5,7.771516561508179
41027,6.1,6.213321924209595
42041,6.9,6.526970148086548
21123,13.0,10.545429706573486
42061,8.4,8.797898769378662
55081,7.4,7.527864933013916
19113,5.8,5.872326135635376
17179,7.4,7.094809532165527
05099,11.5,11.094273567199707
13019,11.6,10.60879135131836
22063,8.3,7.559154033660889
47045,11.3,9.844568252563477
46079,6.0,6.7581915855407715
45023,9.6,9.869919300079346
46047,9.3,9.27470588684082
47083,11.0,11.05870008468628
45043,9.4,9.07513952255249
49009,7.9,6.876901865005493
47135,12.7,12.417652130126953
47161,11.0,10.37374496459961
36049,8.4,8.440442085266113
12085,9.5,8.918416023254395
21077,10.4,10.293213844299316
12047,12.9,10.500345230102539
05071,12.0,10.353377342224121
19039,8.7,9.235666751861572
27153,8.4,8.72363829612732
31115,8.1,7.725142478942871
46045,6.9,6.645753622055054
47107,9.9,10.793192386627197
51169,12.6,11.9557204246521
37023,9.1,9.79775094985962
27063,6.3,7.737837553024292
48101,12.0,10.72555923461914
45021,9.5,9.526358604431152
45061,10.9,10.035135746002197
16063,7.3,8.065099716186523
08071,8.6,9.055630683898926
19195,7.8,6.941307067871094
29037,7.6,7.826416730880737
39005,10.7,9.316108226776123
38097,6.7,6.584934949874878
08059,5.4,4.867798566818237
17039,7.6,8.17558217048645
37191,8.3,8.024266004562378
45059,8.7,9.81064748764038
45077,8.1,7.885868072509766
51093,8.2,7.27602744102478
30093,7.2,7.4326536655426025
29033,10.4,9.682059288024902
50011,6.8,7.461105108261108
29131,9.9,10.248950481414795
51790,8.8,7.745826721191406
26069,12.1,11.07520866394043
28131,10.5,9.709299564361572
13073,7.6,5.492277145385742
35035,7.2,8.10120439529419
06069,4.7,6.115434169769287
21005,10.4,8.507444381713867
36019,8.1,7.918457746505737
13219,6.0,5.508286476135254
19121,6.0,6.428495645523071
18043,9.4,7.679809093475342
22079,8.9,8.977543354034424
17063,6.3,6.0538928508758545
05085,8.3,7.793564796447754
21061,13.1,12.28065538406372
31079,6.7,6.338062286376953
37163,10.0,9.483953475952148
47049,14.1,12.706129550933838
51037,12.1,10.735918045043945
13239,12.8,10.431612968444824
36109,5.0,5.564164638519287
47041,13.8,11.00146198272705
18021,9.6,9.336226463317871
17027,7.4,7.341643810272217
29071,8.8,8.60756778717041
20135,9.7,8.329349994659424
18119,11.3,10.530211448669434
17097,5.9,5.023956060409546
29121,10.2,9.51894235610962
29135,10.2,8.693974018096924
22061,7.9,7.685307264328003
47119,8.2,8.124024391174316
49011,4.4,4.387568473815918
53003,8.6,8.423537731170654
26153,14.0,10.761487483978271
21183,12.2,11.261016368865967
37097,7.3,6.71596360206604
48147,8.8,8.635776042938232
46077,7.4,7.15799355506897
48483,10.4,10.41429328918457
51029,10.0,10.024829387664795
48107,9.2,10.122976303100586
21075,15.5,12.35988187789917
37123,9.6,9.236928462982178
19067,8.1,8.234920978546143
42023,12.3,11.180794715881348
27101,8.9,7.339941740036011
01005,11.7,11.04818868637085
30109,8.8,8.1862154006958
39099,10.2,9.264449119567871
08037,5.0,4.740220069885254
13169,9.6,8.419033527374268
21099,14.1,11.820023536682129
31159,5.4,6.010767698287964
42093,8.9,7.5032429695129395
27105,7.4,7.855227708816528
42099,8.7,8.91998291015625
05023,10.5,11.245654582977295
05027,8.7,9.227575778961182
05029,11.8,10.098376274108887
31165,10.9,7.957914113998413
37111,11.9,9.66180944442749
11001,4.3,4.387890934944153
12027,13.2,10.642251968383789
13089,6.3,5.202880382537842
47181,12.6,11.612027168273926
20075,6.7,7.655961513519287
28033,6.8,6.615147352218628
47065,7.9,6.728116512298584
16047,8.9,8.110523700714111
36039,7.4,8.343080043792725
31121,7.8,7.898648500442505
50025,6.8,7.795777082443237
38031,7.5,7.076637506484985
27097,7.4,8.390127420425415
13267,9.7,8.943675518035889
13167,12.4,10.78304386138916
13015,8.2,7.223308563232422
01011,12.3,11.002286911010742
51021,9.3,10.72438669204712
48031,9.4,8.103258848190308
51690,10.2,9.7730131149292
51085,7.1,5.857251405715942
21035,9.4,8.360674619674683
27061,7.3,8.028050422668457
08083,8.7,8.21583104133606
21185,6.1,5.669138431549072
17011,10.9,8.371418476104736
40037,9.3,9.544404983520508
48269,13.4,8.71271014213562
40041,12.1,11.36143159866333
13013,7.0,6.907139778137207
39017,9.3,7.39716362953186
39027,10.8,9.707138538360596
13159,9.8,8.825254440307617
24009,5.8,5.812334299087524
21087,14.9,13.341557025909424
51071,9.3,9.584020614624023
54005,14.1,13.638872623443604
01079,11.4,10.241001605987549
12039,10.2,9.53918170928955
13095,10.3,8.541041374206543
28113,10.9,10.2141752243042
50017,6.6,7.50820779800415
39029,10.8,9.735778331756592
48169,6.9,7.3384315967559814
48223,8.4,8.9968843460083
36121,7.6,8.32233476638794
36067,8.0,7.601634740829468
31083,7.3,8.00817584991455
48489,7.5,8.216314315795898
01113,10.1,8.41330862045288
19013,7.4,6.991195440292358
26133,11.0,10.146165370941162
19157,7.6,7.571337699890137
37103,10.9,10.734514713287354
48415,7.9,7.4772608280181885
51199,5.9,5.0038135051727295
13281,10.2,8.810009002685547
23011,9.3,8.373388290405273
16023,10.7,9.796701908111572
48429,9.7,9.276575088500977
29159,9.4,9.27010202407837
30065,8.9,9.13984203338623
40129,10.7,9.744386672973633
19073,8.2,8.070265054702759
27015,7.1,6.997068405151367
21033,11.0,10.602237701416016
46097,7.8,7.406110525131226
54001,12.5,12.716719627380371
47113,9.1,8.317349910736084
55117,6.9,5.990536689758301
26047,7.8,7.260788440704346
45071,9.2,8.892874240875244
18067,9.4,9.206560134887695
13079,10.1,9.937665939331055
36017,9.3,9.829472064971924
55079,6.6,7.34253454208374
48265,10.0,8.721357822418213
37065,9.7,10.017683506011963
48145,9.4,10.057497024536133
01039,9.4,10.923064708709717
12065,10.1,8.50964069366455
48233,8.3,8.022250890731812
12035,10.1,7.210388660430908
13033,9.3,8.818324565887451
16009,9.2,9.51156234741211
31051,8.1,7.155073642730713
13163,12.3,10.141525268554688
36061,5.1,5.271794319152832
27139,5.1,4.609004020690918
39057,7.9,6.922518968582153
37107,10.6,10.154752254486084
13029,6.1,5.765945672988892
01025,11.3,10.452991008758545
26119,11.7,11.720783710479736
28123,11.7,9.912435531616211
42025,9.3,9.155595302581787
31009,9.0,8.421850681304932
20207,10.7,9.703634262084961
05089,13.0,12.195751190185547
19139,7.1,7.0563130378723145
31025,6.7,6.122221231460571
05079,9.3,9.557735919952393
34009,8.3,7.689122438430786
17081,8.5,8.969741344451904
13205,10.9,10.092336177825928
19003,8.1,8.56959056854248
31021,8.2,8.363842010498047
17159,8.7,8.772209167480469
01099,11.0,10.951561450958252
17113,6.2,5.299886703491211
22127,10.9,10.067551136016846
36095,9.4,8.454045295715332
46005,9.3,7.596900939941406
51011,10.1,9.005600929260254
55011,7.9,7.207228183746338
18073,8.7,8.472361087799072
48289,11.5,10.553265571594238
48309,7.8,7.344944953918457
13151,5.9,5.803356647491455
16057,5.3,5.4404542446136475
13059,6.6,5.944583177566528
19143,8.2,7.863810777664185
12101,7.5,9.151944160461426
21053,13.8,13.40671682357788
42049,8.5,8.05184030532837
16077,7.8,8.14592432975769
20095,8.9,7.84198260307312
31091,7.0,7.506717681884766
47177,13.4,11.01472520828247
55023,9.4,8.472675323486328
27059,6.2,6.954973220825195
48089,8.9,8.51189136505127
55005,9.2,7.970588445663452
08025,7.8,8.287901639938354
48227,7.0,6.881842851638794
48423,8.3,7.5930352210998535
46051,6.9,7.084699392318726
48247,7.7,7.595293283462524
18175,10.5,9.81475019454956
42011,7.5,7.470601797103882
51530,10.4,10.725417137145996
53069,9.1,9.08157730102539
13111,11.5,9.994813919067383
18115,10.3,9.325823783874512
19051,9.0,9.538924217224121
29213,10.8,9.757675170898438
48195,7.3,7.547741174697876
01131,13.3,12.028971672058105
17065,9.6,9.48263692855835
48451,8.0,6.640116930007935
39157,12.9,9.997601985931396
39151,9.1,9.199639320373535
29207,11.7,12.07185697555542
31023,6.2,6.966753959655762
48193,10.7,9.858703136444092
05065,10.3,11.258404731750488
29215,11.0,12.512786865234375
18075,12.1,10.72119140625
28069,9.2,10.237092018127441
33011,5.6,6.037319898605347
17021,8.5,8.665697574615479
21129,17.2,15.907883167266846
47017,12.1,10.736488819122314
51063,9.1,8.993927001953125
31113,5.0,7.482254266738892
20183,9.2,8.861555576324463
35055,7.4,8.333965301513672
05131,10.0,8.401556015014648
23015,9.1,8.138350486755371
13221,9.8,8.330662250518799
30055,7.1,7.857633829116821
48361,8.6,8.624576091766357
48043,6.7,7.3885955810546875
06045,8.4,8.201395034790039
56017,10.3,8.687302589416504
51001,11.0,9.951889514923096
30063,5.4,5.796950340270996
51105,12.1,13.045832633972168
17181,8.3,9.502470016479492
36031,8.1,8.00562310218811
22005,7.3,6.461341381072998
06073,5.1,4.664257526397705
51059,4.1,3.9945815801620483
22125,7.4,7.63498592376709
53017,7.4,6.775749444961548
05135,11.8,13.083333015441895
27021,8.1,8.5869140625
20103,6.6,5.997398138046265
37185,10.7,10.43933391571045
26029,10.2,7.867379188537598
13225,8.1,7.8369951248168945
21027,15.1,12.547731399536133
45003,8.5,7.638199090957642
47009,10.0,8.450455665588379
25023,7.7,6.188628911972046
45053,9.2,8.88190221786499
55057,9.0,8.699921607971191
05077,11.6,11.450369834899902
01063,13.0,12.431638240814209
06051,6.4,6.231513023376465
33003,8.8,7.826712608337402
17141,9.0,7.3110997676849365
41005,5.7,5.700805425643921
45047,9.2,8.446208477020264
27125,8.1,7.405955076217651
47175,13.6,12.630159854888916
21113,8.5,7.868499994277954
55045,7.0,6.583775520324707
31141,6.7,6.2996132373809814
47011,8.8,8.890994548797607
16017,8.5,8.499951839447021
48351,13.5,11.945125579833984
51089,12.1,10.926923274993896
41057,8.9,8.48737096786499
51119,9.9,8.912381172180176
46009,7.3,7.4861931800842285
48127,10.1,9.850472927093506
37165,11.0,10.573791980743408
38009,8.6,7.209458112716675
29143,11.8,11.553231239318848
06049,10.0,10.030015468597412
22077,11.6,10.377838134765625
47123,13.1,11.422441959381104
06035,8.0,7.136533498764038
18123,9.9,8.438377857208252
38055,7.1,7.65175724029541
16055,6.7,7.314677715301514
32033,9.2,8.760099172592163
41045,9.2,8.619668960571289
28115,8.5,8.658723831176758
21235,11.5,11.029929637908936
27127,6.5,7.911816358566284
35043,6.6,6.185946464538574
41023,10.5,9.491094589233398
27115,7.5,8.664738893508911
06031,6.3,6.5192711353302
53025,7.1,7.0900537967681885
22107,15.5,12.340549945831299
48037,9.2,8.580028533935547
55033,6.6,6.077649116516113
55095,8.2,6.730883359909058
56029,7.7,7.212055683135986
06047,7.4,6.35933518409729
13031,6.7,6.464857578277588
54077,13.0,9.93822956085205
24027,3.9,4.0983874797821045
17163,6.8,6.935364723205566
22085,11.6,11.262109756469727
33007,8.6,9.28442668914795
24043,7.9,7.285449504852295
48097,8.7,8.490614414215088
23007,8.5,8.571531295776367
20049,13.1,10.522233009338379
47151,13.1,13.182669639587402
21101,8.9,9.78638744354248
38029,8.4,8.196977138519287
21127,13.7,13.934429168701172
27029,7.5,9.184419631958008
48453,5.3,4.912046432495117
27137,6.8,7.304592132568359
39117,12.4,9.628010272979736
16037,8.6,9.100728511810303
08073,8.2,8.405055046081543
08117,5.4,5.014169692993164
41019,9.7,9.319844722747803
26089,7.7,7.423497438430786
51171,10.5,8.609280586242676
29045,13.2,11.65959119796753
30019,8.4,7.725583076477051
30079,14.5,9.325565814971924
30009,7.9,8.018155813217163
05145,10.4,9.463794231414795
06079,5.7,5.935363054275513
16027,6.2,6.904748439788818
35009,6.4,6.80463171005249
29189,8.0,7.120181560516357
41007,7.6,7.803481340408325
48137,12.8,10.06386947631836
18063,7.2,6.091226816177368
48411,8.8,9.763572216033936
12067,13.0,10.13552713394165
36073,7.3,9.26636552810669
45009,10.3,9.665313243865967
45013,7.3,7.649144172668457
46099,5.3,5.29792332649231
56035,7.5,7.895117998123169
41069,12.1,9.6714506149292
42029,5.1,5.147509336471558
01091,11.3,9.922733783721924
21073,8.9,8.143918514251709
21029,9.8,8.713567733764648
40007,8.0,8.018994092941284
55061,7.2,7.209782838821411
40045,10.2,9.920919418334961
01097,9.7,7.883497953414917
26125,5.7,6.077968597412109
26145,10.4,8.718137264251709
20167,8.3,9.307900428771973
45031,8.7,8.991272449493408
55139,6.0,6.10352635383606
53077,7.6,7.0885374546051025
39133,8.1,7.8825249671936035
49003,5.6,5.898388385772705
01077,8.3,9.090340614318848
42009,9.9,10.427653789520264
41039,7.5,6.938458442687988
41043,7.6,7.6275951862335205
39127,11.3,11.58280611038208
06039,7.5,7.746812582015991
17073,6.6,7.652264595031738
16033,7.5,8.236036539077759
48217,10.4,9.102643489837646
54105,16.0,13.15662956237793
12079,12.6,10.412383556365967
49051,4.4,4.691200017929077
36045,7.4,7.386784553527832
51083,11.2,10.193504810333252
39139,10.5,9.63112497329712
45073,10.2,9.101343154907227
05087,11.2,10.765058040618896
05101,12.1,10.72224473953247
48343,10.1,10.144615650177002
36025,8.9,9.601200103759766
30049,6.2,6.032566785812378
31049,8.3,8.192847728729248
37121,9.3,9.122189044952393
13125,10.3,9.648468494415283
06083,5.2,5.680725336074829
27077,7.8,7.910076856613159
19169,4.3,5.110058307647705
39123,9.7,8.52648639678955
26139,5.9,5.404828310012817
35061,6.0,7.261334180831909
48381,6.2,6.192312240600586
48073,9.6,9.133275032043457
49015,7.9,7.896603345870972
45091,6.7,6.200740575790405
08057,10.7,8.853328704833984
53019,10.8,9.415006637573242
53057,6.3,7.40813684463501
38007,7.1,7.286551237106323
47021,9.2,8.716859340667725
48445,9.1,8.432182550430298
54071,13.1,11.779164791107178
05035,9.2,9.344351768493652
06071,5.8,5.48408842086792
55035,6.0,5.85094141960144
38053,6.4,7.131798505783081
29003,8.7,7.6252264976501465
48085,4.1,4.782863616943359
27003,5.1,5.543871164321899
21149,11.0,9.951100826263428
24045,7.7,6.9034528732299805
41001,10.3,8.855380535125732
49005,5.3,4.441012859344482
30013,7.8,7.563930988311768
41025,10.0,9.001964569091797
42053,10.0,10.68579387664795
30053,10.5,10.298728942871094
21227,8.1,7.660865545272827
21039,11.9,12.239577293395996
35027,9.5,8.928399085998535
21047,9.2,7.824281454086304
34005,5.3,5.94782018661499
21135,15.7,15.311163425445557
06077,5.6,5.791511058807373
01107,10.5,10.047450542449951
47157,8.7,7.426536798477173
20133,9.2,9.33278512954712
06009,9.2,9.096997737884521
23017,11.3,9.941878318786621
23031,8.4,7.3475542068481445
30033,8.8,8.352350950241089
40101,9.1,9.32759141921997
13269,12.7,11.158300876617432
36089,8.8,9.119256496429443
40065,8.4,7.408921003341675
08093,6.6,7.038721084594727
12105,9.4,9.384422302246094
08123,5.8,5.865753412246704
39161,9.7,9.523266315460205
36071,5.3,6.4490368366241455
28063,11.1,10.641393661499023
36115,8.1,8.432093143463135
10003,6.6,6.068696022033691
48229,7.6,9.77509880065918
01021,9.2,9.602822303771973
08045,5.8,6.009789943695068
01067,12.5,9.614649295806885
48435,8.6,7.553925275802612
27123,5.8,5.4638354778289795
33015,6.1,5.792542457580566
49039,6.8,6.721037149429321
06093,9.1,8.982661724090576
47139,12.7,10.878876686096191
47029,14.1,12.486496448516846
41015,12.7,9.074018001556396
27135,6.9,6.8785622119903564
22041,12.4,11.50656270980835
22029,11.9,11.313421249389648
48473,6.5,6.917611360549927
48291,9.4,8.40818738937378
06067,6.3,5.551916599273682
30099,7.8,8.5806245803833
13129,11.0,8.611441135406494
16043,7.5,7.425029277801514
54037,8.6,7.017965793609619
32001,8.1,8.037736415863037
32015,8.2,7.798815488815308
13295,9.9,9.007818698883057
17197,5.0,5.4289469718933105
22011,9.4,8.854881763458252
31033,7.8,7.55049204826355
56025,8.1,6.737922191619873
41013,9.1,8.777004718780518
19119,6.9,6.76643967628479
16069,7.1,7.505743503570557
51700,6.7,6.7140703201293945
22051,8.8,7.795816421508789
35057,9.6,9.618957042694092
45055,8.1,8.310101985931396
54053,12.5,12.361080169677734
42115,7.5,9.668612003326416
47057,15.4,12.141591548919678
48025,7.5,6.939510822296143
41037,10.1,9.864076614379883
13153,6.1,5.8518900871276855
48469,7.9,7.914486408233643
37045,9.6,9.488540649414062
34011,7.6,8.263382911682129
34039,5.1,5.348585844039917
12015,11.7,9.312806129455566
01123,10.6,10.010908126831055
26081,7.2,5.660854816436768
26083,8.5,8.039058446884155
49035,4.8,4.748706817626953
21181,12.4,12.911741733551025
22087,9.6,9.293873310089111
51061,6.6,6.573928117752075
13145,7.6,6.650384902954102
42059,9.6,8.620765209197998
51069,8.2,6.9821765422821045
13071,10.4,10.225406646728516
12029,13.4,10.467405319213867
46059,7.2,7.228078126907349
42045,5.5,6.267868280410767
27069,8.2,7.664504289627075
42035,8.6,9.262750148773193
39115,11.3,12.969679355621338
44009,6.6,6.20398211479187
06095,5.8,5.598830938339233
36111,7.2,7.66033148765564
01125,7.4,6.630664587020874
28011,8.9,9.178233623504639
53041,8.5,8.333386421203613
54081,13.7,9.795042037963867
05125,7.5,8.024792194366455
20091,4.3,5.315128326416016
48277,9.9,9.293416023254395
13231,8.3,7.904503583908081
12086,6.7,8.678759813308716
29139,10.4,10.900491714477539
13185,7.7,7.076058387756348
16019,6.5,5.79737114906311
06115,7.6,6.492245197296143
13317,10.2,10.601280212402344
17071,9.2,8.144904375076294
16015,8.1,7.866289377212524
34007,5.7,6.435768365859985
51175,7.8,7.730372428894043
29017,11.7,12.083777904510498
37143,9.6,9.686118125915527
48299,9.9,9.186172008514404
54007,13.9,14.099181175231934
31063,8.5,7.9354636669158936
21097,10.5,10.648810863494873
18089,8.6,7.998117208480835
42073,9.2,9.585285663604736
42079,8.5,8.347426176071167
22053,9.5,9.673007011413574
42095,6.9,7.040127515792847
36103,5.7,5.9037370681762695
16025,6.5,8.356212377548218
29107,9.6,8.604471206665039
37177,10.1,10.045029640197754
08033,7.4,8.537765502929688
08051,4.3,5.2865753173828125
31139,6.6,6.598745822906494
04025,10.7,8.906464576721191
01049,13.0,10.379449844360352
46111,7.4,7.521603345870972
53007,7.0,6.788553237915039
51087,6.3,5.480391502380371
48245,8.9,7.7576820850372314
27083,6.3,6.7783379554748535
47125,7.1,6.518196105957031
56003,7.8,8.269935131072998
05067,11.2,11.550801277160645
05069,9.4,9.577835083007812
31027,7.6,6.9055445194244385
06027,7.1,7.585001468658447
51670,10.6,9.463341236114502
22101,12.3,10.407689571380615
42129,7.0,8.313599824905396
54087,14.5,13.393709182739258
17043,4.8,4.9846131801605225
21089,11.8,10.86142635345459
24037,6.6,6.054630279541016
21095,16.3,15.610816955566406
30071,7.9,7.9883036613464355
42111,9.0,9.653619289398193
12059,11.8,10.550658226013184
23003,11.2,10.73463249206543
38093,7.4,7.368710279464722
30037,13.0,9.142722129821777
39061,9.5,7.092418193817139
49013,7.0,7.202191352844238
49041,7.4,6.883032560348511
49047,7.0,6.465794801712036
19061,7.5,6.723357915878296
30025,6.8,7.2901599407196045
42001,7.7,7.62358021736145
47133,11.6,12.137001514434814
39055,8.7,7.476922512054443
22023,10.2,9.180858612060547
48349,9.3,9.054800510406494
40085,9.3,10.110064506530762
55003,9.5,8.643495082855225
26033,8.8,8.683775424957275
30081,7.3,8.545856475830078
30029,6.7,6.813743352890015
40033,11.7,10.274472713470459
40067,11.9,11.245892524719238
29179,12.7,11.928909301757812
12077,10.8,8.997424602508545
04015,11.8,9.91109561920166
21105,11.7,10.68111276626587
23029,11.3,10.475687026977539
22113,9.7,9.652506828308105
30087,9.2,9.586682796478271
27007,6.9,7.677440166473389
40131,7.9,7.565879583358765
41063,8.0,7.561696767807007
48053,9.0,8.296735763549805
13289,10.9,10.562020301818848
26097,11.1,9.68692684173584
47089,10.5,9.774928569793701
40151,7.7,7.1535964012146
12127,8.0,9.366580963134766
48095,11.4,8.126600742340088
47149,7.9,6.426052093505859
40103,9.7,8.522216796875
30059,7.7,8.001506090164185
39023,11.1,9.924869537353516
31123,7.9,7.442293405532837
29109,9.3,10.522031784057617
51167,13.1,12.31590461730957
40089,12.4,10.705026149749756
01105,12.0,11.154129981994629
54043,16.1,14.462291240692139
17125,8.7,9.53124189376831
